review_uid,part,edit,source_prompt,target_prompt,source_image,candidate_image,local_edit_success_0_2,non_target_preservation_0_2,overall_prompt_adherence_0_2,visual_quality_0_2,short_note,reviewer_id,review_position,row_uid,case_uid,seed,method,part_size,footprint_change,frozen_review_position,joint_success,strict_joint_success
item_45dada8dba19,head,cheetah,A cat at a museum,A cat with cheetah head at a museum,assets/source_f3d1d79f0351.png,assets/item_45dada8dba19.jpg,0,2,0,2,,reviewer_1,1,gt-diagnostic-v2::rk2_n15_gt::synth_0035::seed_000,synth_0035,0,rk2_n15_gt,small,expansion,1,0,0
item_e1fa71bbcd96,car body,armored,A luxury-car at a mountain road,A luxury-car with armored car body at a mountain road,assets/source_4a1c085cfce4.png,assets/item_e1fa71bbcd96.jpg,0,2,0,2,,reviewer_1,2,gt-diagnostic-v2::rk2_n15_gt::synth_0046::seed_000,synth_0046,0,rk2_n15_gt,large,comparable,2,0,0
item_124e52dc52e1,head,bear,A alien at a museum,A alien with bear head at a museum,assets/source_30f9afb55b24.png,assets/item_124e52dc52e1.jpg,0,1,1,2,,reviewer_1,3,gt-diagnostic-v2::rk2_gt::synth_0009::seed_000,synth_0009,0,rk2_gt,large,comparable,3,0,0
item_6b84759daf6c,torso,batman,A robot at a school,A robot with batman torso at a school,assets/source_8bcbeeb53dd4.png,assets/item_6b84759daf6c.jpg,2,0,2,2,,reviewer_1,4,gt-diagnostic-v2::rk2_n15_auto::synth_0010::seed_000,synth_0010,0,rk2_n15_auto,medium,comparable,4,0,0
item_597465409638,head,dog,A bear at a jungle,A bear with dog head at a jungle,assets/source_f71c7b525544.png,assets/item_597465409638.jpg,0,2,1,2,,reviewer_1,5,gt-diagnostic-v2::rk2_n15_gt::synth_0030::seed_000,synth_0030,0,rk2_n15_gt,small,contraction,5,0,0
item_2176877c6721,car hood,vinyl-art,A classic-car at a garage,A classic-car with vinyl-art car hood at a garage,assets/source_f3b27b9b2ef0.png,assets/item_2176877c6721.jpg,2,2,2,2,,reviewer_1,6,gt-diagnostic-v2::rk2_n15_gt::synth_0051::seed_000,synth_0051,0,rk2_n15_gt,small,comparable,6,1,1
item_30338ac34616,head,dragon,A horse at a zoo,A horse with dragon head at a zoo,assets/source_dbfa710ac399.png,assets/item_30338ac34616.jpg,0,2,2,2,,reviewer_1,7,gt-diagnostic-v2::rk2_gt::synth_0038::seed_000,synth_0038,0,rk2_gt,large,expansion,7,0,0
item_182b08c7f7de,head,bear,A robot at a park,A robot with bear head at a park,assets/source_64fe128aaf52.png,assets/item_182b08c7f7de.jpg,0,0,1,2,,reviewer_1,8,gt-diagnostic-v2::rk2_auto::synth_0002::seed_000,synth_0002,0,rk2_auto,large,comparable,8,0,0
item_69b4de75a8c5,head,robot,A man at a gym,A man with robot head at a gym,assets/source_9db278f7152f.png,assets/item_69b4de75a8c5.jpg,0,1,2,2,,reviewer_1,9,gt-diagnostic-v2::rk2_gt::synth_0005::seed_000,synth_0005,0,rk2_gt,medium,comparable,9,0,0
item_c00791735bdb,head,robot,A alien at a city,A alien with robot head at a city,assets/source_6094cd95fb45.png,assets/item_c00791735bdb.jpg,1,1,2,2,,reviewer_1,10,gt-diagnostic-v2::rk2_gt::synth_0000::seed_000,synth_0000,0,rk2_gt,small,comparable,10,1,0
item_b497a65068c7,hair,Curls,A Portrait of boy at a park,A Portrait of boy with Curls hair at a park,assets/source_b4d7f2d52a43.png,assets/item_b497a65068c7.jpg,2,2,2,2,,reviewer_1,11,gt-diagnostic-v2::endpoint_auto::synth_0020::seed_000,synth_0020,0,endpoint_auto,large,comparable,11,1,1
item_2bacc19567e0,head,robot,A girl at a beach,A girl with robot head at a beach,assets/source_eddd21d6a1c2.png,assets/item_2bacc19567e0.jpg,0,0,1,2,,reviewer_1,12,gt-diagnostic-v2::rk2_gt::synth_0006::seed_000,synth_0006,0,rk2_gt,small,comparable,12,0,0
item_abe9d361e756,hair,Curls,A Portrait of man at a house,A Portrait of man with Curls hair at a house,assets/source_1837be64cd68.png,assets/item_abe9d361e756.jpg,0,2,1,2,,reviewer_1,13,gt-diagnostic-v2::rk2_n15_gt::synth_0026::seed_000,synth_0026,0,rk2_n15_gt,small,expansion,13,0,0
item_85e416e01a2f,head,dragon,A cat at a desert,A cat with dragon head at a desert,assets/source_bb5f44e8a25b.png,assets/item_85e416e01a2f.jpg,0,2,1,2,,reviewer_1,14,gt-diagnostic-v2::rk2_gt::synth_0032::seed_000,synth_0032,0,rk2_gt,small,expansion,14,0,0
item_4a51b98410a4,head,dragon,A horse at a jungle,A horse with dragon head at a jungle,assets/source_2b822a970173.png,assets/item_4a51b98410a4.jpg,0,1,1,2,,reviewer_1,15,gt-diagnostic-v2::rk2_auto::synth_0031::seed_000,synth_0031,0,rk2_auto,medium,expansion,15,0,0
item_d2c144690d63,head,robot,A alien at a museum,A alien with robot head at a museum,assets/source_0776f3ccf0e9.png,assets/item_d2c144690d63.jpg,2,0,1,2,,reviewer_1,16,gt-diagnostic-v2::endpoint_auto::synth_0003::seed_000,synth_0003,0,endpoint_auto,large,comparable,16,0,0
item_eb60950c3170,torso,spiderman,A robot at a museum,A robot with spiderman torso at a museum,assets/source_63f2eb2cd129.png,assets/item_eb60950c3170.jpg,2,2,2,2,,reviewer_1,17,gt-diagnostic-v2::rk2_n15_auto::synth_0011::seed_000,synth_0011,0,rk2_n15_auto,small,comparable,17,1,1
item_5c2abecf0812,seat,fabric,A closeup leather chair at a apartment,A closeup leather chair with fabric seat at a apartment,assets/source_278976611c82.png,assets/item_5c2abecf0812.jpg,0,2,1,2,,reviewer_1,18,gt-diagnostic-v2::rk2_n15_auto::synth_0056::seed_000,synth_0056,0,rk2_n15_auto,medium,comparable,18,0,0
item_cfa3f23825c9,torso,armor,A girl at a stadium,A girl with armor torso at a stadium,assets/source_05f0e921e87d.png,assets/item_cfa3f23825c9.jpg,2,2,2,2,,reviewer_1,19,gt-diagnostic-v2::rk2_gt::synth_0016::seed_000,synth_0016,0,rk2_gt,large,comparable,19,1,1
item_02138830745c,hair,Curls,A Portrait of man at a house,A Portrait of man with Curls hair at a house,assets/source_1837be64cd68.png,assets/item_02138830745c.jpg,1,1,1,2,,reviewer_1,20,gt-diagnostic-v2::endpoint_gt::synth_0026::seed_000,synth_0026,0,endpoint_gt,small,expansion,20,1,0
item_94e6733b2ca5,head,dragon,A cow at a restaurant,A cow with dragon head at a restaurant,assets/source_591f63abb2fa.png,assets/item_94e6733b2ca5.jpg,0,1,1,2,,reviewer_1,21,gt-diagnostic-v2::rk2_gt::synth_0028::seed_000,synth_0028,0,rk2_gt,small,comparable,21,0,0
item_b555155249e5,torso,spiderman,A robot at a museum,A robot with spiderman torso at a museum,assets/source_7e6e7b988446.png,assets/item_b555155249e5.jpg,1,0,1,2,,reviewer_1,22,gt-diagnostic-v2::rk2_auto::synth_0012::seed_000,synth_0012,0,rk2_auto,large,comparable,22,0,0
item_bdfa59edb03b,torso,spiderman,A robot at a museum,A robot with spiderman torso at a museum,assets/source_7e6e7b988446.png,assets/item_bdfa59edb03b.jpg,2,1,2,2,,reviewer_1,23,gt-diagnostic-v2::rk2_n15_gt::synth_0012::seed_000,synth_0012,0,rk2_n15_gt,large,comparable,23,1,0
item_99a3e9883be5,head,robot,A man at a gym,A man with robot head at a gym,assets/source_9db278f7152f.png,assets/item_99a3e9883be5.jpg,2,1,2,2,,reviewer_1,24,gt-diagnostic-v2::rk2_auto::synth_0005::seed_000,synth_0005,0,rk2_auto,medium,comparable,24,1,0
item_c386ebc89920,car hood,Graffiti,A full front facing view of Toyota car at a parking lot,A full front facing view of Toyota car with Graffiti car hood at a parking lot,assets/source_d13dfe80a435.png,assets/item_c386ebc89920.jpg,2,2,2,2,,reviewer_1,25,gt-diagnostic-v2::rk2_n15_gt::synth_0055::seed_000,synth_0055,0,rk2_n15_gt,large,comparable,25,1,1
item_4c7e3a6e6a9f,head,cheetah,A cat at a museum,A cat with cheetah head at a museum,assets/source_f3d1d79f0351.png,assets/item_4c7e3a6e6a9f.jpg,0,2,0,2,,reviewer_1,26,gt-diagnostic-v2::rk2_gt::synth_0035::seed_000,synth_0035,0,rk2_gt,small,expansion,26,0,0
item_5213931b4068,seat,wooden,A closeup leather chair at a classroom,A closeup leather chair with wooden seat at a classroom,assets/source_bda38536db22.png,assets/item_5213931b4068.jpg,0,2,1,2,,reviewer_1,27,gt-diagnostic-v2::rk2_gt::synth_0059::seed_000,synth_0059,0,rk2_gt,medium,comparable,27,0,0
item_174887985d9c,hair,Curls,A Portrait of woman at a school,A Portrait of woman with Curls hair at a school,assets/source_8a5f145d5ed6.png,assets/item_174887985d9c.jpg,2,1,2,2,,reviewer_1,28,gt-diagnostic-v2::rk2_auto::synth_0027::seed_000,synth_0027,0,rk2_auto,large,comparable,28,1,0
item_ed24085c3c8e,head,robot,A girl at a beach,A girl with robot head at a beach,assets/source_eddd21d6a1c2.png,assets/item_ed24085c3c8e.jpg,0,2,1,2,,reviewer_1,29,gt-diagnostic-v2::endpoint_gt::synth_0006::seed_000,synth_0006,0,endpoint_gt,small,comparable,29,0,0
item_ff1b7a12d33d,head,dragon,A dog at a farm,A dog with dragon head at a farm,assets/source_2a043df583fd.png,assets/item_ff1b7a12d33d.jpg,0,2,1,2,,reviewer_1,30,gt-diagnostic-v2::endpoint_gt::synth_0037::seed_000,synth_0037,0,endpoint_gt,small,expansion,30,0,0
item_bdafcb92483d,head,cat,A dog at a restaurant,A dog with cat head at a restaurant,assets/source_ca463355e687.png,assets/item_bdafcb92483d.jpg,0,0,1,2,,reviewer_1,31,gt-diagnostic-v2::rk2_n15_auto::synth_0033::seed_000,synth_0033,0,rk2_n15_auto,medium,comparable,31,0,0
item_2291015d44b7,head,dog,A bear at a jungle,A bear with dog head at a jungle,assets/source_f71c7b525544.png,assets/item_2291015d44b7.jpg,0,2,1,2,,reviewer_1,32,gt-diagnostic-v2::rk2_n15_auto::synth_0030::seed_000,synth_0030,0,rk2_n15_auto,small,contraction,32,0,0
item_bbf9c8243464,head,dragon,A horse at a zoo,A horse with dragon head at a zoo,assets/source_dbfa710ac399.png,assets/item_bbf9c8243464.jpg,0,1,1,2,,reviewer_1,33,gt-diagnostic-v2::rk2_n15_auto::synth_0038::seed_000,synth_0038,0,rk2_n15_auto,large,expansion,33,0,0
item_d9596d60871b,head,bear,A robot at a park,A robot with bear head at a park,assets/source_64fe128aaf52.png,assets/item_d9596d60871b.jpg,0,0,0,1,,reviewer_1,34,gt-diagnostic-v2::rk2_n15_auto::synth_0002::seed_000,synth_0002,0,rk2_n15_auto,large,comparable,34,0,0
item_39b1816beb15,head,unicorn,A dog at a mountain,A dog with unicorn head at a mountain,assets/source_ee57f3a3ed86.png,assets/item_39b1816beb15.jpg,0,2,1,2,,reviewer_1,35,gt-diagnostic-v2::rk2_auto::synth_0034::seed_000,synth_0034,0,rk2_auto,small,expansion,35,0,0
item_4255a7d199b8,torso,batman,A robot at a school,A robot with batman torso at a school,assets/source_8bcbeeb53dd4.png,assets/item_4255a7d199b8.jpg,2,1,2,2,,reviewer_1,36,gt-diagnostic-v2::endpoint_gt::synth_0010::seed_000,synth_0010,0,endpoint_gt,medium,comparable,36,1,0
item_825fb4159398,head,dragon,A horse at a jungle,A horse with dragon head at a jungle,assets/source_2b822a970173.png,assets/item_825fb4159398.jpg,0,2,1,2,,reviewer_1,37,gt-diagnostic-v2::rk2_n15_gt::synth_0031::seed_000,synth_0031,0,rk2_n15_gt,medium,expansion,37,0,0
item_7278b95ac83c,head,dragon,A horse at a jungle,A horse with dragon head at a jungle,assets/source_2b822a970173.png,assets/item_7278b95ac83c.jpg,0,2,1,2,,reviewer_1,38,gt-diagnostic-v2::rk2_n15_auto::synth_0031::seed_000,synth_0031,0,rk2_n15_auto,medium,expansion,38,0,0
item_e0396ee401e3,torso,spiderman,A robot at a museum,A robot with spiderman torso at a museum,assets/source_7e6e7b988446.png,assets/item_e0396ee401e3.jpg,2,0,2,2,,reviewer_1,39,gt-diagnostic-v2::rk2_n15_auto::synth_0012::seed_000,synth_0012,0,rk2_n15_auto,large,comparable,39,0,0
item_56907b42b591,car hood,Digital-Camouflage,A full front facing view of racing car at a parking lot,A full front facing view of racing car with Digital-Camouflage car hood at a parking lot,assets/source_073b896945b5.png,assets/item_56907b42b591.jpg,2,1,1,2,,reviewer_1,40,gt-diagnostic-v2::endpoint_auto::synth_0052::seed_000,synth_0052,0,endpoint_auto,medium,comparable,40,1,0
item_ec5b73a81c14,car body,futuristic,A sedan at a parking lot,A sedan with futuristic car body at a parking lot,assets/source_ef3648f18171.png,assets/item_ec5b73a81c14.jpg,2,0,1,2,,reviewer_1,41,gt-diagnostic-v2::endpoint_auto::synth_0047::seed_000,synth_0047,0,endpoint_auto,large,comparable,41,0,0
item_1cb7ef7113f6,hair,Botticelli-Curls,A Portrait of boy at a street,A Portrait of boy with Botticelli-Curls hair at a street,assets/source_1efd8f28c69b.png,assets/item_1cb7ef7113f6.jpg,2,2,2,2,,reviewer_1,42,gt-diagnostic-v2::rk2_gt::synth_0025::seed_000,synth_0025,0,rk2_gt,medium,comparable,42,1,1
item_0df1af2db84d,head,dragon,A horse at a jungle,A horse with dragon head at a jungle,assets/source_2b822a970173.png,assets/item_0df1af2db84d.jpg,0,2,2,2,,reviewer_1,43,gt-diagnostic-v2::rk2_gt::synth_0031::seed_000,synth_0031,0,rk2_gt,medium,expansion,43,0,0
item_73d48fb8f708,torso,uniform,A alien at a school,A alien with uniform torso at a school,assets/source_4ad3086c4953.png,assets/item_73d48fb8f708.jpg,2,1,1,2,,reviewer_1,44,gt-diagnostic-v2::endpoint_auto::synth_0013::seed_000,synth_0013,0,endpoint_auto,small,comparable,44,1,0
item_c80ce6f7e697,seat,rusted,A closeup folding chair at a classroom,A closeup folding chair with rusted seat at a classroom,assets/source_97eab3ccdecd.png,assets/item_c80ce6f7e697.jpg,2,2,2,2,,reviewer_1,45,gt-diagnostic-v2::endpoint_auto::synth_0058::seed_000,synth_0058,0,endpoint_auto,medium,comparable,45,1,1
item_aa6f575ad293,head,dragon,A bear at a jungle,A bear with dragon head at a jungle,assets/source_a29b0df6a570.png,assets/item_aa6f575ad293.jpg,0,2,1,2,,reviewer_1,46,gt-diagnostic-v2::rk2_n15_auto::synth_0043::seed_000,synth_0043,0,rk2_n15_auto,small,expansion,46,0,0
item_14d7bcc2eda6,hair,Wavy,A Portrait of girl at a forest,A Portrait of girl with Wavy hair at a forest,assets/source_53e8e39bcf1e.png,assets/item_14d7bcc2eda6.jpg,2,2,2,2,,reviewer_1,47,gt-diagnostic-v2::endpoint_gt::synth_0019::seed_000,synth_0019,0,endpoint_gt,medium,comparable,47,1,1
item_ca8b7d824f70,car hood,Destroyed,A full front facing view of BMW car at a parking lot,A full front facing view of BMW car with Destroyed car hood at a parking lot,assets/source_146c36946692.png,assets/item_ca8b7d824f70.jpg,0,2,1,2,,reviewer_1,48,gt-diagnostic-v2::rk2_n15_auto::synth_0053::seed_000,synth_0053,0,rk2_n15_auto,large,comparable,48,0,0
item_8bb5bef28700,hair,blond,A Portrait of man at a beach,A Portrait of man with blond hair at a beach,assets/source_6ce9a1e568d3.png,assets/item_8bb5bef28700.jpg,2,1,2,2,,reviewer_1,49,gt-diagnostic-v2::endpoint_gt::synth_0023::seed_000,synth_0023,0,endpoint_gt,small,comparable,49,1,0
item_370f69f516f0,head,dragon,A dog at a farm,A dog with dragon head at a farm,assets/source_2a043df583fd.png,assets/item_370f69f516f0.jpg,0,2,1,2,,reviewer_1,50,gt-diagnostic-v2::rk2_gt::synth_0037::seed_000,synth_0037,0,rk2_gt,small,expansion,50,0,0
item_edca7a6a6ece,head,panda,A cat at a mountain,A cat with panda head at a mountain,assets/source_dd35579b4d43.png,assets/item_edca7a6a6ece.jpg,1,2,2,2,,reviewer_1,51,gt-diagnostic-v2::rk2_gt::synth_0041::seed_000,synth_0041,0,rk2_gt,medium,expansion,51,1,0
item_4ab4f0bc2b08,head,bear,A robot at a park,A robot with bear head at a park,assets/source_64fe128aaf52.png,assets/item_4ab4f0bc2b08.jpg,2,2,2,2,,reviewer_1,52,gt-diagnostic-v2::rk2_n15_gt::synth_0002::seed_000,synth_0002,0,rk2_n15_gt,large,comparable,52,1,1
item_53144568a59a,torso,spiderman,A robot at a museum,A robot with spiderman torso at a museum,assets/source_63f2eb2cd129.png,assets/item_53144568a59a.jpg,2,1,2,2,,reviewer_1,53,gt-diagnostic-v2::endpoint_auto::synth_0011::seed_000,synth_0011,0,endpoint_auto,small,comparable,53,1,0
item_d887cbd19e63,torso,armor,A boy at a restaurant,A boy with armor torso at a restaurant,assets/source_cea0cb0755a1.png,assets/item_d887cbd19e63.jpg,2,1,2,2,,reviewer_1,54,gt-diagnostic-v2::rk2_n15_auto::synth_0018::seed_000,synth_0018,0,rk2_n15_auto,medium,comparable,55,1,0
item_e055ca2e1664,hair,blond,A Portrait of man at a beach,A Portrait of man with blond hair at a beach,assets/source_6ce9a1e568d3.png,assets/item_e055ca2e1664.jpg,2,2,2,2,,reviewer_1,55,gt-diagnostic-v2::rk2_n15_auto::synth_0023::seed_000,synth_0023,0,rk2_n15_auto,small,comparable,56,1,1
item_6b6aa421d93d,head,tattooed,A robot at a office,A robot with tattooed head at a office,assets/source_1e365ebd5ac6.png,assets/item_6b6aa421d93d.jpg,0,1,1,2,,reviewer_1,56,gt-diagnostic-v2::rk2_auto::synth_0004::seed_000,synth_0004,0,rk2_auto,medium,comparable,57,0,0
item_7d2ef9c63e41,head,dragon,A horse at a zoo,A horse with dragon head at a zoo,assets/source_dbfa710ac399.png,assets/item_7d2ef9c63e41.jpg,0,2,1,2,,reviewer_1,57,gt-diagnostic-v2::rk2_auto::synth_0038::seed_000,synth_0038,0,rk2_auto,large,expansion,58,0,0
item_de9c2e2b1919,head,panda,A dog at a store,A dog with panda head at a store,assets/source_de70faeee4dc.png,assets/item_de9c2e2b1919.jpg,2,1,2,2,,reviewer_1,58,gt-diagnostic-v2::rk2_auto::synth_0045::seed_000,synth_0045,0,rk2_auto,medium,expansion,59,1,0
item_bb0c4af55488,head,tattooed,A robot at a office,A robot with tattooed head at a office,assets/source_1e365ebd5ac6.png,assets/item_bb0c4af55488.jpg,0,1,1,2,,reviewer_1,59,gt-diagnostic-v2::endpoint_gt::synth_0004::seed_000,synth_0004,0,endpoint_gt,medium,comparable,60,0,0
item_6ad807e3f305,head,robot,A girl at a beach,A girl with robot head at a beach,assets/source_eddd21d6a1c2.png,assets/item_6ad807e3f305.jpg,0,1,1,2,,reviewer_1,60,gt-diagnostic-v2::endpoint_auto::synth_0006::seed_000,synth_0006,0,endpoint_auto,small,comparable,61,0,0
item_1a4caa1bb01a,head,robot,A alien at a city,A alien with robot head at a city,assets/source_6094cd95fb45.png,assets/item_1a4caa1bb01a.jpg,2,0,1,2,,reviewer_1,61,gt-diagnostic-v2::endpoint_auto::synth_0000::seed_000,synth_0000,0,endpoint_auto,small,comparable,62,0,0
item_1a8a99ee1347,car body,neon-lit,A classic-car at a suburban road,A classic-car with neon-lit car body at a suburban road,assets/source_3ae69c2a9e97.png,assets/item_1a8a99ee1347.jpg,2,2,2,2,,reviewer_1,62,gt-diagnostic-v2::rk2_n15_gt::synth_0049::seed_000,synth_0049,0,rk2_n15_gt,large,comparable,63,1,1
item_630857df0336,head,robot,A alien at a school,A alien with robot head at a school,assets/source_26285f2b90f2.png,assets/item_630857df0336.jpg,0,1,1,2,,reviewer_1,63,gt-diagnostic-v2::rk2_n15_auto::synth_0007::seed_000,synth_0007,0,rk2_n15_auto,medium,comparable,64,0,0
item_0bbe281ba042,car body,armored,A luxury-car at a mountain road,A luxury-car with armored car body at a mountain road,assets/source_4a1c085cfce4.png,assets/item_0bbe281ba042.jpg,0,1,1,2,,reviewer_1,64,gt-diagnostic-v2::endpoint_gt::synth_0046::seed_000,synth_0046,0,endpoint_gt,large,comparable,65,0,0
item_240bcea380df,car hood,Destroyed,A full front facing view of BMW car at a parking lot,A full front facing view of BMW car with Destroyed car hood at a parking lot,assets/source_146c36946692.png,assets/item_240bcea380df.jpg,0,1,1,2,,reviewer_1,65,gt-diagnostic-v2::rk2_auto::synth_0053::seed_000,synth_0053,0,rk2_auto,large,comparable,66,0,0
item_e7335c87734f,hair,blond,A Portrait of man at a beach,A Portrait of man with blond hair at a beach,assets/source_6ce9a1e568d3.png,assets/item_e7335c87734f.jpg,2,1,2,2,,reviewer_1,66,gt-diagnostic-v2::rk2_gt::synth_0023::seed_000,synth_0023,0,rk2_gt,small,comparable,67,1,0
item_c7bd94cde1c6,car hood,Destroyed,A full front facing view of BMW car at a parking lot,A full front facing view of BMW car with Destroyed car hood at a parking lot,assets/source_146c36946692.png,assets/item_c7bd94cde1c6.jpg,1,1,2,2,,reviewer_1,67,gt-diagnostic-v2::rk2_gt::synth_0053::seed_000,synth_0053,0,rk2_gt,large,comparable,68,1,0
item_620a51b7ba0b,seat,wooden,A closeup leather chair at a classroom,A closeup leather chair with wooden seat at a classroom,assets/source_bda38536db22.png,assets/item_620a51b7ba0b.jpg,0,2,1,2,,reviewer_1,68,gt-diagnostic-v2::endpoint_gt::synth_0059::seed_000,synth_0059,0,endpoint_gt,medium,comparable,69,0,0
item_d4c808da9db7,head,tiger,A bear at a pool,A bear with tiger head at a pool,assets/source_41c7b285ef4c.png,assets/item_d4c808da9db7.jpg,1,2,1,2,,reviewer_1,69,gt-diagnostic-v2::endpoint_gt::synth_0040::seed_000,synth_0040,0,endpoint_gt,small,comparable,70,1,0
item_27a4d0ed9a9f,head,robot,A alien at a school,A alien with robot head at a school,assets/source_26285f2b90f2.png,assets/item_27a4d0ed9a9f.jpg,2,2,2,2,,reviewer_1,70,gt-diagnostic-v2::rk2_n15_gt::synth_0007::seed_000,synth_0007,0,rk2_n15_gt,medium,comparable,71,1,1
item_c06b4df6850e,head,panda,A dog at a store,A dog with panda head at a store,assets/source_de70faeee4dc.png,assets/item_c06b4df6850e.jpg,1,2,2,2,,reviewer_1,71,gt-diagnostic-v2::rk2_gt::synth_0045::seed_000,synth_0045,0,rk2_gt,medium,expansion,72,1,0
item_aa348037f0e3,torso,uniform,A alien at a school,A alien with uniform torso at a school,assets/source_4ad3086c4953.png,assets/item_aa348037f0e3.jpg,2,2,2,2,,reviewer_1,72,gt-diagnostic-v2::rk2_gt::synth_0013::seed_000,synth_0013,0,rk2_gt,small,comparable,73,1,1
item_0548a0ad8063,head,lion,A dog at a pool,A dog with lion head at a pool,assets/source_fc07bb02f53f.png,assets/item_0548a0ad8063.jpg,0,2,1,2,,reviewer_1,73,gt-diagnostic-v2::endpoint_gt::synth_0029::seed_000,synth_0029,0,endpoint_gt,small,expansion,74,0,0
item_3e4d9aadad51,hair,Curls,A Portrait of man at a house,A Portrait of man with Curls hair at a house,assets/source_1837be64cd68.png,assets/item_3e4d9aadad51.jpg,2,1,2,2,,reviewer_1,74,gt-diagnostic-v2::rk2_auto::synth_0026::seed_000,synth_0026,0,rk2_auto,small,expansion,75,1,0
item_920a50c781f7,head,cat,A dog at a restaurant,A dog with cat head at a restaurant,assets/source_ca463355e687.png,assets/item_920a50c781f7.jpg,0,0,1,2,,reviewer_1,75,gt-diagnostic-v2::rk2_auto::synth_0033::seed_000,synth_0033,0,rk2_auto,medium,comparable,76,0,0
item_a514517323eb,head,panda,A dog at a store,A dog with panda head at a store,assets/source_de70faeee4dc.png,assets/item_a514517323eb.jpg,1,2,1,2,,reviewer_1,76,gt-diagnostic-v2::endpoint_gt::synth_0045::seed_000,synth_0045,0,endpoint_gt,medium,expansion,77,1,0
item_9fc44f86eecc,seat,fabric,A closeup leather chair at a apartment,A closeup leather chair with fabric seat at a apartment,assets/source_278976611c82.png,assets/item_9fc44f86eecc.jpg,2,2,2,2,,reviewer_1,77,gt-diagnostic-v2::rk2_auto::synth_0056::seed_000,synth_0056,0,rk2_auto,medium,comparable,78,1,1
item_650194c17fe9,hair,Kinky,A Portrait of boy at a park,A Portrait of boy with Kinky hair at a park,assets/source_0d500a8d6ca9.png,assets/item_650194c17fe9.jpg,2,2,2,2,,reviewer_1,78,gt-diagnostic-v2::endpoint_auto::synth_0022::seed_000,synth_0022,0,endpoint_auto,medium,comparable,79,1,1
item_a4fc7cc8fbf7,head,robot,A alien at a museum,A alien with robot head at a museum,assets/source_0776f3ccf0e9.png,assets/item_a4fc7cc8fbf7.jpg,2,1,2,2,,reviewer_1,79,gt-diagnostic-v2::rk2_n15_auto::synth_0003::seed_000,synth_0003,0,rk2_n15_auto,large,comparable,80,1,0
item_70b6fdaa597b,head,dog,A bear at a jungle,A bear with dog head at a jungle,assets/source_f71c7b525544.png,assets/item_70b6fdaa597b.jpg,0,2,1,2,,reviewer_1,80,gt-diagnostic-v2::endpoint_auto::synth_0030::seed_000,synth_0030,0,endpoint_auto,small,contraction,81,0,0
item_5aec94646b4f,car hood,Digital-Camouflage,A full front facing view of racing car at a parking lot,A full front facing view of racing car with Digital-Camouflage car hood at a parking lot,assets/source_073b896945b5.png,assets/item_5aec94646b4f.jpg,2,2,2,2,,reviewer_1,81,gt-diagnostic-v2::rk2_n15_auto::synth_0052::seed_000,synth_0052,0,rk2_n15_auto,medium,comparable,82,1,1
item_8ab590982603,head,lion,A bear at a zoo,A bear with lion head at a zoo,assets/source_1d46ca4f754d.png,assets/item_8ab590982603.jpg,0,2,1,2,,reviewer_1,82,gt-diagnostic-v2::endpoint_auto::synth_0036::seed_000,synth_0036,0,endpoint_auto,medium,comparable,83,0,0
item_e54871cdb99e,hair,Afro,A Portrait of boy at a beach,A Portrait of boy with Afro hair at a beach,assets/source_0038f682b22a.png,assets/item_e54871cdb99e.jpg,2,1,2,2,,reviewer_1,83,gt-diagnostic-v2::endpoint_gt::synth_0021::seed_000,synth_0021,0,endpoint_gt,large,comparable,84,1,0
item_d997fe4cd243,car hood,black,A racing-car at a highway,A racing-car with black car hood at a highway,assets/source_af6b5e577958.png,assets/item_d997fe4cd243.jpg,2,1,2,2,,reviewer_1,84,gt-diagnostic-v2::rk2_n15_auto::synth_0050::seed_000,synth_0050,0,rk2_n15_auto,small,comparable,85,1,0
item_b3fae24f1935,head,robot,A alien at a city,A alien with robot head at a city,assets/source_6094cd95fb45.png,assets/item_b3fae24f1935.jpg,2,2,2,2,,reviewer_1,85,gt-diagnostic-v2::rk2_n15_gt::synth_0000::seed_000,synth_0000,0,rk2_n15_gt,small,comparable,86,1,1
item_f55f03076069,head,robot,A alien at a museum,A alien with robot head at a museum,assets/source_0776f3ccf0e9.png,assets/item_f55f03076069.jpg,2,2,2,2,,reviewer_1,86,gt-diagnostic-v2::rk2_n15_gt::synth_0003::seed_000,synth_0003,0,rk2_n15_gt,large,comparable,87,1,1
item_fbe65f828066,seat,rusted,A closeup folding chair at a classroom,A closeup folding chair with rusted seat at a classroom,assets/source_97eab3ccdecd.png,assets/item_fbe65f828066.jpg,2,2,2,2,,reviewer_1,87,gt-diagnostic-v2::endpoint_gt::synth_0058::seed_000,synth_0058,0,endpoint_gt,medium,comparable,88,1,1
item_998bd4e469d0,hair,Curls,A Portrait of boy at a park,A Portrait of boy with Curls hair at a park,assets/source_b4d7f2d52a43.png,assets/item_998bd4e469d0.jpg,2,2,2,2,,reviewer_1,88,gt-diagnostic-v2::rk2_n15_auto::synth_0020::seed_000,synth_0020,0,rk2_n15_auto,large,comparable,89,1,1
item_d3a5fdc1f399,head,bear,A robot at a park,A robot with bear head at a park,assets/source_64fe128aaf52.png,assets/item_d3a5fdc1f399.jpg,1,0,2,2,,reviewer_1,89,gt-diagnostic-v2::endpoint_auto::synth_0002::seed_000,synth_0002,0,endpoint_auto,large,comparable,90,0,0
item_3e29367852e0,head,dragon,A horse at a zoo,A horse with dragon head at a zoo,assets/source_dbfa710ac399.png,assets/item_3e29367852e0.jpg,0,2,1,2,,reviewer_1,90,gt-diagnostic-v2::rk2_n15_gt::synth_0038::seed_000,synth_0038,0,rk2_n15_gt,large,expansion,91,0,0
item_7edc3cc786be,seat,rusted,A closeup folding chair at a classroom,A closeup folding chair with rusted seat at a classroom,assets/source_97eab3ccdecd.png,assets/item_7edc3cc786be.jpg,1,2,2,2,,reviewer_1,91,gt-diagnostic-v2::rk2_n15_auto::synth_0058::seed_000,synth_0058,0,rk2_n15_auto,medium,comparable,92,1,0
item_224d0f0ee0bf,car body,rusted,A classic-car at a suburban road,A classic-car with rusted car body at a suburban road,assets/source_a90c17d919ed.png,assets/item_224d0f0ee0bf.jpg,2,1,2,2,,reviewer_1,92,gt-diagnostic-v2::rk2_gt::synth_0048::seed_000,synth_0048,0,rk2_gt,large,comparable,93,1,0
item_38f1fc23cc67,car hood,vinyl-art,A classic-car at a garage,A classic-car with vinyl-art car hood at a garage,assets/source_f3b27b9b2ef0.png,assets/item_38f1fc23cc67.jpg,2,1,2,2,,reviewer_1,93,gt-diagnostic-v2::endpoint_gt::synth_0051::seed_000,synth_0051,0,endpoint_gt,small,comparable,94,1,0
item_8827f1ef7c0c,car hood,Destroyed,A full front facing view of BMW car at a parking lot,A full front facing view of BMW car with Destroyed car hood at a parking lot,assets/source_146c36946692.png,assets/item_8827f1ef7c0c.jpg,2,1,2,2,,reviewer_1,94,gt-diagnostic-v2::endpoint_auto::synth_0053::seed_000,synth_0053,0,endpoint_auto,large,comparable,95,1,0
item_0d5756e51c7a,torso,uniform,A alien at a school,A alien with uniform torso at a school,assets/source_4ad3086c4953.png,assets/item_0d5756e51c7a.jpg,2,1,2,2,,reviewer_1,95,gt-diagnostic-v2::endpoint_gt::synth_0013::seed_000,synth_0013,0,endpoint_gt,small,comparable,96,1,0
item_f08a7197c25b,head,cheetah,A panda at a school,A panda with cheetah head at a school,assets/source_3506d9604bf8.png,assets/item_f08a7197c25b.jpg,0,2,0,2,,reviewer_1,96,gt-diagnostic-v2::endpoint_gt::synth_0042::seed_000,synth_0042,0,endpoint_gt,medium,comparable,97,0,0
item_23228f9cec9b,car hood,Rusty,A full front facing view of Porsche car at a road,A full front facing view of Porsche car with Rusty car hood at a road,assets/source_7e515b8abb95.png,assets/item_23228f9cec9b.jpg,2,2,2,2,,reviewer_1,97,gt-diagnostic-v2::rk2_n15_gt::synth_0054::seed_000,synth_0054,0,rk2_n15_gt,small,comparable,98,1,1
item_f860f5b5238f,head,dragon,A dog at a farm,A dog with dragon head at a farm,assets/source_2a043df583fd.png,assets/item_f860f5b5238f.jpg,0,2,1,2,,reviewer_1,98,gt-diagnostic-v2::rk2_n15_gt::synth_0037::seed_000,synth_0037,0,rk2_n15_gt,small,expansion,99,0,0
item_16e7eaf6d6b7,head,lion,A bear at a zoo,A bear with lion head at a zoo,assets/source_1d46ca4f754d.png,assets/item_16e7eaf6d6b7.jpg,1,2,1,2,,reviewer_1,99,gt-diagnostic-v2::rk2_gt::synth_0036::seed_000,synth_0036,0,rk2_gt,medium,comparable,100,1,0
item_ca3c18622a71,torso,armor,A girl at a stadium,A girl with armor torso at a stadium,assets/source_05f0e921e87d.png,assets/item_ca3c18622a71.jpg,2,2,2,2,,reviewer_1,100,gt-diagnostic-v2::endpoint_gt::synth_0016::seed_000,synth_0016,0,endpoint_gt,large,comparable,101,1,1
item_f7b51dced9ec,head,bear,A alien at a museum,A alien with bear head at a museum,assets/source_30f9afb55b24.png,assets/item_f7b51dced9ec.jpg,0,1,1,2,,reviewer_1,101,gt-diagnostic-v2::rk2_auto::synth_0009::seed_000,synth_0009,0,rk2_auto,large,comparable,102,0,0
item_96b76146da65,hair,Wavy,A Portrait of girl at a forest,A Portrait of girl with Wavy hair at a forest,assets/source_53e8e39bcf1e.png,assets/item_96b76146da65.jpg,2,2,2,2,,reviewer_1,102,gt-diagnostic-v2::rk2_gt::synth_0019::seed_000,synth_0019,0,rk2_gt,medium,comparable,103,1,1
item_7c59c9062e99,head,panda,A cat at a mountain,A cat with panda head at a mountain,assets/source_dd35579b4d43.png,assets/item_7c59c9062e99.jpg,1,2,2,2,,reviewer_1,103,gt-diagnostic-v2::endpoint_auto::synth_0041::seed_000,synth_0041,0,endpoint_auto,medium,expansion,104,1,0
item_8be51270a337,torso,robotic-parts,A dinosaur at a museum,A dinosaur with robotic-parts torso at a museum,assets/source_1e3c08a912fe.png,assets/item_8be51270a337.jpg,2,2,2,2,,reviewer_1,104,gt-diagnostic-v2::rk2_n15_auto::synth_0017::seed_000,synth_0017,0,rk2_n15_auto,large,comparable,105,1,1
item_b65ebba9a164,head,robot,A alien at a city,A alien with robot head at a city,assets/source_6094cd95fb45.png,assets/item_b65ebba9a164.jpg,2,1,2,2,,reviewer_1,105,gt-diagnostic-v2::endpoint_gt::synth_0000::seed_000,synth_0000,0,endpoint_gt,small,comparable,106,1,0
item_651ee56198a8,car body,rusted,A classic-car at a suburban road,A classic-car with rusted car body at a suburban road,assets/source_a90c17d919ed.png,assets/item_651ee56198a8.jpg,2,1,2,2,,reviewer_1,106,gt-diagnostic-v2::endpoint_gt::synth_0048::seed_000,synth_0048,0,endpoint_gt,large,comparable,107,1,0
item_b06f3f62e1f0,hair,Afro,A Portrait of boy at a beach,A Portrait of boy with Afro hair at a beach,assets/source_0038f682b22a.png,assets/item_b06f3f62e1f0.jpg,2,2,2,2,,reviewer_1,107,gt-diagnostic-v2::endpoint_auto::synth_0021::seed_000,synth_0021,0,endpoint_auto,large,comparable,108,1,1
item_c3c0b59edaf8,torso,spiderman,A robot at a museum,A robot with spiderman torso at a museum,assets/source_7e6e7b988446.png,assets/item_c3c0b59edaf8.jpg,2,1,2,2,,reviewer_1,108,gt-diagnostic-v2::endpoint_gt::synth_0012::seed_000,synth_0012,0,endpoint_gt,large,comparable,109,1,0
item_0303e81dd5a9,head,tattooed,A robot at a office,A robot with tattooed head at a office,assets/source_1e365ebd5ac6.png,assets/item_0303e81dd5a9.jpg,1,2,2,2,,reviewer_1,109,gt-diagnostic-v2::rk2_n15_gt::synth_0004::seed_000,synth_0004,0,rk2_n15_gt,medium,comparable,110,1,0
item_d9a9b114a4aa,car body,futuristic,A sedan at a parking lot,A sedan with futuristic car body at a parking lot,assets/source_ef3648f18171.png,assets/item_d9a9b114a4aa.jpg,2,2,2,2,,reviewer_1,110,gt-diagnostic-v2::rk2_gt::synth_0047::seed_000,synth_0047,0,rk2_gt,large,comparable,111,1,1
item_6f7666199ef0,car hood,vinyl-art,A classic-car at a garage,A classic-car with vinyl-art car hood at a garage,assets/source_f3b27b9b2ef0.png,assets/item_6f7666199ef0.jpg,2,1,2,2,,reviewer_1,111,gt-diagnostic-v2::rk2_auto::synth_0051::seed_000,synth_0051,0,rk2_auto,small,comparable,112,1,0
item_6c28243b84c3,head,cat,A dog at a restaurant,A dog with cat head at a restaurant,assets/source_ca463355e687.png,assets/item_6c28243b84c3.jpg,0,2,1,2,,reviewer_1,112,gt-diagnostic-v2::rk2_n15_gt::synth_0033::seed_000,synth_0033,0,rk2_n15_gt,medium,comparable,114,0,0
item_80818e9dc5c8,head,unicorn,A dog at a mountain,A dog with unicorn head at a mountain,assets/source_ee57f3a3ed86.png,assets/item_80818e9dc5c8.jpg,0,2,1,2,,reviewer_1,113,gt-diagnostic-v2::endpoint_auto::synth_0034::seed_000,synth_0034,0,endpoint_auto,small,expansion,115,0,0
item_56143b4d24ab,head,bear,A alien at a museum,A alien with bear head at a museum,assets/source_30f9afb55b24.png,assets/item_56143b4d24ab.jpg,0,2,1,2,,reviewer_1,114,gt-diagnostic-v2::rk2_n15_gt::synth_0009::seed_000,synth_0009,0,rk2_n15_gt,large,comparable,116,0,0
item_e102415f4d19,hair,Botticelli-Curls,A Portrait of boy at a street,A Portrait of boy with Botticelli-Curls hair at a street,assets/source_1efd8f28c69b.png,assets/item_e102415f4d19.jpg,2,2,2,2,,reviewer_1,115,gt-diagnostic-v2::rk2_auto::synth_0025::seed_000,synth_0025,0,rk2_auto,medium,comparable,117,1,1
item_598b5f11dd77,head,dragon,A cow at a restaurant,A cow with dragon head at a restaurant,assets/source_591f63abb2fa.png,assets/item_598b5f11dd77.jpg,0,1,1,2,,reviewer_1,116,gt-diagnostic-v2::endpoint_gt::synth_0028::seed_000,synth_0028,0,endpoint_gt,small,comparable,118,0,0
item_605ee97425cc,head,dragon,A horse at a zoo,A horse with dragon head at a zoo,assets/source_dbfa710ac399.png,assets/item_605ee97425cc.jpg,0,2,2,2,,reviewer_1,117,gt-diagnostic-v2::endpoint_auto::synth_0038::seed_000,synth_0038,0,endpoint_auto,large,expansion,119,0,0
item_3d952b96ad13,seat,plastic,A closeup soft chair at a photo studio,A closeup soft chair with plastic seat at a photo studio,assets/source_b25f9980445d.png,assets/item_3d952b96ad13.jpg,2,1,1,2,,reviewer_1,118,gt-diagnostic-v2::endpoint_auto::synth_0057::seed_000,synth_0057,0,endpoint_auto,large,comparable,120,1,0
item_b138bddf6937,head,dragon,A cat at a desert,A cat with dragon head at a desert,assets/source_bb5f44e8a25b.png,assets/item_b138bddf6937.jpg,0,2,2,2,,reviewer_1,119,gt-diagnostic-v2::rk2_n15_auto::synth_0032::seed_000,synth_0032,0,rk2_n15_auto,small,expansion,121,0,0
item_f0a91492a69a,hair,Kinky,A Portrait of boy at a park,A Portrait of boy with Kinky hair at a park,assets/source_0d500a8d6ca9.png,assets/item_f0a91492a69a.jpg,2,2,2,2,,reviewer_1,120,gt-diagnostic-v2::rk2_auto::synth_0022::seed_000,synth_0022,0,rk2_auto,medium,comparable,122,1,1
item_02d6f4d2dcb0,hair,blond,A Portrait of man at a beach,A Portrait of man with blond hair at a beach,assets/source_6ce9a1e568d3.png,assets/item_02d6f4d2dcb0.jpg,2,2,2,2,,reviewer_1,121,gt-diagnostic-v2::endpoint_auto::synth_0023::seed_000,synth_0023,0,endpoint_auto,small,comparable,123,1,1
item_543eef3481f2,head,tiger,A bear at a pool,A bear with tiger head at a pool,assets/source_41c7b285ef4c.png,assets/item_543eef3481f2.jpg,1,2,1,2,,reviewer_1,122,gt-diagnostic-v2::rk2_n15_auto::synth_0040::seed_000,synth_0040,0,rk2_n15_auto,small,comparable,124,1,0
item_d46f028f517b,head,bear,A robot at a school,A robot with bear head at a school,assets/source_5bd8b0acdbd5.png,assets/item_d46f028f517b.jpg,2,1,2,2,,reviewer_1,123,gt-diagnostic-v2::rk2_gt::synth_0001::seed_000,synth_0001,0,rk2_gt,medium,comparable,125,1,0
item_299f57d116cc,head,unicorn,A cow at a house,A cow with unicorn head at a house,assets/source_70a3202c4158.png,assets/item_299f57d116cc.jpg,2,1,2,2,,reviewer_1,124,gt-diagnostic-v2::endpoint_auto::synth_0039::seed_000,synth_0039,0,endpoint_auto,small,expansion,126,1,0
item_cda601baf1d2,seat,wooden,A closeup leather chair at a classroom,A closeup leather chair with wooden seat at a classroom,assets/source_bda38536db22.png,assets/item_cda601baf1d2.jpg,0,2,1,2,,reviewer_1,125,gt-diagnostic-v2::endpoint_auto::synth_0059::seed_000,synth_0059,0,endpoint_auto,medium,comparable,127,0,0
item_afc8da6c2d1d,head,lion,A bear at a zoo,A bear with lion head at a zoo,assets/source_b8ba5e41ea31.png,assets/item_afc8da6c2d1d.jpg,0,2,2,2,,reviewer_1,126,gt-diagnostic-v2::rk2_n15_gt::synth_0044::seed_000,synth_0044,0,rk2_n15_gt,large,comparable,128,0,0
item_fc7a3393efca,head,dragon,A dog at a farm,A dog with dragon head at a farm,assets/source_2a043df583fd.png,assets/item_fc7a3393efca.jpg,0,2,2,2,,reviewer_1,127,gt-diagnostic-v2::rk2_auto::synth_0037::seed_000,synth_0037,0,rk2_auto,small,expansion,129,0,0
item_ca73f9341133,head,panda,A cat at a mountain,A cat with panda head at a mountain,assets/source_dd35579b4d43.png,assets/item_ca73f9341133.jpg,1,2,1,2,,reviewer_1,128,gt-diagnostic-v2::endpoint_gt::synth_0041::seed_000,synth_0041,0,endpoint_gt,medium,expansion,130,1,0
item_206e9019fbf0,car hood,Digital-Camouflage,A full front facing view of racing car at a parking lot,A full front facing view of racing car with Digital-Camouflage car hood at a parking lot,assets/source_073b896945b5.png,assets/item_206e9019fbf0.jpg,2,2,2,2,,reviewer_1,129,gt-diagnostic-v2::rk2_gt::synth_0052::seed_000,synth_0052,0,rk2_gt,medium,comparable,131,1,1
item_7fe919153983,torso,formal-suit,A robot at a restaurant,A robot with formal-suit torso at a restaurant,assets/source_2e6979609916.png,assets/item_7fe919153983.jpg,2,2,2,2,,reviewer_1,130,gt-diagnostic-v2::endpoint_gt::synth_0015::seed_000,synth_0015,0,endpoint_gt,large,comparable,132,1,1
item_f777dcdfdb44,hair,Curls,A Portrait of woman at a school,A Portrait of woman with Curls hair at a school,assets/source_8a5f145d5ed6.png,assets/item_f777dcdfdb44.jpg,2,2,2,2,,reviewer_1,131,gt-diagnostic-v2::rk2_n15_auto::synth_0027::seed_000,synth_0027,0,rk2_n15_auto,large,comparable,133,1,1
item_5b0ff6638729,head,lion,A bear at a zoo,A bear with lion head at a zoo,assets/source_b8ba5e41ea31.png,assets/item_5b0ff6638729.jpg,0,1,1,2,,reviewer_1,132,gt-diagnostic-v2::rk2_gt::synth_0044::seed_000,synth_0044,0,rk2_gt,large,comparable,134,0,0
item_a0e9c15877aa,head,dragon,A bear at a jungle,A bear with dragon head at a jungle,assets/source_a29b0df6a570.png,assets/item_a0e9c15877aa.jpg,0,2,1,2,,reviewer_1,133,gt-diagnostic-v2::endpoint_gt::synth_0043::seed_000,synth_0043,0,endpoint_gt,small,expansion,135,0,0
item_6027f6151123,hair,Curls,A Portrait of man at a house,A Portrait of man with Curls hair at a house,assets/source_1837be64cd68.png,assets/item_6027f6151123.jpg,2,2,2,2,,reviewer_1,134,gt-diagnostic-v2::rk2_n15_auto::synth_0026::seed_000,synth_0026,0,rk2_n15_auto,small,expansion,136,1,1
item_0c3e7c6fbd94,head,lion,A dog at a pool,A dog with lion head at a pool,assets/source_fc07bb02f53f.png,assets/item_0c3e7c6fbd94.jpg,0,1,1,2,,reviewer_1,135,gt-diagnostic-v2::rk2_n15_auto::synth_0029::seed_000,synth_0029,0,rk2_n15_auto,small,expansion,137,0,0
item_16cc1698c3be,head,tattooed,A robot at a office,A robot with tattooed head at a office,assets/source_1e365ebd5ac6.png,assets/item_16cc1698c3be.jpg,0,0,1,2,,reviewer_1,136,gt-diagnostic-v2::endpoint_auto::synth_0004::seed_000,synth_0004,0,endpoint_auto,medium,comparable,139,0,0
item_dec327c4bfc2,head,bear,A robot at a school,A robot with bear head at a school,assets/source_5bd8b0acdbd5.png,assets/item_dec327c4bfc2.jpg,2,0,2,2,,reviewer_1,137,gt-diagnostic-v2::endpoint_auto::synth_0001::seed_000,synth_0001,0,endpoint_auto,medium,comparable,140,0,0
item_186d99b3f7b4,torso,formal-suit,A robot at a restaurant,A robot with formal-suit torso at a restaurant,assets/source_2e6979609916.png,assets/item_186d99b3f7b4.jpg,1,0,2,2,,reviewer_1,138,gt-diagnostic-v2::rk2_n15_auto::synth_0015::seed_000,synth_0015,0,rk2_n15_auto,large,comparable,141,0,0
item_4366dbc38ef6,head,lion,A bear at a zoo,A bear with lion head at a zoo,assets/source_b8ba5e41ea31.png,assets/item_4366dbc38ef6.jpg,0,2,1,2,,reviewer_1,139,gt-diagnostic-v2::rk2_n15_auto::synth_0044::seed_000,synth_0044,0,rk2_n15_auto,large,comparable,142,0,0
item_6399ba844575,hair,blond,A Portrait of man at a beach,A Portrait of man with blond hair at a beach,assets/source_6ce9a1e568d3.png,assets/item_6399ba844575.jpg,2,1,2,2,,reviewer_1,140,gt-diagnostic-v2::rk2_auto::synth_0023::seed_000,synth_0023,0,rk2_auto,small,comparable,143,1,0
item_a73b62715810,car body,neon-lit,A classic-car at a suburban road,A classic-car with neon-lit car body at a suburban road,assets/source_3ae69c2a9e97.png,assets/item_a73b62715810.jpg,2,2,2,2,,reviewer_1,141,gt-diagnostic-v2::rk2_n15_auto::synth_0049::seed_000,synth_0049,0,rk2_n15_auto,large,comparable,144,1,1
item_0054b88beb5f,car hood,Rusty,A full front facing view of Porsche car at a road,A full front facing view of Porsche car with Rusty car hood at a road,assets/source_7e515b8abb95.png,assets/item_0054b88beb5f.jpg,1,1,2,2,,reviewer_1,142,gt-diagnostic-v2::rk2_auto::synth_0054::seed_000,synth_0054,0,rk2_auto,small,comparable,145,1,0
item_1ac1cc63b0d1,car hood,Graffiti,A full front facing view of Toyota car at a parking lot,A full front facing view of Toyota car with Graffiti car hood at a parking lot,assets/source_d13dfe80a435.png,assets/item_1ac1cc63b0d1.jpg,2,1,2,2,,reviewer_1,143,gt-diagnostic-v2::rk2_gt::synth_0055::seed_000,synth_0055,0,rk2_gt,large,comparable,146,1,0
item_56d5de5225f9,head,cheetah,A cat at a museum,A cat with cheetah head at a museum,assets/source_f3d1d79f0351.png,assets/item_56d5de5225f9.jpg,1,1,1,2,,reviewer_1,144,gt-diagnostic-v2::rk2_auto::synth_0035::seed_000,synth_0035,0,rk2_auto,small,expansion,147,1,0
item_a7e9127cb647,head,dragon,A cow at a restaurant,A cow with dragon head at a restaurant,assets/source_591f63abb2fa.png,assets/item_a7e9127cb647.jpg,0,1,1,2,,reviewer_1,145,gt-diagnostic-v2::endpoint_auto::synth_0028::seed_000,synth_0028,0,endpoint_auto,small,comparable,148,0,0
item_cde7c215c7ca,car hood,black,A racing-car at a highway,A racing-car with black car hood at a highway,assets/source_af6b5e577958.png,assets/item_cde7c215c7ca.jpg,2,1,2,2,,reviewer_1,146,gt-diagnostic-v2::endpoint_auto::synth_0050::seed_000,synth_0050,0,endpoint_auto,small,comparable,149,1,0
item_9073fdc9628d,head,robot,A alien at a museum,A alien with robot head at a museum,assets/source_0776f3ccf0e9.png,assets/item_9073fdc9628d.jpg,2,2,2,2,,reviewer_1,147,gt-diagnostic-v2::endpoint_gt::synth_0003::seed_000,synth_0003,0,endpoint_gt,large,comparable,150,1,1
item_9c74857ef807,head,robot,A alien at a museum,A alien with robot head at a museum,assets/source_0776f3ccf0e9.png,assets/item_9c74857ef807.jpg,2,0,2,2,,reviewer_1,148,gt-diagnostic-v2::rk2_auto::synth_0003::seed_000,synth_0003,0,rk2_auto,large,comparable,151,0,0
item_e2f0b0d2d784,head,cheetah,A panda at a school,A panda with cheetah head at a school,assets/source_3506d9604bf8.png,assets/item_e2f0b0d2d784.jpg,0,0,0,2,,reviewer_1,149,gt-diagnostic-v2::endpoint_auto::synth_0042::seed_000,synth_0042,0,endpoint_auto,medium,comparable,152,0,0
item_1c7b10e09e5e,torso,armor,A boy at a restaurant,A boy with armor torso at a restaurant,assets/source_cea0cb0755a1.png,assets/item_1c7b10e09e5e.jpg,2,1,2,2,,reviewer_1,150,gt-diagnostic-v2::rk2_auto::synth_0018::seed_000,synth_0018,0,rk2_auto,medium,comparable,153,1,0
item_c29e3b99411e,car body,rusted,A classic-car at a suburban road,A classic-car with rusted car body at a suburban road,assets/source_a90c17d919ed.png,assets/item_c29e3b99411e.jpg,2,1,2,2,,reviewer_1,151,gt-diagnostic-v2::rk2_auto::synth_0048::seed_000,synth_0048,0,rk2_auto,large,comparable,154,1,0
item_692a226ab13d,head,bear,A alien at a museum,A alien with bear head at a museum,assets/source_30f9afb55b24.png,assets/item_692a226ab13d.jpg,0,1,1,2,,reviewer_1,152,gt-diagnostic-v2::endpoint_auto::synth_0009::seed_000,synth_0009,0,endpoint_auto,large,comparable,155,0,0
item_b637adaae8bb,torso,armor,A girl at a stadium,A girl with armor torso at a stadium,assets/source_05f0e921e87d.png,assets/item_b637adaae8bb.jpg,2,1,2,2,,reviewer_1,153,gt-diagnostic-v2::rk2_auto::synth_0016::seed_000,synth_0016,0,rk2_auto,large,comparable,156,1,0
item_32b2b7d66e55,head,alien,A robot at a park,A robot with alien head at a park,assets/source_f388d78833d6.png,assets/item_32b2b7d66e55.jpg,2,2,2,2,,reviewer_1,154,gt-diagnostic-v2::endpoint_gt::synth_0008::seed_000,synth_0008,0,endpoint_gt,small,comparable,157,1,1
item_6b2531cc464a,head,robot,A man at a gym,A man with robot head at a gym,assets/source_9db278f7152f.png,assets/item_6b2531cc464a.jpg,2,1,2,2,,reviewer_1,155,gt-diagnostic-v2::endpoint_gt::synth_0005::seed_000,synth_0005,0,endpoint_gt,medium,comparable,158,1,0
item_0a42dbb2957c,head,bear,A robot at a school,A robot with bear head at a school,assets/source_5bd8b0acdbd5.png,assets/item_0a42dbb2957c.jpg,2,1,2,2,,reviewer_1,156,gt-diagnostic-v2::rk2_n15_auto::synth_0001::seed_000,synth_0001,0,rk2_n15_auto,medium,comparable,159,1,0
item_c035da712e46,head,lion,A dog at a pool,A dog with lion head at a pool,assets/source_fc07bb02f53f.png,assets/item_c035da712e46.jpg,0,2,1,2,,reviewer_1,157,gt-diagnostic-v2::rk2_n15_gt::synth_0029::seed_000,synth_0029,0,rk2_n15_gt,small,expansion,160,0,0
item_479ead902529,torso,robotic-parts,A dinosaur at a museum,A dinosaur with robotic-parts torso at a museum,assets/source_1e3c08a912fe.png,assets/item_479ead902529.jpg,2,0,1,2,,reviewer_1,158,gt-diagnostic-v2::endpoint_gt::synth_0017::seed_000,synth_0017,0,endpoint_gt,large,comparable,161,0,0
item_68f80bdea885,head,cheetah,A panda at a school,A panda with cheetah head at a school,assets/source_3506d9604bf8.png,assets/item_68f80bdea885.jpg,0,1,0,2,,reviewer_1,159,gt-diagnostic-v2::rk2_n15_auto::synth_0042::seed_000,synth_0042,0,rk2_n15_auto,medium,comparable,162,0,0
item_e8219d1566e0,seat,rusted,A closeup folding chair at a classroom,A closeup folding chair with rusted seat at a classroom,assets/source_97eab3ccdecd.png,assets/item_e8219d1566e0.jpg,2,2,2,2,,reviewer_1,160,gt-diagnostic-v2::rk2_auto::synth_0058::seed_000,synth_0058,0,rk2_auto,medium,comparable,164,1,1
item_5c811ec1d62e,head,lion,A bear at a zoo,A bear with lion head at a zoo,assets/source_1d46ca4f754d.png,assets/item_5c811ec1d62e.jpg,1,2,1,2,,reviewer_1,161,gt-diagnostic-v2::endpoint_gt::synth_0036::seed_000,synth_0036,0,endpoint_gt,medium,comparable,165,1,0
item_52e219846910,car hood,vinyl-art,A classic-car at a garage,A classic-car with vinyl-art car hood at a garage,assets/source_f3b27b9b2ef0.png,assets/item_52e219846910.jpg,1,0,2,2,,reviewer_1,162,gt-diagnostic-v2::rk2_n15_auto::synth_0051::seed_000,synth_0051,0,rk2_n15_auto,small,comparable,166,0,0
item_534b50ac2876,torso,spiderman,A robot at a museum,A robot with spiderman torso at a museum,assets/source_63f2eb2cd129.png,assets/item_534b50ac2876.jpg,2,2,2,2,,reviewer_1,163,gt-diagnostic-v2::rk2_n15_gt::synth_0011::seed_000,synth_0011,0,rk2_n15_gt,small,comparable,167,1,1
item_e9dc9584a940,torso,uniform,A alien at a school,A alien with uniform torso at a school,assets/source_4ad3086c4953.png,assets/item_e9dc9584a940.jpg,2,1,1,2,,reviewer_1,164,gt-diagnostic-v2::rk2_auto::synth_0013::seed_000,synth_0013,0,rk2_auto,small,comparable,168,1,0
item_194c7c0b7aad,head,cat,A dog at a restaurant,A dog with cat head at a restaurant,assets/source_ca463355e687.png,assets/item_194c7c0b7aad.jpg,0,0,1,2,,reviewer_1,165,gt-diagnostic-v2::endpoint_auto::synth_0033::seed_000,synth_0033,0,endpoint_auto,medium,comparable,169,0,0
item_a82511f98b2b,head,dragon,A cat at a desert,A cat with dragon head at a desert,assets/source_bb5f44e8a25b.png,assets/item_a82511f98b2b.jpg,0,2,1,2,,reviewer_1,166,gt-diagnostic-v2::endpoint_gt::synth_0032::seed_000,synth_0032,0,endpoint_gt,small,expansion,170,0,0
item_bd168f272b56,head,dragon,A dog at a farm,A dog with dragon head at a farm,assets/source_2a043df583fd.png,assets/item_bd168f272b56.jpg,0,1,1,2,,reviewer_1,167,gt-diagnostic-v2::endpoint_auto::synth_0037::seed_000,synth_0037,0,endpoint_auto,small,expansion,171,0,0
item_3c31b071967d,head,panda,A cat at a mountain,A cat with panda head at a mountain,assets/source_dd35579b4d43.png,assets/item_3c31b071967d.jpg,1,2,1,2,,reviewer_1,168,gt-diagnostic-v2::rk2_n15_auto::synth_0041::seed_000,synth_0041,0,rk2_n15_auto,medium,expansion,172,1,0
item_78dd6694ba97,car hood,Digital-Camouflage,A full front facing view of racing car at a parking lot,A full front facing view of racing car with Digital-Camouflage car hood at a parking lot,assets/source_073b896945b5.png,assets/item_78dd6694ba97.jpg,2,2,2,2,,reviewer_1,169,gt-diagnostic-v2::endpoint_gt::synth_0052::seed_000,synth_0052,0,endpoint_gt,medium,comparable,173,1,1
item_7b2ae7679912,head,robot,A alien at a city,A alien with robot head at a city,assets/source_6094cd95fb45.png,assets/item_7b2ae7679912.jpg,2,0,2,2,,reviewer_1,170,gt-diagnostic-v2::rk2_auto::synth_0000::seed_000,synth_0000,0,rk2_auto,small,comparable,174,0,0
item_e1bae71c2977,seat,fabric,A closeup leather chair at a apartment,A closeup leather chair with fabric seat at a apartment,assets/source_278976611c82.png,assets/item_e1bae71c2977.jpg,2,2,2,2,,reviewer_1,171,gt-diagnostic-v2::rk2_n15_gt::synth_0056::seed_000,synth_0056,0,rk2_n15_gt,medium,comparable,175,1,1
item_02d45d8f8d5c,torso,batman,A robot at a school,A robot with batman torso at a school,assets/source_8bcbeeb53dd4.png,assets/item_02d45d8f8d5c.jpg,2,0,2,2,,reviewer_1,172,gt-diagnostic-v2::rk2_auto::synth_0010::seed_000,synth_0010,0,rk2_auto,medium,comparable,176,0,0
item_4e87583e5fc7,head,tattooed,A robot at a office,A robot with tattooed head at a office,assets/source_1e365ebd5ac6.png,assets/item_4e87583e5fc7.jpg,1,2,1,2,,reviewer_1,173,gt-diagnostic-v2::rk2_n15_auto::synth_0004::seed_000,synth_0004,0,rk2_n15_auto,medium,comparable,177,1,0
item_c2d1a52a4bcb,head,robot,A girl at a beach,A girl with robot head at a beach,assets/source_eddd21d6a1c2.png,assets/item_c2d1a52a4bcb.jpg,0,1,0,2,,reviewer_1,174,gt-diagnostic-v2::rk2_auto::synth_0006::seed_000,synth_0006,0,rk2_auto,small,comparable,178,0,0
item_7598a4b29d6e,torso,formal-suit,A robot at a restaurant,A robot with formal-suit torso at a restaurant,assets/source_2e6979609916.png,assets/item_7598a4b29d6e.jpg,2,2,2,2,,reviewer_1,175,gt-diagnostic-v2::rk2_n15_gt::synth_0015::seed_000,synth_0015,0,rk2_n15_gt,large,comparable,179,1,1
item_2c7a7e6f0dca,car hood,Destroyed,A full front facing view of BMW car at a parking lot,A full front facing view of BMW car with Destroyed car hood at a parking lot,assets/source_146c36946692.png,assets/item_2c7a7e6f0dca.jpg,2,1,1,2,,reviewer_1,176,gt-diagnostic-v2::endpoint_gt::synth_0053::seed_000,synth_0053,0,endpoint_gt,large,comparable,180,1,0
item_b9905af1e79b,seat,fabric,A closeup leather chair at a apartment,A closeup leather chair with fabric seat at a apartment,assets/source_278976611c82.png,assets/item_b9905af1e79b.jpg,1,2,2,2,,reviewer_1,177,gt-diagnostic-v2::endpoint_auto::synth_0056::seed_000,synth_0056,0,endpoint_auto,medium,comparable,181,1,0
item_b49d04425739,car hood,Graffiti,A full front facing view of Toyota car at a parking lot,A full front facing view of Toyota car with Graffiti car hood at a parking lot,assets/source_d13dfe80a435.png,assets/item_b49d04425739.jpg,2,1,2,2,,reviewer_1,178,gt-diagnostic-v2::endpoint_auto::synth_0055::seed_000,synth_0055,0,endpoint_auto,large,comparable,182,1,0
item_75b6add51a40,head,tattooed,A robot at a office,A robot with tattooed head at a office,assets/source_1e365ebd5ac6.png,assets/item_75b6add51a40.jpg,0,1,1,2,,reviewer_1,179,gt-diagnostic-v2::rk2_gt::synth_0004::seed_000,synth_0004,0,rk2_gt,medium,comparable,183,0,0
item_75b48f593d1f,head,bear,A robot at a park,A robot with bear head at a park,assets/source_64fe128aaf52.png,assets/item_75b48f593d1f.jpg,2,2,2,2,,reviewer_1,180,gt-diagnostic-v2::rk2_gt::synth_0002::seed_000,synth_0002,0,rk2_gt,large,comparable,184,1,1
item_de559f7781a7,torso,armor,A boy at a restaurant,A boy with armor torso at a restaurant,assets/source_cea0cb0755a1.png,assets/item_de559f7781a7.jpg,2,1,2,2,,reviewer_1,181,gt-diagnostic-v2::endpoint_gt::synth_0018::seed_000,synth_0018,0,endpoint_gt,medium,comparable,185,1,0
item_5405f4bfa625,torso,armor,A girl at a stadium,A girl with armor torso at a stadium,assets/source_05f0e921e87d.png,assets/item_5405f4bfa625.jpg,2,1,2,2,,reviewer_1,182,gt-diagnostic-v2::endpoint_auto::synth_0016::seed_000,synth_0016,0,endpoint_auto,large,comparable,186,1,0
item_ddf8cdda4a04,car hood,vinyl-art,A classic-car at a garage,A classic-car with vinyl-art car hood at a garage,assets/source_f3b27b9b2ef0.png,assets/item_ddf8cdda4a04.jpg,2,0,2,2,,reviewer_1,183,gt-diagnostic-v2::endpoint_auto::synth_0051::seed_000,synth_0051,0,endpoint_auto,small,comparable,187,0,0
item_8195e5248a32,car body,futuristic,A sedan at a parking lot,A sedan with futuristic car body at a parking lot,assets/source_ef3648f18171.png,assets/item_8195e5248a32.jpg,2,0,2,2,,reviewer_1,184,gt-diagnostic-v2::rk2_auto::synth_0047::seed_000,synth_0047,0,rk2_auto,large,comparable,188,0,0
item_6b5d93fd3590,torso,batman,A robot at a school,A robot with batman torso at a school,assets/source_8bcbeeb53dd4.png,assets/item_6b5d93fd3590.jpg,2,2,2,2,,reviewer_1,185,gt-diagnostic-v2::rk2_n15_gt::synth_0010::seed_000,synth_0010,0,rk2_n15_gt,medium,comparable,189,1,1
item_5c918cd7e625,car hood,Graffiti,A full front facing view of Toyota car at a parking lot,A full front facing view of Toyota car with Graffiti car hood at a parking lot,assets/source_d13dfe80a435.png,assets/item_5c918cd7e625.jpg,2,1,2,2,,reviewer_1,186,gt-diagnostic-v2::rk2_auto::synth_0055::seed_000,synth_0055,0,rk2_auto,large,comparable,190,1,0
item_eca9ac08dd13,hair,Botticelli-Curls,A Portrait of boy at a street,A Portrait of boy with Botticelli-Curls hair at a street,assets/source_1efd8f28c69b.png,assets/item_eca9ac08dd13.jpg,2,2,2,2,,reviewer_1,187,gt-diagnostic-v2::endpoint_gt::synth_0025::seed_000,synth_0025,0,endpoint_gt,medium,comparable,191,1,1
item_f4f4a5f4f1d2,head,panda,A dog at a store,A dog with panda head at a store,assets/source_de70faeee4dc.png,assets/item_f4f4a5f4f1d2.jpg,2,2,2,2,,reviewer_1,188,gt-diagnostic-v2::rk2_n15_auto::synth_0045::seed_000,synth_0045,0,rk2_n15_auto,medium,expansion,192,1,1
item_7ee4326b54bf,head,lion,A dog at a pool,A dog with lion head at a pool,assets/source_fc07bb02f53f.png,assets/item_7ee4326b54bf.jpg,1,1,1,2,,reviewer_1,189,gt-diagnostic-v2::endpoint_auto::synth_0029::seed_000,synth_0029,0,endpoint_auto,small,expansion,193,1,0
item_0f34621b9f3b,head,alien,A robot at a park,A robot with alien head at a park,assets/source_f388d78833d6.png,assets/item_0f34621b9f3b.jpg,2,1,2,2,,reviewer_1,190,gt-diagnostic-v2::rk2_auto::synth_0008::seed_000,synth_0008,0,rk2_auto,small,comparable,194,1,0
item_21d85159ec19,car body,armored,A luxury-car at a mountain road,A luxury-car with armored car body at a mountain road,assets/source_4a1c085cfce4.png,assets/item_21d85159ec19.jpg,0,1,1,2,,reviewer_1,191,gt-diagnostic-v2::rk2_auto::synth_0046::seed_000,synth_0046,0,rk2_auto,large,comparable,195,0,0
item_e22afa8e9b8a,head,dragon,A bear at a jungle,A bear with dragon head at a jungle,assets/source_a29b0df6a570.png,assets/item_e22afa8e9b8a.jpg,0,1,1,2,,reviewer_1,192,gt-diagnostic-v2::endpoint_auto::synth_0043::seed_000,synth_0043,0,endpoint_auto,small,expansion,196,0,0
item_7938687b9cc3,seat,rusted,A closeup folding chair at a classroom,A closeup folding chair with rusted seat at a classroom,assets/source_97eab3ccdecd.png,assets/item_7938687b9cc3.jpg,1,2,2,2,,reviewer_1,193,gt-diagnostic-v2::rk2_n15_gt::synth_0058::seed_000,synth_0058,0,rk2_n15_gt,medium,comparable,197,1,0
item_bbf6189b5f2c,car hood,black,A racing-car at a highway,A racing-car with black car hood at a highway,assets/source_af6b5e577958.png,assets/item_bbf6189b5f2c.jpg,2,2,2,2,,reviewer_1,194,gt-diagnostic-v2::rk2_n15_gt::synth_0050::seed_000,synth_0050,0,rk2_n15_gt,small,comparable,198,1,1
item_e713a9249ef4,hair,Wavy,A Portrait of girl at a forest,A Portrait of girl with Wavy hair at a forest,assets/source_53e8e39bcf1e.png,assets/item_e713a9249ef4.jpg,2,1,2,2,,reviewer_1,195,gt-diagnostic-v2::rk2_auto::synth_0019::seed_000,synth_0019,0,rk2_auto,medium,comparable,199,1,0
item_edecb13b6169,head,cat,A dog at a restaurant,A dog with cat head at a restaurant,assets/source_ca463355e687.png,assets/item_edecb13b6169.jpg,0,2,1,2,,reviewer_1,196,gt-diagnostic-v2::rk2_gt::synth_0033::seed_000,synth_0033,0,rk2_gt,medium,comparable,200,0,0
item_9a739ed8663d,car body,rusted,A classic-car at a suburban road,A classic-car with rusted car body at a suburban road,assets/source_a90c17d919ed.png,assets/item_9a739ed8663d.jpg,2,1,2,2,,reviewer_1,197,gt-diagnostic-v2::rk2_n15_auto::synth_0048::seed_000,synth_0048,0,rk2_n15_auto,large,comparable,201,1,0
item_276025e3f276,head,robot,A alien at a school,A alien with robot head at a school,assets/source_26285f2b90f2.png,assets/item_276025e3f276.jpg,2,1,2,2,,reviewer_1,198,gt-diagnostic-v2::endpoint_gt::synth_0007::seed_000,synth_0007,0,endpoint_gt,medium,comparable,202,1,0
item_be041a91d1a2,car body,armored,A luxury-car at a mountain road,A luxury-car with armored car body at a mountain road,assets/source_4a1c085cfce4.png,assets/item_be041a91d1a2.jpg,0,1,1,2,,reviewer_1,199,gt-diagnostic-v2::rk2_gt::synth_0046::seed_000,synth_0046,0,rk2_gt,large,comparable,203,0,0
item_fcf2f171cfb5,head,robot,A alien at a school,A alien with robot head at a school,assets/source_26285f2b90f2.png,assets/item_fcf2f171cfb5.jpg,2,1,1,2,,reviewer_1,200,gt-diagnostic-v2::rk2_gt::synth_0007::seed_000,synth_0007,0,rk2_gt,medium,comparable,204,1,0
item_e62c47aefbc7,torso,batman,A robot at a school,A robot with batman torso at a school,assets/source_8bcbeeb53dd4.png,assets/item_e62c47aefbc7.jpg,2,0,2,2,,reviewer_1,201,gt-diagnostic-v2::endpoint_auto::synth_0010::seed_000,synth_0010,0,endpoint_auto,medium,comparable,205,0,0
item_139169836982,head,lion,A bear at a zoo,A bear with lion head at a zoo,assets/source_b8ba5e41ea31.png,assets/item_139169836982.jpg,0,1,2,2,,reviewer_1,202,gt-diagnostic-v2::rk2_auto::synth_0044::seed_000,synth_0044,0,rk2_auto,large,comparable,206,0,0
item_01bc81e5a386,head,cheetah,A panda at a school,A panda with cheetah head at a school,assets/source_3506d9604bf8.png,assets/item_01bc81e5a386.jpg,0,2,1,2,,reviewer_1,203,gt-diagnostic-v2::rk2_n15_gt::synth_0042::seed_000,synth_0042,0,rk2_n15_gt,medium,comparable,207,0,0
item_147bdbe19c20,head,robot,A alien at a school,A alien with robot head at a school,assets/source_26285f2b90f2.png,assets/item_147bdbe19c20.jpg,1,1,1,2,,reviewer_1,204,gt-diagnostic-v2::rk2_auto::synth_0007::seed_000,synth_0007,0,rk2_auto,medium,comparable,208,1,0
item_b8d81af134ff,head,bear,A robot at a school,A robot with bear head at a school,assets/source_5bd8b0acdbd5.png,assets/item_b8d81af134ff.jpg,2,1,2,2,,reviewer_1,205,gt-diagnostic-v2::endpoint_gt::synth_0001::seed_000,synth_0001,0,endpoint_gt,medium,comparable,209,1,0
item_63c70f7e0865,head,robot,A man at a gym,A man with robot head at a gym,assets/source_9db278f7152f.png,assets/item_63c70f7e0865.jpg,2,2,2,2,,reviewer_1,206,gt-diagnostic-v2::rk2_n15_gt::synth_0005::seed_000,synth_0005,0,rk2_n15_gt,medium,comparable,210,1,1
item_b172ab71488c,head,cat,A dog at a restaurant,A dog with cat head at a restaurant,assets/source_ca463355e687.png,assets/item_b172ab71488c.jpg,0,2,1,2,,reviewer_1,207,gt-diagnostic-v2::endpoint_gt::synth_0033::seed_000,synth_0033,0,endpoint_gt,medium,comparable,211,0,0
item_a156755883a3,head,lion,A bear at a zoo,A bear with lion head at a zoo,assets/source_b8ba5e41ea31.png,assets/item_a156755883a3.jpg,0,1,1,2,,reviewer_1,208,gt-diagnostic-v2::endpoint_auto::synth_0044::seed_000,synth_0044,0,endpoint_auto,large,comparable,212,0,0
item_27985efd668d,head,robot,A girl at a beach,A girl with robot head at a beach,assets/source_eddd21d6a1c2.png,assets/item_27985efd668d.jpg,0,2,2,2,,reviewer_1,209,gt-diagnostic-v2::rk2_n15_gt::synth_0006::seed_000,synth_0006,0,rk2_n15_gt,small,comparable,213,0,0
item_ca5b5fced2a8,head,robot,A man at a gym,A man with robot head at a gym,assets/source_9db278f7152f.png,assets/item_ca5b5fced2a8.jpg,2,1,2,2,,reviewer_1,210,gt-diagnostic-v2::endpoint_auto::synth_0005::seed_000,synth_0005,0,endpoint_auto,medium,comparable,214,1,0
item_f3c29913d5c1,torso,armor,A boy at a restaurant,A boy with armor torso at a restaurant,assets/source_cea0cb0755a1.png,assets/item_f3c29913d5c1.jpg,2,1,2,2,,reviewer_1,211,gt-diagnostic-v2::rk2_gt::synth_0018::seed_000,synth_0018,0,rk2_gt,medium,comparable,215,1,0
item_6ee0779ba8e1,car body,armored,A luxury-car at a mountain road,A luxury-car with armored car body at a mountain road,assets/source_4a1c085cfce4.png,assets/item_6ee0779ba8e1.jpg,0,2,1,2,,reviewer_1,212,gt-diagnostic-v2::rk2_n15_auto::synth_0046::seed_000,synth_0046,0,rk2_n15_auto,large,comparable,216,0,0
item_d4725bd29517,head,cheetah,A cat at a museum,A cat with cheetah head at a museum,assets/source_f3d1d79f0351.png,assets/item_d4725bd29517.jpg,1,2,1,2,,reviewer_1,213,gt-diagnostic-v2::endpoint_gt::synth_0035::seed_000,synth_0035,0,endpoint_gt,small,expansion,217,1,0
item_52a0c3ae0f3f,head,tiger,A bear at a pool,A bear with tiger head at a pool,assets/source_41c7b285ef4c.png,assets/item_52a0c3ae0f3f.jpg,1,2,2,2,,reviewer_1,214,gt-diagnostic-v2::rk2_n15_gt::synth_0040::seed_000,synth_0040,0,rk2_n15_gt,small,comparable,218,1,0
item_c87890bd114f,torso,formal-suit,A robot at a restaurant,A robot with formal-suit torso at a restaurant,assets/source_2e6979609916.png,assets/item_c87890bd114f.jpg,2,1,1,2,,reviewer_1,215,gt-diagnostic-v2::rk2_auto::synth_0015::seed_000,synth_0015,0,rk2_auto,large,comparable,219,1,0
item_5c9cd4411fbb,hair,Afro,A Portrait of boy at a beach,A Portrait of boy with Afro hair at a beach,assets/source_0038f682b22a.png,assets/item_5c9cd4411fbb.jpg,2,1,2,2,,reviewer_1,216,gt-diagnostic-v2::rk2_auto::synth_0021::seed_000,synth_0021,0,rk2_auto,large,comparable,220,1,0
item_6023d2e39580,hair,Curley,A Portrait of girl at a mountain,A Portrait of girl with Curley hair at a mountain,assets/source_c6abd9790d67.png,assets/item_6023d2e39580.jpg,2,2,2,2,,reviewer_1,217,gt-diagnostic-v2::endpoint_gt::synth_0024::seed_000,synth_0024,0,endpoint_gt,large,expansion,221,1,1
item_1351eb7463ae,head,alien,A robot at a park,A robot with alien head at a park,assets/source_f388d78833d6.png,assets/item_1351eb7463ae.jpg,2,1,2,2,,reviewer_1,218,gt-diagnostic-v2::rk2_gt::synth_0008::seed_000,synth_0008,0,rk2_gt,small,comparable,222,1,0
item_e0b5b0ddadaa,car hood,Rusty,A full front facing view of Porsche car at a road,A full front facing view of Porsche car with Rusty car hood at a road,assets/source_7e515b8abb95.png,assets/item_e0b5b0ddadaa.jpg,2,1,2,2,,reviewer_1,219,gt-diagnostic-v2::endpoint_gt::synth_0054::seed_000,synth_0054,0,endpoint_gt,small,comparable,223,1,0
item_5eb2d61e4cf4,seat,rusted,A closeup folding chair at a classroom,A closeup folding chair with rusted seat at a classroom,assets/source_97eab3ccdecd.png,assets/item_5eb2d61e4cf4.jpg,2,2,2,2,,reviewer_1,220,gt-diagnostic-v2::rk2_gt::synth_0058::seed_000,synth_0058,0,rk2_gt,medium,comparable,224,1,1
item_5edd73bbe73e,car hood,black,A racing-car at a highway,A racing-car with black car hood at a highway,assets/source_af6b5e577958.png,assets/item_5edd73bbe73e.jpg,2,2,2,2,,reviewer_1,221,gt-diagnostic-v2::rk2_gt::synth_0050::seed_000,synth_0050,0,rk2_gt,small,comparable,225,1,1
item_6491d8dbb952,torso,spiderman,A robot at a museum,A robot with spiderman torso at a museum,assets/source_63f2eb2cd129.png,assets/item_6491d8dbb952.jpg,2,1,2,2,,reviewer_1,222,gt-diagnostic-v2::endpoint_gt::synth_0011::seed_000,synth_0011,0,endpoint_gt,small,comparable,226,1,0
item_11c2d959ab66,seat,fabric,A closeup leather chair at a apartment,A closeup leather chair with fabric seat at a apartment,assets/source_278976611c82.png,assets/item_11c2d959ab66.jpg,2,1,2,2,,reviewer_1,223,gt-diagnostic-v2::rk2_gt::synth_0056::seed_000,synth_0056,0,rk2_gt,medium,comparable,227,1,0
item_68df0d37be58,head,dog,A bear at a jungle,A bear with dog head at a jungle,assets/source_f71c7b525544.png,assets/item_68df0d37be58.jpg,0,1,1,2,,reviewer_1,224,gt-diagnostic-v2::rk2_gt::synth_0030::seed_000,synth_0030,0,rk2_gt,small,contraction,228,0,0
item_1d4055950c98,torso,armor,A boy at a restaurant,A boy with armor torso at a restaurant,assets/source_cea0cb0755a1.png,assets/item_1d4055950c98.jpg,2,2,2,2,,reviewer_1,225,gt-diagnostic-v2::rk2_n15_gt::synth_0018::seed_000,synth_0018,0,rk2_n15_gt,medium,comparable,229,1,1
item_bc82b97b369f,head,unicorn,A dog at a mountain,A dog with unicorn head at a mountain,assets/source_ee57f3a3ed86.png,assets/item_bc82b97b369f.jpg,0,2,1,2,,reviewer_1,226,gt-diagnostic-v2::rk2_n15_gt::synth_0034::seed_000,synth_0034,0,rk2_n15_gt,small,expansion,230,0,0
item_f585357671af,head,dragon,A cow at a restaurant,A cow with dragon head at a restaurant,assets/source_591f63abb2fa.png,assets/item_f585357671af.jpg,0,2,1,2,,reviewer_1,227,gt-diagnostic-v2::rk2_n15_gt::synth_0028::seed_000,synth_0028,0,rk2_n15_gt,small,comparable,231,0,0
item_33e7eb67b8e5,hair,Wavy,A Portrait of girl at a forest,A Portrait of girl with Wavy hair at a forest,assets/source_53e8e39bcf1e.png,assets/item_33e7eb67b8e5.jpg,2,2,2,2,,reviewer_1,228,gt-diagnostic-v2::rk2_n15_gt::synth_0019::seed_000,synth_0019,0,rk2_n15_gt,medium,comparable,232,1,1
item_5a9f6dde4fad,car body,rusted,A classic-car at a suburban road,A classic-car with rusted car body at a suburban road,assets/source_a90c17d919ed.png,assets/item_5a9f6dde4fad.jpg,2,1,2,2,,reviewer_1,229,gt-diagnostic-v2::endpoint_auto::synth_0048::seed_000,synth_0048,0,endpoint_auto,large,comparable,233,1,0
item_b1a49cf25e20,head,dragon,A cat at a desert,A cat with dragon head at a desert,assets/source_bb5f44e8a25b.png,assets/item_b1a49cf25e20.jpg,0,2,1,2,,reviewer_1,230,gt-diagnostic-v2::rk2_n15_gt::synth_0032::seed_000,synth_0032,0,rk2_n15_gt,small,expansion,234,0,0
item_fe4cacdc038b,head,unicorn,A dog at a mountain,A dog with unicorn head at a mountain,assets/source_ee57f3a3ed86.png,assets/item_fe4cacdc038b.jpg,0,2,1,2,,reviewer_1,231,gt-diagnostic-v2::rk2_n15_auto::synth_0034::seed_000,synth_0034,0,rk2_n15_auto,small,expansion,235,0,0
item_8e0afd699163,car body,rusted,A classic-car at a suburban road,A classic-car with rusted car body at a suburban road,assets/source_a90c17d919ed.png,assets/item_8e0afd699163.jpg,2,1,2,2,,reviewer_1,232,gt-diagnostic-v2::rk2_n15_gt::synth_0048::seed_000,synth_0048,0,rk2_n15_gt,large,comparable,236,1,0
item_10caadcb8746,head,cheetah,A cat at a museum,A cat with cheetah head at a museum,assets/source_f3d1d79f0351.png,assets/item_10caadcb8746.jpg,1,1,1,2,,reviewer_1,233,gt-diagnostic-v2::endpoint_auto::synth_0035::seed_000,synth_0035,0,endpoint_auto,small,expansion,237,1,0
item_da257ca13417,car hood,Graffiti,A full front facing view of Toyota car at a parking lot,A full front facing view of Toyota car with Graffiti car hood at a parking lot,assets/source_d13dfe80a435.png,assets/item_da257ca13417.jpg,2,1,2,2,,reviewer_1,234,gt-diagnostic-v2::endpoint_gt::synth_0055::seed_000,synth_0055,0,endpoint_gt,large,comparable,238,1,0
item_8b35fae2038f,torso,robotic-parts,A dinosaur at a museum,A dinosaur with robotic-parts torso at a museum,assets/source_1e3c08a912fe.png,assets/item_8b35fae2038f.jpg,1,0,2,2,,reviewer_1,235,gt-diagnostic-v2::rk2_auto::synth_0017::seed_000,synth_0017,0,rk2_auto,large,comparable,239,0,0
item_04dcf5491a08,hair,Botticelli-Curls,A Portrait of boy at a street,A Portrait of boy with Botticelli-Curls hair at a street,assets/source_1efd8f28c69b.png,assets/item_04dcf5491a08.jpg,2,2,2,2,,reviewer_1,236,gt-diagnostic-v2::endpoint_auto::synth_0025::seed_000,synth_0025,0,endpoint_auto,medium,comparable,240,1,1
item_846a50fc86f5,head,tiger,A bear at a pool,A bear with tiger head at a pool,assets/source_41c7b285ef4c.png,assets/item_846a50fc86f5.jpg,1,1,1,2,,reviewer_1,237,gt-diagnostic-v2::rk2_gt::synth_0040::seed_000,synth_0040,0,rk2_gt,small,comparable,241,1,0
item_0dda0106be65,head,unicorn,A cow at a house,A cow with unicorn head at a house,assets/source_70a3202c4158.png,assets/item_0dda0106be65.jpg,0,2,1,2,,reviewer_1,238,gt-diagnostic-v2::rk2_n15_gt::synth_0039::seed_000,synth_0039,0,rk2_n15_gt,small,expansion,242,0,0
item_9c46a070415d,head,bear,A alien at a museum,A alien with bear head at a museum,assets/source_30f9afb55b24.png,assets/item_9c46a070415d.jpg,0,1,1,2,,reviewer_1,239,gt-diagnostic-v2::endpoint_gt::synth_0009::seed_000,synth_0009,0,endpoint_gt,large,comparable,243,0,0
item_2c05cda62d95,hair,Curls,A Portrait of man at a house,A Portrait of man with Curls hair at a house,assets/source_1837be64cd68.png,assets/item_2c05cda62d95.jpg,2,1,2,2,,reviewer_1,240,gt-diagnostic-v2::rk2_gt::synth_0026::seed_000,synth_0026,0,rk2_gt,small,expansion,244,1,0
item_be76f773f37b,head,lion,A dog at a pool,A dog with lion head at a pool,assets/source_fc07bb02f53f.png,assets/item_be76f773f37b.jpg,1,1,1,2,,reviewer_1,241,gt-diagnostic-v2::rk2_auto::synth_0029::seed_000,synth_0029,0,rk2_auto,small,expansion,245,1,0
item_e8999f9c1c63,head,dragon,A horse at a jungle,A horse with dragon head at a jungle,assets/source_2b822a970173.png,assets/item_e8999f9c1c63.jpg,0,1,1,2,,reviewer_1,242,gt-diagnostic-v2::endpoint_auto::synth_0031::seed_000,synth_0031,0,endpoint_auto,medium,expansion,246,0,0
item_7bf90b723feb,head,cheetah,A panda at a school,A panda with cheetah head at a school,assets/source_3506d9604bf8.png,assets/item_7bf90b723feb.jpg,0,1,1,2,,reviewer_1,243,gt-diagnostic-v2::rk2_auto::synth_0042::seed_000,synth_0042,0,rk2_auto,medium,comparable,247,0,0
item_0fe5eb1be258,head,bear,A alien at a museum,A alien with bear head at a museum,assets/source_30f9afb55b24.png,assets/item_0fe5eb1be258.jpg,0,2,1,2,,reviewer_1,244,gt-diagnostic-v2::rk2_n15_auto::synth_0009::seed_000,synth_0009,0,rk2_n15_auto,large,comparable,248,0,0
item_acb18bc157da,torso,batman,A robot at a school,A robot with batman torso at a school,assets/source_8bcbeeb53dd4.png,assets/item_acb18bc157da.jpg,2,2,2,2,,reviewer_1,245,gt-diagnostic-v2::rk2_gt::synth_0010::seed_000,synth_0010,0,rk2_gt,medium,comparable,249,1,1
item_df28bcdd417e,car hood,black,A racing-car at a highway,A racing-car with black car hood at a highway,assets/source_af6b5e577958.png,assets/item_df28bcdd417e.jpg,2,1,2,2,,reviewer_1,246,gt-diagnostic-v2::rk2_auto::synth_0050::seed_000,synth_0050,0,rk2_auto,small,comparable,250,1,0
item_ada8788eb79e,hair,Curls,A Portrait of woman at a school,A Portrait of woman with Curls hair at a school,assets/source_8a5f145d5ed6.png,assets/item_ada8788eb79e.jpg,2,1,2,2,,reviewer_1,247,gt-diagnostic-v2::rk2_gt::synth_0027::seed_000,synth_0027,0,rk2_gt,large,comparable,251,1,0
item_7979ac179b9a,hair,Curls,A Portrait of woman at a school,A Portrait of woman with Curls hair at a school,assets/source_8a5f145d5ed6.png,assets/item_7979ac179b9a.jpg,2,2,2,2,,reviewer_1,248,gt-diagnostic-v2::endpoint_auto::synth_0027::seed_000,synth_0027,0,endpoint_auto,large,comparable,252,1,1
item_90dd1f860959,hair,Afro,A Portrait of boy at a beach,A Portrait of boy with Afro hair at a beach,assets/source_0038f682b22a.png,assets/item_90dd1f860959.jpg,2,2,2,2,,reviewer_1,249,gt-diagnostic-v2::rk2_n15_gt::synth_0021::seed_000,synth_0021,0,rk2_n15_gt,large,comparable,253,1,1
item_d764c20e0779,torso,uniform,A alien at a school,A alien with uniform torso at a school,assets/source_4ad3086c4953.png,assets/item_d764c20e0779.jpg,2,2,2,2,,reviewer_1,250,gt-diagnostic-v2::rk2_n15_gt::synth_0013::seed_000,synth_0013,0,rk2_n15_gt,small,comparable,254,1,1
item_d34814b9a56f,head,robot,A alien at a school,A alien with robot head at a school,assets/source_26285f2b90f2.png,assets/item_d34814b9a56f.jpg,1,1,1,2,,reviewer_1,251,gt-diagnostic-v2::endpoint_auto::synth_0007::seed_000,synth_0007,0,endpoint_auto,medium,comparable,255,1,0
item_4a1da8a0213b,hair,Curley,A Portrait of girl at a mountain,A Portrait of girl with Curley hair at a mountain,assets/source_c6abd9790d67.png,assets/item_4a1da8a0213b.jpg,2,2,2,2,,reviewer_1,252,gt-diagnostic-v2::rk2_auto::synth_0024::seed_000,synth_0024,0,rk2_auto,large,expansion,256,1,1
item_f476a662a498,head,dog,A bear at a jungle,A bear with dog head at a jungle,assets/source_f71c7b525544.png,assets/item_f476a662a498.jpg,2,2,1,2,,reviewer_1,253,gt-diagnostic-v2::rk2_auto::synth_0030::seed_000,synth_0030,0,rk2_auto,small,contraction,257,1,1
item_76afba08f67a,car hood,Graffiti,A full front facing view of Toyota car at a parking lot,A full front facing view of Toyota car with Graffiti car hood at a parking lot,assets/source_d13dfe80a435.png,assets/item_76afba08f67a.jpg,2,2,2,2,,reviewer_1,254,gt-diagnostic-v2::rk2_n15_auto::synth_0055::seed_000,synth_0055,0,rk2_n15_auto,large,comparable,258,1,1
item_64b3e58964a5,hair,Kinky,A Portrait of boy at a park,A Portrait of boy with Kinky hair at a park,assets/source_0d500a8d6ca9.png,assets/item_64b3e58964a5.jpg,2,2,2,2,,reviewer_1,255,gt-diagnostic-v2::rk2_n15_gt::synth_0022::seed_000,synth_0022,0,rk2_n15_gt,medium,comparable,259,1,1
item_660690d21be0,hair,Botticelli-Curls,A Portrait of boy at a street,A Portrait of boy with Botticelli-Curls hair at a street,assets/source_1efd8f28c69b.png,assets/item_660690d21be0.jpg,2,2,2,2,,reviewer_1,256,gt-diagnostic-v2::rk2_n15_auto::synth_0025::seed_000,synth_0025,0,rk2_n15_auto,medium,comparable,260,1,1
item_7924bdce3368,car body,neon-lit,A classic-car at a suburban road,A classic-car with neon-lit car body at a suburban road,assets/source_3ae69c2a9e97.png,assets/item_7924bdce3368.jpg,2,1,2,2,,reviewer_1,257,gt-diagnostic-v2::rk2_gt::synth_0049::seed_000,synth_0049,0,rk2_gt,large,comparable,261,1,0
item_421f8d4b71a7,car hood,Rusty,A full front facing view of Porsche car at a road,A full front facing view of Porsche car with Rusty car hood at a road,assets/source_7e515b8abb95.png,assets/item_421f8d4b71a7.jpg,2,1,2,2,,reviewer_1,258,gt-diagnostic-v2::rk2_gt::synth_0054::seed_000,synth_0054,0,rk2_gt,small,comparable,262,1,0
item_b915b8de32c2,head,lion,A bear at a zoo,A bear with lion head at a zoo,assets/source_1d46ca4f754d.png,assets/item_b915b8de32c2.jpg,0,2,1,2,,reviewer_1,259,gt-diagnostic-v2::rk2_auto::synth_0036::seed_000,synth_0036,0,rk2_auto,medium,comparable,263,0,0
item_3328c6d0f74e,head,unicorn,A dog at a mountain,A dog with unicorn head at a mountain,assets/source_ee57f3a3ed86.png,assets/item_3328c6d0f74e.jpg,0,2,1,2,,reviewer_1,260,gt-diagnostic-v2::endpoint_gt::synth_0034::seed_000,synth_0034,0,endpoint_gt,small,expansion,264,0,0
item_8abbf6ea1b24,head,dragon,A dog at a farm,A dog with dragon head at a farm,assets/source_2a043df583fd.png,assets/item_8abbf6ea1b24.jpg,0,2,2,2,,reviewer_1,261,gt-diagnostic-v2::rk2_n15_auto::synth_0037::seed_000,synth_0037,0,rk2_n15_auto,small,expansion,265,0,0
item_7408d4de3b1c,seat,wooden,A closeup leather chair at a classroom,A closeup leather chair with wooden seat at a classroom,assets/source_bda38536db22.png,assets/item_7408d4de3b1c.jpg,0,2,1,2,,reviewer_1,262,gt-diagnostic-v2::rk2_n15_gt::synth_0059::seed_000,synth_0059,0,rk2_n15_gt,medium,comparable,266,0,0
item_93ce532c4c08,torso,uniform,A alien at a school,A alien with uniform torso at a school,assets/source_4ad3086c4953.png,assets/item_93ce532c4c08.jpg,2,1,2,2,,reviewer_1,263,gt-diagnostic-v2::rk2_n15_auto::synth_0013::seed_000,synth_0013,0,rk2_n15_auto,small,comparable,267,1,0
item_b956a2673c73,head,robot,A man at a gym,A man with robot head at a gym,assets/source_9db278f7152f.png,assets/item_b956a2673c73.jpg,1,2,2,2,,reviewer_1,264,gt-diagnostic-v2::rk2_n15_auto::synth_0005::seed_000,synth_0005,0,rk2_n15_auto,medium,comparable,268,1,0
item_c062fd2faa48,torso,armor,A girl at a stadium,A girl with armor torso at a stadium,assets/source_05f0e921e87d.png,assets/item_c062fd2faa48.jpg,2,2,2,2,,reviewer_1,265,gt-diagnostic-v2::rk2_n15_auto::synth_0016::seed_000,synth_0016,0,rk2_n15_auto,large,comparable,269,1,1
item_1abd29064d9e,head,robot,A girl at a beach,A girl with robot head at a beach,assets/source_eddd21d6a1c2.png,assets/item_1abd29064d9e.jpg,0,1,1,2,,reviewer_1,266,gt-diagnostic-v2::rk2_n15_auto::synth_0006::seed_000,synth_0006,0,rk2_n15_auto,small,comparable,270,0,0
item_022131742a44,head,dragon,A cat at a desert,A cat with dragon head at a desert,assets/source_bb5f44e8a25b.png,assets/item_022131742a44.jpg,0,2,1,2,,reviewer_1,267,gt-diagnostic-v2::rk2_auto::synth_0032::seed_000,synth_0032,0,rk2_auto,small,expansion,271,0,0
item_38fa3a9109fd,car hood,Digital-Camouflage,A full front facing view of racing car at a parking lot,A full front facing view of racing car with Digital-Camouflage car hood at a parking lot,assets/source_073b896945b5.png,assets/item_38fa3a9109fd.jpg,2,2,2,2,,reviewer_1,268,gt-diagnostic-v2::rk2_n15_gt::synth_0052::seed_000,synth_0052,0,rk2_n15_gt,medium,comparable,272,1,1
item_9dfdfbfb119a,hair,Curls,A Portrait of woman at a school,A Portrait of woman with Curls hair at a school,assets/source_8a5f145d5ed6.png,assets/item_9dfdfbfb119a.jpg,2,2,2,2,,reviewer_1,269,gt-diagnostic-v2::endpoint_gt::synth_0027::seed_000,synth_0027,0,endpoint_gt,large,comparable,273,1,1
item_88178bf731db,car hood,Rusty,A full front facing view of Porsche car at a road,A full front facing view of Porsche car with Rusty car hood at a road,assets/source_7e515b8abb95.png,assets/item_88178bf731db.jpg,1,1,1,2,,reviewer_1,270,gt-diagnostic-v2::rk2_n15_auto::synth_0054::seed_000,synth_0054,0,rk2_n15_auto,small,comparable,274,1,0
item_5db5e017c2ff,torso,formal-suit,A robot at a restaurant,A robot with formal-suit torso at a restaurant,assets/source_2e6979609916.png,assets/item_5db5e017c2ff.jpg,1,0,1,2,,reviewer_1,271,gt-diagnostic-v2::endpoint_auto::synth_0015::seed_000,synth_0015,0,endpoint_auto,large,comparable,275,0,0
item_b97cc886fd2b,hair,Curley,A Portrait of girl at a mountain,A Portrait of girl with Curley hair at a mountain,assets/source_c6abd9790d67.png,assets/item_b97cc886fd2b.jpg,2,2,2,2,,reviewer_1,272,gt-diagnostic-v2::rk2_n15_auto::synth_0024::seed_000,synth_0024,0,rk2_n15_auto,large,expansion,276,1,1
item_d632897b5661,head,unicorn,A cow at a house,A cow with unicorn head at a house,assets/source_70a3202c4158.png,assets/item_d632897b5661.jpg,0,1,1,2,,reviewer_1,273,gt-diagnostic-v2::rk2_gt::synth_0039::seed_000,synth_0039,0,rk2_gt,small,expansion,277,0,0
item_19adf1923158,head,alien,A robot at a park,A robot with alien head at a park,assets/source_f388d78833d6.png,assets/item_19adf1923158.jpg,2,1,2,2,,reviewer_1,274,gt-diagnostic-v2::endpoint_auto::synth_0008::seed_000,synth_0008,0,endpoint_auto,small,comparable,278,1,0
item_459694a44967,seat,plastic,A closeup soft chair at a photo studio,A closeup soft chair with plastic seat at a photo studio,assets/source_b25f9980445d.png,assets/item_459694a44967.jpg,2,1,2,2,,reviewer_1,275,gt-diagnostic-v2::rk2_auto::synth_0057::seed_000,synth_0057,0,rk2_auto,large,comparable,279,1,0
item_fdeba37396bd,seat,plastic,A closeup soft chair at a photo studio,A closeup soft chair with plastic seat at a photo studio,assets/source_b25f9980445d.png,assets/item_fdeba37396bd.jpg,0,2,0,2,,reviewer_1,276,gt-diagnostic-v2::rk2_n15_gt::synth_0057::seed_000,synth_0057,0,rk2_n15_gt,large,comparable,280,0,0
item_3679431812b3,hair,Curls,A Portrait of woman at a school,A Portrait of woman with Curls hair at a school,assets/source_8a5f145d5ed6.png,assets/item_3679431812b3.jpg,2,2,2,2,,reviewer_1,277,gt-diagnostic-v2::rk2_n15_gt::synth_0027::seed_000,synth_0027,0,rk2_n15_gt,large,comparable,281,1,1
item_8bfca6801db1,torso,spiderman,A robot at a museum,A robot with spiderman torso at a museum,assets/source_63f2eb2cd129.png,assets/item_8bfca6801db1.jpg,2,1,2,2,,reviewer_1,278,gt-diagnostic-v2::rk2_auto::synth_0011::seed_000,synth_0011,0,rk2_auto,small,comparable,282,1,0
item_2ffea755df35,head,dragon,A cow at a restaurant,A cow with dragon head at a restaurant,assets/source_591f63abb2fa.png,assets/item_2ffea755df35.jpg,0,1,1,2,,reviewer_1,279,gt-diagnostic-v2::rk2_auto::synth_0028::seed_000,synth_0028,0,rk2_auto,small,comparable,283,0,0
item_14080d6067fc,hair,Afro,A Portrait of boy at a beach,A Portrait of boy with Afro hair at a beach,assets/source_0038f682b22a.png,assets/item_14080d6067fc.jpg,2,1,1,2,,reviewer_1,280,gt-diagnostic-v2::rk2_gt::synth_0021::seed_000,synth_0021,0,rk2_gt,large,comparable,284,1,0
item_93e10bd75c76,torso,robotic-parts,A dinosaur at a museum,A dinosaur with robotic-parts torso at a museum,assets/source_1e3c08a912fe.png,assets/item_93e10bd75c76.jpg,2,1,2,2,,reviewer_1,281,gt-diagnostic-v2::rk2_gt::synth_0017::seed_000,synth_0017,0,rk2_gt,large,comparable,285,1,0
item_c99f59d5dc28,head,dragon,A cat at a desert,A cat with dragon head at a desert,assets/source_bb5f44e8a25b.png,assets/item_c99f59d5dc28.jpg,0,2,1,2,,reviewer_1,282,gt-diagnostic-v2::endpoint_auto::synth_0032::seed_000,synth_0032,0,endpoint_auto,small,expansion,286,0,0
item_15dcd313d24c,car hood,vinyl-art,A classic-car at a garage,A classic-car with vinyl-art car hood at a garage,assets/source_f3b27b9b2ef0.png,assets/item_15dcd313d24c.jpg,2,2,2,2,,reviewer_1,283,gt-diagnostic-v2::rk2_gt::synth_0051::seed_000,synth_0051,0,rk2_gt,small,comparable,287,1,1
item_9528526d71f6,torso,spiderman,A robot at a museum,A robot with spiderman torso at a museum,assets/source_7e6e7b988446.png,assets/item_9528526d71f6.jpg,2,0,2,2,,reviewer_1,284,gt-diagnostic-v2::endpoint_auto::synth_0012::seed_000,synth_0012,0,endpoint_auto,large,comparable,288,0,0
item_ff0ea52217d3,car body,futuristic,A sedan at a parking lot,A sedan with futuristic car body at a parking lot,assets/source_ef3648f18171.png,assets/item_ff0ea52217d3.jpg,2,2,2,2,,reviewer_1,285,gt-diagnostic-v2::rk2_n15_gt::synth_0047::seed_000,synth_0047,0,rk2_n15_gt,large,comparable,289,1,1
item_1f2d3365ff38,hair,Botticelli-Curls,A Portrait of boy at a street,A Portrait of boy with Botticelli-Curls hair at a street,assets/source_1efd8f28c69b.png,assets/item_1f2d3365ff38.jpg,2,2,2,2,,reviewer_1,286,gt-diagnostic-v2::rk2_n15_gt::synth_0025::seed_000,synth_0025,0,rk2_n15_gt,medium,comparable,290,1,1
item_da32d1228e25,head,dog,A bear at a jungle,A bear with dog head at a jungle,assets/source_f71c7b525544.png,assets/item_da32d1228e25.jpg,0,2,1,2,,reviewer_1,287,gt-diagnostic-v2::endpoint_gt::synth_0030::seed_000,synth_0030,0,endpoint_gt,small,contraction,291,0,0
item_7c250cce6887,car body,futuristic,A sedan at a parking lot,A sedan with futuristic car body at a parking lot,assets/source_ef3648f18171.png,assets/item_7c250cce6887.jpg,2,1,2,2,,reviewer_1,288,gt-diagnostic-v2::rk2_n15_auto::synth_0047::seed_000,synth_0047,0,rk2_n15_auto,large,comparable,292,1,0
item_9f7206e700b3,car body,neon-lit,A classic-car at a suburban road,A classic-car with neon-lit car body at a suburban road,assets/source_3ae69c2a9e97.png,assets/item_9f7206e700b3.jpg,2,2,2,2,,reviewer_1,289,gt-diagnostic-v2::endpoint_gt::synth_0049::seed_000,synth_0049,0,endpoint_gt,large,comparable,293,1,1
item_993cd89e4d1b,hair,Kinky,A Portrait of boy at a park,A Portrait of boy with Kinky hair at a park,assets/source_0d500a8d6ca9.png,assets/item_993cd89e4d1b.jpg,2,2,2,2,,reviewer_1,290,gt-diagnostic-v2::rk2_n15_auto::synth_0022::seed_000,synth_0022,0,rk2_n15_auto,medium,comparable,294,1,1
item_c0d80455635d,head,cheetah,A panda at a school,A panda with cheetah head at a school,assets/source_3506d9604bf8.png,assets/item_c0d80455635d.jpg,0,2,1,2,,reviewer_1,291,gt-diagnostic-v2::rk2_gt::synth_0042::seed_000,synth_0042,0,rk2_gt,medium,comparable,295,0,0
item_0fd8858b21fc,hair,Curls,A Portrait of man at a house,A Portrait of man with Curls hair at a house,assets/source_1837be64cd68.png,assets/item_0fd8858b21fc.jpg,2,1,2,2,,reviewer_1,292,gt-diagnostic-v2::endpoint_auto::synth_0026::seed_000,synth_0026,0,endpoint_auto,small,expansion,296,1,0
item_1c5535f58cfc,hair,Afro,A Portrait of boy at a beach,A Portrait of boy with Afro hair at a beach,assets/source_0038f682b22a.png,assets/item_1c5535f58cfc.jpg,2,2,2,2,,reviewer_1,293,gt-diagnostic-v2::rk2_n15_auto::synth_0021::seed_000,synth_0021,0,rk2_n15_auto,large,comparable,297,1,1
item_c3af7b205b58,hair,Curley,A Portrait of girl at a mountain,A Portrait of girl with Curley hair at a mountain,assets/source_c6abd9790d67.png,assets/item_c3af7b205b58.jpg,2,2,2,2,,reviewer_1,294,gt-diagnostic-v2::endpoint_auto::synth_0024::seed_000,synth_0024,0,endpoint_auto,large,expansion,298,1,1
item_c6ce83fe50b1,head,dragon,A horse at a jungle,A horse with dragon head at a jungle,assets/source_2b822a970173.png,assets/item_c6ce83fe50b1.jpg,0,1,1,2,,reviewer_1,295,gt-diagnostic-v2::endpoint_gt::synth_0031::seed_000,synth_0031,0,endpoint_gt,medium,expansion,299,0,0
item_197388cb2950,seat,fabric,A closeup leather chair at a apartment,A closeup leather chair with fabric seat at a apartment,assets/source_278976611c82.png,assets/item_197388cb2950.jpg,2,1,2,2,,reviewer_1,296,gt-diagnostic-v2::endpoint_gt::synth_0056::seed_000,synth_0056,0,endpoint_gt,medium,comparable,300,1,0
item_56d5adb187bf,car hood,black,A racing-car at a highway,A racing-car with black car hood at a highway,assets/source_af6b5e577958.png,assets/item_56d5adb187bf.jpg,2,1,2,2,,reviewer_1,297,gt-diagnostic-v2::endpoint_gt::synth_0050::seed_000,synth_0050,0,endpoint_gt,small,comparable,301,1,0
item_20bf80dee2f8,head,dragon,A cow at a restaurant,A cow with dragon head at a restaurant,assets/source_591f63abb2fa.png,assets/item_20bf80dee2f8.jpg,0,2,2,2,,reviewer_1,298,gt-diagnostic-v2::rk2_n15_auto::synth_0028::seed_000,synth_0028,0,rk2_n15_auto,small,comparable,302,0,0
item_ebe1d5d43c9d,head,lion,A bear at a zoo,A bear with lion head at a zoo,assets/source_1d46ca4f754d.png,assets/item_ebe1d5d43c9d.jpg,0,2,1,2,,reviewer_1,299,gt-diagnostic-v2::rk2_n15_auto::synth_0036::seed_000,synth_0036,0,rk2_n15_auto,medium,comparable,303,0,0
item_12c8b8d01a45,hair,Curls,A Portrait of boy at a park,A Portrait of boy with Curls hair at a park,assets/source_b4d7f2d52a43.png,assets/item_12c8b8d01a45.jpg,2,2,2,2,,reviewer_1,300,gt-diagnostic-v2::rk2_gt::synth_0020::seed_000,synth_0020,0,rk2_gt,large,comparable,304,1,1
item_f9f9ee09cbab,hair,Curley,A Portrait of girl at a mountain,A Portrait of girl with Curley hair at a mountain,assets/source_c6abd9790d67.png,assets/item_f9f9ee09cbab.jpg,2,2,2,2,,reviewer_1,301,gt-diagnostic-v2::rk2_n15_gt::synth_0024::seed_000,synth_0024,0,rk2_n15_gt,large,expansion,305,1,1
item_3d61f5b14d37,head,tiger,A bear at a pool,A bear with tiger head at a pool,assets/source_41c7b285ef4c.png,assets/item_3d61f5b14d37.jpg,1,1,1,2,,reviewer_1,302,gt-diagnostic-v2::rk2_auto::synth_0040::seed_000,synth_0040,0,rk2_auto,small,comparable,306,1,0
item_1954c1773bf3,hair,blond,A Portrait of man at a beach,A Portrait of man with blond hair at a beach,assets/source_6ce9a1e568d3.png,assets/item_1954c1773bf3.jpg,2,2,2,2,,reviewer_1,303,gt-diagnostic-v2::rk2_n15_gt::synth_0023::seed_000,synth_0023,0,rk2_n15_gt,small,comparable,307,1,1
item_4251a6db61b3,car body,neon-lit,A classic-car at a suburban road,A classic-car with neon-lit car body at a suburban road,assets/source_3ae69c2a9e97.png,assets/item_4251a6db61b3.jpg,2,1,2,2,,reviewer_1,304,gt-diagnostic-v2::rk2_auto::synth_0049::seed_000,synth_0049,0,rk2_auto,large,comparable,308,1,0
item_86121d7c9bf2,head,robot,A alien at a city,A alien with robot head at a city,assets/source_6094cd95fb45.png,assets/item_86121d7c9bf2.jpg,2,0,2,2,,reviewer_1,305,gt-diagnostic-v2::rk2_n15_auto::synth_0000::seed_000,synth_0000,0,rk2_n15_auto,small,comparable,309,0,0
item_088f6b46a4be,seat,wooden,A closeup leather chair at a classroom,A closeup leather chair with wooden seat at a classroom,assets/source_bda38536db22.png,assets/item_088f6b46a4be.jpg,0,2,1,2,,reviewer_1,306,gt-diagnostic-v2::rk2_auto::synth_0059::seed_000,synth_0059,0,rk2_auto,medium,comparable,310,0,0
item_25732f8b8c9a,torso,spiderman,A robot at a museum,A robot with spiderman torso at a museum,assets/source_7e6e7b988446.png,assets/item_25732f8b8c9a.jpg,2,1,2,2,,reviewer_1,307,gt-diagnostic-v2::rk2_gt::synth_0012::seed_000,synth_0012,0,rk2_gt,large,comparable,311,1,0
item_25707b098c55,hair,Wavy,A Portrait of girl at a forest,A Portrait of girl with Wavy hair at a forest,assets/source_53e8e39bcf1e.png,assets/item_25707b098c55.jpg,2,1,2,2,,reviewer_1,308,gt-diagnostic-v2::endpoint_auto::synth_0019::seed_000,synth_0019,0,endpoint_auto,medium,comparable,312,1,0
item_8eebf99803e3,head,bear,A robot at a school,A robot with bear head at a school,assets/source_5bd8b0acdbd5.png,assets/item_8eebf99803e3.jpg,2,1,2,1,,reviewer_1,309,gt-diagnostic-v2::rk2_auto::synth_0001::seed_000,synth_0001,0,rk2_auto,medium,comparable,313,1,0
item_77070741b09d,seat,wooden,A closeup leather chair at a classroom,A closeup leather chair with wooden seat at a classroom,assets/source_bda38536db22.png,assets/item_77070741b09d.jpg,0,2,1,2,,reviewer_1,310,gt-diagnostic-v2::rk2_n15_auto::synth_0059::seed_000,synth_0059,0,rk2_n15_auto,medium,comparable,314,0,0
item_f9403a461177,head,dragon,A bear at a jungle,A bear with dragon head at a jungle,assets/source_a29b0df6a570.png,assets/item_f9403a461177.jpg,0,2,1,2,,reviewer_1,311,gt-diagnostic-v2::rk2_n15_gt::synth_0043::seed_000,synth_0043,0,rk2_n15_gt,small,expansion,315,0,0
item_ddc4ad03141f,hair,Kinky,A Portrait of boy at a park,A Portrait of boy with Kinky hair at a park,assets/source_0d500a8d6ca9.png,assets/item_ddc4ad03141f.jpg,2,2,2,2,,reviewer_1,312,gt-diagnostic-v2::rk2_gt::synth_0022::seed_000,synth_0022,0,rk2_gt,medium,comparable,316,1,1
item_135751b58ec7,head,bear,A robot at a school,A robot with bear head at a school,assets/source_5bd8b0acdbd5.png,assets/item_135751b58ec7.jpg,2,2,2,2,,reviewer_1,313,gt-diagnostic-v2::rk2_n15_gt::synth_0001::seed_000,synth_0001,0,rk2_n15_gt,medium,comparable,317,1,1
item_f23f3638546a,hair,Curls,A Portrait of boy at a park,A Portrait of boy with Curls hair at a park,assets/source_b4d7f2d52a43.png,assets/item_f23f3638546a.jpg,2,2,2,2,,reviewer_1,314,gt-diagnostic-v2::rk2_n15_gt::synth_0020::seed_000,synth_0020,0,rk2_n15_gt,large,comparable,318,1,1
item_e05eaeac550e,head,tiger,A bear at a pool,A bear with tiger head at a pool,assets/source_41c7b285ef4c.png,assets/item_e05eaeac550e.jpg,1,1,1,2,,reviewer_1,315,gt-diagnostic-v2::endpoint_auto::synth_0040::seed_000,synth_0040,0,endpoint_auto,small,comparable,319,1,0
item_a735632826df,head,panda,A dog at a store,A dog with panda head at a store,assets/source_de70faeee4dc.png,assets/item_a735632826df.jpg,2,2,2,2,,reviewer_1,316,gt-diagnostic-v2::endpoint_auto::synth_0045::seed_000,synth_0045,0,endpoint_auto,medium,expansion,320,1,1
item_01b2765d147b,head,lion,A dog at a pool,A dog with lion head at a pool,assets/source_fc07bb02f53f.png,assets/item_01b2765d147b.jpg,0,2,1,2,,reviewer_1,317,gt-diagnostic-v2::rk2_gt::synth_0029::seed_000,synth_0029,0,rk2_gt,small,expansion,321,0,0
item_1896ecb6dae4,hair,Curley,A Portrait of girl at a mountain,A Portrait of girl with Curley hair at a mountain,assets/source_c6abd9790d67.png,assets/item_1896ecb6dae4.jpg,2,2,2,2,,reviewer_1,318,gt-diagnostic-v2::rk2_gt::synth_0024::seed_000,synth_0024,0,rk2_gt,large,expansion,322,1,1
item_dd083ee178aa,torso,robotic-parts,A dinosaur at a museum,A dinosaur with robotic-parts torso at a museum,assets/source_1e3c08a912fe.png,assets/item_dd083ee178aa.jpg,1,1,1,2,,reviewer_1,319,gt-diagnostic-v2::endpoint_auto::synth_0017::seed_000,synth_0017,0,endpoint_auto,large,comparable,323,1,0
item_fb056d3e7aec,seat,plastic,A closeup soft chair at a photo studio,A closeup soft chair with plastic seat at a photo studio,assets/source_b25f9980445d.png,assets/item_fb056d3e7aec.jpg,1,1,1,2,,reviewer_1,320,gt-diagnostic-v2::endpoint_gt::synth_0057::seed_000,synth_0057,0,endpoint_gt,large,comparable,324,1,0
item_5fd6a3d7f625,head,dragon,A bear at a jungle,A bear with dragon head at a jungle,assets/source_a29b0df6a570.png,assets/item_5fd6a3d7f625.jpg,0,1,1,2,,reviewer_1,321,gt-diagnostic-v2::rk2_gt::synth_0043::seed_000,synth_0043,0,rk2_gt,small,expansion,325,0,0
item_cccf231e0e60,hair,Curls,A Portrait of boy at a park,A Portrait of boy with Curls hair at a park,assets/source_b4d7f2d52a43.png,assets/item_cccf231e0e60.jpg,2,2,2,2,,reviewer_1,322,gt-diagnostic-v2::endpoint_gt::synth_0020::seed_000,synth_0020,0,endpoint_gt,large,comparable,326,1,1
item_fbd9b98ee45e,torso,robotic-parts,A dinosaur at a museum,A dinosaur with robotic-parts torso at a museum,assets/source_1e3c08a912fe.png,assets/item_fbd9b98ee45e.jpg,2,2,2,2,,reviewer_1,323,gt-diagnostic-v2::rk2_n15_gt::synth_0017::seed_000,synth_0017,0,rk2_n15_gt,large,comparable,327,1,1
item_938ba2cc1400,head,unicorn,A cow at a house,A cow with unicorn head at a house,assets/source_70a3202c4158.png,assets/item_938ba2cc1400.jpg,2,1,2,2,,reviewer_1,324,gt-diagnostic-v2::rk2_auto::synth_0039::seed_000,synth_0039,0,rk2_auto,small,expansion,328,1,0
item_f54781fb645b,head,bear,A robot at a park,A robot with bear head at a park,assets/source_64fe128aaf52.png,assets/item_f54781fb645b.jpg,1,2,2,2,,reviewer_1,325,gt-diagnostic-v2::endpoint_gt::synth_0002::seed_000,synth_0002,0,endpoint_gt,large,comparable,329,1,0
item_1e2b11204898,car body,neon-lit,A classic-car at a suburban road,A classic-car with neon-lit car body at a suburban road,assets/source_3ae69c2a9e97.png,assets/item_1e2b11204898.jpg,2,1,2,2,,reviewer_1,326,gt-diagnostic-v2::endpoint_auto::synth_0049::seed_000,synth_0049,0,endpoint_auto,large,comparable,330,1,0
item_bfc46cd83423,car hood,Rusty,A full front facing view of Porsche car at a road,A full front facing view of Porsche car with Rusty car hood at a road,assets/source_7e515b8abb95.png,assets/item_bfc46cd83423.jpg,1,1,1,2,,reviewer_1,327,gt-diagnostic-v2::endpoint_auto::synth_0054::seed_000,synth_0054,0,endpoint_auto,small,comparable,331,1,0
item_019361c9c50b,torso,formal-suit,A robot at a restaurant,A robot with formal-suit torso at a restaurant,assets/source_2e6979609916.png,assets/item_019361c9c50b.jpg,2,2,2,2,,reviewer_1,328,gt-diagnostic-v2::rk2_gt::synth_0015::seed_000,synth_0015,0,rk2_gt,large,comparable,332,1,1
item_c45d198a4e20,car hood,Digital-Camouflage,A full front facing view of racing car at a parking lot,A full front facing view of racing car with Digital-Camouflage car hood at a parking lot,assets/source_073b896945b5.png,assets/item_c45d198a4e20.jpg,2,2,2,2,,reviewer_1,329,gt-diagnostic-v2::rk2_auto::synth_0052::seed_000,synth_0052,0,rk2_auto,medium,comparable,333,1,1
item_20a64dc99d26,head,unicorn,A dog at a mountain,A dog with unicorn head at a mountain,assets/source_ee57f3a3ed86.png,assets/item_20a64dc99d26.jpg,0,2,1,2,,reviewer_1,330,gt-diagnostic-v2::rk2_gt::synth_0034::seed_000,synth_0034,0,rk2_gt,small,expansion,334,0,0
item_0a734771bf70,head,dragon,A bear at a jungle,A bear with dragon head at a jungle,assets/source_a29b0df6a570.png,assets/item_0a734771bf70.jpg,0,1,1,2,,reviewer_1,331,gt-diagnostic-v2::rk2_auto::synth_0043::seed_000,synth_0043,0,rk2_auto,small,expansion,335,0,0
item_85546e9fb003,seat,plastic,A closeup soft chair at a photo studio,A closeup soft chair with plastic seat at a photo studio,assets/source_b25f9980445d.png,assets/item_85546e9fb003.jpg,1,1,1,2,,reviewer_1,332,gt-diagnostic-v2::rk2_gt::synth_0057::seed_000,synth_0057,0,rk2_gt,large,comparable,336,1,0
item_ff57b30987aa,head,lion,A bear at a zoo,A bear with lion head at a zoo,assets/source_1d46ca4f754d.png,assets/item_ff57b30987aa.jpg,0,2,1,2,,reviewer_1,333,gt-diagnostic-v2::rk2_n15_gt::synth_0036::seed_000,synth_0036,0,rk2_n15_gt,medium,comparable,337,0,0
item_d6843770b5d2,head,cheetah,A cat at a museum,A cat with cheetah head at a museum,assets/source_f3d1d79f0351.png,assets/item_d6843770b5d2.jpg,1,2,1,2,,reviewer_1,334,gt-diagnostic-v2::rk2_n15_auto::synth_0035::seed_000,synth_0035,0,rk2_n15_auto,small,expansion,340,1,0
item_f8083cc240b2,car body,futuristic,A sedan at a parking lot,A sedan with futuristic car body at a parking lot,assets/source_ef3648f18171.png,assets/item_f8083cc240b2.jpg,2,2,2,2,,reviewer_1,335,gt-diagnostic-v2::endpoint_gt::synth_0047::seed_000,synth_0047,0,endpoint_gt,large,comparable,341,1,1
item_d920a5dd04a9,head,robot,A alien at a museum,A alien with robot head at a museum,assets/source_0776f3ccf0e9.png,assets/item_d920a5dd04a9.jpg,2,2,2,2,,reviewer_1,336,gt-diagnostic-v2::rk2_gt::synth_0003::seed_000,synth_0003,0,rk2_gt,large,comparable,342,1,1
item_504969d6c714,hair,Kinky,A Portrait of boy at a park,A Portrait of boy with Kinky hair at a park,assets/source_0d500a8d6ca9.png,assets/item_504969d6c714.jpg,2,2,2,2,,reviewer_1,337,gt-diagnostic-v2::endpoint_gt::synth_0022::seed_000,synth_0022,0,endpoint_gt,medium,comparable,343,1,1
item_35b4eac688a1,torso,armor,A girl at a stadium,A girl with armor torso at a stadium,assets/source_05f0e921e87d.png,assets/item_35b4eac688a1.jpg,2,2,2,2,,reviewer_1,338,gt-diagnostic-v2::rk2_n15_gt::synth_0016::seed_000,synth_0016,0,rk2_n15_gt,large,comparable,344,1,1
item_ef510d924619,head,alien,A robot at a park,A robot with alien head at a park,assets/source_f388d78833d6.png,assets/item_ef510d924619.jpg,2,2,2,2,,reviewer_1,339,gt-diagnostic-v2::rk2_n15_auto::synth_0008::seed_000,synth_0008,0,rk2_n15_auto,small,comparable,345,1,1
item_3f0ff4b0bfe8,head,panda,A cat at a mountain,A cat with panda head at a mountain,assets/source_dd35579b4d43.png,assets/item_3f0ff4b0bfe8.jpg,1,2,1,2,,reviewer_1,340,gt-diagnostic-v2::rk2_n15_gt::synth_0041::seed_000,synth_0041,0,rk2_n15_gt,medium,expansion,346,1,0
item_dee9826a1eac,head,panda,A dog at a store,A dog with panda head at a store,assets/source_de70faeee4dc.png,assets/item_dee9826a1eac.jpg,1,2,1,2,,reviewer_1,341,gt-diagnostic-v2::rk2_n15_gt::synth_0045::seed_000,synth_0045,0,rk2_n15_gt,medium,expansion,347,1,0
item_1f8fcabdcfd5,seat,plastic,A closeup soft chair at a photo studio,A closeup soft chair with plastic seat at a photo studio,assets/source_b25f9980445d.png,assets/item_1f8fcabdcfd5.jpg,2,1,1,2,,reviewer_1,342,gt-diagnostic-v2::rk2_n15_auto::synth_0057::seed_000,synth_0057,0,rk2_n15_auto,large,comparable,348,1,0
item_bf3fbb7bed32,car body,armored,A luxury-car at a mountain road,A luxury-car with armored car body at a mountain road,assets/source_4a1c085cfce4.png,assets/item_bf3fbb7bed32.jpg,0,1,1,2,,reviewer_1,343,gt-diagnostic-v2::endpoint_auto::synth_0046::seed_000,synth_0046,0,endpoint_auto,large,comparable,349,0,0
item_32a7b78df769,torso,armor,A boy at a restaurant,A boy with armor torso at a restaurant,assets/source_cea0cb0755a1.png,assets/item_32a7b78df769.jpg,2,1,2,2,,reviewer_1,344,gt-diagnostic-v2::endpoint_auto::synth_0018::seed_000,synth_0018,0,endpoint_auto,medium,comparable,350,1,0
item_c7246812ca72,hair,Wavy,A Portrait of girl at a forest,A Portrait of girl with Wavy hair at a forest,assets/source_53e8e39bcf1e.png,assets/item_c7246812ca72.jpg,2,2,2,2,,reviewer_1,345,gt-diagnostic-v2::rk2_n15_auto::synth_0019::seed_000,synth_0019,0,rk2_n15_auto,medium,comparable,351,1,1
item_b99fd48511c5,head,alien,A robot at a park,A robot with alien head at a park,assets/source_f388d78833d6.png,assets/item_b99fd48511c5.jpg,2,2,2,2,,reviewer_1,346,gt-diagnostic-v2::rk2_n15_gt::synth_0008::seed_000,synth_0008,0,rk2_n15_gt,small,comparable,352,1,1
item_7d8775665aa6,torso,spiderman,A robot at a museum,A robot with spiderman torso at a museum,assets/source_63f2eb2cd129.png,assets/item_7d8775665aa6.jpg,2,1,2,2,,reviewer_1,347,gt-diagnostic-v2::rk2_gt::synth_0011::seed_000,synth_0011,0,rk2_gt,small,comparable,353,1,0
item_696435f74193,head,panda,A cat at a mountain,A cat with panda head at a mountain,assets/source_dd35579b4d43.png,assets/item_696435f74193.jpg,1,2,1,2,,reviewer_1,348,gt-diagnostic-v2::rk2_auto::synth_0041::seed_000,synth_0041,0,rk2_auto,medium,expansion,354,1,0
item_fefcd9db1ad2,head,dragon,A horse at a zoo,A horse with dragon head at a zoo,assets/source_dbfa710ac399.png,assets/item_fefcd9db1ad2.jpg,0,2,1,2,,reviewer_1,349,gt-diagnostic-v2::endpoint_gt::synth_0038::seed_000,synth_0038,0,endpoint_gt,large,expansion,355,0,0
item_c5d343bc3ae0,head,lion,A bear at a zoo,A bear with lion head at a zoo,assets/source_b8ba5e41ea31.png,assets/item_c5d343bc3ae0.jpg,1,2,1,2,,reviewer_1,350,gt-diagnostic-v2::endpoint_gt::synth_0044::seed_000,synth_0044,0,endpoint_gt,large,comparable,356,1,0
item_4e8d188d13fe,car hood,Destroyed,A full front facing view of BMW car at a parking lot,A full front facing view of BMW car with Destroyed car hood at a parking lot,assets/source_146c36946692.png,assets/item_4e8d188d13fe.jpg,2,2,2,2,,reviewer_1,351,gt-diagnostic-v2::rk2_n15_gt::synth_0053::seed_000,synth_0053,0,rk2_n15_gt,large,comparable,357,1,1
item_65fdfe14c9e2,head,unicorn,A cow at a house,A cow with unicorn head at a house,assets/source_70a3202c4158.png,assets/item_65fdfe14c9e2.jpg,0,1,1,2,,reviewer_1,352,gt-diagnostic-v2::endpoint_gt::synth_0039::seed_000,synth_0039,0,endpoint_gt,small,expansion,358,0,0
item_d8dfe4556085,head,unicorn,A cow at a house,A cow with unicorn head at a house,assets/source_70a3202c4158.png,assets/item_d8dfe4556085.jpg,2,1,2,2,,reviewer_1,353,gt-diagnostic-v2::rk2_n15_auto::synth_0039::seed_000,synth_0039,0,rk2_n15_auto,small,expansion,359,1,0
item_5eb8dac6ed83,hair,Curls,A Portrait of boy at a park,A Portrait of boy with Curls hair at a park,assets/source_b4d7f2d52a43.png,assets/item_5eb8dac6ed83.jpg,2,2,2,2,,reviewer_1,354,gt-diagnostic-v2::rk2_auto::synth_0020::seed_000,synth_0020,0,rk2_auto,large,comparable,360,1,1
item_1a6285d10c64,hair,Curls,A Portrait of man at a house,A Portrait of man with Curls hair at a house,assets/source_1837be64cd68.png,assets/item_1a6285d10c64.jpg,2,1,2,2,,reviewer_2,1,gt-diagnostic-v2::rk2_auto::synth_0026::seed_000,synth_0026,0,rk2_auto,small,expansion,1,1,0
item_d9eb7243b054,head,robot,A alien at a museum,A alien with robot head at a museum,assets/source_0776f3ccf0e9.png,assets/item_d9eb7243b054.jpg,2,2,2,2,,reviewer_2,2,gt-diagnostic-v2::rk2_n15_gt::synth_0003::seed_000,synth_0003,0,rk2_n15_gt,large,comparable,2,1,1
item_1b722fd817f0,car body,armored,A luxury-car at a mountain road,A luxury-car with armored car body at a mountain road,assets/source_4a1c085cfce4.png,assets/item_1b722fd817f0.jpg,0,2,1,2,,reviewer_2,3,gt-diagnostic-v2::endpoint_gt::synth_0046::seed_000,synth_0046,0,endpoint_gt,large,comparable,3,0,0
item_204089a44545,head,dragon,A horse at a zoo,A horse with dragon head at a zoo,assets/source_dbfa710ac399.png,assets/item_204089a44545.jpg,0,2,1,2,,reviewer_2,4,gt-diagnostic-v2::rk2_n15_auto::synth_0038::seed_000,synth_0038,0,rk2_n15_auto,large,expansion,4,0,0
item_5ef6191c3aa4,torso,robotic-parts,A dinosaur at a museum,A dinosaur with robotic-parts torso at a museum,assets/source_1e3c08a912fe.png,assets/item_5ef6191c3aa4.jpg,2,1,2,2,,reviewer_2,5,gt-diagnostic-v2::endpoint_auto::synth_0017::seed_000,synth_0017,0,endpoint_auto,large,comparable,5,1,0
item_0179bc6f5434,torso,armor,A girl at a stadium,A girl with armor torso at a stadium,assets/source_05f0e921e87d.png,assets/item_0179bc6f5434.jpg,2,2,2,2,,reviewer_2,6,gt-diagnostic-v2::endpoint_gt::synth_0016::seed_000,synth_0016,0,endpoint_gt,large,comparable,6,1,1
item_724723a2d041,car hood,Graffiti,A full front facing view of Toyota car at a parking lot,A full front facing view of Toyota car with Graffiti car hood at a parking lot,assets/source_d13dfe80a435.png,assets/item_724723a2d041.jpg,2,1,2,2,,reviewer_2,7,gt-diagnostic-v2::rk2_auto::synth_0055::seed_000,synth_0055,0,rk2_auto,large,comparable,7,1,0
item_29e96fac6cbf,car body,futuristic,A sedan at a parking lot,A sedan with futuristic car body at a parking lot,assets/source_ef3648f18171.png,assets/item_29e96fac6cbf.jpg,2,1,2,2,,reviewer_2,8,gt-diagnostic-v2::rk2_n15_auto::synth_0047::seed_000,synth_0047,0,rk2_n15_auto,large,comparable,8,1,0
item_0cb54e42d8d1,head,dragon,A horse at a jungle,A horse with dragon head at a jungle,assets/source_2b822a970173.png,assets/item_0cb54e42d8d1.jpg,0,1,1,2,,reviewer_2,9,gt-diagnostic-v2::rk2_gt::synth_0031::seed_000,synth_0031,0,rk2_gt,medium,expansion,9,0,0
item_7926fe9e5778,seat,rusted,A closeup folding chair at a classroom,A closeup folding chair with rusted seat at a classroom,assets/source_97eab3ccdecd.png,assets/item_7926fe9e5778.jpg,0,2,2,2,,reviewer_2,10,gt-diagnostic-v2::rk2_n15_gt::synth_0058::seed_000,synth_0058,0,rk2_n15_gt,medium,comparable,11,0,0
item_2a82eb07e089,head,dragon,A horse at a zoo,A horse with dragon head at a zoo,assets/source_dbfa710ac399.png,assets/item_2a82eb07e089.jpg,0,1,1,2,,reviewer_2,11,gt-diagnostic-v2::endpoint_auto::synth_0038::seed_000,synth_0038,0,endpoint_auto,large,expansion,12,0,0
item_c1baa48e9e1a,hair,Curls,A Portrait of man at a house,A Portrait of man with Curls hair at a house,assets/source_1837be64cd68.png,assets/item_c1baa48e9e1a.jpg,2,1,2,2,,reviewer_2,12,gt-diagnostic-v2::rk2_gt::synth_0026::seed_000,synth_0026,0,rk2_gt,small,expansion,13,1,0
item_f2d8119a0304,torso,formal-suit,A robot at a restaurant,A robot with formal-suit torso at a restaurant,assets/source_2e6979609916.png,assets/item_f2d8119a0304.jpg,2,1,2,2,,reviewer_2,13,gt-diagnostic-v2::endpoint_gt::synth_0015::seed_000,synth_0015,0,endpoint_gt,large,comparable,14,1,0
item_05360292fa8f,head,dragon,A dog at a farm,A dog with dragon head at a farm,assets/source_2a043df583fd.png,assets/item_05360292fa8f.jpg,0,2,1,2,,reviewer_2,14,gt-diagnostic-v2::rk2_n15_gt::synth_0037::seed_000,synth_0037,0,rk2_n15_gt,small,expansion,15,0,0
item_47e7d916d4ac,head,robot,A alien at a museum,A alien with robot head at a museum,assets/source_0776f3ccf0e9.png,assets/item_47e7d916d4ac.jpg,2,1,1,2,,reviewer_2,15,gt-diagnostic-v2::rk2_n15_auto::synth_0003::seed_000,synth_0003,0,rk2_n15_auto,large,comparable,16,1,0
item_7c581b5a55a6,head,lion,A dog at a pool,A dog with lion head at a pool,assets/source_fc07bb02f53f.png,assets/item_7c581b5a55a6.jpg,0,2,1,2,,reviewer_2,16,gt-diagnostic-v2::endpoint_gt::synth_0029::seed_000,synth_0029,0,endpoint_gt,small,expansion,17,0,0
item_22c1f53fab45,head,cat,A dog at a restaurant,A dog with cat head at a restaurant,assets/source_ca463355e687.png,assets/item_22c1f53fab45.jpg,0,1,1,2,,reviewer_2,17,gt-diagnostic-v2::endpoint_auto::synth_0033::seed_000,synth_0033,0,endpoint_auto,medium,comparable,18,0,0
item_92537f0f3cf9,torso,batman,A robot at a school,A robot with batman torso at a school,assets/source_8bcbeeb53dd4.png,assets/item_92537f0f3cf9.jpg,2,2,2,2,,reviewer_2,18,gt-diagnostic-v2::rk2_n15_gt::synth_0010::seed_000,synth_0010,0,rk2_n15_gt,medium,comparable,19,1,1
item_b1c1b55bc7db,car hood,Graffiti,A full front facing view of Toyota car at a parking lot,A full front facing view of Toyota car with Graffiti car hood at a parking lot,assets/source_d13dfe80a435.png,assets/item_b1c1b55bc7db.jpg,2,2,2,2,,reviewer_2,19,gt-diagnostic-v2::rk2_n15_gt::synth_0055::seed_000,synth_0055,0,rk2_n15_gt,large,comparable,20,1,1
item_6b27da9a7c55,car hood,Destroyed,A full front facing view of BMW car at a parking lot,A full front facing view of BMW car with Destroyed car hood at a parking lot,assets/source_146c36946692.png,assets/item_6b27da9a7c55.jpg,2,1,2,2,,reviewer_2,20,gt-diagnostic-v2::endpoint_auto::synth_0053::seed_000,synth_0053,0,endpoint_auto,large,comparable,21,1,0
item_19edf3b5faa9,hair,Curls,A Portrait of boy at a park,A Portrait of boy with Curls hair at a park,assets/source_b4d7f2d52a43.png,assets/item_19edf3b5faa9.jpg,2,2,2,2,,reviewer_2,21,gt-diagnostic-v2::rk2_n15_gt::synth_0020::seed_000,synth_0020,0,rk2_n15_gt,large,comparable,22,1,1
item_5a60fd12ee30,torso,robotic-parts,A dinosaur at a museum,A dinosaur with robotic-parts torso at a museum,assets/source_1e3c08a912fe.png,assets/item_5a60fd12ee30.jpg,2,1,2,2,,reviewer_2,22,gt-diagnostic-v2::rk2_auto::synth_0017::seed_000,synth_0017,0,rk2_auto,large,comparable,23,1,0
item_d5a49c09985c,hair,Curls,A Portrait of woman at a school,A Portrait of woman with Curls hair at a school,assets/source_8a5f145d5ed6.png,assets/item_d5a49c09985c.jpg,2,1,2,2,,reviewer_2,23,gt-diagnostic-v2::rk2_auto::synth_0027::seed_000,synth_0027,0,rk2_auto,large,comparable,24,1,0
item_b0c2b5099b02,head,lion,A bear at a zoo,A bear with lion head at a zoo,assets/source_b8ba5e41ea31.png,assets/item_b0c2b5099b02.jpg,1,2,2,2,,reviewer_2,24,gt-diagnostic-v2::endpoint_gt::synth_0044::seed_000,synth_0044,0,endpoint_gt,large,comparable,25,1,0
item_a49ceb22f264,head,alien,A robot at a park,A robot with alien head at a park,assets/source_f388d78833d6.png,assets/item_a49ceb22f264.jpg,2,1,2,2,,reviewer_2,25,gt-diagnostic-v2::endpoint_auto::synth_0008::seed_000,synth_0008,0,endpoint_auto,small,comparable,26,1,0
item_3f0cc4170823,head,cheetah,A cat at a museum,A cat with cheetah head at a museum,assets/source_f3d1d79f0351.png,assets/item_3f0cc4170823.jpg,0,2,1,2,,reviewer_2,26,gt-diagnostic-v2::rk2_n15_gt::synth_0035::seed_000,synth_0035,0,rk2_n15_gt,small,expansion,27,0,0
item_c54709723559,torso,armor,A boy at a restaurant,A boy with armor torso at a restaurant,assets/source_cea0cb0755a1.png,assets/item_c54709723559.jpg,2,1,2,2,,reviewer_2,27,gt-diagnostic-v2::rk2_auto::synth_0018::seed_000,synth_0018,0,rk2_auto,medium,comparable,28,1,0
item_d8378eae1c90,seat,fabric,A closeup leather chair at a apartment,A closeup leather chair with fabric seat at a apartment,assets/source_278976611c82.png,assets/item_d8378eae1c90.jpg,2,2,2,2,,reviewer_2,28,gt-diagnostic-v2::endpoint_auto::synth_0056::seed_000,synth_0056,0,endpoint_auto,medium,comparable,29,1,1
item_a9174fc80659,car body,rusted,A classic-car at a suburban road,A classic-car with rusted car body at a suburban road,assets/source_a90c17d919ed.png,assets/item_a9174fc80659.jpg,2,1,2,2,,reviewer_2,29,gt-diagnostic-v2::endpoint_gt::synth_0048::seed_000,synth_0048,0,endpoint_gt,large,comparable,30,1,0
item_39d9cbd27690,head,tiger,A bear at a pool,A bear with tiger head at a pool,assets/source_41c7b285ef4c.png,assets/item_39d9cbd27690.jpg,1,1,2,2,,reviewer_2,30,gt-diagnostic-v2::rk2_auto::synth_0040::seed_000,synth_0040,0,rk2_auto,small,comparable,31,1,0
item_c00299e2ec78,head,panda,A cat at a mountain,A cat with panda head at a mountain,assets/source_dd35579b4d43.png,assets/item_c00299e2ec78.jpg,1,2,1,2,,reviewer_2,31,gt-diagnostic-v2::endpoint_auto::synth_0041::seed_000,synth_0041,0,endpoint_auto,medium,expansion,32,1,0
item_09c345d7a738,head,lion,A bear at a zoo,A bear with lion head at a zoo,assets/source_b8ba5e41ea31.png,assets/item_09c345d7a738.jpg,1,2,1,2,,reviewer_2,32,gt-diagnostic-v2::endpoint_auto::synth_0044::seed_000,synth_0044,0,endpoint_auto,large,comparable,33,1,0
item_969bdc7237b0,hair,blond,A Portrait of man at a beach,A Portrait of man with blond hair at a beach,assets/source_6ce9a1e568d3.png,assets/item_969bdc7237b0.jpg,2,1,1,2,,reviewer_2,33,gt-diagnostic-v2::endpoint_gt::synth_0023::seed_000,synth_0023,0,endpoint_gt,small,comparable,34,1,0
item_c762bb5e78eb,head,unicorn,A dog at a mountain,A dog with unicorn head at a mountain,assets/source_ee57f3a3ed86.png,assets/item_c762bb5e78eb.jpg,1,2,1,2,,reviewer_2,34,gt-diagnostic-v2::rk2_auto::synth_0034::seed_000,synth_0034,0,rk2_auto,small,expansion,35,1,0
item_88f2e075b9e5,head,dragon,A horse at a jungle,A horse with dragon head at a jungle,assets/source_2b822a970173.png,assets/item_88f2e075b9e5.jpg,0,2,1,2,,reviewer_2,35,gt-diagnostic-v2::rk2_n15_auto::synth_0031::seed_000,synth_0031,0,rk2_n15_auto,medium,expansion,36,0,0
item_da9f39f9dd2d,car hood,vinyl-art,A classic-car at a garage,A classic-car with vinyl-art car hood at a garage,assets/source_f3b27b9b2ef0.png,assets/item_da9f39f9dd2d.jpg,2,2,2,2,,reviewer_2,36,gt-diagnostic-v2::rk2_gt::synth_0051::seed_000,synth_0051,0,rk2_gt,small,comparable,37,1,1
item_af975da94e49,seat,fabric,A closeup leather chair at a apartment,A closeup leather chair with fabric seat at a apartment,assets/source_278976611c82.png,assets/item_af975da94e49.jpg,2,2,2,2,,reviewer_2,37,gt-diagnostic-v2::endpoint_gt::synth_0056::seed_000,synth_0056,0,endpoint_gt,medium,comparable,38,1,1
item_fd806bf33a9d,hair,Afro,A Portrait of boy at a beach,A Portrait of boy with Afro hair at a beach,assets/source_0038f682b22a.png,assets/item_fd806bf33a9d.jpg,2,1,2,2,,reviewer_2,38,gt-diagnostic-v2::endpoint_auto::synth_0021::seed_000,synth_0021,0,endpoint_auto,large,comparable,39,1,0
item_c525a631cdde,seat,fabric,A closeup leather chair at a apartment,A closeup leather chair with fabric seat at a apartment,assets/source_278976611c82.png,assets/item_c525a631cdde.jpg,2,2,2,2,,reviewer_2,39,gt-diagnostic-v2::rk2_n15_gt::synth_0056::seed_000,synth_0056,0,rk2_n15_gt,medium,comparable,40,1,1
item_8d7b1a34ef6b,hair,Kinky,A Portrait of boy at a park,A Portrait of boy with Kinky hair at a park,assets/source_0d500a8d6ca9.png,assets/item_8d7b1a34ef6b.jpg,2,2,2,2,,reviewer_2,40,gt-diagnostic-v2::endpoint_auto::synth_0022::seed_000,synth_0022,0,endpoint_auto,medium,comparable,41,1,1
item_ded5bcf170f0,torso,spiderman,A robot at a museum,A robot with spiderman torso at a museum,assets/source_63f2eb2cd129.png,assets/item_ded5bcf170f0.jpg,1,1,2,2,,reviewer_2,41,gt-diagnostic-v2::endpoint_auto::synth_0011::seed_000,synth_0011,0,endpoint_auto,small,comparable,42,1,0
item_d92fa5b55d6f,head,cheetah,A panda at a school,A panda with cheetah head at a school,assets/source_3506d9604bf8.png,assets/item_d92fa5b55d6f.jpg,0,1,2,2,,reviewer_2,42,gt-diagnostic-v2::endpoint_gt::synth_0042::seed_000,synth_0042,0,endpoint_gt,medium,comparable,43,0,0
item_e581dd992747,hair,blond,A Portrait of man at a beach,A Portrait of man with blond hair at a beach,assets/source_6ce9a1e568d3.png,assets/item_e581dd992747.jpg,2,2,2,2,,reviewer_2,43,gt-diagnostic-v2::rk2_n15_auto::synth_0023::seed_000,synth_0023,0,rk2_n15_auto,small,comparable,44,1,1
item_ac48468a957c,head,cheetah,A cat at a museum,A cat with cheetah head at a museum,assets/source_f3d1d79f0351.png,assets/item_ac48468a957c.jpg,1,2,2,2,,reviewer_2,44,gt-diagnostic-v2::rk2_gt::synth_0035::seed_000,synth_0035,0,rk2_gt,small,expansion,45,1,0
item_d71ad632b800,hair,Kinky,A Portrait of boy at a park,A Portrait of boy with Kinky hair at a park,assets/source_0d500a8d6ca9.png,assets/item_d71ad632b800.jpg,2,2,2,2,,reviewer_2,45,gt-diagnostic-v2::endpoint_gt::synth_0022::seed_000,synth_0022,0,endpoint_gt,medium,comparable,46,1,1
item_bc93ae9e2fce,head,lion,A dog at a pool,A dog with lion head at a pool,assets/source_fc07bb02f53f.png,assets/item_bc93ae9e2fce.jpg,1,1,1,2,,reviewer_2,46,gt-diagnostic-v2::endpoint_auto::synth_0029::seed_000,synth_0029,0,endpoint_auto,small,expansion,47,1,0
item_aee82b52d760,car body,futuristic,A sedan at a parking lot,A sedan with futuristic car body at a parking lot,assets/source_ef3648f18171.png,assets/item_aee82b52d760.jpg,2,2,2,2,,reviewer_2,47,gt-diagnostic-v2::rk2_n15_gt::synth_0047::seed_000,synth_0047,0,rk2_n15_gt,large,comparable,48,1,1
item_8e61cc280d1d,torso,uniform,A alien at a school,A alien with uniform torso at a school,assets/source_4ad3086c4953.png,assets/item_8e61cc280d1d.jpg,2,1,2,2,,reviewer_2,48,gt-diagnostic-v2::rk2_auto::synth_0013::seed_000,synth_0013,0,rk2_auto,small,comparable,49,1,0
item_e1df5717589a,torso,formal-suit,A robot at a restaurant,A robot with formal-suit torso at a restaurant,assets/source_2e6979609916.png,assets/item_e1df5717589a.jpg,2,0,1,2,,reviewer_2,49,gt-diagnostic-v2::rk2_auto::synth_0015::seed_000,synth_0015,0,rk2_auto,large,comparable,50,0,0
item_818c0a41b784,torso,robotic-parts,A dinosaur at a museum,A dinosaur with robotic-parts torso at a museum,assets/source_1e3c08a912fe.png,assets/item_818c0a41b784.jpg,2,2,2,2,,reviewer_2,50,gt-diagnostic-v2::rk2_n15_gt::synth_0017::seed_000,synth_0017,0,rk2_n15_gt,large,comparable,51,1,1
item_39ef02efbc76,car hood,Rusty,A full front facing view of Porsche car at a road,A full front facing view of Porsche car with Rusty car hood at a road,assets/source_7e515b8abb95.png,assets/item_39ef02efbc76.jpg,2,2,2,2,,reviewer_2,51,gt-diagnostic-v2::rk2_n15_gt::synth_0054::seed_000,synth_0054,0,rk2_n15_gt,small,comparable,52,1,1
item_72d0d6b60fca,car body,futuristic,A sedan at a parking lot,A sedan with futuristic car body at a parking lot,assets/source_ef3648f18171.png,assets/item_72d0d6b60fca.jpg,2,1,2,2,,reviewer_2,52,gt-diagnostic-v2::endpoint_auto::synth_0047::seed_000,synth_0047,0,endpoint_auto,large,comparable,53,1,0
item_2460ab81e3b8,head,robot,A alien at a museum,A alien with robot head at a museum,assets/source_0776f3ccf0e9.png,assets/item_2460ab81e3b8.jpg,2,1,2,2,,reviewer_2,53,gt-diagnostic-v2::rk2_gt::synth_0003::seed_000,synth_0003,0,rk2_gt,large,comparable,54,1,0
item_e89f685e2072,head,lion,A dog at a pool,A dog with lion head at a pool,assets/source_fc07bb02f53f.png,assets/item_e89f685e2072.jpg,1,1,1,2,,reviewer_2,54,gt-diagnostic-v2::rk2_n15_auto::synth_0029::seed_000,synth_0029,0,rk2_n15_auto,small,expansion,55,1,0
item_36ec3fa4ca23,head,cat,A dog at a restaurant,A dog with cat head at a restaurant,assets/source_ca463355e687.png,assets/item_36ec3fa4ca23.jpg,0,1,1,2,,reviewer_2,55,gt-diagnostic-v2::rk2_gt::synth_0033::seed_000,synth_0033,0,rk2_gt,medium,comparable,56,0,0
item_b35655497593,car hood,Digital-Camouflage,A full front facing view of racing car at a parking lot,A full front facing view of racing car with Digital-Camouflage car hood at a parking lot,assets/source_073b896945b5.png,assets/item_b35655497593.jpg,2,2,2,2,,reviewer_2,56,gt-diagnostic-v2::rk2_n15_gt::synth_0052::seed_000,synth_0052,0,rk2_n15_gt,medium,comparable,57,1,1
item_c33a80f9940f,head,bear,A robot at a school,A robot with bear head at a school,assets/source_5bd8b0acdbd5.png,assets/item_c33a80f9940f.jpg,2,1,2,2,,reviewer_2,57,gt-diagnostic-v2::rk2_auto::synth_0001::seed_000,synth_0001,0,rk2_auto,medium,comparable,58,1,0
item_6d85279a7f13,head,bear,A alien at a museum,A alien with bear head at a museum,assets/source_30f9afb55b24.png,assets/item_6d85279a7f13.jpg,0,1,1,2,,reviewer_2,58,gt-diagnostic-v2::rk2_gt::synth_0009::seed_000,synth_0009,0,rk2_gt,large,comparable,59,0,0
item_29cf9d2a880c,head,unicorn,A cow at a house,A cow with unicorn head at a house,assets/source_70a3202c4158.png,assets/item_29cf9d2a880c.jpg,2,1,2,2,,reviewer_2,59,gt-diagnostic-v2::rk2_n15_auto::synth_0039::seed_000,synth_0039,0,rk2_n15_auto,small,expansion,60,1,0
item_c483e13f92d2,car hood,Rusty,A full front facing view of Porsche car at a road,A full front facing view of Porsche car with Rusty car hood at a road,assets/source_7e515b8abb95.png,assets/item_c483e13f92d2.jpg,0,1,1,2,,reviewer_2,60,gt-diagnostic-v2::rk2_n15_auto::synth_0054::seed_000,synth_0054,0,rk2_n15_auto,small,comparable,61,0,0
item_0e9d706a98cb,hair,Curls,A Portrait of man at a house,A Portrait of man with Curls hair at a house,assets/source_1837be64cd68.png,assets/item_0e9d706a98cb.jpg,2,1,2,2,,reviewer_2,61,gt-diagnostic-v2::endpoint_gt::synth_0026::seed_000,synth_0026,0,endpoint_gt,small,expansion,62,1,0
item_e6cdccfe14b5,head,panda,A cat at a mountain,A cat with panda head at a mountain,assets/source_dd35579b4d43.png,assets/item_e6cdccfe14b5.jpg,1,2,1,2,,reviewer_2,62,gt-diagnostic-v2::rk2_gt::synth_0041::seed_000,synth_0041,0,rk2_gt,medium,expansion,63,1,0
item_d02e6ff7660a,head,dragon,A dog at a farm,A dog with dragon head at a farm,assets/source_2a043df583fd.png,assets/item_d02e6ff7660a.jpg,0,1,1,2,,reviewer_2,63,gt-diagnostic-v2::endpoint_auto::synth_0037::seed_000,synth_0037,0,endpoint_auto,small,expansion,64,0,0
item_6b7c8c2658f4,hair,Kinky,A Portrait of boy at a park,A Portrait of boy with Kinky hair at a park,assets/source_0d500a8d6ca9.png,assets/item_6b7c8c2658f4.jpg,2,2,2,2,,reviewer_2,64,gt-diagnostic-v2::rk2_auto::synth_0022::seed_000,synth_0022,0,rk2_auto,medium,comparable,65,1,1
item_ac9d1232cb4e,head,dog,A bear at a jungle,A bear with dog head at a jungle,assets/source_f71c7b525544.png,assets/item_ac9d1232cb4e.jpg,0,1,1,2,,reviewer_2,65,gt-diagnostic-v2::rk2_auto::synth_0030::seed_000,synth_0030,0,rk2_auto,small,contraction,66,0,0
item_d1f48c0d7913,seat,plastic,A closeup soft chair at a photo studio,A closeup soft chair with plastic seat at a photo studio,assets/source_b25f9980445d.png,assets/item_d1f48c0d7913.jpg,1,1,2,2,,reviewer_2,66,gt-diagnostic-v2::rk2_n15_auto::synth_0057::seed_000,synth_0057,0,rk2_n15_auto,large,comparable,67,1,0
item_53da42752f06,torso,batman,A robot at a school,A robot with batman torso at a school,assets/source_8bcbeeb53dd4.png,assets/item_53da42752f06.jpg,2,1,2,2,,reviewer_2,67,gt-diagnostic-v2::endpoint_gt::synth_0010::seed_000,synth_0010,0,endpoint_gt,medium,comparable,68,1,0
item_c555eaac5238,seat,plastic,A closeup soft chair at a photo studio,A closeup soft chair with plastic seat at a photo studio,assets/source_b25f9980445d.png,assets/item_c555eaac5238.jpg,1,1,2,2,,reviewer_2,68,gt-diagnostic-v2::rk2_gt::synth_0057::seed_000,synth_0057,0,rk2_gt,large,comparable,69,1,0
item_3bf12541cc39,head,bear,A alien at a museum,A alien with bear head at a museum,assets/source_30f9afb55b24.png,assets/item_3bf12541cc39.jpg,0,1,2,2,,reviewer_2,69,gt-diagnostic-v2::endpoint_auto::synth_0009::seed_000,synth_0009,0,endpoint_auto,large,comparable,70,0,0
item_7f9f282c1b99,car hood,Rusty,A full front facing view of Porsche car at a road,A full front facing view of Porsche car with Rusty car hood at a road,assets/source_7e515b8abb95.png,assets/item_7f9f282c1b99.jpg,2,1,2,2,,reviewer_2,70,gt-diagnostic-v2::endpoint_gt::synth_0054::seed_000,synth_0054,0,endpoint_gt,small,comparable,71,1,0
item_6d03dccb2f41,head,dog,A bear at a jungle,A bear with dog head at a jungle,assets/source_f71c7b525544.png,assets/item_6d03dccb2f41.jpg,1,2,2,2,,reviewer_2,71,gt-diagnostic-v2::rk2_n15_gt::synth_0030::seed_000,synth_0030,0,rk2_n15_gt,small,contraction,72,1,0
item_bedb66ef013e,head,robot,A alien at a city,A alien with robot head at a city,assets/source_6094cd95fb45.png,assets/item_bedb66ef013e.jpg,2,1,2,2,,reviewer_2,72,gt-diagnostic-v2::endpoint_gt::synth_0000::seed_000,synth_0000,0,endpoint_gt,small,comparable,73,1,0
item_3b8bae8e4f21,torso,spiderman,A robot at a museum,A robot with spiderman torso at a museum,assets/source_7e6e7b988446.png,assets/item_3b8bae8e4f21.jpg,2,1,2,2,,reviewer_2,73,gt-diagnostic-v2::endpoint_gt::synth_0012::seed_000,synth_0012,0,endpoint_gt,large,comparable,74,1,0
item_6ea6083308e7,head,cheetah,A panda at a school,A panda with cheetah head at a school,assets/source_3506d9604bf8.png,assets/item_6ea6083308e7.jpg,0,1,1,2,,reviewer_2,74,gt-diagnostic-v2::rk2_n15_auto::synth_0042::seed_000,synth_0042,0,rk2_n15_auto,medium,comparable,75,0,0
item_d48d32f0aa17,hair,Afro,A Portrait of boy at a beach,A Portrait of boy with Afro hair at a beach,assets/source_0038f682b22a.png,assets/item_d48d32f0aa17.jpg,2,2,2,2,,reviewer_2,75,gt-diagnostic-v2::rk2_n15_gt::synth_0021::seed_000,synth_0021,0,rk2_n15_gt,large,comparable,76,1,1
item_7adaea0a3c5e,torso,armor,A boy at a restaurant,A boy with armor torso at a restaurant,assets/source_cea0cb0755a1.png,assets/item_7adaea0a3c5e.jpg,2,2,2,2,,reviewer_2,76,gt-diagnostic-v2::endpoint_gt::synth_0018::seed_000,synth_0018,0,endpoint_gt,medium,comparable,77,1,1
item_86d16e9dc5bc,head,robot,A alien at a school,A alien with robot head at a school,assets/source_26285f2b90f2.png,assets/item_86d16e9dc5bc.jpg,0,1,2,2,,reviewer_2,77,gt-diagnostic-v2::rk2_n15_auto::synth_0007::seed_000,synth_0007,0,rk2_n15_auto,medium,comparable,78,0,0
item_e7eadf116431,seat,wooden,A closeup leather chair at a classroom,A closeup leather chair with wooden seat at a classroom,assets/source_bda38536db22.png,assets/item_e7eadf116431.jpg,0,2,1,2,,reviewer_2,78,gt-diagnostic-v2::rk2_n15_auto::synth_0059::seed_000,synth_0059,0,rk2_n15_auto,medium,comparable,79,0,0
item_01acf13af8db,head,robot,A alien at a city,A alien with robot head at a city,assets/source_6094cd95fb45.png,assets/item_01acf13af8db.jpg,2,0,2,2,,reviewer_2,79,gt-diagnostic-v2::endpoint_auto::synth_0000::seed_000,synth_0000,0,endpoint_auto,small,comparable,80,0,0
item_e2f67d08e187,torso,uniform,A alien at a school,A alien with uniform torso at a school,assets/source_4ad3086c4953.png,assets/item_e2f67d08e187.jpg,2,2,2,2,,reviewer_2,80,gt-diagnostic-v2::rk2_n15_gt::synth_0013::seed_000,synth_0013,0,rk2_n15_gt,small,comparable,81,1,1
item_58186875182d,hair,Curls,A Portrait of woman at a school,A Portrait of woman with Curls hair at a school,assets/source_8a5f145d5ed6.png,assets/item_58186875182d.jpg,2,2,2,2,,reviewer_2,81,gt-diagnostic-v2::rk2_gt::synth_0027::seed_000,synth_0027,0,rk2_gt,large,comparable,82,1,1
item_95ae7decd7d4,head,dragon,A dog at a farm,A dog with dragon head at a farm,assets/source_2a043df583fd.png,assets/item_95ae7decd7d4.jpg,0,2,2,2,,reviewer_2,82,gt-diagnostic-v2::endpoint_gt::synth_0037::seed_000,synth_0037,0,endpoint_gt,small,expansion,83,0,0
item_e1c2be190450,head,bear,A alien at a museum,A alien with bear head at a museum,assets/source_30f9afb55b24.png,assets/item_e1c2be190450.jpg,0,2,1,2,,reviewer_2,83,gt-diagnostic-v2::rk2_n15_gt::synth_0009::seed_000,synth_0009,0,rk2_n15_gt,large,comparable,84,0,0
item_40afd6ac9884,head,bear,A alien at a museum,A alien with bear head at a museum,assets/source_30f9afb55b24.png,assets/item_40afd6ac9884.jpg,0,2,1,2,,reviewer_2,84,gt-diagnostic-v2::rk2_n15_auto::synth_0009::seed_000,synth_0009,0,rk2_n15_auto,large,comparable,85,0,0
item_9c7a1b69372c,head,dragon,A cow at a restaurant,A cow with dragon head at a restaurant,assets/source_591f63abb2fa.png,assets/item_9c7a1b69372c.jpg,0,2,1,2,,reviewer_2,85,gt-diagnostic-v2::rk2_n15_gt::synth_0028::seed_000,synth_0028,0,rk2_n15_gt,small,comparable,86,0,0
item_f0248610fde7,seat,wooden,A closeup leather chair at a classroom,A closeup leather chair with wooden seat at a classroom,assets/source_bda38536db22.png,assets/item_f0248610fde7.jpg,0,2,2,2,,reviewer_2,86,gt-diagnostic-v2::endpoint_auto::synth_0059::seed_000,synth_0059,0,endpoint_auto,medium,comparable,87,0,0
item_d7857bbe84c8,torso,formal-suit,A robot at a restaurant,A robot with formal-suit torso at a restaurant,assets/source_2e6979609916.png,assets/item_d7857bbe84c8.jpg,2,0,2,2,,reviewer_2,87,gt-diagnostic-v2::rk2_n15_auto::synth_0015::seed_000,synth_0015,0,rk2_n15_auto,large,comparable,88,0,0
item_cad60885a538,hair,Kinky,A Portrait of boy at a park,A Portrait of boy with Kinky hair at a park,assets/source_0d500a8d6ca9.png,assets/item_cad60885a538.jpg,2,2,2,2,,reviewer_2,88,gt-diagnostic-v2::rk2_gt::synth_0022::seed_000,synth_0022,0,rk2_gt,medium,comparable,89,1,1
item_11d4ae5e9722,head,lion,A bear at a zoo,A bear with lion head at a zoo,assets/source_b8ba5e41ea31.png,assets/item_11d4ae5e9722.jpg,1,2,1,2,,reviewer_2,89,gt-diagnostic-v2::rk2_gt::synth_0044::seed_000,synth_0044,0,rk2_gt,large,comparable,90,1,0
item_c3affddec3f1,head,unicorn,A cow at a house,A cow with unicorn head at a house,assets/source_70a3202c4158.png,assets/item_c3affddec3f1.jpg,0,2,2,2,,reviewer_2,90,gt-diagnostic-v2::rk2_n15_gt::synth_0039::seed_000,synth_0039,0,rk2_n15_gt,small,expansion,91,0,0
item_5fad2e86192e,hair,Kinky,A Portrait of boy at a park,A Portrait of boy with Kinky hair at a park,assets/source_0d500a8d6ca9.png,assets/item_5fad2e86192e.jpg,2,2,2,2,,reviewer_2,91,gt-diagnostic-v2::rk2_n15_gt::synth_0022::seed_000,synth_0022,0,rk2_n15_gt,medium,comparable,92,1,1
item_b0b225b84e3c,seat,plastic,A closeup soft chair at a photo studio,A closeup soft chair with plastic seat at a photo studio,assets/source_b25f9980445d.png,assets/item_b0b225b84e3c.jpg,1,2,2,2,,reviewer_2,92,gt-diagnostic-v2::rk2_n15_gt::synth_0057::seed_000,synth_0057,0,rk2_n15_gt,large,comparable,93,1,0
item_808e1bae910a,hair,Curls,A Portrait of man at a house,A Portrait of man with Curls hair at a house,assets/source_1837be64cd68.png,assets/item_808e1bae910a.jpg,2,1,2,2,,reviewer_2,93,gt-diagnostic-v2::endpoint_auto::synth_0026::seed_000,synth_0026,0,endpoint_auto,small,expansion,94,1,0
item_ce52c3c2131a,hair,Curls,A Portrait of boy at a park,A Portrait of boy with Curls hair at a park,assets/source_b4d7f2d52a43.png,assets/item_ce52c3c2131a.jpg,2,2,2,2,,reviewer_2,94,gt-diagnostic-v2::endpoint_auto::synth_0020::seed_000,synth_0020,0,endpoint_auto,large,comparable,95,1,1
item_8d1d42b3bb4b,head,robot,A alien at a city,A alien with robot head at a city,assets/source_6094cd95fb45.png,assets/item_8d1d42b3bb4b.jpg,2,0,2,2,,reviewer_2,95,gt-diagnostic-v2::rk2_n15_auto::synth_0000::seed_000,synth_0000,0,rk2_n15_auto,small,comparable,96,0,0
item_fbe06e7f3caa,head,dragon,A bear at a jungle,A bear with dragon head at a jungle,assets/source_a29b0df6a570.png,assets/item_fbe06e7f3caa.jpg,0,2,2,2,,reviewer_2,96,gt-diagnostic-v2::rk2_n15_gt::synth_0043::seed_000,synth_0043,0,rk2_n15_gt,small,expansion,97,0,0
item_6f20eac4bf1a,car hood,Digital-Camouflage,A full front facing view of racing car at a parking lot,A full front facing view of racing car with Digital-Camouflage car hood at a parking lot,assets/source_073b896945b5.png,assets/item_6f20eac4bf1a.jpg,2,1,2,2,,reviewer_2,97,gt-diagnostic-v2::endpoint_auto::synth_0052::seed_000,synth_0052,0,endpoint_auto,medium,comparable,98,1,0
item_3c9dc693f3c9,head,dragon,A horse at a jungle,A horse with dragon head at a jungle,assets/source_2b822a970173.png,assets/item_3c9dc693f3c9.jpg,0,1,1,2,,reviewer_2,98,gt-diagnostic-v2::rk2_auto::synth_0031::seed_000,synth_0031,0,rk2_auto,medium,expansion,99,0,0
item_681a30cd5d40,torso,spiderman,A robot at a museum,A robot with spiderman torso at a museum,assets/source_63f2eb2cd129.png,assets/item_681a30cd5d40.jpg,2,2,2,2,,reviewer_2,99,gt-diagnostic-v2::rk2_n15_auto::synth_0011::seed_000,synth_0011,0,rk2_n15_auto,small,comparable,100,1,1
item_5b7eac1e5fb2,head,dragon,A dog at a farm,A dog with dragon head at a farm,assets/source_2a043df583fd.png,assets/item_5b7eac1e5fb2.jpg,0,2,1,2,,reviewer_2,100,gt-diagnostic-v2::rk2_n15_auto::synth_0037::seed_000,synth_0037,0,rk2_n15_auto,small,expansion,101,0,0
item_73f044468cb1,car hood,Graffiti,A full front facing view of Toyota car at a parking lot,A full front facing view of Toyota car with Graffiti car hood at a parking lot,assets/source_d13dfe80a435.png,assets/item_73f044468cb1.jpg,2,1,2,2,,reviewer_2,101,gt-diagnostic-v2::endpoint_auto::synth_0055::seed_000,synth_0055,0,endpoint_auto,large,comparable,102,1,0
item_945a9e37ef93,torso,spiderman,A robot at a museum,A robot with spiderman torso at a museum,assets/source_7e6e7b988446.png,assets/item_945a9e37ef93.jpg,2,0,1,2,,reviewer_2,102,gt-diagnostic-v2::rk2_n15_auto::synth_0012::seed_000,synth_0012,0,rk2_n15_auto,large,comparable,103,0,0
item_6e07fd9b86a3,head,panda,A cat at a mountain,A cat with panda head at a mountain,assets/source_dd35579b4d43.png,assets/item_6e07fd9b86a3.jpg,1,2,1,2,,reviewer_2,103,gt-diagnostic-v2::rk2_auto::synth_0041::seed_000,synth_0041,0,rk2_auto,medium,expansion,104,1,0
item_afde72fabb7c,hair,Curls,A Portrait of woman at a school,A Portrait of woman with Curls hair at a school,assets/source_8a5f145d5ed6.png,assets/item_afde72fabb7c.jpg,2,1,1,2,,reviewer_2,104,gt-diagnostic-v2::endpoint_auto::synth_0027::seed_000,synth_0027,0,endpoint_auto,large,comparable,105,1,0
item_cdeb0c034946,head,dragon,A horse at a zoo,A horse with dragon head at a zoo,assets/source_dbfa710ac399.png,assets/item_cdeb0c034946.jpg,0,2,1,2,,reviewer_2,105,gt-diagnostic-v2::rk2_auto::synth_0038::seed_000,synth_0038,0,rk2_auto,large,expansion,106,0,0
item_5659c6109e6f,head,dragon,A horse at a jungle,A horse with dragon head at a jungle,assets/source_2b822a970173.png,assets/item_5659c6109e6f.jpg,2,2,1,2,,reviewer_2,106,gt-diagnostic-v2::rk2_n15_gt::synth_0031::seed_000,synth_0031,0,rk2_n15_gt,medium,expansion,107,1,1
item_06842fd2b741,seat,fabric,A closeup leather chair at a apartment,A closeup leather chair with fabric seat at a apartment,assets/source_278976611c82.png,assets/item_06842fd2b741.jpg,2,2,2,2,,reviewer_2,107,gt-diagnostic-v2::rk2_gt::synth_0056::seed_000,synth_0056,0,rk2_gt,medium,comparable,108,1,1
item_069de9c6be81,hair,Curls,A Portrait of woman at a school,A Portrait of woman with Curls hair at a school,assets/source_8a5f145d5ed6.png,assets/item_069de9c6be81.jpg,2,2,2,2,,reviewer_2,108,gt-diagnostic-v2::rk2_n15_auto::synth_0027::seed_000,synth_0027,0,rk2_n15_auto,large,comparable,109,1,1
item_347177c11570,hair,Wavy,A Portrait of girl at a forest,A Portrait of girl with Wavy hair at a forest,assets/source_53e8e39bcf1e.png,assets/item_347177c11570.jpg,2,2,2,2,,reviewer_2,109,gt-diagnostic-v2::rk2_n15_gt::synth_0019::seed_000,synth_0019,0,rk2_n15_gt,medium,comparable,110,1,1
item_10843e91c804,head,dragon,A horse at a jungle,A horse with dragon head at a jungle,assets/source_2b822a970173.png,assets/item_10843e91c804.jpg,0,1,1,2,,reviewer_2,110,gt-diagnostic-v2::endpoint_auto::synth_0031::seed_000,synth_0031,0,endpoint_auto,medium,expansion,111,0,0
item_f02617c951cc,head,cheetah,A cat at a museum,A cat with cheetah head at a museum,assets/source_f3d1d79f0351.png,assets/item_f02617c951cc.jpg,2,2,2,2,,reviewer_2,111,gt-diagnostic-v2::rk2_n15_auto::synth_0035::seed_000,synth_0035,0,rk2_n15_auto,small,expansion,112,1,1
item_8bab2e123a7e,hair,Curls,A Portrait of man at a house,A Portrait of man with Curls hair at a house,assets/source_1837be64cd68.png,assets/item_8bab2e123a7e.jpg,2,2,2,2,,reviewer_2,112,gt-diagnostic-v2::rk2_n15_auto::synth_0026::seed_000,synth_0026,0,rk2_n15_auto,small,expansion,113,1,1
item_72d2c8befed0,head,cheetah,A panda at a school,A panda with cheetah head at a school,assets/source_3506d9604bf8.png,assets/item_72d2c8befed0.jpg,0,2,1,2,,reviewer_2,113,gt-diagnostic-v2::rk2_n15_gt::synth_0042::seed_000,synth_0042,0,rk2_n15_gt,medium,comparable,114,0,0
item_a65539efaab2,head,panda,A dog at a store,A dog with panda head at a store,assets/source_de70faeee4dc.png,assets/item_a65539efaab2.jpg,2,2,2,2,,reviewer_2,114,gt-diagnostic-v2::rk2_n15_auto::synth_0045::seed_000,synth_0045,0,rk2_n15_auto,medium,expansion,115,1,1
item_4aee2b3a98bf,hair,Curley,A Portrait of girl at a mountain,A Portrait of girl with Curley hair at a mountain,assets/source_c6abd9790d67.png,assets/item_4aee2b3a98bf.jpg,2,2,2,2,,reviewer_2,115,gt-diagnostic-v2::rk2_gt::synth_0024::seed_000,synth_0024,0,rk2_gt,large,expansion,116,1,1
item_7eee709a1c65,head,bear,A robot at a park,A robot with bear head at a park,assets/source_64fe128aaf52.png,assets/item_7eee709a1c65.jpg,2,0,2,2,,reviewer_2,116,gt-diagnostic-v2::rk2_auto::synth_0002::seed_000,synth_0002,0,rk2_auto,large,comparable,117,0,0
item_d0faf46b8a39,car hood,vinyl-art,A classic-car at a garage,A classic-car with vinyl-art car hood at a garage,assets/source_f3b27b9b2ef0.png,assets/item_d0faf46b8a39.jpg,2,1,2,2,,reviewer_2,117,gt-diagnostic-v2::rk2_n15_auto::synth_0051::seed_000,synth_0051,0,rk2_n15_auto,small,comparable,118,1,0
item_612e586cf460,hair,Botticelli-Curls,A Portrait of boy at a street,A Portrait of boy with Botticelli-Curls hair at a street,assets/source_1efd8f28c69b.png,assets/item_612e586cf460.jpg,2,2,2,2,,reviewer_2,118,gt-diagnostic-v2::endpoint_auto::synth_0025::seed_000,synth_0025,0,endpoint_auto,medium,comparable,119,1,1
item_b0cfd7f3df16,head,unicorn,A dog at a mountain,A dog with unicorn head at a mountain,assets/source_ee57f3a3ed86.png,assets/item_b0cfd7f3df16.jpg,0,2,1,2,,reviewer_2,119,gt-diagnostic-v2::rk2_n15_gt::synth_0034::seed_000,synth_0034,0,rk2_n15_gt,small,expansion,120,0,0
item_0dcef85eafd6,head,robot,A girl at a beach,A girl with robot head at a beach,assets/source_eddd21d6a1c2.png,assets/item_0dcef85eafd6.jpg,0,2,1,2,,reviewer_2,120,gt-diagnostic-v2::endpoint_gt::synth_0006::seed_000,synth_0006,0,endpoint_gt,small,comparable,121,0,0
item_d336b18e3362,head,lion,A bear at a zoo,A bear with lion head at a zoo,assets/source_b8ba5e41ea31.png,assets/item_d336b18e3362.jpg,1,2,1,2,,reviewer_2,121,gt-diagnostic-v2::rk2_n15_gt::synth_0044::seed_000,synth_0044,0,rk2_n15_gt,large,comparable,122,1,0
item_e15f87efec4b,car hood,Graffiti,A full front facing view of Toyota car at a parking lot,A full front facing view of Toyota car with Graffiti car hood at a parking lot,assets/source_d13dfe80a435.png,assets/item_e15f87efec4b.jpg,2,1,1,2,,reviewer_2,122,gt-diagnostic-v2::endpoint_gt::synth_0055::seed_000,synth_0055,0,endpoint_gt,large,comparable,123,1,0
item_144198f5f17e,head,robot,A alien at a museum,A alien with robot head at a museum,assets/source_0776f3ccf0e9.png,assets/item_144198f5f17e.jpg,2,2,2,2,,reviewer_2,123,gt-diagnostic-v2::endpoint_gt::synth_0003::seed_000,synth_0003,0,endpoint_gt,large,comparable,124,1,1
item_a9a71d55fd63,hair,Curls,A Portrait of boy at a park,A Portrait of boy with Curls hair at a park,assets/source_b4d7f2d52a43.png,assets/item_a9a71d55fd63.jpg,2,2,2,2,,reviewer_2,124,gt-diagnostic-v2::rk2_gt::synth_0020::seed_000,synth_0020,0,rk2_gt,large,comparable,125,1,1
item_62423d5b20ea,car body,armored,A luxury-car at a mountain road,A luxury-car with armored car body at a mountain road,assets/source_4a1c085cfce4.png,assets/item_62423d5b20ea.jpg,0,1,1,2,,reviewer_2,125,gt-diagnostic-v2::rk2_n15_gt::synth_0046::seed_000,synth_0046,0,rk2_n15_gt,large,comparable,126,0,0
item_7fa4731f5123,car hood,vinyl-art,A classic-car at a garage,A classic-car with vinyl-art car hood at a garage,assets/source_f3b27b9b2ef0.png,assets/item_7fa4731f5123.jpg,2,1,2,2,,reviewer_2,126,gt-diagnostic-v2::rk2_auto::synth_0051::seed_000,synth_0051,0,rk2_auto,small,comparable,127,1,0
item_1abaaeecab5f,head,dog,A bear at a jungle,A bear with dog head at a jungle,assets/source_f71c7b525544.png,assets/item_1abaaeecab5f.jpg,0,1,1,2,,reviewer_2,127,gt-diagnostic-v2::rk2_gt::synth_0030::seed_000,synth_0030,0,rk2_gt,small,contraction,128,0,0
item_b776d07bce83,torso,armor,A girl at a stadium,A girl with armor torso at a stadium,assets/source_05f0e921e87d.png,assets/item_b776d07bce83.jpg,2,2,2,2,,reviewer_2,128,gt-diagnostic-v2::rk2_n15_gt::synth_0016::seed_000,synth_0016,0,rk2_n15_gt,large,comparable,130,1,1
item_a61a9c6921bb,head,dragon,A bear at a jungle,A bear with dragon head at a jungle,assets/source_a29b0df6a570.png,assets/item_a61a9c6921bb.jpg,0,2,1,2,,reviewer_2,129,gt-diagnostic-v2::rk2_n15_auto::synth_0043::seed_000,synth_0043,0,rk2_n15_auto,small,expansion,131,0,0
item_407cd3b0a319,seat,rusted,A closeup folding chair at a classroom,A closeup folding chair with rusted seat at a classroom,assets/source_97eab3ccdecd.png,assets/item_407cd3b0a319.jpg,1,2,1,2,,reviewer_2,130,gt-diagnostic-v2::endpoint_auto::synth_0058::seed_000,synth_0058,0,endpoint_auto,medium,comparable,132,1,0
item_bb8e3f89fe9a,head,robot,A alien at a school,A alien with robot head at a school,assets/source_26285f2b90f2.png,assets/item_bb8e3f89fe9a.jpg,0,0,1,2,,reviewer_2,131,gt-diagnostic-v2::endpoint_auto::synth_0007::seed_000,synth_0007,0,endpoint_auto,medium,comparable,133,0,0
item_acde3d348cfe,car body,rusted,A classic-car at a suburban road,A classic-car with rusted car body at a suburban road,assets/source_a90c17d919ed.png,assets/item_acde3d348cfe.jpg,2,1,2,2,,reviewer_2,132,gt-diagnostic-v2::rk2_gt::synth_0048::seed_000,synth_0048,0,rk2_gt,large,comparable,134,1,0
item_65f8bc5adaa9,car hood,black,A racing-car at a highway,A racing-car with black car hood at a highway,assets/source_af6b5e577958.png,assets/item_65f8bc5adaa9.jpg,2,1,2,2,,reviewer_2,133,gt-diagnostic-v2::rk2_n15_auto::synth_0050::seed_000,synth_0050,0,rk2_n15_auto,small,comparable,135,1,0
item_d348d8a856c8,head,alien,A robot at a park,A robot with alien head at a park,assets/source_f388d78833d6.png,assets/item_d348d8a856c8.jpg,2,2,2,2,,reviewer_2,134,gt-diagnostic-v2::rk2_n15_auto::synth_0008::seed_000,synth_0008,0,rk2_n15_auto,small,comparable,136,1,1
item_1ae8815cb188,head,cat,A dog at a restaurant,A dog with cat head at a restaurant,assets/source_ca463355e687.png,assets/item_1ae8815cb188.jpg,0,1,1,2,,reviewer_2,135,gt-diagnostic-v2::rk2_n15_auto::synth_0033::seed_000,synth_0033,0,rk2_n15_auto,medium,comparable,137,0,0
item_d636399734b2,car hood,black,A racing-car at a highway,A racing-car with black car hood at a highway,assets/source_af6b5e577958.png,assets/item_d636399734b2.jpg,2,1,2,2,,reviewer_2,136,gt-diagnostic-v2::endpoint_auto::synth_0050::seed_000,synth_0050,0,endpoint_auto,small,comparable,139,1,0
item_e79f2f25369c,head,alien,A robot at a park,A robot with alien head at a park,assets/source_f388d78833d6.png,assets/item_e79f2f25369c.jpg,2,1,2,2,,reviewer_2,137,gt-diagnostic-v2::rk2_auto::synth_0008::seed_000,synth_0008,0,rk2_auto,small,comparable,140,1,0
item_c01f83177a60,head,panda,A cat at a mountain,A cat with panda head at a mountain,assets/source_dd35579b4d43.png,assets/item_c01f83177a60.jpg,1,2,2,2,,reviewer_2,138,gt-diagnostic-v2::rk2_n15_auto::synth_0041::seed_000,synth_0041,0,rk2_n15_auto,medium,expansion,141,1,0
item_8fe157a8700b,head,unicorn,A dog at a mountain,A dog with unicorn head at a mountain,assets/source_ee57f3a3ed86.png,assets/item_8fe157a8700b.jpg,0,2,1,2,,reviewer_2,139,gt-diagnostic-v2::endpoint_auto::synth_0034::seed_000,synth_0034,0,endpoint_auto,small,expansion,142,0,0
item_6a0d7c7c9aeb,seat,rusted,A closeup folding chair at a classroom,A closeup folding chair with rusted seat at a classroom,assets/source_97eab3ccdecd.png,assets/item_6a0d7c7c9aeb.jpg,1,2,2,2,,reviewer_2,140,gt-diagnostic-v2::rk2_auto::synth_0058::seed_000,synth_0058,0,rk2_auto,medium,comparable,143,1,0
item_46c234c14e6c,car hood,Digital-Camouflage,A full front facing view of racing car at a parking lot,A full front facing view of racing car with Digital-Camouflage car hood at a parking lot,assets/source_073b896945b5.png,assets/item_46c234c14e6c.jpg,2,1,2,2,,reviewer_2,141,gt-diagnostic-v2::rk2_n15_auto::synth_0052::seed_000,synth_0052,0,rk2_n15_auto,medium,comparable,144,1,0
item_46648cc7b2f7,car hood,Destroyed,A full front facing view of BMW car at a parking lot,A full front facing view of BMW car with Destroyed car hood at a parking lot,assets/source_146c36946692.png,assets/item_46648cc7b2f7.jpg,0,1,1,2,,reviewer_2,142,gt-diagnostic-v2::rk2_auto::synth_0053::seed_000,synth_0053,0,rk2_auto,large,comparable,145,0,0
item_e81682ac026d,car hood,Destroyed,A full front facing view of BMW car at a parking lot,A full front facing view of BMW car with Destroyed car hood at a parking lot,assets/source_146c36946692.png,assets/item_e81682ac026d.jpg,2,1,2,2,,reviewer_2,143,gt-diagnostic-v2::rk2_gt::synth_0053::seed_000,synth_0053,0,rk2_gt,large,comparable,146,1,0
item_39dbe48ff259,head,tattooed,A robot at a office,A robot with tattooed head at a office,assets/source_1e365ebd5ac6.png,assets/item_39dbe48ff259.jpg,0,1,1,2,,reviewer_2,144,gt-diagnostic-v2::rk2_gt::synth_0004::seed_000,synth_0004,0,rk2_gt,medium,comparable,147,0,0
item_3a8c4936fa33,head,panda,A cat at a mountain,A cat with panda head at a mountain,assets/source_dd35579b4d43.png,assets/item_3a8c4936fa33.jpg,1,2,1,2,,reviewer_2,145,gt-diagnostic-v2::endpoint_gt::synth_0041::seed_000,synth_0041,0,endpoint_gt,medium,expansion,148,1,0
item_e28d6cb54000,head,panda,A dog at a store,A dog with panda head at a store,assets/source_de70faeee4dc.png,assets/item_e28d6cb54000.jpg,1,2,1,2,,reviewer_2,146,gt-diagnostic-v2::endpoint_gt::synth_0045::seed_000,synth_0045,0,endpoint_gt,medium,expansion,149,1,0
item_a4dd39c8d50f,head,robot,A girl at a beach,A girl with robot head at a beach,assets/source_eddd21d6a1c2.png,assets/item_a4dd39c8d50f.jpg,0,1,1,2,,reviewer_2,147,gt-diagnostic-v2::rk2_auto::synth_0006::seed_000,synth_0006,0,rk2_auto,small,comparable,150,0,0
item_adc149125a0b,head,unicorn,A cow at a house,A cow with unicorn head at a house,assets/source_70a3202c4158.png,assets/item_adc149125a0b.jpg,1,1,2,2,,reviewer_2,148,gt-diagnostic-v2::rk2_auto::synth_0039::seed_000,synth_0039,0,rk2_auto,small,expansion,151,1,0
item_38f37169bbc7,torso,spiderman,A robot at a museum,A robot with spiderman torso at a museum,assets/source_7e6e7b988446.png,assets/item_38f37169bbc7.jpg,2,1,1,2,,reviewer_2,149,gt-diagnostic-v2::rk2_n15_gt::synth_0012::seed_000,synth_0012,0,rk2_n15_gt,large,comparable,152,1,0
item_cc47bf0d45f5,hair,Curls,A Portrait of man at a house,A Portrait of man with Curls hair at a house,assets/source_1837be64cd68.png,assets/item_cc47bf0d45f5.jpg,2,2,2,2,,reviewer_2,150,gt-diagnostic-v2::rk2_n15_gt::synth_0026::seed_000,synth_0026,0,rk2_n15_gt,small,expansion,153,1,1
item_05a7bdfd7326,head,robot,A man at a gym,A man with robot head at a gym,assets/source_9db278f7152f.png,assets/item_05a7bdfd7326.jpg,1,2,1,2,,reviewer_2,151,gt-diagnostic-v2::rk2_n15_auto::synth_0005::seed_000,synth_0005,0,rk2_n15_auto,medium,comparable,154,1,0
item_ac3a9468eff0,hair,blond,A Portrait of man at a beach,A Portrait of man with blond hair at a beach,assets/source_6ce9a1e568d3.png,assets/item_ac3a9468eff0.jpg,2,1,2,2,,reviewer_2,152,gt-diagnostic-v2::rk2_gt::synth_0023::seed_000,synth_0023,0,rk2_gt,small,comparable,155,1,0
item_b73fc921335f,hair,Kinky,A Portrait of boy at a park,A Portrait of boy with Kinky hair at a park,assets/source_0d500a8d6ca9.png,assets/item_b73fc921335f.jpg,2,2,2,2,,reviewer_2,153,gt-diagnostic-v2::rk2_n15_auto::synth_0022::seed_000,synth_0022,0,rk2_n15_auto,medium,comparable,156,1,1
item_5aca444b5ddf,head,dragon,A cow at a restaurant,A cow with dragon head at a restaurant,assets/source_591f63abb2fa.png,assets/item_5aca444b5ddf.jpg,0,1,1,2,,reviewer_2,154,gt-diagnostic-v2::endpoint_auto::synth_0028::seed_000,synth_0028,0,endpoint_auto,small,comparable,157,0,0
item_53572141f1a5,head,tiger,A bear at a pool,A bear with tiger head at a pool,assets/source_41c7b285ef4c.png,assets/item_53572141f1a5.jpg,2,1,2,2,,reviewer_2,155,gt-diagnostic-v2::endpoint_gt::synth_0040::seed_000,synth_0040,0,endpoint_gt,small,comparable,158,1,0
item_3d8ad9809de4,hair,Curls,A Portrait of boy at a park,A Portrait of boy with Curls hair at a park,assets/source_b4d7f2d52a43.png,assets/item_3d8ad9809de4.jpg,2,2,2,2,,reviewer_2,156,gt-diagnostic-v2::rk2_auto::synth_0020::seed_000,synth_0020,0,rk2_auto,large,comparable,159,1,1
item_b967a5548569,head,bear,A alien at a museum,A alien with bear head at a museum,assets/source_30f9afb55b24.png,assets/item_b967a5548569.jpg,0,1,1,2,,reviewer_2,157,gt-diagnostic-v2::rk2_auto::synth_0009::seed_000,synth_0009,0,rk2_auto,large,comparable,160,0,0
item_a6659705b7ec,head,robot,A man at a gym,A man with robot head at a gym,assets/source_9db278f7152f.png,assets/item_a6659705b7ec.jpg,2,2,2,2,,reviewer_2,158,gt-diagnostic-v2::endpoint_auto::synth_0005::seed_000,synth_0005,0,endpoint_auto,medium,comparable,161,1,1
item_37fe614c25eb,car hood,Rusty,A full front facing view of Porsche car at a road,A full front facing view of Porsche car with Rusty car hood at a road,assets/source_7e515b8abb95.png,assets/item_37fe614c25eb.jpg,0,1,1,2,,reviewer_2,159,gt-diagnostic-v2::endpoint_auto::synth_0054::seed_000,synth_0054,0,endpoint_auto,small,comparable,162,0,0
item_3b07b79a39e5,seat,wooden,A closeup leather chair at a classroom,A closeup leather chair with wooden seat at a classroom,assets/source_bda38536db22.png,assets/item_3b07b79a39e5.jpg,0,2,2,2,,reviewer_2,160,gt-diagnostic-v2::rk2_n15_gt::synth_0059::seed_000,synth_0059,0,rk2_n15_gt,medium,comparable,163,0,0
item_030580108c78,head,cheetah,A panda at a school,A panda with cheetah head at a school,assets/source_3506d9604bf8.png,assets/item_030580108c78.jpg,0,1,1,2,,reviewer_2,161,gt-diagnostic-v2::rk2_auto::synth_0042::seed_000,synth_0042,0,rk2_auto,medium,comparable,164,0,0
item_48bc4d258969,head,panda,A dog at a store,A dog with panda head at a store,assets/source_de70faeee4dc.png,assets/item_48bc4d258969.jpg,1,2,1,2,,reviewer_2,162,gt-diagnostic-v2::rk2_gt::synth_0045::seed_000,synth_0045,0,rk2_gt,medium,expansion,165,1,0
item_ed5094a397e6,car body,neon-lit,A classic-car at a suburban road,A classic-car with neon-lit car body at a suburban road,assets/source_3ae69c2a9e97.png,assets/item_ed5094a397e6.jpg,2,1,2,2,,reviewer_2,163,gt-diagnostic-v2::rk2_n15_gt::synth_0049::seed_000,synth_0049,0,rk2_n15_gt,large,comparable,166,1,0
item_c44d7b2dfda9,head,dragon,A cat at a desert,A cat with dragon head at a desert,assets/source_bb5f44e8a25b.png,assets/item_c44d7b2dfda9.jpg,0,2,1,2,,reviewer_2,164,gt-diagnostic-v2::rk2_auto::synth_0032::seed_000,synth_0032,0,rk2_auto,small,expansion,167,0,0
item_10dd634e7e27,head,robot,A alien at a school,A alien with robot head at a school,assets/source_26285f2b90f2.png,assets/item_10dd634e7e27.jpg,2,1,2,2,,reviewer_2,165,gt-diagnostic-v2::endpoint_gt::synth_0007::seed_000,synth_0007,0,endpoint_gt,medium,comparable,168,1,0
item_3094b3630f26,head,dragon,A bear at a jungle,A bear with dragon head at a jungle,assets/source_a29b0df6a570.png,assets/item_3094b3630f26.jpg,0,2,1,2,,reviewer_2,166,gt-diagnostic-v2::endpoint_auto::synth_0043::seed_000,synth_0043,0,endpoint_auto,small,expansion,169,0,0
item_510adf0eb8b4,torso,spiderman,A robot at a museum,A robot with spiderman torso at a museum,assets/source_63f2eb2cd129.png,assets/item_510adf0eb8b4.jpg,2,2,2,2,,reviewer_2,167,gt-diagnostic-v2::endpoint_gt::synth_0011::seed_000,synth_0011,0,endpoint_gt,small,comparable,170,1,1
item_9520f590fac3,head,dragon,A bear at a jungle,A bear with dragon head at a jungle,assets/source_a29b0df6a570.png,assets/item_9520f590fac3.jpg,0,1,1,2,,reviewer_2,168,gt-diagnostic-v2::rk2_auto::synth_0043::seed_000,synth_0043,0,rk2_auto,small,expansion,171,0,0
item_f0026bd93b6c,head,panda,A dog at a store,A dog with panda head at a store,assets/source_de70faeee4dc.png,assets/item_f0026bd93b6c.jpg,1,2,2,2,,reviewer_2,169,gt-diagnostic-v2::rk2_n15_gt::synth_0045::seed_000,synth_0045,0,rk2_n15_gt,medium,expansion,172,1,0
item_eb4a92429e74,hair,Botticelli-Curls,A Portrait of boy at a street,A Portrait of boy with Botticelli-Curls hair at a street,assets/source_1efd8f28c69b.png,assets/item_eb4a92429e74.jpg,2,2,2,2,,reviewer_2,170,gt-diagnostic-v2::rk2_auto::synth_0025::seed_000,synth_0025,0,rk2_auto,medium,comparable,173,1,1
item_d28e5e2ec2ad,seat,plastic,A closeup soft chair at a photo studio,A closeup soft chair with plastic seat at a photo studio,assets/source_b25f9980445d.png,assets/item_d28e5e2ec2ad.jpg,1,2,2,2,,reviewer_2,171,gt-diagnostic-v2::endpoint_auto::synth_0057::seed_000,synth_0057,0,endpoint_auto,large,comparable,174,1,0
item_060f3b0ed20a,head,tiger,A bear at a pool,A bear with tiger head at a pool,assets/source_41c7b285ef4c.png,assets/item_060f3b0ed20a.jpg,1,2,2,2,,reviewer_2,172,gt-diagnostic-v2::rk2_n15_auto::synth_0040::seed_000,synth_0040,0,rk2_n15_auto,small,comparable,175,1,0
item_84f8c618755e,torso,uniform,A alien at a school,A alien with uniform torso at a school,assets/source_4ad3086c4953.png,assets/item_84f8c618755e.jpg,2,1,2,2,,reviewer_2,173,gt-diagnostic-v2::rk2_n15_auto::synth_0013::seed_000,synth_0013,0,rk2_n15_auto,small,comparable,176,1,0
item_e40a88618e9f,hair,blond,A Portrait of man at a beach,A Portrait of man with blond hair at a beach,assets/source_6ce9a1e568d3.png,assets/item_e40a88618e9f.jpg,2,1,2,2,,reviewer_2,174,gt-diagnostic-v2::rk2_auto::synth_0023::seed_000,synth_0023,0,rk2_auto,small,comparable,177,1,0
item_995aad1b0665,car hood,Digital-Camouflage,A full front facing view of racing car at a parking lot,A full front facing view of racing car with Digital-Camouflage car hood at a parking lot,assets/source_073b896945b5.png,assets/item_995aad1b0665.jpg,2,1,2,2,,reviewer_2,175,gt-diagnostic-v2::rk2_auto::synth_0052::seed_000,synth_0052,0,rk2_auto,medium,comparable,178,1,0
item_438ba05371d9,head,bear,A robot at a park,A robot with bear head at a park,assets/source_64fe128aaf52.png,assets/item_438ba05371d9.jpg,1,0,2,2,,reviewer_2,176,gt-diagnostic-v2::endpoint_auto::synth_0002::seed_000,synth_0002,0,endpoint_auto,large,comparable,179,0,0
item_bfbc29c42497,head,unicorn,A cow at a house,A cow with unicorn head at a house,assets/source_70a3202c4158.png,assets/item_bfbc29c42497.jpg,2,1,2,2,,reviewer_2,177,gt-diagnostic-v2::endpoint_auto::synth_0039::seed_000,synth_0039,0,endpoint_auto,small,expansion,180,1,0
item_12cc964df138,head,bear,A robot at a school,A robot with bear head at a school,assets/source_5bd8b0acdbd5.png,assets/item_12cc964df138.jpg,2,1,1,2,,reviewer_2,178,gt-diagnostic-v2::endpoint_auto::synth_0001::seed_000,synth_0001,0,endpoint_auto,medium,comparable,181,1,0
item_4b8500e4ce9f,car hood,Destroyed,A full front facing view of BMW car at a parking lot,A full front facing view of BMW car with Destroyed car hood at a parking lot,assets/source_146c36946692.png,assets/item_4b8500e4ce9f.jpg,2,2,2,2,,reviewer_2,179,gt-diagnostic-v2::rk2_n15_gt::synth_0053::seed_000,synth_0053,0,rk2_n15_gt,large,comparable,182,1,1
item_d0d5ad81b1d1,hair,Curls,A Portrait of boy at a park,A Portrait of boy with Curls hair at a park,assets/source_b4d7f2d52a43.png,assets/item_d0d5ad81b1d1.jpg,2,2,2,2,,reviewer_2,180,gt-diagnostic-v2::rk2_n15_auto::synth_0020::seed_000,synth_0020,0,rk2_n15_auto,large,comparable,183,1,1
item_bfb562513ef3,head,dog,A bear at a jungle,A bear with dog head at a jungle,assets/source_f71c7b525544.png,assets/item_bfb562513ef3.jpg,0,2,1,2,,reviewer_2,181,gt-diagnostic-v2::rk2_n15_auto::synth_0030::seed_000,synth_0030,0,rk2_n15_auto,small,contraction,184,0,0
item_c70aaba05006,head,dragon,A dog at a farm,A dog with dragon head at a farm,assets/source_2a043df583fd.png,assets/item_c70aaba05006.jpg,0,2,1,2,,reviewer_2,182,gt-diagnostic-v2::rk2_auto::synth_0037::seed_000,synth_0037,0,rk2_auto,small,expansion,185,0,0
item_3d3e7b95f869,car hood,black,A racing-car at a highway,A racing-car with black car hood at a highway,assets/source_af6b5e577958.png,assets/item_3d3e7b95f869.jpg,2,1,2,2,,reviewer_2,183,gt-diagnostic-v2::endpoint_gt::synth_0050::seed_000,synth_0050,0,endpoint_gt,small,comparable,186,1,0
item_82ac9081d5e0,head,robot,A girl at a beach,A girl with robot head at a beach,assets/source_eddd21d6a1c2.png,assets/item_82ac9081d5e0.jpg,0,2,1,2,,reviewer_2,184,gt-diagnostic-v2::rk2_n15_gt::synth_0006::seed_000,synth_0006,0,rk2_n15_gt,small,comparable,187,0,0
item_7f0e58128464,hair,Wavy,A Portrait of girl at a forest,A Portrait of girl with Wavy hair at a forest,assets/source_53e8e39bcf1e.png,assets/item_7f0e58128464.jpg,2,2,2,2,,reviewer_2,185,gt-diagnostic-v2::rk2_n15_auto::synth_0019::seed_000,synth_0019,0,rk2_n15_auto,medium,comparable,188,1,1
item_8f480393d68d,torso,robotic-parts,A dinosaur at a museum,A dinosaur with robotic-parts torso at a museum,assets/source_1e3c08a912fe.png,assets/item_8f480393d68d.jpg,2,1,2,2,,reviewer_2,186,gt-diagnostic-v2::rk2_gt::synth_0017::seed_000,synth_0017,0,rk2_gt,large,comparable,189,1,0
item_8ea06b7c2ca5,hair,Wavy,A Portrait of girl at a forest,A Portrait of girl with Wavy hair at a forest,assets/source_53e8e39bcf1e.png,assets/item_8ea06b7c2ca5.jpg,2,2,2,2,,reviewer_2,187,gt-diagnostic-v2::endpoint_gt::synth_0019::seed_000,synth_0019,0,endpoint_gt,medium,comparable,190,1,1
item_996a09fb9e3e,head,lion,A bear at a zoo,A bear with lion head at a zoo,assets/source_1d46ca4f754d.png,assets/item_996a09fb9e3e.jpg,2,2,2,2,,reviewer_2,188,gt-diagnostic-v2::rk2_n15_gt::synth_0036::seed_000,synth_0036,0,rk2_n15_gt,medium,comparable,191,1,1
item_360db397ae59,torso,uniform,A alien at a school,A alien with uniform torso at a school,assets/source_4ad3086c4953.png,assets/item_360db397ae59.jpg,2,1,2,2,,reviewer_2,189,gt-diagnostic-v2::endpoint_gt::synth_0013::seed_000,synth_0013,0,endpoint_gt,small,comparable,192,1,0
item_c85c0578bf8a,car hood,vinyl-art,A classic-car at a garage,A classic-car with vinyl-art car hood at a garage,assets/source_f3b27b9b2ef0.png,assets/item_c85c0578bf8a.jpg,2,1,2,2,,reviewer_2,190,gt-diagnostic-v2::endpoint_gt::synth_0051::seed_000,synth_0051,0,endpoint_gt,small,comparable,193,1,0
item_0e1c801642fc,head,lion,A dog at a pool,A dog with lion head at a pool,assets/source_fc07bb02f53f.png,assets/item_0e1c801642fc.jpg,0,2,1,2,,reviewer_2,191,gt-diagnostic-v2::rk2_n15_gt::synth_0029::seed_000,synth_0029,0,rk2_n15_gt,small,expansion,194,0,0
item_d2c8699272d0,head,bear,A robot at a park,A robot with bear head at a park,assets/source_64fe128aaf52.png,assets/item_d2c8699272d0.jpg,2,2,2,2,,reviewer_2,192,gt-diagnostic-v2::rk2_gt::synth_0002::seed_000,synth_0002,0,rk2_gt,large,comparable,195,1,1
item_361a4283f100,head,dragon,A cow at a restaurant,A cow with dragon head at a restaurant,assets/source_591f63abb2fa.png,assets/item_361a4283f100.jpg,0,1,2,2,,reviewer_2,193,gt-diagnostic-v2::rk2_auto::synth_0028::seed_000,synth_0028,0,rk2_auto,small,comparable,196,0,0
item_93f9a50d5b09,hair,Botticelli-Curls,A Portrait of boy at a street,A Portrait of boy with Botticelli-Curls hair at a street,assets/source_1efd8f28c69b.png,assets/item_93f9a50d5b09.jpg,2,2,2,2,,reviewer_2,194,gt-diagnostic-v2::rk2_n15_auto::synth_0025::seed_000,synth_0025,0,rk2_n15_auto,medium,comparable,197,1,1
item_4d1e1d6a3c44,seat,wooden,A closeup leather chair at a classroom,A closeup leather chair with wooden seat at a classroom,assets/source_bda38536db22.png,assets/item_4d1e1d6a3c44.jpg,0,2,2,2,,reviewer_2,195,gt-diagnostic-v2::endpoint_gt::synth_0059::seed_000,synth_0059,0,endpoint_gt,medium,comparable,198,0,0
item_9f59e8c8488b,head,dragon,A dog at a farm,A dog with dragon head at a farm,assets/source_2a043df583fd.png,assets/item_9f59e8c8488b.jpg,0,2,1,2,,reviewer_2,196,gt-diagnostic-v2::rk2_gt::synth_0037::seed_000,synth_0037,0,rk2_gt,small,expansion,199,0,0
item_1b2d4684b9f3,head,robot,A man at a gym,A man with robot head at a gym,assets/source_9db278f7152f.png,assets/item_1b2d4684b9f3.jpg,2,2,2,2,,reviewer_2,197,gt-diagnostic-v2::rk2_n15_gt::synth_0005::seed_000,synth_0005,0,rk2_n15_gt,medium,comparable,200,1,1
item_8f8fcd0aeb7a,head,dragon,A cow at a restaurant,A cow with dragon head at a restaurant,assets/source_591f63abb2fa.png,assets/item_8f8fcd0aeb7a.jpg,0,2,1,2,,reviewer_2,198,gt-diagnostic-v2::rk2_n15_auto::synth_0028::seed_000,synth_0028,0,rk2_n15_auto,small,comparable,201,0,0
item_a7f27626287e,car body,rusted,A classic-car at a suburban road,A classic-car with rusted car body at a suburban road,assets/source_a90c17d919ed.png,assets/item_a7f27626287e.jpg,2,1,2,2,,reviewer_2,199,gt-diagnostic-v2::rk2_n15_auto::synth_0048::seed_000,synth_0048,0,rk2_n15_auto,large,comparable,202,1,0
item_db88b6ef5342,head,robot,A alien at a school,A alien with robot head at a school,assets/source_26285f2b90f2.png,assets/item_db88b6ef5342.jpg,2,2,2,2,,reviewer_2,200,gt-diagnostic-v2::rk2_n15_gt::synth_0007::seed_000,synth_0007,0,rk2_n15_gt,medium,comparable,203,1,1
item_717cd7cb3160,head,tattooed,A robot at a office,A robot with tattooed head at a office,assets/source_1e365ebd5ac6.png,assets/item_717cd7cb3160.jpg,0,2,2,2,,reviewer_2,201,gt-diagnostic-v2::rk2_n15_auto::synth_0004::seed_000,synth_0004,0,rk2_n15_auto,medium,comparable,204,0,0
item_9514ae716f86,car hood,vinyl-art,A classic-car at a garage,A classic-car with vinyl-art car hood at a garage,assets/source_f3b27b9b2ef0.png,assets/item_9514ae716f86.jpg,2,1,2,2,,reviewer_2,202,gt-diagnostic-v2::endpoint_auto::synth_0051::seed_000,synth_0051,0,endpoint_auto,small,comparable,205,1,0
item_85be6acfcf38,head,robot,A man at a gym,A man with robot head at a gym,assets/source_9db278f7152f.png,assets/item_85be6acfcf38.jpg,2,2,2,2,,reviewer_2,203,gt-diagnostic-v2::rk2_auto::synth_0005::seed_000,synth_0005,0,rk2_auto,medium,comparable,206,1,1
item_829de774a204,torso,batman,A robot at a school,A robot with batman torso at a school,assets/source_8bcbeeb53dd4.png,assets/item_829de774a204.jpg,2,0,2,2,,reviewer_2,204,gt-diagnostic-v2::endpoint_auto::synth_0010::seed_000,synth_0010,0,endpoint_auto,medium,comparable,207,0,0
item_ea2884a27d60,torso,armor,A boy at a restaurant,A boy with armor torso at a restaurant,assets/source_cea0cb0755a1.png,assets/item_ea2884a27d60.jpg,2,1,2,2,,reviewer_2,205,gt-diagnostic-v2::endpoint_auto::synth_0018::seed_000,synth_0018,0,endpoint_auto,medium,comparable,208,1,0
item_8c9d47a26761,seat,rusted,A closeup folding chair at a classroom,A closeup folding chair with rusted seat at a classroom,assets/source_97eab3ccdecd.png,assets/item_8c9d47a26761.jpg,1,2,1,2,,reviewer_2,206,gt-diagnostic-v2::rk2_gt::synth_0058::seed_000,synth_0058,0,rk2_gt,medium,comparable,209,1,0
item_d7011f80ea33,head,dragon,A bear at a jungle,A bear with dragon head at a jungle,assets/source_a29b0df6a570.png,assets/item_d7011f80ea33.jpg,0,1,1,2,,reviewer_2,207,gt-diagnostic-v2::rk2_gt::synth_0043::seed_000,synth_0043,0,rk2_gt,small,expansion,210,0,0
item_15dab05487be,head,dog,A bear at a jungle,A bear with dog head at a jungle,assets/source_f71c7b525544.png,assets/item_15dab05487be.jpg,0,1,1,2,,reviewer_2,208,gt-diagnostic-v2::endpoint_auto::synth_0030::seed_000,synth_0030,0,endpoint_auto,small,contraction,211,0,0
item_ba12ad52df84,torso,armor,A girl at a stadium,A girl with armor torso at a stadium,assets/source_05f0e921e87d.png,assets/item_ba12ad52df84.jpg,2,1,2,2,,reviewer_2,209,gt-diagnostic-v2::rk2_auto::synth_0016::seed_000,synth_0016,0,rk2_auto,large,comparable,212,1,0
item_e1713a8b0745,car body,neon-lit,A classic-car at a suburban road,A classic-car with neon-lit car body at a suburban road,assets/source_3ae69c2a9e97.png,assets/item_e1713a8b0745.jpg,2,2,2,2,,reviewer_2,210,gt-diagnostic-v2::rk2_gt::synth_0049::seed_000,synth_0049,0,rk2_gt,large,comparable,213,1,1
item_a09beb75f7eb,torso,armor,A girl at a stadium,A girl with armor torso at a stadium,assets/source_05f0e921e87d.png,assets/item_a09beb75f7eb.jpg,2,1,2,2,,reviewer_2,211,gt-diagnostic-v2::rk2_n15_auto::synth_0016::seed_000,synth_0016,0,rk2_n15_auto,large,comparable,214,1,0
item_2026f5994903,head,lion,A bear at a zoo,A bear with lion head at a zoo,assets/source_1d46ca4f754d.png,assets/item_2026f5994903.jpg,2,2,2,2,,reviewer_2,212,gt-diagnostic-v2::rk2_gt::synth_0036::seed_000,synth_0036,0,rk2_gt,medium,comparable,215,1,1
item_114dd8fa93f9,head,robot,A alien at a museum,A alien with robot head at a museum,assets/source_0776f3ccf0e9.png,assets/item_114dd8fa93f9.jpg,2,0,2,2,,reviewer_2,213,gt-diagnostic-v2::endpoint_auto::synth_0003::seed_000,synth_0003,0,endpoint_auto,large,comparable,216,0,0
item_3f52fef08afe,head,bear,A robot at a school,A robot with bear head at a school,assets/source_5bd8b0acdbd5.png,assets/item_3f52fef08afe.jpg,2,1,2,2,,reviewer_2,214,gt-diagnostic-v2::endpoint_gt::synth_0001::seed_000,synth_0001,0,endpoint_gt,medium,comparable,217,1,0
item_7e5d04c5abd6,head,bear,A robot at a school,A robot with bear head at a school,assets/source_5bd8b0acdbd5.png,assets/item_7e5d04c5abd6.jpg,2,1,2,2,,reviewer_2,215,gt-diagnostic-v2::rk2_gt::synth_0001::seed_000,synth_0001,0,rk2_gt,medium,comparable,218,1,0
item_732edbf622d3,head,robot,A girl at a beach,A girl with robot head at a beach,assets/source_eddd21d6a1c2.png,assets/item_732edbf622d3.jpg,0,1,1,2,,reviewer_2,216,gt-diagnostic-v2::endpoint_auto::synth_0006::seed_000,synth_0006,0,endpoint_auto,small,comparable,219,0,0
item_012543b5cdec,head,tattooed,A robot at a office,A robot with tattooed head at a office,assets/source_1e365ebd5ac6.png,assets/item_012543b5cdec.jpg,1,1,1,2,,reviewer_2,217,gt-diagnostic-v2::rk2_auto::synth_0004::seed_000,synth_0004,0,rk2_auto,medium,comparable,220,1,0
item_57247aef4086,head,dog,A bear at a jungle,A bear with dog head at a jungle,assets/source_f71c7b525544.png,assets/item_57247aef4086.jpg,1,1,1,2,,reviewer_2,218,gt-diagnostic-v2::endpoint_gt::synth_0030::seed_000,synth_0030,0,endpoint_gt,small,contraction,221,1,0
item_6de9a9ea44e8,head,robot,A alien at a school,A alien with robot head at a school,assets/source_26285f2b90f2.png,assets/item_6de9a9ea44e8.jpg,0,0,1,2,,reviewer_2,219,gt-diagnostic-v2::rk2_auto::synth_0007::seed_000,synth_0007,0,rk2_auto,medium,comparable,222,0,0
item_bff8d937d84a,head,panda,A dog at a store,A dog with panda head at a store,assets/source_de70faeee4dc.png,assets/item_bff8d937d84a.jpg,2,2,2,2,,reviewer_2,220,gt-diagnostic-v2::rk2_auto::synth_0045::seed_000,synth_0045,0,rk2_auto,medium,expansion,223,1,1
item_0725fd296bca,torso,spiderman,A robot at a museum,A robot with spiderman torso at a museum,assets/source_7e6e7b988446.png,assets/item_0725fd296bca.jpg,2,0,1,2,,reviewer_2,221,gt-diagnostic-v2::rk2_auto::synth_0012::seed_000,synth_0012,0,rk2_auto,large,comparable,224,0,0
item_2b82dba170af,head,cat,A dog at a restaurant,A dog with cat head at a restaurant,assets/source_ca463355e687.png,assets/item_2b82dba170af.jpg,0,2,1,2,,reviewer_2,222,gt-diagnostic-v2::endpoint_gt::synth_0033::seed_000,synth_0033,0,endpoint_gt,medium,comparable,225,0,0
item_0b7ad1477c30,car hood,Rusty,A full front facing view of Porsche car at a road,A full front facing view of Porsche car with Rusty car hood at a road,assets/source_7e515b8abb95.png,assets/item_0b7ad1477c30.jpg,0,1,1,2,,reviewer_2,223,gt-diagnostic-v2::rk2_auto::synth_0054::seed_000,synth_0054,0,rk2_auto,small,comparable,226,0,0
item_f6b5f8ccd60b,head,tiger,A bear at a pool,A bear with tiger head at a pool,assets/source_41c7b285ef4c.png,assets/item_f6b5f8ccd60b.jpg,1,2,1,2,,reviewer_2,224,gt-diagnostic-v2::rk2_n15_gt::synth_0040::seed_000,synth_0040,0,rk2_n15_gt,small,comparable,227,1,0
item_ebb79dca24c1,head,unicorn,A dog at a mountain,A dog with unicorn head at a mountain,assets/source_ee57f3a3ed86.png,assets/item_ebb79dca24c1.jpg,0,2,1,2,,reviewer_2,225,gt-diagnostic-v2::rk2_gt::synth_0034::seed_000,synth_0034,0,rk2_gt,small,expansion,228,0,0
item_8bc00ec5c9d4,car hood,Destroyed,A full front facing view of BMW car at a parking lot,A full front facing view of BMW car with Destroyed car hood at a parking lot,assets/source_146c36946692.png,assets/item_8bc00ec5c9d4.jpg,2,1,2,2,,reviewer_2,226,gt-diagnostic-v2::endpoint_gt::synth_0053::seed_000,synth_0053,0,endpoint_gt,large,comparable,229,1,0
item_347017fb8c82,hair,Botticelli-Curls,A Portrait of boy at a street,A Portrait of boy with Botticelli-Curls hair at a street,assets/source_1efd8f28c69b.png,assets/item_347017fb8c82.jpg,2,2,2,2,,reviewer_2,227,gt-diagnostic-v2::rk2_gt::synth_0025::seed_000,synth_0025,0,rk2_gt,medium,comparable,230,1,1
item_a64bddad6785,torso,uniform,A alien at a school,A alien with uniform torso at a school,assets/source_4ad3086c4953.png,assets/item_a64bddad6785.jpg,2,1,2,2,,reviewer_2,228,gt-diagnostic-v2::rk2_gt::synth_0013::seed_000,synth_0013,0,rk2_gt,small,comparable,231,1,0
item_7f41ea506fef,torso,armor,A boy at a restaurant,A boy with armor torso at a restaurant,assets/source_cea0cb0755a1.png,assets/item_7f41ea506fef.jpg,2,2,2,2,,reviewer_2,229,gt-diagnostic-v2::rk2_gt::synth_0018::seed_000,synth_0018,0,rk2_gt,medium,comparable,232,1,1
item_5fc9a8cfa7e6,hair,blond,A Portrait of man at a beach,A Portrait of man with blond hair at a beach,assets/source_6ce9a1e568d3.png,assets/item_5fc9a8cfa7e6.jpg,2,2,2,2,,reviewer_2,230,gt-diagnostic-v2::rk2_n15_gt::synth_0023::seed_000,synth_0023,0,rk2_n15_gt,small,comparable,233,1,1
item_c5d9f5ceb906,torso,formal-suit,A robot at a restaurant,A robot with formal-suit torso at a restaurant,assets/source_2e6979609916.png,assets/item_c5d9f5ceb906.jpg,2,1,1,2,,reviewer_2,231,gt-diagnostic-v2::endpoint_auto::synth_0015::seed_000,synth_0015,0,endpoint_auto,large,comparable,234,1,0
item_78e0e37ccc1c,head,robot,A alien at a city,A alien with robot head at a city,assets/source_6094cd95fb45.png,assets/item_78e0e37ccc1c.jpg,2,1,2,2,,reviewer_2,232,gt-diagnostic-v2::rk2_gt::synth_0000::seed_000,synth_0000,0,rk2_gt,small,comparable,235,1,0
item_6508c47b0747,torso,batman,A robot at a school,A robot with batman torso at a school,assets/source_8bcbeeb53dd4.png,assets/item_6508c47b0747.jpg,2,1,2,2,,reviewer_2,233,gt-diagnostic-v2::rk2_auto::synth_0010::seed_000,synth_0010,0,rk2_auto,medium,comparable,236,1,0
item_f64cd2f31b8b,head,bear,A robot at a park,A robot with bear head at a park,assets/source_64fe128aaf52.png,assets/item_f64cd2f31b8b.jpg,2,2,2,2,,reviewer_2,234,gt-diagnostic-v2::endpoint_gt::synth_0002::seed_000,synth_0002,0,endpoint_gt,large,comparable,237,1,1
item_6cdd94234445,hair,Afro,A Portrait of boy at a beach,A Portrait of boy with Afro hair at a beach,assets/source_0038f682b22a.png,assets/item_6cdd94234445.jpg,2,2,2,2,,reviewer_2,235,gt-diagnostic-v2::rk2_n15_auto::synth_0021::seed_000,synth_0021,0,rk2_n15_auto,large,comparable,238,1,1
item_139f8095ed3c,head,dragon,A bear at a jungle,A bear with dragon head at a jungle,assets/source_a29b0df6a570.png,assets/item_139f8095ed3c.jpg,0,1,1,2,,reviewer_2,236,gt-diagnostic-v2::endpoint_gt::synth_0043::seed_000,synth_0043,0,endpoint_gt,small,expansion,239,0,0
item_587d129ab4cb,head,dragon,A cow at a restaurant,A cow with dragon head at a restaurant,assets/source_591f63abb2fa.png,assets/item_587d129ab4cb.jpg,0,1,1,2,,reviewer_2,237,gt-diagnostic-v2::endpoint_gt::synth_0028::seed_000,synth_0028,0,endpoint_gt,small,comparable,240,0,0
item_0dc84a7ff886,head,tiger,A bear at a pool,A bear with tiger head at a pool,assets/source_41c7b285ef4c.png,assets/item_0dc84a7ff886.jpg,1,1,1,2,,reviewer_2,238,gt-diagnostic-v2::rk2_gt::synth_0040::seed_000,synth_0040,0,rk2_gt,small,comparable,241,1,0
item_e79747b5c094,torso,formal-suit,A robot at a restaurant,A robot with formal-suit torso at a restaurant,assets/source_2e6979609916.png,assets/item_e79747b5c094.jpg,2,2,2,2,,reviewer_2,239,gt-diagnostic-v2::rk2_gt::synth_0015::seed_000,synth_0015,0,rk2_gt,large,comparable,242,1,1
item_1faacf7adce0,head,unicorn,A cow at a house,A cow with unicorn head at a house,assets/source_70a3202c4158.png,assets/item_1faacf7adce0.jpg,0,1,1,2,,reviewer_2,240,gt-diagnostic-v2::endpoint_gt::synth_0039::seed_000,synth_0039,0,endpoint_gt,small,expansion,243,0,0
item_84e05028ed77,hair,Wavy,A Portrait of girl at a forest,A Portrait of girl with Wavy hair at a forest,assets/source_53e8e39bcf1e.png,assets/item_84e05028ed77.jpg,2,1,2,2,,reviewer_2,241,gt-diagnostic-v2::rk2_auto::synth_0019::seed_000,synth_0019,0,rk2_auto,medium,comparable,244,1,0
item_dacc1ec04b78,car hood,Graffiti,A full front facing view of Toyota car at a parking lot,A full front facing view of Toyota car with Graffiti car hood at a parking lot,assets/source_d13dfe80a435.png,assets/item_dacc1ec04b78.jpg,2,1,2,2,,reviewer_2,242,gt-diagnostic-v2::rk2_gt::synth_0055::seed_000,synth_0055,0,rk2_gt,large,comparable,245,1,0
item_01390b551ba6,head,cheetah,A cat at a museum,A cat with cheetah head at a museum,assets/source_f3d1d79f0351.png,assets/item_01390b551ba6.jpg,2,2,2,2,,reviewer_2,243,gt-diagnostic-v2::endpoint_auto::synth_0035::seed_000,synth_0035,0,endpoint_auto,small,expansion,246,1,1
item_be142a48debe,head,alien,A robot at a park,A robot with alien head at a park,assets/source_f388d78833d6.png,assets/item_be142a48debe.jpg,2,1,2,2,,reviewer_2,244,gt-diagnostic-v2::endpoint_gt::synth_0008::seed_000,synth_0008,0,endpoint_gt,small,comparable,247,1,0
item_8f5a43426598,head,robot,A alien at a city,A alien with robot head at a city,assets/source_6094cd95fb45.png,assets/item_8f5a43426598.jpg,2,1,2,2,,reviewer_2,245,gt-diagnostic-v2::rk2_auto::synth_0000::seed_000,synth_0000,0,rk2_auto,small,comparable,248,1,0
item_f934b932586a,hair,Curls,A Portrait of boy at a park,A Portrait of boy with Curls hair at a park,assets/source_b4d7f2d52a43.png,assets/item_f934b932586a.jpg,2,2,2,2,,reviewer_2,246,gt-diagnostic-v2::endpoint_gt::synth_0020::seed_000,synth_0020,0,endpoint_gt,large,comparable,250,1,1
item_a5f6b7af6658,torso,spiderman,A robot at a museum,A robot with spiderman torso at a museum,assets/source_63f2eb2cd129.png,assets/item_a5f6b7af6658.jpg,2,1,2,2,,reviewer_2,247,gt-diagnostic-v2::rk2_auto::synth_0011::seed_000,synth_0011,0,rk2_auto,small,comparable,251,1,0
item_609f760d70ce,head,cat,A dog at a restaurant,A dog with cat head at a restaurant,assets/source_ca463355e687.png,assets/item_609f760d70ce.jpg,0,1,2,2,,reviewer_2,248,gt-diagnostic-v2::rk2_n15_gt::synth_0033::seed_000,synth_0033,0,rk2_n15_gt,medium,comparable,252,0,0
item_85ffc501a7a2,head,robot,A man at a gym,A man with robot head at a gym,assets/source_9db278f7152f.png,assets/item_85ffc501a7a2.jpg,2,1,2,2,,reviewer_2,249,gt-diagnostic-v2::endpoint_gt::synth_0005::seed_000,synth_0005,0,endpoint_gt,medium,comparable,253,1,0
item_c3f67cccfb6e,torso,robotic-parts,A dinosaur at a museum,A dinosaur with robotic-parts torso at a museum,assets/source_1e3c08a912fe.png,assets/item_c3f67cccfb6e.jpg,2,2,2,2,,reviewer_2,250,gt-diagnostic-v2::rk2_n15_auto::synth_0017::seed_000,synth_0017,0,rk2_n15_auto,large,comparable,254,1,1
item_3865fcc118cf,head,bear,A alien at a museum,A alien with bear head at a museum,assets/source_30f9afb55b24.png,assets/item_3865fcc118cf.jpg,0,1,2,2,,reviewer_2,251,gt-diagnostic-v2::endpoint_gt::synth_0009::seed_000,synth_0009,0,endpoint_gt,large,comparable,256,0,0
item_818cda787e35,car body,futuristic,A sedan at a parking lot,A sedan with futuristic car body at a parking lot,assets/source_ef3648f18171.png,assets/item_818cda787e35.jpg,2,2,2,2,,reviewer_2,252,gt-diagnostic-v2::endpoint_gt::synth_0047::seed_000,synth_0047,0,endpoint_gt,large,comparable,257,1,1
item_a57db52af566,torso,armor,A boy at a restaurant,A boy with armor torso at a restaurant,assets/source_cea0cb0755a1.png,assets/item_a57db52af566.jpg,2,2,2,2,,reviewer_2,253,gt-diagnostic-v2::rk2_n15_auto::synth_0018::seed_000,synth_0018,0,rk2_n15_auto,medium,comparable,258,1,1
item_7b7975cfe8a2,hair,Wavy,A Portrait of girl at a forest,A Portrait of girl with Wavy hair at a forest,assets/source_53e8e39bcf1e.png,assets/item_7b7975cfe8a2.jpg,2,1,2,2,,reviewer_2,254,gt-diagnostic-v2::endpoint_auto::synth_0019::seed_000,synth_0019,0,endpoint_auto,medium,comparable,259,1,0
item_ead20ddd39b9,torso,armor,A boy at a restaurant,A boy with armor torso at a restaurant,assets/source_cea0cb0755a1.png,assets/item_ead20ddd39b9.jpg,2,2,2,2,,reviewer_2,255,gt-diagnostic-v2::rk2_n15_gt::synth_0018::seed_000,synth_0018,0,rk2_n15_gt,medium,comparable,260,1,1
item_bd00ca6baf76,head,dragon,A cat at a desert,A cat with dragon head at a desert,assets/source_bb5f44e8a25b.png,assets/item_bd00ca6baf76.jpg,0,2,1,2,,reviewer_2,256,gt-diagnostic-v2::endpoint_gt::synth_0032::seed_000,synth_0032,0,endpoint_gt,small,expansion,261,0,0
item_58d7dbcd672a,car body,rusted,A classic-car at a suburban road,A classic-car with rusted car body at a suburban road,assets/source_a90c17d919ed.png,assets/item_58d7dbcd672a.jpg,2,1,2,2,,reviewer_2,257,gt-diagnostic-v2::rk2_n15_gt::synth_0048::seed_000,synth_0048,0,rk2_n15_gt,large,comparable,262,1,0
item_f3b905625223,car body,rusted,A classic-car at a suburban road,A classic-car with rusted car body at a suburban road,assets/source_a90c17d919ed.png,assets/item_f3b905625223.jpg,2,1,2,2,,reviewer_2,258,gt-diagnostic-v2::endpoint_auto::synth_0048::seed_000,synth_0048,0,endpoint_auto,large,comparable,263,1,0
item_d030b5c06a44,head,tattooed,A robot at a office,A robot with tattooed head at a office,assets/source_1e365ebd5ac6.png,assets/item_d030b5c06a44.jpg,1,2,1,2,,reviewer_2,259,gt-diagnostic-v2::rk2_n15_gt::synth_0004::seed_000,synth_0004,0,rk2_n15_gt,medium,comparable,264,1,0
item_9b23df2a0dd9,car hood,black,A racing-car at a highway,A racing-car with black car hood at a highway,assets/source_af6b5e577958.png,assets/item_9b23df2a0dd9.jpg,2,1,2,2,,reviewer_2,260,gt-diagnostic-v2::rk2_auto::synth_0050::seed_000,synth_0050,0,rk2_auto,small,comparable,265,1,0
item_63e5a65b0294,head,robot,A girl at a beach,A girl with robot head at a beach,assets/source_eddd21d6a1c2.png,assets/item_63e5a65b0294.jpg,0,1,1,2,,reviewer_2,261,gt-diagnostic-v2::rk2_gt::synth_0006::seed_000,synth_0006,0,rk2_gt,small,comparable,266,0,0
item_034ae559dc49,head,dragon,A horse at a zoo,A horse with dragon head at a zoo,assets/source_dbfa710ac399.png,assets/item_034ae559dc49.jpg,1,2,1,2,,reviewer_2,262,gt-diagnostic-v2::rk2_n15_gt::synth_0038::seed_000,synth_0038,0,rk2_n15_gt,large,expansion,267,1,0
item_df6c31073cad,torso,spiderman,A robot at a museum,A robot with spiderman torso at a museum,assets/source_7e6e7b988446.png,assets/item_df6c31073cad.jpg,2,0,1,2,,reviewer_2,263,gt-diagnostic-v2::endpoint_auto::synth_0012::seed_000,synth_0012,0,endpoint_auto,large,comparable,268,0,0
item_62530eb38315,head,lion,A bear at a zoo,A bear with lion head at a zoo,assets/source_1d46ca4f754d.png,assets/item_62530eb38315.jpg,2,2,2,2,,reviewer_2,264,gt-diagnostic-v2::endpoint_gt::synth_0036::seed_000,synth_0036,0,endpoint_gt,medium,comparable,269,1,1
item_f4dce100b9bd,car body,armored,A luxury-car at a mountain road,A luxury-car with armored car body at a mountain road,assets/source_4a1c085cfce4.png,assets/item_f4dce100b9bd.jpg,1,1,1,2,,reviewer_2,265,gt-diagnostic-v2::rk2_auto::synth_0046::seed_000,synth_0046,0,rk2_auto,large,comparable,270,1,0
item_ef89904ee62d,head,dragon,A cat at a desert,A cat with dragon head at a desert,assets/source_bb5f44e8a25b.png,assets/item_ef89904ee62d.jpg,1,2,1,2,,reviewer_2,266,gt-diagnostic-v2::rk2_gt::synth_0032::seed_000,synth_0032,0,rk2_gt,small,expansion,271,1,0
item_26e82c303bb6,seat,fabric,A closeup leather chair at a apartment,A closeup leather chair with fabric seat at a apartment,assets/source_278976611c82.png,assets/item_26e82c303bb6.jpg,2,2,2,2,,reviewer_2,267,gt-diagnostic-v2::rk2_auto::synth_0056::seed_000,synth_0056,0,rk2_auto,medium,comparable,272,1,1
item_57f450d1c29a,car hood,Digital-Camouflage,A full front facing view of racing car at a parking lot,A full front facing view of racing car with Digital-Camouflage car hood at a parking lot,assets/source_073b896945b5.png,assets/item_57f450d1c29a.jpg,2,2,2,2,,reviewer_2,268,gt-diagnostic-v2::rk2_gt::synth_0052::seed_000,synth_0052,0,rk2_gt,medium,comparable,273,1,1
item_b415894c97be,seat,wooden,A closeup leather chair at a classroom,A closeup leather chair with wooden seat at a classroom,assets/source_bda38536db22.png,assets/item_b415894c97be.jpg,1,2,1,2,,reviewer_2,269,gt-diagnostic-v2::rk2_gt::synth_0059::seed_000,synth_0059,0,rk2_gt,medium,comparable,274,1,0
item_c55f5c9cd7df,head,bear,A robot at a school,A robot with bear head at a school,assets/source_5bd8b0acdbd5.png,assets/item_c55f5c9cd7df.jpg,2,2,2,2,,reviewer_2,270,gt-diagnostic-v2::rk2_n15_gt::synth_0001::seed_000,synth_0001,0,rk2_n15_gt,medium,comparable,275,1,1
item_8075913e60b2,hair,Curley,A Portrait of girl at a mountain,A Portrait of girl with Curley hair at a mountain,assets/source_c6abd9790d67.png,assets/item_8075913e60b2.jpg,2,2,2,2,,reviewer_2,271,gt-diagnostic-v2::rk2_n15_gt::synth_0024::seed_000,synth_0024,0,rk2_n15_gt,large,expansion,276,1,1
item_2d5b5c13a846,torso,spiderman,A robot at a museum,A robot with spiderman torso at a museum,assets/source_7e6e7b988446.png,assets/item_2d5b5c13a846.jpg,2,1,1,2,,reviewer_2,272,gt-diagnostic-v2::rk2_gt::synth_0012::seed_000,synth_0012,0,rk2_gt,large,comparable,277,1,0
item_5024411a5cfd,car body,futuristic,A sedan at a parking lot,A sedan with futuristic car body at a parking lot,assets/source_ef3648f18171.png,assets/item_5024411a5cfd.jpg,2,1,1,2,,reviewer_2,273,gt-diagnostic-v2::rk2_auto::synth_0047::seed_000,synth_0047,0,rk2_auto,large,comparable,278,1,0
item_895df74f6cdc,head,dragon,A horse at a jungle,A horse with dragon head at a jungle,assets/source_2b822a970173.png,assets/item_895df74f6cdc.jpg,0,1,1,2,,reviewer_2,274,gt-diagnostic-v2::endpoint_gt::synth_0031::seed_000,synth_0031,0,endpoint_gt,medium,expansion,279,0,0
item_d5bdf95b6f82,car body,neon-lit,A classic-car at a suburban road,A classic-car with neon-lit car body at a suburban road,assets/source_3ae69c2a9e97.png,assets/item_d5bdf95b6f82.jpg,2,1,2,2,,reviewer_2,275,gt-diagnostic-v2::endpoint_auto::synth_0049::seed_000,synth_0049,0,endpoint_auto,large,comparable,280,1,0
item_243de2efe92c,torso,uniform,A alien at a school,A alien with uniform torso at a school,assets/source_4ad3086c4953.png,assets/item_243de2efe92c.jpg,2,1,2,2,,reviewer_2,276,gt-diagnostic-v2::endpoint_auto::synth_0013::seed_000,synth_0013,0,endpoint_auto,small,comparable,281,1,0
item_167108f12d0f,torso,spiderman,A robot at a museum,A robot with spiderman torso at a museum,assets/source_63f2eb2cd129.png,assets/item_167108f12d0f.jpg,2,2,2,2,,reviewer_2,277,gt-diagnostic-v2::rk2_n15_gt::synth_0011::seed_000,synth_0011,0,rk2_n15_gt,small,comparable,282,1,1
item_f368cd017afa,head,cat,A dog at a restaurant,A dog with cat head at a restaurant,assets/source_ca463355e687.png,assets/item_f368cd017afa.jpg,0,1,1,2,,reviewer_2,278,gt-diagnostic-v2::rk2_auto::synth_0033::seed_000,synth_0033,0,rk2_auto,medium,comparable,283,0,0
item_12fb9b06b6a7,head,robot,A alien at a museum,A alien with robot head at a museum,assets/source_0776f3ccf0e9.png,assets/item_12fb9b06b6a7.jpg,2,1,2,2,,reviewer_2,279,gt-diagnostic-v2::rk2_auto::synth_0003::seed_000,synth_0003,0,rk2_auto,large,comparable,284,1,0
item_e20c050475d4,car body,armored,A luxury-car at a mountain road,A luxury-car with armored car body at a mountain road,assets/source_4a1c085cfce4.png,assets/item_e20c050475d4.jpg,0,1,1,2,,reviewer_2,280,gt-diagnostic-v2::endpoint_auto::synth_0046::seed_000,synth_0046,0,endpoint_auto,large,comparable,285,0,0
item_1478e290a2de,car hood,black,A racing-car at a highway,A racing-car with black car hood at a highway,assets/source_af6b5e577958.png,assets/item_1478e290a2de.jpg,2,2,2,2,,reviewer_2,281,gt-diagnostic-v2::rk2_n15_gt::synth_0050::seed_000,synth_0050,0,rk2_n15_gt,small,comparable,286,1,1
item_1e1c5ae606cb,head,unicorn,A dog at a mountain,A dog with unicorn head at a mountain,assets/source_ee57f3a3ed86.png,assets/item_1e1c5ae606cb.jpg,0,2,1,2,,reviewer_2,282,gt-diagnostic-v2::endpoint_gt::synth_0034::seed_000,synth_0034,0,endpoint_gt,small,expansion,287,0,0
item_faea4365fcb0,seat,rusted,A closeup folding chair at a classroom,A closeup folding chair with rusted seat at a classroom,assets/source_97eab3ccdecd.png,assets/item_faea4365fcb0.jpg,1,2,2,2,,reviewer_2,283,gt-diagnostic-v2::rk2_n15_auto::synth_0058::seed_000,synth_0058,0,rk2_n15_auto,medium,comparable,288,1,0
item_0f3fbafabb17,seat,wooden,A closeup leather chair at a classroom,A closeup leather chair with wooden seat at a classroom,assets/source_bda38536db22.png,assets/item_0f3fbafabb17.jpg,0,2,1,2,,reviewer_2,284,gt-diagnostic-v2::rk2_auto::synth_0059::seed_000,synth_0059,0,rk2_auto,medium,comparable,289,0,0
item_6afa23545389,seat,plastic,A closeup soft chair at a photo studio,A closeup soft chair with plastic seat at a photo studio,assets/source_b25f9980445d.png,assets/item_6afa23545389.jpg,2,1,2,2,,reviewer_2,285,gt-diagnostic-v2::rk2_auto::synth_0057::seed_000,synth_0057,0,rk2_auto,large,comparable,290,1,0
item_ff07af32a9af,head,alien,A robot at a park,A robot with alien head at a park,assets/source_f388d78833d6.png,assets/item_ff07af32a9af.jpg,2,1,2,2,,reviewer_2,286,gt-diagnostic-v2::rk2_gt::synth_0008::seed_000,synth_0008,0,rk2_gt,small,comparable,291,1,0
item_903b9e1ecfa2,head,robot,A girl at a beach,A girl with robot head at a beach,assets/source_eddd21d6a1c2.png,assets/item_903b9e1ecfa2.jpg,0,2,1,2,,reviewer_2,287,gt-diagnostic-v2::rk2_n15_auto::synth_0006::seed_000,synth_0006,0,rk2_n15_auto,small,comparable,292,0,0
item_27e5b5075481,torso,batman,A robot at a school,A robot with batman torso at a school,assets/source_8bcbeeb53dd4.png,assets/item_27e5b5075481.jpg,2,1,2,2,,reviewer_2,288,gt-diagnostic-v2::rk2_n15_auto::synth_0010::seed_000,synth_0010,0,rk2_n15_auto,medium,comparable,293,1,0
item_13d4d9aafcd2,car body,armored,A luxury-car at a mountain road,A luxury-car with armored car body at a mountain road,assets/source_4a1c085cfce4.png,assets/item_13d4d9aafcd2.jpg,0,2,1,2,,reviewer_2,289,gt-diagnostic-v2::rk2_n15_auto::synth_0046::seed_000,synth_0046,0,rk2_n15_auto,large,comparable,294,0,0
item_6423f637ba82,hair,Botticelli-Curls,A Portrait of boy at a street,A Portrait of boy with Botticelli-Curls hair at a street,assets/source_1efd8f28c69b.png,assets/item_6423f637ba82.jpg,2,2,2,2,,reviewer_2,290,gt-diagnostic-v2::endpoint_gt::synth_0025::seed_000,synth_0025,0,endpoint_gt,medium,comparable,295,1,1
item_32024ae33a3a,head,robot,A alien at a city,A alien with robot head at a city,assets/source_6094cd95fb45.png,assets/item_32024ae33a3a.jpg,2,2,2,2,,reviewer_2,291,gt-diagnostic-v2::rk2_n15_gt::synth_0000::seed_000,synth_0000,0,rk2_n15_gt,small,comparable,296,1,1
item_f6f477ae4ec9,torso,armor,A girl at a stadium,A girl with armor torso at a stadium,assets/source_05f0e921e87d.png,assets/item_f6f477ae4ec9.jpg,2,2,2,2,,reviewer_2,292,gt-diagnostic-v2::rk2_gt::synth_0016::seed_000,synth_0016,0,rk2_gt,large,comparable,297,1,1
item_c2f2b4e79c89,head,alien,A robot at a park,A robot with alien head at a park,assets/source_f388d78833d6.png,assets/item_c2f2b4e79c89.jpg,2,2,2,2,,reviewer_2,293,gt-diagnostic-v2::rk2_n15_gt::synth_0008::seed_000,synth_0008,0,rk2_n15_gt,small,comparable,298,1,1
item_2fa974c05214,head,tattooed,A robot at a office,A robot with tattooed head at a office,assets/source_1e365ebd5ac6.png,assets/item_2fa974c05214.jpg,1,1,1,2,,reviewer_2,294,gt-diagnostic-v2::endpoint_auto::synth_0004::seed_000,synth_0004,0,endpoint_auto,medium,comparable,299,1,0
item_860a6c6c0532,head,dragon,A horse at a zoo,A horse with dragon head at a zoo,assets/source_dbfa710ac399.png,assets/item_860a6c6c0532.jpg,1,2,1,2,,reviewer_2,295,gt-diagnostic-v2::endpoint_gt::synth_0038::seed_000,synth_0038,0,endpoint_gt,large,expansion,300,1,0
item_9aad80aaa232,car hood,Digital-Camouflage,A full front facing view of racing car at a parking lot,A full front facing view of racing car with Digital-Camouflage car hood at a parking lot,assets/source_073b896945b5.png,assets/item_9aad80aaa232.jpg,2,2,2,2,,reviewer_2,296,gt-diagnostic-v2::endpoint_gt::synth_0052::seed_000,synth_0052,0,endpoint_gt,medium,comparable,301,1,1
item_90b67861cb9e,torso,formal-suit,A robot at a restaurant,A robot with formal-suit torso at a restaurant,assets/source_2e6979609916.png,assets/item_90b67861cb9e.jpg,2,2,2,2,,reviewer_2,297,gt-diagnostic-v2::rk2_n15_gt::synth_0015::seed_000,synth_0015,0,rk2_n15_gt,large,comparable,302,1,1
item_3959f5ce28e5,car body,neon-lit,A classic-car at a suburban road,A classic-car with neon-lit car body at a suburban road,assets/source_3ae69c2a9e97.png,assets/item_3959f5ce28e5.jpg,2,2,2,2,,reviewer_2,298,gt-diagnostic-v2::rk2_n15_auto::synth_0049::seed_000,synth_0049,0,rk2_n15_auto,large,comparable,303,1,1
item_2d3c91fff4bb,head,lion,A dog at a pool,A dog with lion head at a pool,assets/source_fc07bb02f53f.png,assets/item_2d3c91fff4bb.jpg,0,1,1,2,,reviewer_2,299,gt-diagnostic-v2::rk2_gt::synth_0029::seed_000,synth_0029,0,rk2_gt,small,expansion,304,0,0
item_37901484d65e,head,lion,A dog at a pool,A dog with lion head at a pool,assets/source_fc07bb02f53f.png,assets/item_37901484d65e.jpg,1,1,1,2,,reviewer_2,300,gt-diagnostic-v2::rk2_auto::synth_0029::seed_000,synth_0029,0,rk2_auto,small,expansion,305,1,0
item_53c567c130f7,car body,futuristic,A sedan at a parking lot,A sedan with futuristic car body at a parking lot,assets/source_ef3648f18171.png,assets/item_53c567c130f7.jpg,2,1,1,2,,reviewer_2,301,gt-diagnostic-v2::rk2_gt::synth_0047::seed_000,synth_0047,0,rk2_gt,large,comparable,306,1,0
item_c9392c4be750,head,lion,A bear at a zoo,A bear with lion head at a zoo,assets/source_b8ba5e41ea31.png,assets/item_c9392c4be750.jpg,0,2,1,2,,reviewer_2,302,gt-diagnostic-v2::rk2_n15_auto::synth_0044::seed_000,synth_0044,0,rk2_n15_auto,large,comparable,307,0,0
item_f8af31f0ac8f,head,dragon,A cat at a desert,A cat with dragon head at a desert,assets/source_bb5f44e8a25b.png,assets/item_f8af31f0ac8f.jpg,1,2,1,2,,reviewer_2,303,gt-diagnostic-v2::rk2_n15_gt::synth_0032::seed_000,synth_0032,0,rk2_n15_gt,small,expansion,308,1,0
item_65d71112982b,hair,Curley,A Portrait of girl at a mountain,A Portrait of girl with Curley hair at a mountain,assets/source_c6abd9790d67.png,assets/item_65d71112982b.jpg,2,2,2,2,,reviewer_2,304,gt-diagnostic-v2::endpoint_auto::synth_0024::seed_000,synth_0024,0,endpoint_auto,large,expansion,309,1,1
item_8ad504a27d03,car hood,Rusty,A full front facing view of Porsche car at a road,A full front facing view of Porsche car with Rusty car hood at a road,assets/source_7e515b8abb95.png,assets/item_8ad504a27d03.jpg,2,1,2,2,,reviewer_2,305,gt-diagnostic-v2::rk2_gt::synth_0054::seed_000,synth_0054,0,rk2_gt,small,comparable,310,1,0
item_38771a281dae,head,robot,A alien at a school,A alien with robot head at a school,assets/source_26285f2b90f2.png,assets/item_38771a281dae.jpg,2,1,2,2,,reviewer_2,306,gt-diagnostic-v2::rk2_gt::synth_0007::seed_000,synth_0007,0,rk2_gt,medium,comparable,311,1,0
item_8fcd4f919f82,car hood,black,A racing-car at a highway,A racing-car with black car hood at a highway,assets/source_af6b5e577958.png,assets/item_8fcd4f919f82.jpg,2,1,2,2,,reviewer_2,307,gt-diagnostic-v2::rk2_gt::synth_0050::seed_000,synth_0050,0,rk2_gt,small,comparable,312,1,0
item_56613364ed52,hair,Curley,A Portrait of girl at a mountain,A Portrait of girl with Curley hair at a mountain,assets/source_c6abd9790d67.png,assets/item_56613364ed52.jpg,2,2,2,2,,reviewer_2,308,gt-diagnostic-v2::endpoint_gt::synth_0024::seed_000,synth_0024,0,endpoint_gt,large,expansion,313,1,1
item_1ec2a7d5a314,head,tattooed,A robot at a office,A robot with tattooed head at a office,assets/source_1e365ebd5ac6.png,assets/item_1ec2a7d5a314.jpg,2,1,1,2,,reviewer_2,309,gt-diagnostic-v2::endpoint_gt::synth_0004::seed_000,synth_0004,0,endpoint_gt,medium,comparable,314,1,0
item_8dcf6e54ca66,head,bear,A robot at a park,A robot with bear head at a park,assets/source_64fe128aaf52.png,assets/item_8dcf6e54ca66.jpg,2,2,2,2,,reviewer_2,310,gt-diagnostic-v2::rk2_n15_gt::synth_0002::seed_000,synth_0002,0,rk2_n15_gt,large,comparable,315,1,1
item_16fa9120092c,seat,rusted,A closeup folding chair at a classroom,A closeup folding chair with rusted seat at a classroom,assets/source_97eab3ccdecd.png,assets/item_16fa9120092c.jpg,2,2,2,2,,reviewer_2,311,gt-diagnostic-v2::endpoint_gt::synth_0058::seed_000,synth_0058,0,endpoint_gt,medium,comparable,316,1,1
item_02e68d8eb5ae,head,cheetah,A cat at a museum,A cat with cheetah head at a museum,assets/source_f3d1d79f0351.png,assets/item_02e68d8eb5ae.jpg,1,1,1,2,,reviewer_2,312,gt-diagnostic-v2::endpoint_gt::synth_0035::seed_000,synth_0035,0,endpoint_gt,small,expansion,317,1,0
item_6f935f10f34e,car body,rusted,A classic-car at a suburban road,A classic-car with rusted car body at a suburban road,assets/source_a90c17d919ed.png,assets/item_6f935f10f34e.jpg,2,1,1,2,,reviewer_2,313,gt-diagnostic-v2::rk2_auto::synth_0048::seed_000,synth_0048,0,rk2_auto,large,comparable,318,1,0
item_fcff6e7f39c1,head,panda,A dog at a store,A dog with panda head at a store,assets/source_de70faeee4dc.png,assets/item_fcff6e7f39c1.jpg,2,2,2,2,,reviewer_2,314,gt-diagnostic-v2::endpoint_auto::synth_0045::seed_000,synth_0045,0,endpoint_auto,medium,expansion,319,1,1
item_1f605579335b,torso,robotic-parts,A dinosaur at a museum,A dinosaur with robotic-parts torso at a museum,assets/source_1e3c08a912fe.png,assets/item_1f605579335b.jpg,2,1,2,2,,reviewer_2,315,gt-diagnostic-v2::endpoint_gt::synth_0017::seed_000,synth_0017,0,endpoint_gt,large,comparable,320,1,0
item_e420aa634425,torso,batman,A robot at a school,A robot with batman torso at a school,assets/source_8bcbeeb53dd4.png,assets/item_e420aa634425.jpg,2,1,2,2,,reviewer_2,316,gt-diagnostic-v2::rk2_gt::synth_0010::seed_000,synth_0010,0,rk2_gt,medium,comparable,321,1,0
item_bf53ba3ec8e8,torso,armor,A girl at a stadium,A girl with armor torso at a stadium,assets/source_05f0e921e87d.png,assets/item_bf53ba3ec8e8.jpg,2,1,1,2,,reviewer_2,317,gt-diagnostic-v2::endpoint_auto::synth_0016::seed_000,synth_0016,0,endpoint_auto,large,comparable,322,1,0
item_c20b08d53e90,head,dragon,A cow at a restaurant,A cow with dragon head at a restaurant,assets/source_591f63abb2fa.png,assets/item_c20b08d53e90.jpg,0,1,1,2,,reviewer_2,318,gt-diagnostic-v2::rk2_gt::synth_0028::seed_000,synth_0028,0,rk2_gt,small,comparable,323,0,0
item_188b0c2170ca,hair,Wavy,A Portrait of girl at a forest,A Portrait of girl with Wavy hair at a forest,assets/source_53e8e39bcf1e.png,assets/item_188b0c2170ca.jpg,2,2,2,2,,reviewer_2,319,gt-diagnostic-v2::rk2_gt::synth_0019::seed_000,synth_0019,0,rk2_gt,medium,comparable,324,1,1
item_27f6ffafb8f7,head,dragon,A horse at a zoo,A horse with dragon head at a zoo,assets/source_dbfa710ac399.png,assets/item_27f6ffafb8f7.jpg,1,2,1,2,,reviewer_2,320,gt-diagnostic-v2::rk2_gt::synth_0038::seed_000,synth_0038,0,rk2_gt,large,expansion,325,1,0
item_ab474d4ea707,head,panda,A cat at a mountain,A cat with panda head at a mountain,assets/source_dd35579b4d43.png,assets/item_ab474d4ea707.jpg,1,2,1,2,,reviewer_2,321,gt-diagnostic-v2::rk2_n15_gt::synth_0041::seed_000,synth_0041,0,rk2_n15_gt,medium,expansion,326,1,0
item_7f009afbc03f,head,unicorn,A dog at a mountain,A dog with unicorn head at a mountain,assets/source_ee57f3a3ed86.png,assets/item_7f009afbc03f.jpg,0,2,1,2,,reviewer_2,322,gt-diagnostic-v2::rk2_n15_auto::synth_0034::seed_000,synth_0034,0,rk2_n15_auto,small,expansion,327,0,0
item_cf3ed229deca,head,lion,A bear at a zoo,A bear with lion head at a zoo,assets/source_1d46ca4f754d.png,assets/item_cf3ed229deca.jpg,0,2,1,2,,reviewer_2,323,gt-diagnostic-v2::rk2_n15_auto::synth_0036::seed_000,synth_0036,0,rk2_n15_auto,medium,comparable,329,0,0
item_e16476ceb45b,seat,fabric,A closeup leather chair at a apartment,A closeup leather chair with fabric seat at a apartment,assets/source_278976611c82.png,assets/item_e16476ceb45b.jpg,1,2,2,2,,reviewer_2,324,gt-diagnostic-v2::rk2_n15_auto::synth_0056::seed_000,synth_0056,0,rk2_n15_auto,medium,comparable,330,1,0
item_9f6ae08243e1,hair,Afro,A Portrait of boy at a beach,A Portrait of boy with Afro hair at a beach,assets/source_0038f682b22a.png,assets/item_9f6ae08243e1.jpg,2,1,2,2,,reviewer_2,325,gt-diagnostic-v2::rk2_gt::synth_0021::seed_000,synth_0021,0,rk2_gt,large,comparable,331,1,0
item_1ba967993152,hair,Botticelli-Curls,A Portrait of boy at a street,A Portrait of boy with Botticelli-Curls hair at a street,assets/source_1efd8f28c69b.png,assets/item_1ba967993152.jpg,2,2,2,2,,reviewer_2,326,gt-diagnostic-v2::rk2_n15_gt::synth_0025::seed_000,synth_0025,0,rk2_n15_gt,medium,comparable,332,1,1
item_81fcd7db705b,hair,Curley,A Portrait of girl at a mountain,A Portrait of girl with Curley hair at a mountain,assets/source_c6abd9790d67.png,assets/item_81fcd7db705b.jpg,2,2,2,2,,reviewer_2,327,gt-diagnostic-v2::rk2_auto::synth_0024::seed_000,synth_0024,0,rk2_auto,large,expansion,333,1,1
item_fc3933b48fe5,hair,blond,A Portrait of man at a beach,A Portrait of man with blond hair at a beach,assets/source_6ce9a1e568d3.png,assets/item_fc3933b48fe5.jpg,2,1,1,2,,reviewer_2,328,gt-diagnostic-v2::endpoint_auto::synth_0023::seed_000,synth_0023,0,endpoint_auto,small,comparable,334,1,0
item_3ce36dcacd9c,head,bear,A robot at a school,A robot with bear head at a school,assets/source_5bd8b0acdbd5.png,assets/item_3ce36dcacd9c.jpg,2,1,2,2,,reviewer_2,329,gt-diagnostic-v2::rk2_n15_auto::synth_0001::seed_000,synth_0001,0,rk2_n15_auto,medium,comparable,335,1,0
item_e9a23675d8a0,hair,Afro,A Portrait of boy at a beach,A Portrait of boy with Afro hair at a beach,assets/source_0038f682b22a.png,assets/item_e9a23675d8a0.jpg,2,1,1,2,,reviewer_2,330,gt-diagnostic-v2::rk2_auto::synth_0021::seed_000,synth_0021,0,rk2_auto,large,comparable,336,1,0
item_98608c53035b,head,cheetah,A panda at a school,A panda with cheetah head at a school,assets/source_3506d9604bf8.png,assets/item_98608c53035b.jpg,0,1,1,2,,reviewer_2,331,gt-diagnostic-v2::endpoint_auto::synth_0042::seed_000,synth_0042,0,endpoint_auto,medium,comparable,337,0,0
item_ddf7968ee8d9,hair,Curls,A Portrait of woman at a school,A Portrait of woman with Curls hair at a school,assets/source_8a5f145d5ed6.png,assets/item_ddf7968ee8d9.jpg,2,1,2,2,,reviewer_2,332,gt-diagnostic-v2::endpoint_gt::synth_0027::seed_000,synth_0027,0,endpoint_gt,large,comparable,338,1,0
item_03776bed4827,car body,neon-lit,A classic-car at a suburban road,A classic-car with neon-lit car body at a suburban road,assets/source_3ae69c2a9e97.png,assets/item_03776bed4827.jpg,2,2,2,2,,reviewer_2,333,gt-diagnostic-v2::endpoint_gt::synth_0049::seed_000,synth_0049,0,endpoint_gt,large,comparable,339,1,1
item_cf441cdd12ef,hair,Curls,A Portrait of woman at a school,A Portrait of woman with Curls hair at a school,assets/source_8a5f145d5ed6.png,assets/item_cf441cdd12ef.jpg,2,2,2,2,,reviewer_2,334,gt-diagnostic-v2::rk2_n15_gt::synth_0027::seed_000,synth_0027,0,rk2_n15_gt,large,comparable,340,1,1
item_9e86b152216f,head,cheetah,A cat at a museum,A cat with cheetah head at a museum,assets/source_f3d1d79f0351.png,assets/item_9e86b152216f.jpg,1,1,1,2,,reviewer_2,335,gt-diagnostic-v2::rk2_auto::synth_0035::seed_000,synth_0035,0,rk2_auto,small,expansion,341,1,0
item_95bf3936e4f6,hair,Curley,A Portrait of girl at a mountain,A Portrait of girl with Curley hair at a mountain,assets/source_c6abd9790d67.png,assets/item_95bf3936e4f6.jpg,2,2,2,2,,reviewer_2,336,gt-diagnostic-v2::rk2_n15_auto::synth_0024::seed_000,synth_0024,0,rk2_n15_auto,large,expansion,342,1,1
item_5cc2c3ba9dc0,head,dragon,A cat at a desert,A cat with dragon head at a desert,assets/source_bb5f44e8a25b.png,assets/item_5cc2c3ba9dc0.jpg,1,2,1,2,,reviewer_2,337,gt-diagnostic-v2::endpoint_auto::synth_0032::seed_000,synth_0032,0,endpoint_auto,small,expansion,343,1,0
item_c0da229cb879,head,dragon,A cat at a desert,A cat with dragon head at a desert,assets/source_bb5f44e8a25b.png,assets/item_c0da229cb879.jpg,1,2,1,2,,reviewer_2,338,gt-diagnostic-v2::rk2_n15_auto::synth_0032::seed_000,synth_0032,0,rk2_n15_auto,small,expansion,344,1,0
item_07b238c165dc,head,tiger,A bear at a pool,A bear with tiger head at a pool,assets/source_41c7b285ef4c.png,assets/item_07b238c165dc.jpg,1,1,1,2,,reviewer_2,339,gt-diagnostic-v2::endpoint_auto::synth_0040::seed_000,synth_0040,0,endpoint_auto,small,comparable,345,1,0
item_5d959255efc0,head,robot,A man at a gym,A man with robot head at a gym,assets/source_9db278f7152f.png,assets/item_5d959255efc0.jpg,2,1,2,2,,reviewer_2,340,gt-diagnostic-v2::rk2_gt::synth_0005::seed_000,synth_0005,0,rk2_gt,medium,comparable,346,1,0
item_edd1051417fb,torso,spiderman,A robot at a museum,A robot with spiderman torso at a museum,assets/source_63f2eb2cd129.png,assets/item_edd1051417fb.jpg,2,1,2,2,,reviewer_2,341,gt-diagnostic-v2::rk2_gt::synth_0011::seed_000,synth_0011,0,rk2_gt,small,comparable,347,1,0
item_270e05b1ff4b,car body,neon-lit,A classic-car at a suburban road,A classic-car with neon-lit car body at a suburban road,assets/source_3ae69c2a9e97.png,assets/item_270e05b1ff4b.jpg,2,1,2,2,,reviewer_2,342,gt-diagnostic-v2::rk2_auto::synth_0049::seed_000,synth_0049,0,rk2_auto,large,comparable,348,1,0
item_4fd34299cdc6,head,cheetah,A panda at a school,A panda with cheetah head at a school,assets/source_3506d9604bf8.png,assets/item_4fd34299cdc6.jpg,0,2,1,2,,reviewer_2,343,gt-diagnostic-v2::rk2_gt::synth_0042::seed_000,synth_0042,0,rk2_gt,medium,comparable,349,0,0
item_ab3d068da85e,head,lion,A bear at a zoo,A bear with lion head at a zoo,assets/source_b8ba5e41ea31.png,assets/item_ab3d068da85e.jpg,0,1,1,2,,reviewer_2,344,gt-diagnostic-v2::rk2_auto::synth_0044::seed_000,synth_0044,0,rk2_auto,large,comparable,350,0,0
item_f700c5edc901,head,lion,A bear at a zoo,A bear with lion head at a zoo,assets/source_1d46ca4f754d.png,assets/item_f700c5edc901.jpg,1,2,1,2,,reviewer_2,345,gt-diagnostic-v2::endpoint_auto::synth_0036::seed_000,synth_0036,0,endpoint_auto,medium,comparable,351,1,0
item_aaea052e3004,seat,plastic,A closeup soft chair at a photo studio,A closeup soft chair with plastic seat at a photo studio,assets/source_b25f9980445d.png,assets/item_aaea052e3004.jpg,1,1,1,2,,reviewer_2,346,gt-diagnostic-v2::endpoint_gt::synth_0057::seed_000,synth_0057,0,endpoint_gt,large,comparable,352,1,0
item_2547dd33e48d,head,unicorn,A cow at a house,A cow with unicorn head at a house,assets/source_70a3202c4158.png,assets/item_2547dd33e48d.jpg,0,1,1,2,,reviewer_2,347,gt-diagnostic-v2::rk2_gt::synth_0039::seed_000,synth_0039,0,rk2_gt,small,expansion,353,0,0
item_3a3a77effb76,car hood,Destroyed,A full front facing view of BMW car at a parking lot,A full front facing view of BMW car with Destroyed car hood at a parking lot,assets/source_146c36946692.png,assets/item_3a3a77effb76.jpg,1,2,2,2,,reviewer_2,348,gt-diagnostic-v2::rk2_n15_auto::synth_0053::seed_000,synth_0053,0,rk2_n15_auto,large,comparable,354,1,0
item_8ac1ec6de96f,hair,Afro,A Portrait of boy at a beach,A Portrait of boy with Afro hair at a beach,assets/source_0038f682b22a.png,assets/item_8ac1ec6de96f.jpg,2,1,2,2,,reviewer_2,349,gt-diagnostic-v2::endpoint_gt::synth_0021::seed_000,synth_0021,0,endpoint_gt,large,comparable,355,1,0
item_6cfdb801282d,car body,armored,A luxury-car at a mountain road,A luxury-car with armored car body at a mountain road,assets/source_4a1c085cfce4.png,assets/item_6cfdb801282d.jpg,0,1,1,2,,reviewer_2,350,gt-diagnostic-v2::rk2_gt::synth_0046::seed_000,synth_0046,0,rk2_gt,large,comparable,356,0,0
item_688d3e304786,car hood,vinyl-art,A classic-car at a garage,A classic-car with vinyl-art car hood at a garage,assets/source_f3b27b9b2ef0.png,assets/item_688d3e304786.jpg,2,2,2,2,,reviewer_2,351,gt-diagnostic-v2::rk2_n15_gt::synth_0051::seed_000,synth_0051,0,rk2_n15_gt,small,comparable,357,1,1
item_d728de15c617,head,lion,A bear at a zoo,A bear with lion head at a zoo,assets/source_1d46ca4f754d.png,assets/item_d728de15c617.jpg,1,2,1,2,,reviewer_2,352,gt-diagnostic-v2::rk2_auto::synth_0036::seed_000,synth_0036,0,rk2_auto,medium,comparable,358,1,0
item_dbb5c0557222,car hood,Graffiti,A full front facing view of Toyota car at a parking lot,A full front facing view of Toyota car with Graffiti car hood at a parking lot,assets/source_d13dfe80a435.png,assets/item_dbb5c0557222.jpg,2,2,2,2,,reviewer_2,353,gt-diagnostic-v2::rk2_n15_auto::synth_0055::seed_000,synth_0055,0,rk2_n15_auto,large,comparable,359,1,1
item_e03ba81ac068,head,bear,A robot at a park,A robot with bear head at a park,assets/source_64fe128aaf52.png,assets/item_e03ba81ac068.jpg,0,0,1,2,,reviewer_2,354,gt-diagnostic-v2::rk2_n15_auto::synth_0002::seed_000,synth_0002,0,rk2_n15_auto,large,comparable,360,0,0
