review_uid,part,edit,source_prompt,target_prompt,source_image,candidate_image,local_edit_success_0_2,non_target_preservation_0_2,overall_prompt_adherence_0_2,visual_quality_0_2,short_note
item_1a6285d10c64,hair,Curls,A Portrait of man at a house,A Portrait of man with Curls hair at a house,/Users/pt623/Documents/career-vault-resume/applications/hkust-harry-yang/part-level-overediting/core/results/gt_mask_diagnostic_v2/blinded_review/reviewer_2/assets/source_1837be64cd68.png,/Users/pt623/Documents/career-vault-resume/applications/hkust-harry-yang/part-level-overediting/core/results/gt_mask_diagnostic_v2/blinded_review/reviewer_2/assets/item_1a6285d10c64.jpg,,,,,
item_d9eb7243b054,head,robot,A alien at a museum,A alien with robot head at a museum,/Users/pt623/Documents/career-vault-resume/applications/hkust-harry-yang/part-level-overediting/core/results/gt_mask_diagnostic_v2/blinded_review/reviewer_2/assets/source_0776f3ccf0e9.png,/Users/pt623/Documents/career-vault-resume/applications/hkust-harry-yang/part-level-overediting/core/results/gt_mask_diagnostic_v2/blinded_review/reviewer_2/assets/item_d9eb7243b054.jpg,,,,,
item_1b722fd817f0,car body,armored,A luxury-car at a mountain road,A luxury-car with armored car body at a mountain road,/Users/pt623/Documents/career-vault-resume/applications/hkust-harry-yang/part-level-overediting/core/results/gt_mask_diagnostic_v2/blinded_review/reviewer_2/assets/source_4a1c085cfce4.png,/Users/pt623/Documents/career-vault-resume/applications/hkust-harry-yang/part-level-overediting/core/results/gt_mask_diagnostic_v2/blinded_review/reviewer_2/assets/item_1b722fd817f0.jpg,,,,,
item_204089a44545,head,dragon,A horse at a zoo,A horse with dragon head at a zoo,/Users/pt623/Documents/career-vault-resume/applications/hkust-harry-yang/part-level-overediting/core/results/gt_mask_diagnostic_v2/blinded_review/reviewer_2/assets/source_dbfa710ac399.png,/Users/pt623/Documents/career-vault-resume/applications/hkust-harry-yang/part-level-overediting/core/results/gt_mask_diagnostic_v2/blinded_review/reviewer_2/assets/item_204089a44545.jpg,,,,,
item_5ef6191c3aa4,torso,robotic-parts,A dinosaur at a museum,A dinosaur with robotic-parts torso at a museum,/Users/pt623/Documents/career-vault-resume/applications/hkust-harry-yang/part-level-overediting/core/results/gt_mask_diagnostic_v2/blinded_review/reviewer_2/assets/source_1e3c08a912fe.png,/Users/pt623/Documents/career-vault-resume/applications/hkust-harry-yang/part-level-overediting/core/results/gt_mask_diagnostic_v2/blinded_review/reviewer_2/assets/item_5ef6191c3aa4.jpg,,,,,
item_0179bc6f5434,torso,armor,A girl at a stadium,A girl with armor torso at a stadium,/Users/pt623/Documents/career-vault-resume/applications/hkust-harry-yang/part-level-overediting/core/results/gt_mask_diagnostic_v2/blinded_review/reviewer_2/assets/source_05f0e921e87d.png,/Users/pt623/Documents/career-vault-resume/applications/hkust-harry-yang/part-level-overediting/core/results/gt_mask_diagnostic_v2/blinded_review/reviewer_2/assets/item_0179bc6f5434.jpg,,,,,
item_724723a2d041,car hood,Graffiti,A full front facing view of Toyota car at a parking lot,A full front facing view of Toyota car with Graffiti car hood at a parking lot,/Users/pt623/Documents/career-vault-resume/applications/hkust-harry-yang/part-level-overediting/core/results/gt_mask_diagnostic_v2/blinded_review/reviewer_2/assets/source_d13dfe80a435.png,/Users/pt623/Documents/career-vault-resume/applications/hkust-harry-yang/part-level-overediting/core/results/gt_mask_diagnostic_v2/blinded_review/reviewer_2/assets/item_724723a2d041.jpg,,,,,
item_29e96fac6cbf,car body,futuristic,A sedan at a parking lot,A sedan with futuristic car body at a parking lot,/Users/pt623/Documents/career-vault-resume/applications/hkust-harry-yang/part-level-overediting/core/results/gt_mask_diagnostic_v2/blinded_review/reviewer_2/assets/source_ef3648f18171.png,/Users/pt623/Documents/career-vault-resume/applications/hkust-harry-yang/part-level-overediting/core/results/gt_mask_diagnostic_v2/blinded_review/reviewer_2/assets/item_29e96fac6cbf.jpg,,,,,
item_0cb54e42d8d1,head,dragon,A horse at a jungle,A horse with dragon head at a jungle,/Users/pt623/Documents/career-vault-resume/applications/hkust-harry-yang/part-level-overediting/core/results/gt_mask_diagnostic_v2/blinded_review/reviewer_2/assets/source_2b822a970173.png,/Users/pt623/Documents/career-vault-resume/applications/hkust-harry-yang/part-level-overediting/core/results/gt_mask_diagnostic_v2/blinded_review/reviewer_2/assets/item_0cb54e42d8d1.jpg,,,,,
item_7926fe9e5778,seat,rusted,A closeup folding chair at a classroom,A closeup folding chair with rusted seat at a classroom,/Users/pt623/Documents/career-vault-resume/applications/hkust-harry-yang/part-level-overediting/core/results/gt_mask_diagnostic_v2/blinded_review/reviewer_2/assets/source_97eab3ccdecd.png,/Users/pt623/Documents/career-vault-resume/applications/hkust-harry-yang/part-level-overediting/core/results/gt_mask_diagnostic_v2/blinded_review/reviewer_2/assets/item_7926fe9e5778.jpg,,,,,
item_2a82eb07e089,head,dragon,A horse at a zoo,A horse with dragon head at a zoo,/Users/pt623/Documents/career-vault-resume/applications/hkust-harry-yang/part-level-overediting/core/results/gt_mask_diagnostic_v2/blinded_review/reviewer_2/assets/source_dbfa710ac399.png,/Users/pt623/Documents/career-vault-resume/applications/hkust-harry-yang/part-level-overediting/core/results/gt_mask_diagnostic_v2/blinded_review/reviewer_2/assets/item_2a82eb07e089.jpg,,,,,
item_c1baa48e9e1a,hair,Curls,A Portrait of man at a house,A Portrait of man with Curls hair at a house,/Users/pt623/Documents/career-vault-resume/applications/hkust-harry-yang/part-level-overediting/core/results/gt_mask_diagnostic_v2/blinded_review/reviewer_2/assets/source_1837be64cd68.png,/Users/pt623/Documents/career-vault-resume/applications/hkust-harry-yang/part-level-overediting/core/results/gt_mask_diagnostic_v2/blinded_review/reviewer_2/assets/item_c1baa48e9e1a.jpg,,,,,
item_f2d8119a0304,torso,formal-suit,A robot at a restaurant,A robot with formal-suit torso at a restaurant,/Users/pt623/Documents/career-vault-resume/applications/hkust-harry-yang/part-level-overediting/core/results/gt_mask_diagnostic_v2/blinded_review/reviewer_2/assets/source_2e6979609916.png,/Users/pt623/Documents/career-vault-resume/applications/hkust-harry-yang/part-level-overediting/core/results/gt_mask_diagnostic_v2/blinded_review/reviewer_2/assets/item_f2d8119a0304.jpg,,,,,
item_05360292fa8f,head,dragon,A dog at a farm,A dog with dragon head at a farm,/Users/pt623/Documents/career-vault-resume/applications/hkust-harry-yang/part-level-overediting/core/results/gt_mask_diagnostic_v2/blinded_review/reviewer_2/assets/source_2a043df583fd.png,/Users/pt623/Documents/career-vault-resume/applications/hkust-harry-yang/part-level-overediting/core/results/gt_mask_diagnostic_v2/blinded_review/reviewer_2/assets/item_05360292fa8f.jpg,,,,,
item_47e7d916d4ac,head,robot,A alien at a museum,A alien with robot head at a museum,/Users/pt623/Documents/career-vault-resume/applications/hkust-harry-yang/part-level-overediting/core/results/gt_mask_diagnostic_v2/blinded_review/reviewer_2/assets/source_0776f3ccf0e9.png,/Users/pt623/Documents/career-vault-resume/applications/hkust-harry-yang/part-level-overediting/core/results/gt_mask_diagnostic_v2/blinded_review/reviewer_2/assets/item_47e7d916d4ac.jpg,,,,,
item_7c581b5a55a6,head,lion,A dog at a pool,A dog with lion head at a pool,/Users/pt623/Documents/career-vault-resume/applications/hkust-harry-yang/part-level-overediting/core/results/gt_mask_diagnostic_v2/blinded_review/reviewer_2/assets/source_fc07bb02f53f.png,/Users/pt623/Documents/career-vault-resume/applications/hkust-harry-yang/part-level-overediting/core/results/gt_mask_diagnostic_v2/blinded_review/reviewer_2/assets/item_7c581b5a55a6.jpg,,,,,
item_22c1f53fab45,head,cat,A dog at a restaurant,A dog with cat head at a restaurant,/Users/pt623/Documents/career-vault-resume/applications/hkust-harry-yang/part-level-overediting/core/results/gt_mask_diagnostic_v2/blinded_review/reviewer_2/assets/source_ca463355e687.png,/Users/pt623/Documents/career-vault-resume/applications/hkust-harry-yang/part-level-overediting/core/results/gt_mask_diagnostic_v2/blinded_review/reviewer_2/assets/item_22c1f53fab45.jpg,,,,,
item_92537f0f3cf9,torso,batman,A robot at a school,A robot with batman torso at a school,/Users/pt623/Documents/career-vault-resume/applications/hkust-harry-yang/part-level-overediting/core/results/gt_mask_diagnostic_v2/blinded_review/reviewer_2/assets/source_8bcbeeb53dd4.png,/Users/pt623/Documents/career-vault-resume/applications/hkust-harry-yang/part-level-overediting/core/results/gt_mask_diagnostic_v2/blinded_review/reviewer_2/assets/item_92537f0f3cf9.jpg,,,,,
item_b1c1b55bc7db,car hood,Graffiti,A full front facing view of Toyota car at a parking lot,A full front facing view of Toyota car with Graffiti car hood at a parking lot,/Users/pt623/Documents/career-vault-resume/applications/hkust-harry-yang/part-level-overediting/core/results/gt_mask_diagnostic_v2/blinded_review/reviewer_2/assets/source_d13dfe80a435.png,/Users/pt623/Documents/career-vault-resume/applications/hkust-harry-yang/part-level-overediting/core/results/gt_mask_diagnostic_v2/blinded_review/reviewer_2/assets/item_b1c1b55bc7db.jpg,,,,,
item_6b27da9a7c55,car hood,Destroyed,A full front facing view of BMW car at a parking lot,A full front facing view of BMW car with Destroyed car hood at a parking lot,/Users/pt623/Documents/career-vault-resume/applications/hkust-harry-yang/part-level-overediting/core/results/gt_mask_diagnostic_v2/blinded_review/reviewer_2/assets/source_146c36946692.png,/Users/pt623/Documents/career-vault-resume/applications/hkust-harry-yang/part-level-overediting/core/results/gt_mask_diagnostic_v2/blinded_review/reviewer_2/assets/item_6b27da9a7c55.jpg,,,,,
item_19edf3b5faa9,hair,Curls,A Portrait of boy at a park,A Portrait of boy with Curls hair at a park,/Users/pt623/Documents/career-vault-resume/applications/hkust-harry-yang/part-level-overediting/core/results/gt_mask_diagnostic_v2/blinded_review/reviewer_2/assets/source_b4d7f2d52a43.png,/Users/pt623/Documents/career-vault-resume/applications/hkust-harry-yang/part-level-overediting/core/results/gt_mask_diagnostic_v2/blinded_review/reviewer_2/assets/item_19edf3b5faa9.jpg,,,,,
item_5a60fd12ee30,torso,robotic-parts,A dinosaur at a museum,A dinosaur with robotic-parts torso at a museum,/Users/pt623/Documents/career-vault-resume/applications/hkust-harry-yang/part-level-overediting/core/results/gt_mask_diagnostic_v2/blinded_review/reviewer_2/assets/source_1e3c08a912fe.png,/Users/pt623/Documents/career-vault-resume/applications/hkust-harry-yang/part-level-overediting/core/results/gt_mask_diagnostic_v2/blinded_review/reviewer_2/assets/item_5a60fd12ee30.jpg,,,,,
item_d5a49c09985c,hair,Curls,A Portrait of woman at a school,A Portrait of woman with Curls hair at a school,/Users/pt623/Documents/career-vault-resume/applications/hkust-harry-yang/part-level-overediting/core/results/gt_mask_diagnostic_v2/blinded_review/reviewer_2/assets/source_8a5f145d5ed6.png,/Users/pt623/Documents/career-vault-resume/applications/hkust-harry-yang/part-level-overediting/core/results/gt_mask_diagnostic_v2/blinded_review/reviewer_2/assets/item_d5a49c09985c.jpg,,,,,
item_b0c2b5099b02,head,lion,A bear at a zoo,A bear with lion head at a zoo,/Users/pt623/Documents/career-vault-resume/applications/hkust-harry-yang/part-level-overediting/core/results/gt_mask_diagnostic_v2/blinded_review/reviewer_2/assets/source_b8ba5e41ea31.png,/Users/pt623/Documents/career-vault-resume/applications/hkust-harry-yang/part-level-overediting/core/results/gt_mask_diagnostic_v2/blinded_review/reviewer_2/assets/item_b0c2b5099b02.jpg,,,,,
item_a49ceb22f264,head,alien,A robot at a park,A robot with alien head at a park,/Users/pt623/Documents/career-vault-resume/applications/hkust-harry-yang/part-level-overediting/core/results/gt_mask_diagnostic_v2/blinded_review/reviewer_2/assets/source_f388d78833d6.png,/Users/pt623/Documents/career-vault-resume/applications/hkust-harry-yang/part-level-overediting/core/results/gt_mask_diagnostic_v2/blinded_review/reviewer_2/assets/item_a49ceb22f264.jpg,,,,,
item_3f0cc4170823,head,cheetah,A cat at a museum,A cat with cheetah head at a museum,/Users/pt623/Documents/career-vault-resume/applications/hkust-harry-yang/part-level-overediting/core/results/gt_mask_diagnostic_v2/blinded_review/reviewer_2/assets/source_f3d1d79f0351.png,/Users/pt623/Documents/career-vault-resume/applications/hkust-harry-yang/part-level-overediting/core/results/gt_mask_diagnostic_v2/blinded_review/reviewer_2/assets/item_3f0cc4170823.jpg,,,,,
item_c54709723559,torso,armor,A boy at a restaurant,A boy with armor torso at a restaurant,/Users/pt623/Documents/career-vault-resume/applications/hkust-harry-yang/part-level-overediting/core/results/gt_mask_diagnostic_v2/blinded_review/reviewer_2/assets/source_cea0cb0755a1.png,/Users/pt623/Documents/career-vault-resume/applications/hkust-harry-yang/part-level-overediting/core/results/gt_mask_diagnostic_v2/blinded_review/reviewer_2/assets/item_c54709723559.jpg,,,,,
item_d8378eae1c90,seat,fabric,A closeup leather chair at a apartment,A closeup leather chair with fabric seat at a apartment,/Users/pt623/Documents/career-vault-resume/applications/hkust-harry-yang/part-level-overediting/core/results/gt_mask_diagnostic_v2/blinded_review/reviewer_2/assets/source_278976611c82.png,/Users/pt623/Documents/career-vault-resume/applications/hkust-harry-yang/part-level-overediting/core/results/gt_mask_diagnostic_v2/blinded_review/reviewer_2/assets/item_d8378eae1c90.jpg,,,,,
item_a9174fc80659,car body,rusted,A classic-car at a suburban road,A classic-car with rusted car body at a suburban road,/Users/pt623/Documents/career-vault-resume/applications/hkust-harry-yang/part-level-overediting/core/results/gt_mask_diagnostic_v2/blinded_review/reviewer_2/assets/source_a90c17d919ed.png,/Users/pt623/Documents/career-vault-resume/applications/hkust-harry-yang/part-level-overediting/core/results/gt_mask_diagnostic_v2/blinded_review/reviewer_2/assets/item_a9174fc80659.jpg,,,,,
item_39d9cbd27690,head,tiger,A bear at a pool,A bear with tiger head at a pool,/Users/pt623/Documents/career-vault-resume/applications/hkust-harry-yang/part-level-overediting/core/results/gt_mask_diagnostic_v2/blinded_review/reviewer_2/assets/source_41c7b285ef4c.png,/Users/pt623/Documents/career-vault-resume/applications/hkust-harry-yang/part-level-overediting/core/results/gt_mask_diagnostic_v2/blinded_review/reviewer_2/assets/item_39d9cbd27690.jpg,,,,,
item_c00299e2ec78,head,panda,A cat at a mountain,A cat with panda head at a mountain,/Users/pt623/Documents/career-vault-resume/applications/hkust-harry-yang/part-level-overediting/core/results/gt_mask_diagnostic_v2/blinded_review/reviewer_2/assets/source_dd35579b4d43.png,/Users/pt623/Documents/career-vault-resume/applications/hkust-harry-yang/part-level-overediting/core/results/gt_mask_diagnostic_v2/blinded_review/reviewer_2/assets/item_c00299e2ec78.jpg,,,,,
item_09c345d7a738,head,lion,A bear at a zoo,A bear with lion head at a zoo,/Users/pt623/Documents/career-vault-resume/applications/hkust-harry-yang/part-level-overediting/core/results/gt_mask_diagnostic_v2/blinded_review/reviewer_2/assets/source_b8ba5e41ea31.png,/Users/pt623/Documents/career-vault-resume/applications/hkust-harry-yang/part-level-overediting/core/results/gt_mask_diagnostic_v2/blinded_review/reviewer_2/assets/item_09c345d7a738.jpg,,,,,
item_969bdc7237b0,hair,blond,A Portrait of man at a beach,A Portrait of man with blond hair at a beach,/Users/pt623/Documents/career-vault-resume/applications/hkust-harry-yang/part-level-overediting/core/results/gt_mask_diagnostic_v2/blinded_review/reviewer_2/assets/source_6ce9a1e568d3.png,/Users/pt623/Documents/career-vault-resume/applications/hkust-harry-yang/part-level-overediting/core/results/gt_mask_diagnostic_v2/blinded_review/reviewer_2/assets/item_969bdc7237b0.jpg,,,,,
item_c762bb5e78eb,head,unicorn,A dog at a mountain,A dog with unicorn head at a mountain,/Users/pt623/Documents/career-vault-resume/applications/hkust-harry-yang/part-level-overediting/core/results/gt_mask_diagnostic_v2/blinded_review/reviewer_2/assets/source_ee57f3a3ed86.png,/Users/pt623/Documents/career-vault-resume/applications/hkust-harry-yang/part-level-overediting/core/results/gt_mask_diagnostic_v2/blinded_review/reviewer_2/assets/item_c762bb5e78eb.jpg,,,,,
item_88f2e075b9e5,head,dragon,A horse at a jungle,A horse with dragon head at a jungle,/Users/pt623/Documents/career-vault-resume/applications/hkust-harry-yang/part-level-overediting/core/results/gt_mask_diagnostic_v2/blinded_review/reviewer_2/assets/source_2b822a970173.png,/Users/pt623/Documents/career-vault-resume/applications/hkust-harry-yang/part-level-overediting/core/results/gt_mask_diagnostic_v2/blinded_review/reviewer_2/assets/item_88f2e075b9e5.jpg,,,,,
item_da9f39f9dd2d,car hood,vinyl-art,A classic-car at a garage,A classic-car with vinyl-art car hood at a garage,/Users/pt623/Documents/career-vault-resume/applications/hkust-harry-yang/part-level-overediting/core/results/gt_mask_diagnostic_v2/blinded_review/reviewer_2/assets/source_f3b27b9b2ef0.png,/Users/pt623/Documents/career-vault-resume/applications/hkust-harry-yang/part-level-overediting/core/results/gt_mask_diagnostic_v2/blinded_review/reviewer_2/assets/item_da9f39f9dd2d.jpg,,,,,
item_af975da94e49,seat,fabric,A closeup leather chair at a apartment,A closeup leather chair with fabric seat at a apartment,/Users/pt623/Documents/career-vault-resume/applications/hkust-harry-yang/part-level-overediting/core/results/gt_mask_diagnostic_v2/blinded_review/reviewer_2/assets/source_278976611c82.png,/Users/pt623/Documents/career-vault-resume/applications/hkust-harry-yang/part-level-overediting/core/results/gt_mask_diagnostic_v2/blinded_review/reviewer_2/assets/item_af975da94e49.jpg,,,,,
item_fd806bf33a9d,hair,Afro,A Portrait of boy at a beach,A Portrait of boy with Afro hair at a beach,/Users/pt623/Documents/career-vault-resume/applications/hkust-harry-yang/part-level-overediting/core/results/gt_mask_diagnostic_v2/blinded_review/reviewer_2/assets/source_0038f682b22a.png,/Users/pt623/Documents/career-vault-resume/applications/hkust-harry-yang/part-level-overediting/core/results/gt_mask_diagnostic_v2/blinded_review/reviewer_2/assets/item_fd806bf33a9d.jpg,,,,,
item_c525a631cdde,seat,fabric,A closeup leather chair at a apartment,A closeup leather chair with fabric seat at a apartment,/Users/pt623/Documents/career-vault-resume/applications/hkust-harry-yang/part-level-overediting/core/results/gt_mask_diagnostic_v2/blinded_review/reviewer_2/assets/source_278976611c82.png,/Users/pt623/Documents/career-vault-resume/applications/hkust-harry-yang/part-level-overediting/core/results/gt_mask_diagnostic_v2/blinded_review/reviewer_2/assets/item_c525a631cdde.jpg,,,,,
item_8d7b1a34ef6b,hair,Kinky,A Portrait of boy at a park,A Portrait of boy with Kinky hair at a park,/Users/pt623/Documents/career-vault-resume/applications/hkust-harry-yang/part-level-overediting/core/results/gt_mask_diagnostic_v2/blinded_review/reviewer_2/assets/source_0d500a8d6ca9.png,/Users/pt623/Documents/career-vault-resume/applications/hkust-harry-yang/part-level-overediting/core/results/gt_mask_diagnostic_v2/blinded_review/reviewer_2/assets/item_8d7b1a34ef6b.jpg,,,,,
item_ded5bcf170f0,torso,spiderman,A robot at a museum,A robot with spiderman torso at a museum,/Users/pt623/Documents/career-vault-resume/applications/hkust-harry-yang/part-level-overediting/core/results/gt_mask_diagnostic_v2/blinded_review/reviewer_2/assets/source_63f2eb2cd129.png,/Users/pt623/Documents/career-vault-resume/applications/hkust-harry-yang/part-level-overediting/core/results/gt_mask_diagnostic_v2/blinded_review/reviewer_2/assets/item_ded5bcf170f0.jpg,,,,,
item_d92fa5b55d6f,head,cheetah,A panda at a school,A panda with cheetah head at a school,/Users/pt623/Documents/career-vault-resume/applications/hkust-harry-yang/part-level-overediting/core/results/gt_mask_diagnostic_v2/blinded_review/reviewer_2/assets/source_3506d9604bf8.png,/Users/pt623/Documents/career-vault-resume/applications/hkust-harry-yang/part-level-overediting/core/results/gt_mask_diagnostic_v2/blinded_review/reviewer_2/assets/item_d92fa5b55d6f.jpg,,,,,
item_e581dd992747,hair,blond,A Portrait of man at a beach,A Portrait of man with blond hair at a beach,/Users/pt623/Documents/career-vault-resume/applications/hkust-harry-yang/part-level-overediting/core/results/gt_mask_diagnostic_v2/blinded_review/reviewer_2/assets/source_6ce9a1e568d3.png,/Users/pt623/Documents/career-vault-resume/applications/hkust-harry-yang/part-level-overediting/core/results/gt_mask_diagnostic_v2/blinded_review/reviewer_2/assets/item_e581dd992747.jpg,,,,,
item_ac48468a957c,head,cheetah,A cat at a museum,A cat with cheetah head at a museum,/Users/pt623/Documents/career-vault-resume/applications/hkust-harry-yang/part-level-overediting/core/results/gt_mask_diagnostic_v2/blinded_review/reviewer_2/assets/source_f3d1d79f0351.png,/Users/pt623/Documents/career-vault-resume/applications/hkust-harry-yang/part-level-overediting/core/results/gt_mask_diagnostic_v2/blinded_review/reviewer_2/assets/item_ac48468a957c.jpg,,,,,
item_d71ad632b800,hair,Kinky,A Portrait of boy at a park,A Portrait of boy with Kinky hair at a park,/Users/pt623/Documents/career-vault-resume/applications/hkust-harry-yang/part-level-overediting/core/results/gt_mask_diagnostic_v2/blinded_review/reviewer_2/assets/source_0d500a8d6ca9.png,/Users/pt623/Documents/career-vault-resume/applications/hkust-harry-yang/part-level-overediting/core/results/gt_mask_diagnostic_v2/blinded_review/reviewer_2/assets/item_d71ad632b800.jpg,,,,,
item_bc93ae9e2fce,head,lion,A dog at a pool,A dog with lion head at a pool,/Users/pt623/Documents/career-vault-resume/applications/hkust-harry-yang/part-level-overediting/core/results/gt_mask_diagnostic_v2/blinded_review/reviewer_2/assets/source_fc07bb02f53f.png,/Users/pt623/Documents/career-vault-resume/applications/hkust-harry-yang/part-level-overediting/core/results/gt_mask_diagnostic_v2/blinded_review/reviewer_2/assets/item_bc93ae9e2fce.jpg,,,,,
item_aee82b52d760,car body,futuristic,A sedan at a parking lot,A sedan with futuristic car body at a parking lot,/Users/pt623/Documents/career-vault-resume/applications/hkust-harry-yang/part-level-overediting/core/results/gt_mask_diagnostic_v2/blinded_review/reviewer_2/assets/source_ef3648f18171.png,/Users/pt623/Documents/career-vault-resume/applications/hkust-harry-yang/part-level-overediting/core/results/gt_mask_diagnostic_v2/blinded_review/reviewer_2/assets/item_aee82b52d760.jpg,,,,,
item_8e61cc280d1d,torso,uniform,A alien at a school,A alien with uniform torso at a school,/Users/pt623/Documents/career-vault-resume/applications/hkust-harry-yang/part-level-overediting/core/results/gt_mask_diagnostic_v2/blinded_review/reviewer_2/assets/source_4ad3086c4953.png,/Users/pt623/Documents/career-vault-resume/applications/hkust-harry-yang/part-level-overediting/core/results/gt_mask_diagnostic_v2/blinded_review/reviewer_2/assets/item_8e61cc280d1d.jpg,,,,,
item_e1df5717589a,torso,formal-suit,A robot at a restaurant,A robot with formal-suit torso at a restaurant,/Users/pt623/Documents/career-vault-resume/applications/hkust-harry-yang/part-level-overediting/core/results/gt_mask_diagnostic_v2/blinded_review/reviewer_2/assets/source_2e6979609916.png,/Users/pt623/Documents/career-vault-resume/applications/hkust-harry-yang/part-level-overediting/core/results/gt_mask_diagnostic_v2/blinded_review/reviewer_2/assets/item_e1df5717589a.jpg,,,,,
item_818c0a41b784,torso,robotic-parts,A dinosaur at a museum,A dinosaur with robotic-parts torso at a museum,/Users/pt623/Documents/career-vault-resume/applications/hkust-harry-yang/part-level-overediting/core/results/gt_mask_diagnostic_v2/blinded_review/reviewer_2/assets/source_1e3c08a912fe.png,/Users/pt623/Documents/career-vault-resume/applications/hkust-harry-yang/part-level-overediting/core/results/gt_mask_diagnostic_v2/blinded_review/reviewer_2/assets/item_818c0a41b784.jpg,,,,,
item_39ef02efbc76,car hood,Rusty,A full front facing view of Porsche car at a road,A full front facing view of Porsche car with Rusty car hood at a road,/Users/pt623/Documents/career-vault-resume/applications/hkust-harry-yang/part-level-overediting/core/results/gt_mask_diagnostic_v2/blinded_review/reviewer_2/assets/source_7e515b8abb95.png,/Users/pt623/Documents/career-vault-resume/applications/hkust-harry-yang/part-level-overediting/core/results/gt_mask_diagnostic_v2/blinded_review/reviewer_2/assets/item_39ef02efbc76.jpg,,,,,
item_72d0d6b60fca,car body,futuristic,A sedan at a parking lot,A sedan with futuristic car body at a parking lot,/Users/pt623/Documents/career-vault-resume/applications/hkust-harry-yang/part-level-overediting/core/results/gt_mask_diagnostic_v2/blinded_review/reviewer_2/assets/source_ef3648f18171.png,/Users/pt623/Documents/career-vault-resume/applications/hkust-harry-yang/part-level-overediting/core/results/gt_mask_diagnostic_v2/blinded_review/reviewer_2/assets/item_72d0d6b60fca.jpg,,,,,
item_2460ab81e3b8,head,robot,A alien at a museum,A alien with robot head at a museum,/Users/pt623/Documents/career-vault-resume/applications/hkust-harry-yang/part-level-overediting/core/results/gt_mask_diagnostic_v2/blinded_review/reviewer_2/assets/source_0776f3ccf0e9.png,/Users/pt623/Documents/career-vault-resume/applications/hkust-harry-yang/part-level-overediting/core/results/gt_mask_diagnostic_v2/blinded_review/reviewer_2/assets/item_2460ab81e3b8.jpg,,,,,
item_e89f685e2072,head,lion,A dog at a pool,A dog with lion head at a pool,/Users/pt623/Documents/career-vault-resume/applications/hkust-harry-yang/part-level-overediting/core/results/gt_mask_diagnostic_v2/blinded_review/reviewer_2/assets/source_fc07bb02f53f.png,/Users/pt623/Documents/career-vault-resume/applications/hkust-harry-yang/part-level-overediting/core/results/gt_mask_diagnostic_v2/blinded_review/reviewer_2/assets/item_e89f685e2072.jpg,,,,,
item_36ec3fa4ca23,head,cat,A dog at a restaurant,A dog with cat head at a restaurant,/Users/pt623/Documents/career-vault-resume/applications/hkust-harry-yang/part-level-overediting/core/results/gt_mask_diagnostic_v2/blinded_review/reviewer_2/assets/source_ca463355e687.png,/Users/pt623/Documents/career-vault-resume/applications/hkust-harry-yang/part-level-overediting/core/results/gt_mask_diagnostic_v2/blinded_review/reviewer_2/assets/item_36ec3fa4ca23.jpg,,,,,
item_b35655497593,car hood,Digital-Camouflage,A full front facing view of racing car at a parking lot,A full front facing view of racing car with Digital-Camouflage car hood at a parking lot,/Users/pt623/Documents/career-vault-resume/applications/hkust-harry-yang/part-level-overediting/core/results/gt_mask_diagnostic_v2/blinded_review/reviewer_2/assets/source_073b896945b5.png,/Users/pt623/Documents/career-vault-resume/applications/hkust-harry-yang/part-level-overediting/core/results/gt_mask_diagnostic_v2/blinded_review/reviewer_2/assets/item_b35655497593.jpg,,,,,
item_c33a80f9940f,head,bear,A robot at a school,A robot with bear head at a school,/Users/pt623/Documents/career-vault-resume/applications/hkust-harry-yang/part-level-overediting/core/results/gt_mask_diagnostic_v2/blinded_review/reviewer_2/assets/source_5bd8b0acdbd5.png,/Users/pt623/Documents/career-vault-resume/applications/hkust-harry-yang/part-level-overediting/core/results/gt_mask_diagnostic_v2/blinded_review/reviewer_2/assets/item_c33a80f9940f.jpg,,,,,
item_6d85279a7f13,head,bear,A alien at a museum,A alien with bear head at a museum,/Users/pt623/Documents/career-vault-resume/applications/hkust-harry-yang/part-level-overediting/core/results/gt_mask_diagnostic_v2/blinded_review/reviewer_2/assets/source_30f9afb55b24.png,/Users/pt623/Documents/career-vault-resume/applications/hkust-harry-yang/part-level-overediting/core/results/gt_mask_diagnostic_v2/blinded_review/reviewer_2/assets/item_6d85279a7f13.jpg,,,,,
item_29cf9d2a880c,head,unicorn,A cow at a house,A cow with unicorn head at a house,/Users/pt623/Documents/career-vault-resume/applications/hkust-harry-yang/part-level-overediting/core/results/gt_mask_diagnostic_v2/blinded_review/reviewer_2/assets/source_70a3202c4158.png,/Users/pt623/Documents/career-vault-resume/applications/hkust-harry-yang/part-level-overediting/core/results/gt_mask_diagnostic_v2/blinded_review/reviewer_2/assets/item_29cf9d2a880c.jpg,,,,,
item_c483e13f92d2,car hood,Rusty,A full front facing view of Porsche car at a road,A full front facing view of Porsche car with Rusty car hood at a road,/Users/pt623/Documents/career-vault-resume/applications/hkust-harry-yang/part-level-overediting/core/results/gt_mask_diagnostic_v2/blinded_review/reviewer_2/assets/source_7e515b8abb95.png,/Users/pt623/Documents/career-vault-resume/applications/hkust-harry-yang/part-level-overediting/core/results/gt_mask_diagnostic_v2/blinded_review/reviewer_2/assets/item_c483e13f92d2.jpg,,,,,
item_0e9d706a98cb,hair,Curls,A Portrait of man at a house,A Portrait of man with Curls hair at a house,/Users/pt623/Documents/career-vault-resume/applications/hkust-harry-yang/part-level-overediting/core/results/gt_mask_diagnostic_v2/blinded_review/reviewer_2/assets/source_1837be64cd68.png,/Users/pt623/Documents/career-vault-resume/applications/hkust-harry-yang/part-level-overediting/core/results/gt_mask_diagnostic_v2/blinded_review/reviewer_2/assets/item_0e9d706a98cb.jpg,,,,,
item_e6cdccfe14b5,head,panda,A cat at a mountain,A cat with panda head at a mountain,/Users/pt623/Documents/career-vault-resume/applications/hkust-harry-yang/part-level-overediting/core/results/gt_mask_diagnostic_v2/blinded_review/reviewer_2/assets/source_dd35579b4d43.png,/Users/pt623/Documents/career-vault-resume/applications/hkust-harry-yang/part-level-overediting/core/results/gt_mask_diagnostic_v2/blinded_review/reviewer_2/assets/item_e6cdccfe14b5.jpg,,,,,
item_d02e6ff7660a,head,dragon,A dog at a farm,A dog with dragon head at a farm,/Users/pt623/Documents/career-vault-resume/applications/hkust-harry-yang/part-level-overediting/core/results/gt_mask_diagnostic_v2/blinded_review/reviewer_2/assets/source_2a043df583fd.png,/Users/pt623/Documents/career-vault-resume/applications/hkust-harry-yang/part-level-overediting/core/results/gt_mask_diagnostic_v2/blinded_review/reviewer_2/assets/item_d02e6ff7660a.jpg,,,,,
item_6b7c8c2658f4,hair,Kinky,A Portrait of boy at a park,A Portrait of boy with Kinky hair at a park,/Users/pt623/Documents/career-vault-resume/applications/hkust-harry-yang/part-level-overediting/core/results/gt_mask_diagnostic_v2/blinded_review/reviewer_2/assets/source_0d500a8d6ca9.png,/Users/pt623/Documents/career-vault-resume/applications/hkust-harry-yang/part-level-overediting/core/results/gt_mask_diagnostic_v2/blinded_review/reviewer_2/assets/item_6b7c8c2658f4.jpg,,,,,
item_ac9d1232cb4e,head,dog,A bear at a jungle,A bear with dog head at a jungle,/Users/pt623/Documents/career-vault-resume/applications/hkust-harry-yang/part-level-overediting/core/results/gt_mask_diagnostic_v2/blinded_review/reviewer_2/assets/source_f71c7b525544.png,/Users/pt623/Documents/career-vault-resume/applications/hkust-harry-yang/part-level-overediting/core/results/gt_mask_diagnostic_v2/blinded_review/reviewer_2/assets/item_ac9d1232cb4e.jpg,,,,,
item_d1f48c0d7913,seat,plastic,A closeup soft chair at a photo studio,A closeup soft chair with plastic seat at a photo studio,/Users/pt623/Documents/career-vault-resume/applications/hkust-harry-yang/part-level-overediting/core/results/gt_mask_diagnostic_v2/blinded_review/reviewer_2/assets/source_b25f9980445d.png,/Users/pt623/Documents/career-vault-resume/applications/hkust-harry-yang/part-level-overediting/core/results/gt_mask_diagnostic_v2/blinded_review/reviewer_2/assets/item_d1f48c0d7913.jpg,,,,,
item_53da42752f06,torso,batman,A robot at a school,A robot with batman torso at a school,/Users/pt623/Documents/career-vault-resume/applications/hkust-harry-yang/part-level-overediting/core/results/gt_mask_diagnostic_v2/blinded_review/reviewer_2/assets/source_8bcbeeb53dd4.png,/Users/pt623/Documents/career-vault-resume/applications/hkust-harry-yang/part-level-overediting/core/results/gt_mask_diagnostic_v2/blinded_review/reviewer_2/assets/item_53da42752f06.jpg,,,,,
item_c555eaac5238,seat,plastic,A closeup soft chair at a photo studio,A closeup soft chair with plastic seat at a photo studio,/Users/pt623/Documents/career-vault-resume/applications/hkust-harry-yang/part-level-overediting/core/results/gt_mask_diagnostic_v2/blinded_review/reviewer_2/assets/source_b25f9980445d.png,/Users/pt623/Documents/career-vault-resume/applications/hkust-harry-yang/part-level-overediting/core/results/gt_mask_diagnostic_v2/blinded_review/reviewer_2/assets/item_c555eaac5238.jpg,,,,,
item_3bf12541cc39,head,bear,A alien at a museum,A alien with bear head at a museum,/Users/pt623/Documents/career-vault-resume/applications/hkust-harry-yang/part-level-overediting/core/results/gt_mask_diagnostic_v2/blinded_review/reviewer_2/assets/source_30f9afb55b24.png,/Users/pt623/Documents/career-vault-resume/applications/hkust-harry-yang/part-level-overediting/core/results/gt_mask_diagnostic_v2/blinded_review/reviewer_2/assets/item_3bf12541cc39.jpg,,,,,
item_7f9f282c1b99,car hood,Rusty,A full front facing view of Porsche car at a road,A full front facing view of Porsche car with Rusty car hood at a road,/Users/pt623/Documents/career-vault-resume/applications/hkust-harry-yang/part-level-overediting/core/results/gt_mask_diagnostic_v2/blinded_review/reviewer_2/assets/source_7e515b8abb95.png,/Users/pt623/Documents/career-vault-resume/applications/hkust-harry-yang/part-level-overediting/core/results/gt_mask_diagnostic_v2/blinded_review/reviewer_2/assets/item_7f9f282c1b99.jpg,,,,,
item_6d03dccb2f41,head,dog,A bear at a jungle,A bear with dog head at a jungle,/Users/pt623/Documents/career-vault-resume/applications/hkust-harry-yang/part-level-overediting/core/results/gt_mask_diagnostic_v2/blinded_review/reviewer_2/assets/source_f71c7b525544.png,/Users/pt623/Documents/career-vault-resume/applications/hkust-harry-yang/part-level-overediting/core/results/gt_mask_diagnostic_v2/blinded_review/reviewer_2/assets/item_6d03dccb2f41.jpg,,,,,
item_bedb66ef013e,head,robot,A alien at a city,A alien with robot head at a city,/Users/pt623/Documents/career-vault-resume/applications/hkust-harry-yang/part-level-overediting/core/results/gt_mask_diagnostic_v2/blinded_review/reviewer_2/assets/source_6094cd95fb45.png,/Users/pt623/Documents/career-vault-resume/applications/hkust-harry-yang/part-level-overediting/core/results/gt_mask_diagnostic_v2/blinded_review/reviewer_2/assets/item_bedb66ef013e.jpg,,,,,
item_3b8bae8e4f21,torso,spiderman,A robot at a museum,A robot with spiderman torso at a museum,/Users/pt623/Documents/career-vault-resume/applications/hkust-harry-yang/part-level-overediting/core/results/gt_mask_diagnostic_v2/blinded_review/reviewer_2/assets/source_7e6e7b988446.png,/Users/pt623/Documents/career-vault-resume/applications/hkust-harry-yang/part-level-overediting/core/results/gt_mask_diagnostic_v2/blinded_review/reviewer_2/assets/item_3b8bae8e4f21.jpg,,,,,
item_6ea6083308e7,head,cheetah,A panda at a school,A panda with cheetah head at a school,/Users/pt623/Documents/career-vault-resume/applications/hkust-harry-yang/part-level-overediting/core/results/gt_mask_diagnostic_v2/blinded_review/reviewer_2/assets/source_3506d9604bf8.png,/Users/pt623/Documents/career-vault-resume/applications/hkust-harry-yang/part-level-overediting/core/results/gt_mask_diagnostic_v2/blinded_review/reviewer_2/assets/item_6ea6083308e7.jpg,,,,,
item_d48d32f0aa17,hair,Afro,A Portrait of boy at a beach,A Portrait of boy with Afro hair at a beach,/Users/pt623/Documents/career-vault-resume/applications/hkust-harry-yang/part-level-overediting/core/results/gt_mask_diagnostic_v2/blinded_review/reviewer_2/assets/source_0038f682b22a.png,/Users/pt623/Documents/career-vault-resume/applications/hkust-harry-yang/part-level-overediting/core/results/gt_mask_diagnostic_v2/blinded_review/reviewer_2/assets/item_d48d32f0aa17.jpg,,,,,
item_7adaea0a3c5e,torso,armor,A boy at a restaurant,A boy with armor torso at a restaurant,/Users/pt623/Documents/career-vault-resume/applications/hkust-harry-yang/part-level-overediting/core/results/gt_mask_diagnostic_v2/blinded_review/reviewer_2/assets/source_cea0cb0755a1.png,/Users/pt623/Documents/career-vault-resume/applications/hkust-harry-yang/part-level-overediting/core/results/gt_mask_diagnostic_v2/blinded_review/reviewer_2/assets/item_7adaea0a3c5e.jpg,,,,,
item_86d16e9dc5bc,head,robot,A alien at a school,A alien with robot head at a school,/Users/pt623/Documents/career-vault-resume/applications/hkust-harry-yang/part-level-overediting/core/results/gt_mask_diagnostic_v2/blinded_review/reviewer_2/assets/source_26285f2b90f2.png,/Users/pt623/Documents/career-vault-resume/applications/hkust-harry-yang/part-level-overediting/core/results/gt_mask_diagnostic_v2/blinded_review/reviewer_2/assets/item_86d16e9dc5bc.jpg,,,,,
item_e7eadf116431,seat,wooden,A closeup leather chair at a classroom,A closeup leather chair with wooden seat at a classroom,/Users/pt623/Documents/career-vault-resume/applications/hkust-harry-yang/part-level-overediting/core/results/gt_mask_diagnostic_v2/blinded_review/reviewer_2/assets/source_bda38536db22.png,/Users/pt623/Documents/career-vault-resume/applications/hkust-harry-yang/part-level-overediting/core/results/gt_mask_diagnostic_v2/blinded_review/reviewer_2/assets/item_e7eadf116431.jpg,,,,,
item_01acf13af8db,head,robot,A alien at a city,A alien with robot head at a city,/Users/pt623/Documents/career-vault-resume/applications/hkust-harry-yang/part-level-overediting/core/results/gt_mask_diagnostic_v2/blinded_review/reviewer_2/assets/source_6094cd95fb45.png,/Users/pt623/Documents/career-vault-resume/applications/hkust-harry-yang/part-level-overediting/core/results/gt_mask_diagnostic_v2/blinded_review/reviewer_2/assets/item_01acf13af8db.jpg,,,,,
item_e2f67d08e187,torso,uniform,A alien at a school,A alien with uniform torso at a school,/Users/pt623/Documents/career-vault-resume/applications/hkust-harry-yang/part-level-overediting/core/results/gt_mask_diagnostic_v2/blinded_review/reviewer_2/assets/source_4ad3086c4953.png,/Users/pt623/Documents/career-vault-resume/applications/hkust-harry-yang/part-level-overediting/core/results/gt_mask_diagnostic_v2/blinded_review/reviewer_2/assets/item_e2f67d08e187.jpg,,,,,
item_58186875182d,hair,Curls,A Portrait of woman at a school,A Portrait of woman with Curls hair at a school,/Users/pt623/Documents/career-vault-resume/applications/hkust-harry-yang/part-level-overediting/core/results/gt_mask_diagnostic_v2/blinded_review/reviewer_2/assets/source_8a5f145d5ed6.png,/Users/pt623/Documents/career-vault-resume/applications/hkust-harry-yang/part-level-overediting/core/results/gt_mask_diagnostic_v2/blinded_review/reviewer_2/assets/item_58186875182d.jpg,,,,,
item_95ae7decd7d4,head,dragon,A dog at a farm,A dog with dragon head at a farm,/Users/pt623/Documents/career-vault-resume/applications/hkust-harry-yang/part-level-overediting/core/results/gt_mask_diagnostic_v2/blinded_review/reviewer_2/assets/source_2a043df583fd.png,/Users/pt623/Documents/career-vault-resume/applications/hkust-harry-yang/part-level-overediting/core/results/gt_mask_diagnostic_v2/blinded_review/reviewer_2/assets/item_95ae7decd7d4.jpg,,,,,
item_e1c2be190450,head,bear,A alien at a museum,A alien with bear head at a museum,/Users/pt623/Documents/career-vault-resume/applications/hkust-harry-yang/part-level-overediting/core/results/gt_mask_diagnostic_v2/blinded_review/reviewer_2/assets/source_30f9afb55b24.png,/Users/pt623/Documents/career-vault-resume/applications/hkust-harry-yang/part-level-overediting/core/results/gt_mask_diagnostic_v2/blinded_review/reviewer_2/assets/item_e1c2be190450.jpg,,,,,
item_40afd6ac9884,head,bear,A alien at a museum,A alien with bear head at a museum,/Users/pt623/Documents/career-vault-resume/applications/hkust-harry-yang/part-level-overediting/core/results/gt_mask_diagnostic_v2/blinded_review/reviewer_2/assets/source_30f9afb55b24.png,/Users/pt623/Documents/career-vault-resume/applications/hkust-harry-yang/part-level-overediting/core/results/gt_mask_diagnostic_v2/blinded_review/reviewer_2/assets/item_40afd6ac9884.jpg,,,,,
item_9c7a1b69372c,head,dragon,A cow at a restaurant,A cow with dragon head at a restaurant,/Users/pt623/Documents/career-vault-resume/applications/hkust-harry-yang/part-level-overediting/core/results/gt_mask_diagnostic_v2/blinded_review/reviewer_2/assets/source_591f63abb2fa.png,/Users/pt623/Documents/career-vault-resume/applications/hkust-harry-yang/part-level-overediting/core/results/gt_mask_diagnostic_v2/blinded_review/reviewer_2/assets/item_9c7a1b69372c.jpg,,,,,
item_f0248610fde7,seat,wooden,A closeup leather chair at a classroom,A closeup leather chair with wooden seat at a classroom,/Users/pt623/Documents/career-vault-resume/applications/hkust-harry-yang/part-level-overediting/core/results/gt_mask_diagnostic_v2/blinded_review/reviewer_2/assets/source_bda38536db22.png,/Users/pt623/Documents/career-vault-resume/applications/hkust-harry-yang/part-level-overediting/core/results/gt_mask_diagnostic_v2/blinded_review/reviewer_2/assets/item_f0248610fde7.jpg,,,,,
item_d7857bbe84c8,torso,formal-suit,A robot at a restaurant,A robot with formal-suit torso at a restaurant,/Users/pt623/Documents/career-vault-resume/applications/hkust-harry-yang/part-level-overediting/core/results/gt_mask_diagnostic_v2/blinded_review/reviewer_2/assets/source_2e6979609916.png,/Users/pt623/Documents/career-vault-resume/applications/hkust-harry-yang/part-level-overediting/core/results/gt_mask_diagnostic_v2/blinded_review/reviewer_2/assets/item_d7857bbe84c8.jpg,,,,,
item_cad60885a538,hair,Kinky,A Portrait of boy at a park,A Portrait of boy with Kinky hair at a park,/Users/pt623/Documents/career-vault-resume/applications/hkust-harry-yang/part-level-overediting/core/results/gt_mask_diagnostic_v2/blinded_review/reviewer_2/assets/source_0d500a8d6ca9.png,/Users/pt623/Documents/career-vault-resume/applications/hkust-harry-yang/part-level-overediting/core/results/gt_mask_diagnostic_v2/blinded_review/reviewer_2/assets/item_cad60885a538.jpg,,,,,
item_11d4ae5e9722,head,lion,A bear at a zoo,A bear with lion head at a zoo,/Users/pt623/Documents/career-vault-resume/applications/hkust-harry-yang/part-level-overediting/core/results/gt_mask_diagnostic_v2/blinded_review/reviewer_2/assets/source_b8ba5e41ea31.png,/Users/pt623/Documents/career-vault-resume/applications/hkust-harry-yang/part-level-overediting/core/results/gt_mask_diagnostic_v2/blinded_review/reviewer_2/assets/item_11d4ae5e9722.jpg,,,,,
item_c3affddec3f1,head,unicorn,A cow at a house,A cow with unicorn head at a house,/Users/pt623/Documents/career-vault-resume/applications/hkust-harry-yang/part-level-overediting/core/results/gt_mask_diagnostic_v2/blinded_review/reviewer_2/assets/source_70a3202c4158.png,/Users/pt623/Documents/career-vault-resume/applications/hkust-harry-yang/part-level-overediting/core/results/gt_mask_diagnostic_v2/blinded_review/reviewer_2/assets/item_c3affddec3f1.jpg,,,,,
item_5fad2e86192e,hair,Kinky,A Portrait of boy at a park,A Portrait of boy with Kinky hair at a park,/Users/pt623/Documents/career-vault-resume/applications/hkust-harry-yang/part-level-overediting/core/results/gt_mask_diagnostic_v2/blinded_review/reviewer_2/assets/source_0d500a8d6ca9.png,/Users/pt623/Documents/career-vault-resume/applications/hkust-harry-yang/part-level-overediting/core/results/gt_mask_diagnostic_v2/blinded_review/reviewer_2/assets/item_5fad2e86192e.jpg,,,,,
item_b0b225b84e3c,seat,plastic,A closeup soft chair at a photo studio,A closeup soft chair with plastic seat at a photo studio,/Users/pt623/Documents/career-vault-resume/applications/hkust-harry-yang/part-level-overediting/core/results/gt_mask_diagnostic_v2/blinded_review/reviewer_2/assets/source_b25f9980445d.png,/Users/pt623/Documents/career-vault-resume/applications/hkust-harry-yang/part-level-overediting/core/results/gt_mask_diagnostic_v2/blinded_review/reviewer_2/assets/item_b0b225b84e3c.jpg,,,,,
item_808e1bae910a,hair,Curls,A Portrait of man at a house,A Portrait of man with Curls hair at a house,/Users/pt623/Documents/career-vault-resume/applications/hkust-harry-yang/part-level-overediting/core/results/gt_mask_diagnostic_v2/blinded_review/reviewer_2/assets/source_1837be64cd68.png,/Users/pt623/Documents/career-vault-resume/applications/hkust-harry-yang/part-level-overediting/core/results/gt_mask_diagnostic_v2/blinded_review/reviewer_2/assets/item_808e1bae910a.jpg,,,,,
item_ce52c3c2131a,hair,Curls,A Portrait of boy at a park,A Portrait of boy with Curls hair at a park,/Users/pt623/Documents/career-vault-resume/applications/hkust-harry-yang/part-level-overediting/core/results/gt_mask_diagnostic_v2/blinded_review/reviewer_2/assets/source_b4d7f2d52a43.png,/Users/pt623/Documents/career-vault-resume/applications/hkust-harry-yang/part-level-overediting/core/results/gt_mask_diagnostic_v2/blinded_review/reviewer_2/assets/item_ce52c3c2131a.jpg,,,,,
item_8d1d42b3bb4b,head,robot,A alien at a city,A alien with robot head at a city,/Users/pt623/Documents/career-vault-resume/applications/hkust-harry-yang/part-level-overediting/core/results/gt_mask_diagnostic_v2/blinded_review/reviewer_2/assets/source_6094cd95fb45.png,/Users/pt623/Documents/career-vault-resume/applications/hkust-harry-yang/part-level-overediting/core/results/gt_mask_diagnostic_v2/blinded_review/reviewer_2/assets/item_8d1d42b3bb4b.jpg,,,,,
item_fbe06e7f3caa,head,dragon,A bear at a jungle,A bear with dragon head at a jungle,/Users/pt623/Documents/career-vault-resume/applications/hkust-harry-yang/part-level-overediting/core/results/gt_mask_diagnostic_v2/blinded_review/reviewer_2/assets/source_a29b0df6a570.png,/Users/pt623/Documents/career-vault-resume/applications/hkust-harry-yang/part-level-overediting/core/results/gt_mask_diagnostic_v2/blinded_review/reviewer_2/assets/item_fbe06e7f3caa.jpg,,,,,
item_6f20eac4bf1a,car hood,Digital-Camouflage,A full front facing view of racing car at a parking lot,A full front facing view of racing car with Digital-Camouflage car hood at a parking lot,/Users/pt623/Documents/career-vault-resume/applications/hkust-harry-yang/part-level-overediting/core/results/gt_mask_diagnostic_v2/blinded_review/reviewer_2/assets/source_073b896945b5.png,/Users/pt623/Documents/career-vault-resume/applications/hkust-harry-yang/part-level-overediting/core/results/gt_mask_diagnostic_v2/blinded_review/reviewer_2/assets/item_6f20eac4bf1a.jpg,,,,,
item_3c9dc693f3c9,head,dragon,A horse at a jungle,A horse with dragon head at a jungle,/Users/pt623/Documents/career-vault-resume/applications/hkust-harry-yang/part-level-overediting/core/results/gt_mask_diagnostic_v2/blinded_review/reviewer_2/assets/source_2b822a970173.png,/Users/pt623/Documents/career-vault-resume/applications/hkust-harry-yang/part-level-overediting/core/results/gt_mask_diagnostic_v2/blinded_review/reviewer_2/assets/item_3c9dc693f3c9.jpg,,,,,
item_681a30cd5d40,torso,spiderman,A robot at a museum,A robot with spiderman torso at a museum,/Users/pt623/Documents/career-vault-resume/applications/hkust-harry-yang/part-level-overediting/core/results/gt_mask_diagnostic_v2/blinded_review/reviewer_2/assets/source_63f2eb2cd129.png,/Users/pt623/Documents/career-vault-resume/applications/hkust-harry-yang/part-level-overediting/core/results/gt_mask_diagnostic_v2/blinded_review/reviewer_2/assets/item_681a30cd5d40.jpg,,,,,
item_5b7eac1e5fb2,head,dragon,A dog at a farm,A dog with dragon head at a farm,/Users/pt623/Documents/career-vault-resume/applications/hkust-harry-yang/part-level-overediting/core/results/gt_mask_diagnostic_v2/blinded_review/reviewer_2/assets/source_2a043df583fd.png,/Users/pt623/Documents/career-vault-resume/applications/hkust-harry-yang/part-level-overediting/core/results/gt_mask_diagnostic_v2/blinded_review/reviewer_2/assets/item_5b7eac1e5fb2.jpg,,,,,
item_73f044468cb1,car hood,Graffiti,A full front facing view of Toyota car at a parking lot,A full front facing view of Toyota car with Graffiti car hood at a parking lot,/Users/pt623/Documents/career-vault-resume/applications/hkust-harry-yang/part-level-overediting/core/results/gt_mask_diagnostic_v2/blinded_review/reviewer_2/assets/source_d13dfe80a435.png,/Users/pt623/Documents/career-vault-resume/applications/hkust-harry-yang/part-level-overediting/core/results/gt_mask_diagnostic_v2/blinded_review/reviewer_2/assets/item_73f044468cb1.jpg,,,,,
item_945a9e37ef93,torso,spiderman,A robot at a museum,A robot with spiderman torso at a museum,/Users/pt623/Documents/career-vault-resume/applications/hkust-harry-yang/part-level-overediting/core/results/gt_mask_diagnostic_v2/blinded_review/reviewer_2/assets/source_7e6e7b988446.png,/Users/pt623/Documents/career-vault-resume/applications/hkust-harry-yang/part-level-overediting/core/results/gt_mask_diagnostic_v2/blinded_review/reviewer_2/assets/item_945a9e37ef93.jpg,,,,,
item_6e07fd9b86a3,head,panda,A cat at a mountain,A cat with panda head at a mountain,/Users/pt623/Documents/career-vault-resume/applications/hkust-harry-yang/part-level-overediting/core/results/gt_mask_diagnostic_v2/blinded_review/reviewer_2/assets/source_dd35579b4d43.png,/Users/pt623/Documents/career-vault-resume/applications/hkust-harry-yang/part-level-overediting/core/results/gt_mask_diagnostic_v2/blinded_review/reviewer_2/assets/item_6e07fd9b86a3.jpg,,,,,
item_afde72fabb7c,hair,Curls,A Portrait of woman at a school,A Portrait of woman with Curls hair at a school,/Users/pt623/Documents/career-vault-resume/applications/hkust-harry-yang/part-level-overediting/core/results/gt_mask_diagnostic_v2/blinded_review/reviewer_2/assets/source_8a5f145d5ed6.png,/Users/pt623/Documents/career-vault-resume/applications/hkust-harry-yang/part-level-overediting/core/results/gt_mask_diagnostic_v2/blinded_review/reviewer_2/assets/item_afde72fabb7c.jpg,,,,,
item_cdeb0c034946,head,dragon,A horse at a zoo,A horse with dragon head at a zoo,/Users/pt623/Documents/career-vault-resume/applications/hkust-harry-yang/part-level-overediting/core/results/gt_mask_diagnostic_v2/blinded_review/reviewer_2/assets/source_dbfa710ac399.png,/Users/pt623/Documents/career-vault-resume/applications/hkust-harry-yang/part-level-overediting/core/results/gt_mask_diagnostic_v2/blinded_review/reviewer_2/assets/item_cdeb0c034946.jpg,,,,,
item_5659c6109e6f,head,dragon,A horse at a jungle,A horse with dragon head at a jungle,/Users/pt623/Documents/career-vault-resume/applications/hkust-harry-yang/part-level-overediting/core/results/gt_mask_diagnostic_v2/blinded_review/reviewer_2/assets/source_2b822a970173.png,/Users/pt623/Documents/career-vault-resume/applications/hkust-harry-yang/part-level-overediting/core/results/gt_mask_diagnostic_v2/blinded_review/reviewer_2/assets/item_5659c6109e6f.jpg,,,,,
item_06842fd2b741,seat,fabric,A closeup leather chair at a apartment,A closeup leather chair with fabric seat at a apartment,/Users/pt623/Documents/career-vault-resume/applications/hkust-harry-yang/part-level-overediting/core/results/gt_mask_diagnostic_v2/blinded_review/reviewer_2/assets/source_278976611c82.png,/Users/pt623/Documents/career-vault-resume/applications/hkust-harry-yang/part-level-overediting/core/results/gt_mask_diagnostic_v2/blinded_review/reviewer_2/assets/item_06842fd2b741.jpg,,,,,
item_069de9c6be81,hair,Curls,A Portrait of woman at a school,A Portrait of woman with Curls hair at a school,/Users/pt623/Documents/career-vault-resume/applications/hkust-harry-yang/part-level-overediting/core/results/gt_mask_diagnostic_v2/blinded_review/reviewer_2/assets/source_8a5f145d5ed6.png,/Users/pt623/Documents/career-vault-resume/applications/hkust-harry-yang/part-level-overediting/core/results/gt_mask_diagnostic_v2/blinded_review/reviewer_2/assets/item_069de9c6be81.jpg,,,,,
item_347177c11570,hair,Wavy,A Portrait of girl at a forest,A Portrait of girl with Wavy hair at a forest,/Users/pt623/Documents/career-vault-resume/applications/hkust-harry-yang/part-level-overediting/core/results/gt_mask_diagnostic_v2/blinded_review/reviewer_2/assets/source_53e8e39bcf1e.png,/Users/pt623/Documents/career-vault-resume/applications/hkust-harry-yang/part-level-overediting/core/results/gt_mask_diagnostic_v2/blinded_review/reviewer_2/assets/item_347177c11570.jpg,,,,,
item_10843e91c804,head,dragon,A horse at a jungle,A horse with dragon head at a jungle,/Users/pt623/Documents/career-vault-resume/applications/hkust-harry-yang/part-level-overediting/core/results/gt_mask_diagnostic_v2/blinded_review/reviewer_2/assets/source_2b822a970173.png,/Users/pt623/Documents/career-vault-resume/applications/hkust-harry-yang/part-level-overediting/core/results/gt_mask_diagnostic_v2/blinded_review/reviewer_2/assets/item_10843e91c804.jpg,,,,,
item_f02617c951cc,head,cheetah,A cat at a museum,A cat with cheetah head at a museum,/Users/pt623/Documents/career-vault-resume/applications/hkust-harry-yang/part-level-overediting/core/results/gt_mask_diagnostic_v2/blinded_review/reviewer_2/assets/source_f3d1d79f0351.png,/Users/pt623/Documents/career-vault-resume/applications/hkust-harry-yang/part-level-overediting/core/results/gt_mask_diagnostic_v2/blinded_review/reviewer_2/assets/item_f02617c951cc.jpg,,,,,
item_8bab2e123a7e,hair,Curls,A Portrait of man at a house,A Portrait of man with Curls hair at a house,/Users/pt623/Documents/career-vault-resume/applications/hkust-harry-yang/part-level-overediting/core/results/gt_mask_diagnostic_v2/blinded_review/reviewer_2/assets/source_1837be64cd68.png,/Users/pt623/Documents/career-vault-resume/applications/hkust-harry-yang/part-level-overediting/core/results/gt_mask_diagnostic_v2/blinded_review/reviewer_2/assets/item_8bab2e123a7e.jpg,,,,,
item_72d2c8befed0,head,cheetah,A panda at a school,A panda with cheetah head at a school,/Users/pt623/Documents/career-vault-resume/applications/hkust-harry-yang/part-level-overediting/core/results/gt_mask_diagnostic_v2/blinded_review/reviewer_2/assets/source_3506d9604bf8.png,/Users/pt623/Documents/career-vault-resume/applications/hkust-harry-yang/part-level-overediting/core/results/gt_mask_diagnostic_v2/blinded_review/reviewer_2/assets/item_72d2c8befed0.jpg,,,,,
item_a65539efaab2,head,panda,A dog at a store,A dog with panda head at a store,/Users/pt623/Documents/career-vault-resume/applications/hkust-harry-yang/part-level-overediting/core/results/gt_mask_diagnostic_v2/blinded_review/reviewer_2/assets/source_de70faeee4dc.png,/Users/pt623/Documents/career-vault-resume/applications/hkust-harry-yang/part-level-overediting/core/results/gt_mask_diagnostic_v2/blinded_review/reviewer_2/assets/item_a65539efaab2.jpg,,,,,
item_4aee2b3a98bf,hair,Curley,A Portrait of girl at a mountain,A Portrait of girl with Curley hair at a mountain,/Users/pt623/Documents/career-vault-resume/applications/hkust-harry-yang/part-level-overediting/core/results/gt_mask_diagnostic_v2/blinded_review/reviewer_2/assets/source_c6abd9790d67.png,/Users/pt623/Documents/career-vault-resume/applications/hkust-harry-yang/part-level-overediting/core/results/gt_mask_diagnostic_v2/blinded_review/reviewer_2/assets/item_4aee2b3a98bf.jpg,,,,,
item_7eee709a1c65,head,bear,A robot at a park,A robot with bear head at a park,/Users/pt623/Documents/career-vault-resume/applications/hkust-harry-yang/part-level-overediting/core/results/gt_mask_diagnostic_v2/blinded_review/reviewer_2/assets/source_64fe128aaf52.png,/Users/pt623/Documents/career-vault-resume/applications/hkust-harry-yang/part-level-overediting/core/results/gt_mask_diagnostic_v2/blinded_review/reviewer_2/assets/item_7eee709a1c65.jpg,,,,,
item_d0faf46b8a39,car hood,vinyl-art,A classic-car at a garage,A classic-car with vinyl-art car hood at a garage,/Users/pt623/Documents/career-vault-resume/applications/hkust-harry-yang/part-level-overediting/core/results/gt_mask_diagnostic_v2/blinded_review/reviewer_2/assets/source_f3b27b9b2ef0.png,/Users/pt623/Documents/career-vault-resume/applications/hkust-harry-yang/part-level-overediting/core/results/gt_mask_diagnostic_v2/blinded_review/reviewer_2/assets/item_d0faf46b8a39.jpg,,,,,
item_612e586cf460,hair,Botticelli-Curls,A Portrait of boy at a street,A Portrait of boy with Botticelli-Curls hair at a street,/Users/pt623/Documents/career-vault-resume/applications/hkust-harry-yang/part-level-overediting/core/results/gt_mask_diagnostic_v2/blinded_review/reviewer_2/assets/source_1efd8f28c69b.png,/Users/pt623/Documents/career-vault-resume/applications/hkust-harry-yang/part-level-overediting/core/results/gt_mask_diagnostic_v2/blinded_review/reviewer_2/assets/item_612e586cf460.jpg,,,,,
item_b0cfd7f3df16,head,unicorn,A dog at a mountain,A dog with unicorn head at a mountain,/Users/pt623/Documents/career-vault-resume/applications/hkust-harry-yang/part-level-overediting/core/results/gt_mask_diagnostic_v2/blinded_review/reviewer_2/assets/source_ee57f3a3ed86.png,/Users/pt623/Documents/career-vault-resume/applications/hkust-harry-yang/part-level-overediting/core/results/gt_mask_diagnostic_v2/blinded_review/reviewer_2/assets/item_b0cfd7f3df16.jpg,,,,,
item_0dcef85eafd6,head,robot,A girl at a beach,A girl with robot head at a beach,/Users/pt623/Documents/career-vault-resume/applications/hkust-harry-yang/part-level-overediting/core/results/gt_mask_diagnostic_v2/blinded_review/reviewer_2/assets/source_eddd21d6a1c2.png,/Users/pt623/Documents/career-vault-resume/applications/hkust-harry-yang/part-level-overediting/core/results/gt_mask_diagnostic_v2/blinded_review/reviewer_2/assets/item_0dcef85eafd6.jpg,,,,,
item_d336b18e3362,head,lion,A bear at a zoo,A bear with lion head at a zoo,/Users/pt623/Documents/career-vault-resume/applications/hkust-harry-yang/part-level-overediting/core/results/gt_mask_diagnostic_v2/blinded_review/reviewer_2/assets/source_b8ba5e41ea31.png,/Users/pt623/Documents/career-vault-resume/applications/hkust-harry-yang/part-level-overediting/core/results/gt_mask_diagnostic_v2/blinded_review/reviewer_2/assets/item_d336b18e3362.jpg,,,,,
item_e15f87efec4b,car hood,Graffiti,A full front facing view of Toyota car at a parking lot,A full front facing view of Toyota car with Graffiti car hood at a parking lot,/Users/pt623/Documents/career-vault-resume/applications/hkust-harry-yang/part-level-overediting/core/results/gt_mask_diagnostic_v2/blinded_review/reviewer_2/assets/source_d13dfe80a435.png,/Users/pt623/Documents/career-vault-resume/applications/hkust-harry-yang/part-level-overediting/core/results/gt_mask_diagnostic_v2/blinded_review/reviewer_2/assets/item_e15f87efec4b.jpg,,,,,
item_144198f5f17e,head,robot,A alien at a museum,A alien with robot head at a museum,/Users/pt623/Documents/career-vault-resume/applications/hkust-harry-yang/part-level-overediting/core/results/gt_mask_diagnostic_v2/blinded_review/reviewer_2/assets/source_0776f3ccf0e9.png,/Users/pt623/Documents/career-vault-resume/applications/hkust-harry-yang/part-level-overediting/core/results/gt_mask_diagnostic_v2/blinded_review/reviewer_2/assets/item_144198f5f17e.jpg,,,,,
item_a9a71d55fd63,hair,Curls,A Portrait of boy at a park,A Portrait of boy with Curls hair at a park,/Users/pt623/Documents/career-vault-resume/applications/hkust-harry-yang/part-level-overediting/core/results/gt_mask_diagnostic_v2/blinded_review/reviewer_2/assets/source_b4d7f2d52a43.png,/Users/pt623/Documents/career-vault-resume/applications/hkust-harry-yang/part-level-overediting/core/results/gt_mask_diagnostic_v2/blinded_review/reviewer_2/assets/item_a9a71d55fd63.jpg,,,,,
item_62423d5b20ea,car body,armored,A luxury-car at a mountain road,A luxury-car with armored car body at a mountain road,/Users/pt623/Documents/career-vault-resume/applications/hkust-harry-yang/part-level-overediting/core/results/gt_mask_diagnostic_v2/blinded_review/reviewer_2/assets/source_4a1c085cfce4.png,/Users/pt623/Documents/career-vault-resume/applications/hkust-harry-yang/part-level-overediting/core/results/gt_mask_diagnostic_v2/blinded_review/reviewer_2/assets/item_62423d5b20ea.jpg,,,,,
item_7fa4731f5123,car hood,vinyl-art,A classic-car at a garage,A classic-car with vinyl-art car hood at a garage,/Users/pt623/Documents/career-vault-resume/applications/hkust-harry-yang/part-level-overediting/core/results/gt_mask_diagnostic_v2/blinded_review/reviewer_2/assets/source_f3b27b9b2ef0.png,/Users/pt623/Documents/career-vault-resume/applications/hkust-harry-yang/part-level-overediting/core/results/gt_mask_diagnostic_v2/blinded_review/reviewer_2/assets/item_7fa4731f5123.jpg,,,,,
item_1abaaeecab5f,head,dog,A bear at a jungle,A bear with dog head at a jungle,/Users/pt623/Documents/career-vault-resume/applications/hkust-harry-yang/part-level-overediting/core/results/gt_mask_diagnostic_v2/blinded_review/reviewer_2/assets/source_f71c7b525544.png,/Users/pt623/Documents/career-vault-resume/applications/hkust-harry-yang/part-level-overediting/core/results/gt_mask_diagnostic_v2/blinded_review/reviewer_2/assets/item_1abaaeecab5f.jpg,,,,,
item_b776d07bce83,torso,armor,A girl at a stadium,A girl with armor torso at a stadium,/Users/pt623/Documents/career-vault-resume/applications/hkust-harry-yang/part-level-overediting/core/results/gt_mask_diagnostic_v2/blinded_review/reviewer_2/assets/source_05f0e921e87d.png,/Users/pt623/Documents/career-vault-resume/applications/hkust-harry-yang/part-level-overediting/core/results/gt_mask_diagnostic_v2/blinded_review/reviewer_2/assets/item_b776d07bce83.jpg,,,,,
item_a61a9c6921bb,head,dragon,A bear at a jungle,A bear with dragon head at a jungle,/Users/pt623/Documents/career-vault-resume/applications/hkust-harry-yang/part-level-overediting/core/results/gt_mask_diagnostic_v2/blinded_review/reviewer_2/assets/source_a29b0df6a570.png,/Users/pt623/Documents/career-vault-resume/applications/hkust-harry-yang/part-level-overediting/core/results/gt_mask_diagnostic_v2/blinded_review/reviewer_2/assets/item_a61a9c6921bb.jpg,,,,,
item_407cd3b0a319,seat,rusted,A closeup folding chair at a classroom,A closeup folding chair with rusted seat at a classroom,/Users/pt623/Documents/career-vault-resume/applications/hkust-harry-yang/part-level-overediting/core/results/gt_mask_diagnostic_v2/blinded_review/reviewer_2/assets/source_97eab3ccdecd.png,/Users/pt623/Documents/career-vault-resume/applications/hkust-harry-yang/part-level-overediting/core/results/gt_mask_diagnostic_v2/blinded_review/reviewer_2/assets/item_407cd3b0a319.jpg,,,,,
item_bb8e3f89fe9a,head,robot,A alien at a school,A alien with robot head at a school,/Users/pt623/Documents/career-vault-resume/applications/hkust-harry-yang/part-level-overediting/core/results/gt_mask_diagnostic_v2/blinded_review/reviewer_2/assets/source_26285f2b90f2.png,/Users/pt623/Documents/career-vault-resume/applications/hkust-harry-yang/part-level-overediting/core/results/gt_mask_diagnostic_v2/blinded_review/reviewer_2/assets/item_bb8e3f89fe9a.jpg,,,,,
item_acde3d348cfe,car body,rusted,A classic-car at a suburban road,A classic-car with rusted car body at a suburban road,/Users/pt623/Documents/career-vault-resume/applications/hkust-harry-yang/part-level-overediting/core/results/gt_mask_diagnostic_v2/blinded_review/reviewer_2/assets/source_a90c17d919ed.png,/Users/pt623/Documents/career-vault-resume/applications/hkust-harry-yang/part-level-overediting/core/results/gt_mask_diagnostic_v2/blinded_review/reviewer_2/assets/item_acde3d348cfe.jpg,,,,,
item_65f8bc5adaa9,car hood,black,A racing-car at a highway,A racing-car with black car hood at a highway,/Users/pt623/Documents/career-vault-resume/applications/hkust-harry-yang/part-level-overediting/core/results/gt_mask_diagnostic_v2/blinded_review/reviewer_2/assets/source_af6b5e577958.png,/Users/pt623/Documents/career-vault-resume/applications/hkust-harry-yang/part-level-overediting/core/results/gt_mask_diagnostic_v2/blinded_review/reviewer_2/assets/item_65f8bc5adaa9.jpg,,,,,
item_d348d8a856c8,head,alien,A robot at a park,A robot with alien head at a park,/Users/pt623/Documents/career-vault-resume/applications/hkust-harry-yang/part-level-overediting/core/results/gt_mask_diagnostic_v2/blinded_review/reviewer_2/assets/source_f388d78833d6.png,/Users/pt623/Documents/career-vault-resume/applications/hkust-harry-yang/part-level-overediting/core/results/gt_mask_diagnostic_v2/blinded_review/reviewer_2/assets/item_d348d8a856c8.jpg,,,,,
item_1ae8815cb188,head,cat,A dog at a restaurant,A dog with cat head at a restaurant,/Users/pt623/Documents/career-vault-resume/applications/hkust-harry-yang/part-level-overediting/core/results/gt_mask_diagnostic_v2/blinded_review/reviewer_2/assets/source_ca463355e687.png,/Users/pt623/Documents/career-vault-resume/applications/hkust-harry-yang/part-level-overediting/core/results/gt_mask_diagnostic_v2/blinded_review/reviewer_2/assets/item_1ae8815cb188.jpg,,,,,
item_d636399734b2,car hood,black,A racing-car at a highway,A racing-car with black car hood at a highway,/Users/pt623/Documents/career-vault-resume/applications/hkust-harry-yang/part-level-overediting/core/results/gt_mask_diagnostic_v2/blinded_review/reviewer_2/assets/source_af6b5e577958.png,/Users/pt623/Documents/career-vault-resume/applications/hkust-harry-yang/part-level-overediting/core/results/gt_mask_diagnostic_v2/blinded_review/reviewer_2/assets/item_d636399734b2.jpg,,,,,
item_e79f2f25369c,head,alien,A robot at a park,A robot with alien head at a park,/Users/pt623/Documents/career-vault-resume/applications/hkust-harry-yang/part-level-overediting/core/results/gt_mask_diagnostic_v2/blinded_review/reviewer_2/assets/source_f388d78833d6.png,/Users/pt623/Documents/career-vault-resume/applications/hkust-harry-yang/part-level-overediting/core/results/gt_mask_diagnostic_v2/blinded_review/reviewer_2/assets/item_e79f2f25369c.jpg,,,,,
item_c01f83177a60,head,panda,A cat at a mountain,A cat with panda head at a mountain,/Users/pt623/Documents/career-vault-resume/applications/hkust-harry-yang/part-level-overediting/core/results/gt_mask_diagnostic_v2/blinded_review/reviewer_2/assets/source_dd35579b4d43.png,/Users/pt623/Documents/career-vault-resume/applications/hkust-harry-yang/part-level-overediting/core/results/gt_mask_diagnostic_v2/blinded_review/reviewer_2/assets/item_c01f83177a60.jpg,,,,,
item_8fe157a8700b,head,unicorn,A dog at a mountain,A dog with unicorn head at a mountain,/Users/pt623/Documents/career-vault-resume/applications/hkust-harry-yang/part-level-overediting/core/results/gt_mask_diagnostic_v2/blinded_review/reviewer_2/assets/source_ee57f3a3ed86.png,/Users/pt623/Documents/career-vault-resume/applications/hkust-harry-yang/part-level-overediting/core/results/gt_mask_diagnostic_v2/blinded_review/reviewer_2/assets/item_8fe157a8700b.jpg,,,,,
item_6a0d7c7c9aeb,seat,rusted,A closeup folding chair at a classroom,A closeup folding chair with rusted seat at a classroom,/Users/pt623/Documents/career-vault-resume/applications/hkust-harry-yang/part-level-overediting/core/results/gt_mask_diagnostic_v2/blinded_review/reviewer_2/assets/source_97eab3ccdecd.png,/Users/pt623/Documents/career-vault-resume/applications/hkust-harry-yang/part-level-overediting/core/results/gt_mask_diagnostic_v2/blinded_review/reviewer_2/assets/item_6a0d7c7c9aeb.jpg,,,,,
item_46c234c14e6c,car hood,Digital-Camouflage,A full front facing view of racing car at a parking lot,A full front facing view of racing car with Digital-Camouflage car hood at a parking lot,/Users/pt623/Documents/career-vault-resume/applications/hkust-harry-yang/part-level-overediting/core/results/gt_mask_diagnostic_v2/blinded_review/reviewer_2/assets/source_073b896945b5.png,/Users/pt623/Documents/career-vault-resume/applications/hkust-harry-yang/part-level-overediting/core/results/gt_mask_diagnostic_v2/blinded_review/reviewer_2/assets/item_46c234c14e6c.jpg,,,,,
item_46648cc7b2f7,car hood,Destroyed,A full front facing view of BMW car at a parking lot,A full front facing view of BMW car with Destroyed car hood at a parking lot,/Users/pt623/Documents/career-vault-resume/applications/hkust-harry-yang/part-level-overediting/core/results/gt_mask_diagnostic_v2/blinded_review/reviewer_2/assets/source_146c36946692.png,/Users/pt623/Documents/career-vault-resume/applications/hkust-harry-yang/part-level-overediting/core/results/gt_mask_diagnostic_v2/blinded_review/reviewer_2/assets/item_46648cc7b2f7.jpg,,,,,
item_e81682ac026d,car hood,Destroyed,A full front facing view of BMW car at a parking lot,A full front facing view of BMW car with Destroyed car hood at a parking lot,/Users/pt623/Documents/career-vault-resume/applications/hkust-harry-yang/part-level-overediting/core/results/gt_mask_diagnostic_v2/blinded_review/reviewer_2/assets/source_146c36946692.png,/Users/pt623/Documents/career-vault-resume/applications/hkust-harry-yang/part-level-overediting/core/results/gt_mask_diagnostic_v2/blinded_review/reviewer_2/assets/item_e81682ac026d.jpg,,,,,
item_39dbe48ff259,head,tattooed,A robot at a office,A robot with tattooed head at a office,/Users/pt623/Documents/career-vault-resume/applications/hkust-harry-yang/part-level-overediting/core/results/gt_mask_diagnostic_v2/blinded_review/reviewer_2/assets/source_1e365ebd5ac6.png,/Users/pt623/Documents/career-vault-resume/applications/hkust-harry-yang/part-level-overediting/core/results/gt_mask_diagnostic_v2/blinded_review/reviewer_2/assets/item_39dbe48ff259.jpg,,,,,
item_3a8c4936fa33,head,panda,A cat at a mountain,A cat with panda head at a mountain,/Users/pt623/Documents/career-vault-resume/applications/hkust-harry-yang/part-level-overediting/core/results/gt_mask_diagnostic_v2/blinded_review/reviewer_2/assets/source_dd35579b4d43.png,/Users/pt623/Documents/career-vault-resume/applications/hkust-harry-yang/part-level-overediting/core/results/gt_mask_diagnostic_v2/blinded_review/reviewer_2/assets/item_3a8c4936fa33.jpg,,,,,
item_e28d6cb54000,head,panda,A dog at a store,A dog with panda head at a store,/Users/pt623/Documents/career-vault-resume/applications/hkust-harry-yang/part-level-overediting/core/results/gt_mask_diagnostic_v2/blinded_review/reviewer_2/assets/source_de70faeee4dc.png,/Users/pt623/Documents/career-vault-resume/applications/hkust-harry-yang/part-level-overediting/core/results/gt_mask_diagnostic_v2/blinded_review/reviewer_2/assets/item_e28d6cb54000.jpg,,,,,
item_a4dd39c8d50f,head,robot,A girl at a beach,A girl with robot head at a beach,/Users/pt623/Documents/career-vault-resume/applications/hkust-harry-yang/part-level-overediting/core/results/gt_mask_diagnostic_v2/blinded_review/reviewer_2/assets/source_eddd21d6a1c2.png,/Users/pt623/Documents/career-vault-resume/applications/hkust-harry-yang/part-level-overediting/core/results/gt_mask_diagnostic_v2/blinded_review/reviewer_2/assets/item_a4dd39c8d50f.jpg,,,,,
item_adc149125a0b,head,unicorn,A cow at a house,A cow with unicorn head at a house,/Users/pt623/Documents/career-vault-resume/applications/hkust-harry-yang/part-level-overediting/core/results/gt_mask_diagnostic_v2/blinded_review/reviewer_2/assets/source_70a3202c4158.png,/Users/pt623/Documents/career-vault-resume/applications/hkust-harry-yang/part-level-overediting/core/results/gt_mask_diagnostic_v2/blinded_review/reviewer_2/assets/item_adc149125a0b.jpg,,,,,
item_38f37169bbc7,torso,spiderman,A robot at a museum,A robot with spiderman torso at a museum,/Users/pt623/Documents/career-vault-resume/applications/hkust-harry-yang/part-level-overediting/core/results/gt_mask_diagnostic_v2/blinded_review/reviewer_2/assets/source_7e6e7b988446.png,/Users/pt623/Documents/career-vault-resume/applications/hkust-harry-yang/part-level-overediting/core/results/gt_mask_diagnostic_v2/blinded_review/reviewer_2/assets/item_38f37169bbc7.jpg,,,,,
item_cc47bf0d45f5,hair,Curls,A Portrait of man at a house,A Portrait of man with Curls hair at a house,/Users/pt623/Documents/career-vault-resume/applications/hkust-harry-yang/part-level-overediting/core/results/gt_mask_diagnostic_v2/blinded_review/reviewer_2/assets/source_1837be64cd68.png,/Users/pt623/Documents/career-vault-resume/applications/hkust-harry-yang/part-level-overediting/core/results/gt_mask_diagnostic_v2/blinded_review/reviewer_2/assets/item_cc47bf0d45f5.jpg,,,,,
item_05a7bdfd7326,head,robot,A man at a gym,A man with robot head at a gym,/Users/pt623/Documents/career-vault-resume/applications/hkust-harry-yang/part-level-overediting/core/results/gt_mask_diagnostic_v2/blinded_review/reviewer_2/assets/source_9db278f7152f.png,/Users/pt623/Documents/career-vault-resume/applications/hkust-harry-yang/part-level-overediting/core/results/gt_mask_diagnostic_v2/blinded_review/reviewer_2/assets/item_05a7bdfd7326.jpg,,,,,
item_ac3a9468eff0,hair,blond,A Portrait of man at a beach,A Portrait of man with blond hair at a beach,/Users/pt623/Documents/career-vault-resume/applications/hkust-harry-yang/part-level-overediting/core/results/gt_mask_diagnostic_v2/blinded_review/reviewer_2/assets/source_6ce9a1e568d3.png,/Users/pt623/Documents/career-vault-resume/applications/hkust-harry-yang/part-level-overediting/core/results/gt_mask_diagnostic_v2/blinded_review/reviewer_2/assets/item_ac3a9468eff0.jpg,,,,,
item_b73fc921335f,hair,Kinky,A Portrait of boy at a park,A Portrait of boy with Kinky hair at a park,/Users/pt623/Documents/career-vault-resume/applications/hkust-harry-yang/part-level-overediting/core/results/gt_mask_diagnostic_v2/blinded_review/reviewer_2/assets/source_0d500a8d6ca9.png,/Users/pt623/Documents/career-vault-resume/applications/hkust-harry-yang/part-level-overediting/core/results/gt_mask_diagnostic_v2/blinded_review/reviewer_2/assets/item_b73fc921335f.jpg,,,,,
item_5aca444b5ddf,head,dragon,A cow at a restaurant,A cow with dragon head at a restaurant,/Users/pt623/Documents/career-vault-resume/applications/hkust-harry-yang/part-level-overediting/core/results/gt_mask_diagnostic_v2/blinded_review/reviewer_2/assets/source_591f63abb2fa.png,/Users/pt623/Documents/career-vault-resume/applications/hkust-harry-yang/part-level-overediting/core/results/gt_mask_diagnostic_v2/blinded_review/reviewer_2/assets/item_5aca444b5ddf.jpg,,,,,
item_53572141f1a5,head,tiger,A bear at a pool,A bear with tiger head at a pool,/Users/pt623/Documents/career-vault-resume/applications/hkust-harry-yang/part-level-overediting/core/results/gt_mask_diagnostic_v2/blinded_review/reviewer_2/assets/source_41c7b285ef4c.png,/Users/pt623/Documents/career-vault-resume/applications/hkust-harry-yang/part-level-overediting/core/results/gt_mask_diagnostic_v2/blinded_review/reviewer_2/assets/item_53572141f1a5.jpg,,,,,
item_3d8ad9809de4,hair,Curls,A Portrait of boy at a park,A Portrait of boy with Curls hair at a park,/Users/pt623/Documents/career-vault-resume/applications/hkust-harry-yang/part-level-overediting/core/results/gt_mask_diagnostic_v2/blinded_review/reviewer_2/assets/source_b4d7f2d52a43.png,/Users/pt623/Documents/career-vault-resume/applications/hkust-harry-yang/part-level-overediting/core/results/gt_mask_diagnostic_v2/blinded_review/reviewer_2/assets/item_3d8ad9809de4.jpg,,,,,
item_b967a5548569,head,bear,A alien at a museum,A alien with bear head at a museum,/Users/pt623/Documents/career-vault-resume/applications/hkust-harry-yang/part-level-overediting/core/results/gt_mask_diagnostic_v2/blinded_review/reviewer_2/assets/source_30f9afb55b24.png,/Users/pt623/Documents/career-vault-resume/applications/hkust-harry-yang/part-level-overediting/core/results/gt_mask_diagnostic_v2/blinded_review/reviewer_2/assets/item_b967a5548569.jpg,,,,,
item_a6659705b7ec,head,robot,A man at a gym,A man with robot head at a gym,/Users/pt623/Documents/career-vault-resume/applications/hkust-harry-yang/part-level-overediting/core/results/gt_mask_diagnostic_v2/blinded_review/reviewer_2/assets/source_9db278f7152f.png,/Users/pt623/Documents/career-vault-resume/applications/hkust-harry-yang/part-level-overediting/core/results/gt_mask_diagnostic_v2/blinded_review/reviewer_2/assets/item_a6659705b7ec.jpg,,,,,
item_37fe614c25eb,car hood,Rusty,A full front facing view of Porsche car at a road,A full front facing view of Porsche car with Rusty car hood at a road,/Users/pt623/Documents/career-vault-resume/applications/hkust-harry-yang/part-level-overediting/core/results/gt_mask_diagnostic_v2/blinded_review/reviewer_2/assets/source_7e515b8abb95.png,/Users/pt623/Documents/career-vault-resume/applications/hkust-harry-yang/part-level-overediting/core/results/gt_mask_diagnostic_v2/blinded_review/reviewer_2/assets/item_37fe614c25eb.jpg,,,,,
item_3b07b79a39e5,seat,wooden,A closeup leather chair at a classroom,A closeup leather chair with wooden seat at a classroom,/Users/pt623/Documents/career-vault-resume/applications/hkust-harry-yang/part-level-overediting/core/results/gt_mask_diagnostic_v2/blinded_review/reviewer_2/assets/source_bda38536db22.png,/Users/pt623/Documents/career-vault-resume/applications/hkust-harry-yang/part-level-overediting/core/results/gt_mask_diagnostic_v2/blinded_review/reviewer_2/assets/item_3b07b79a39e5.jpg,,,,,
item_030580108c78,head,cheetah,A panda at a school,A panda with cheetah head at a school,/Users/pt623/Documents/career-vault-resume/applications/hkust-harry-yang/part-level-overediting/core/results/gt_mask_diagnostic_v2/blinded_review/reviewer_2/assets/source_3506d9604bf8.png,/Users/pt623/Documents/career-vault-resume/applications/hkust-harry-yang/part-level-overediting/core/results/gt_mask_diagnostic_v2/blinded_review/reviewer_2/assets/item_030580108c78.jpg,,,,,
item_48bc4d258969,head,panda,A dog at a store,A dog with panda head at a store,/Users/pt623/Documents/career-vault-resume/applications/hkust-harry-yang/part-level-overediting/core/results/gt_mask_diagnostic_v2/blinded_review/reviewer_2/assets/source_de70faeee4dc.png,/Users/pt623/Documents/career-vault-resume/applications/hkust-harry-yang/part-level-overediting/core/results/gt_mask_diagnostic_v2/blinded_review/reviewer_2/assets/item_48bc4d258969.jpg,,,,,
item_ed5094a397e6,car body,neon-lit,A classic-car at a suburban road,A classic-car with neon-lit car body at a suburban road,/Users/pt623/Documents/career-vault-resume/applications/hkust-harry-yang/part-level-overediting/core/results/gt_mask_diagnostic_v2/blinded_review/reviewer_2/assets/source_3ae69c2a9e97.png,/Users/pt623/Documents/career-vault-resume/applications/hkust-harry-yang/part-level-overediting/core/results/gt_mask_diagnostic_v2/blinded_review/reviewer_2/assets/item_ed5094a397e6.jpg,,,,,
item_c44d7b2dfda9,head,dragon,A cat at a desert,A cat with dragon head at a desert,/Users/pt623/Documents/career-vault-resume/applications/hkust-harry-yang/part-level-overediting/core/results/gt_mask_diagnostic_v2/blinded_review/reviewer_2/assets/source_bb5f44e8a25b.png,/Users/pt623/Documents/career-vault-resume/applications/hkust-harry-yang/part-level-overediting/core/results/gt_mask_diagnostic_v2/blinded_review/reviewer_2/assets/item_c44d7b2dfda9.jpg,,,,,
item_10dd634e7e27,head,robot,A alien at a school,A alien with robot head at a school,/Users/pt623/Documents/career-vault-resume/applications/hkust-harry-yang/part-level-overediting/core/results/gt_mask_diagnostic_v2/blinded_review/reviewer_2/assets/source_26285f2b90f2.png,/Users/pt623/Documents/career-vault-resume/applications/hkust-harry-yang/part-level-overediting/core/results/gt_mask_diagnostic_v2/blinded_review/reviewer_2/assets/item_10dd634e7e27.jpg,,,,,
item_3094b3630f26,head,dragon,A bear at a jungle,A bear with dragon head at a jungle,/Users/pt623/Documents/career-vault-resume/applications/hkust-harry-yang/part-level-overediting/core/results/gt_mask_diagnostic_v2/blinded_review/reviewer_2/assets/source_a29b0df6a570.png,/Users/pt623/Documents/career-vault-resume/applications/hkust-harry-yang/part-level-overediting/core/results/gt_mask_diagnostic_v2/blinded_review/reviewer_2/assets/item_3094b3630f26.jpg,,,,,
item_510adf0eb8b4,torso,spiderman,A robot at a museum,A robot with spiderman torso at a museum,/Users/pt623/Documents/career-vault-resume/applications/hkust-harry-yang/part-level-overediting/core/results/gt_mask_diagnostic_v2/blinded_review/reviewer_2/assets/source_63f2eb2cd129.png,/Users/pt623/Documents/career-vault-resume/applications/hkust-harry-yang/part-level-overediting/core/results/gt_mask_diagnostic_v2/blinded_review/reviewer_2/assets/item_510adf0eb8b4.jpg,,,,,
item_9520f590fac3,head,dragon,A bear at a jungle,A bear with dragon head at a jungle,/Users/pt623/Documents/career-vault-resume/applications/hkust-harry-yang/part-level-overediting/core/results/gt_mask_diagnostic_v2/blinded_review/reviewer_2/assets/source_a29b0df6a570.png,/Users/pt623/Documents/career-vault-resume/applications/hkust-harry-yang/part-level-overediting/core/results/gt_mask_diagnostic_v2/blinded_review/reviewer_2/assets/item_9520f590fac3.jpg,,,,,
item_f0026bd93b6c,head,panda,A dog at a store,A dog with panda head at a store,/Users/pt623/Documents/career-vault-resume/applications/hkust-harry-yang/part-level-overediting/core/results/gt_mask_diagnostic_v2/blinded_review/reviewer_2/assets/source_de70faeee4dc.png,/Users/pt623/Documents/career-vault-resume/applications/hkust-harry-yang/part-level-overediting/core/results/gt_mask_diagnostic_v2/blinded_review/reviewer_2/assets/item_f0026bd93b6c.jpg,,,,,
item_eb4a92429e74,hair,Botticelli-Curls,A Portrait of boy at a street,A Portrait of boy with Botticelli-Curls hair at a street,/Users/pt623/Documents/career-vault-resume/applications/hkust-harry-yang/part-level-overediting/core/results/gt_mask_diagnostic_v2/blinded_review/reviewer_2/assets/source_1efd8f28c69b.png,/Users/pt623/Documents/career-vault-resume/applications/hkust-harry-yang/part-level-overediting/core/results/gt_mask_diagnostic_v2/blinded_review/reviewer_2/assets/item_eb4a92429e74.jpg,,,,,
item_d28e5e2ec2ad,seat,plastic,A closeup soft chair at a photo studio,A closeup soft chair with plastic seat at a photo studio,/Users/pt623/Documents/career-vault-resume/applications/hkust-harry-yang/part-level-overediting/core/results/gt_mask_diagnostic_v2/blinded_review/reviewer_2/assets/source_b25f9980445d.png,/Users/pt623/Documents/career-vault-resume/applications/hkust-harry-yang/part-level-overediting/core/results/gt_mask_diagnostic_v2/blinded_review/reviewer_2/assets/item_d28e5e2ec2ad.jpg,,,,,
item_060f3b0ed20a,head,tiger,A bear at a pool,A bear with tiger head at a pool,/Users/pt623/Documents/career-vault-resume/applications/hkust-harry-yang/part-level-overediting/core/results/gt_mask_diagnostic_v2/blinded_review/reviewer_2/assets/source_41c7b285ef4c.png,/Users/pt623/Documents/career-vault-resume/applications/hkust-harry-yang/part-level-overediting/core/results/gt_mask_diagnostic_v2/blinded_review/reviewer_2/assets/item_060f3b0ed20a.jpg,,,,,
item_84f8c618755e,torso,uniform,A alien at a school,A alien with uniform torso at a school,/Users/pt623/Documents/career-vault-resume/applications/hkust-harry-yang/part-level-overediting/core/results/gt_mask_diagnostic_v2/blinded_review/reviewer_2/assets/source_4ad3086c4953.png,/Users/pt623/Documents/career-vault-resume/applications/hkust-harry-yang/part-level-overediting/core/results/gt_mask_diagnostic_v2/blinded_review/reviewer_2/assets/item_84f8c618755e.jpg,,,,,
item_e40a88618e9f,hair,blond,A Portrait of man at a beach,A Portrait of man with blond hair at a beach,/Users/pt623/Documents/career-vault-resume/applications/hkust-harry-yang/part-level-overediting/core/results/gt_mask_diagnostic_v2/blinded_review/reviewer_2/assets/source_6ce9a1e568d3.png,/Users/pt623/Documents/career-vault-resume/applications/hkust-harry-yang/part-level-overediting/core/results/gt_mask_diagnostic_v2/blinded_review/reviewer_2/assets/item_e40a88618e9f.jpg,,,,,
item_995aad1b0665,car hood,Digital-Camouflage,A full front facing view of racing car at a parking lot,A full front facing view of racing car with Digital-Camouflage car hood at a parking lot,/Users/pt623/Documents/career-vault-resume/applications/hkust-harry-yang/part-level-overediting/core/results/gt_mask_diagnostic_v2/blinded_review/reviewer_2/assets/source_073b896945b5.png,/Users/pt623/Documents/career-vault-resume/applications/hkust-harry-yang/part-level-overediting/core/results/gt_mask_diagnostic_v2/blinded_review/reviewer_2/assets/item_995aad1b0665.jpg,,,,,
item_438ba05371d9,head,bear,A robot at a park,A robot with bear head at a park,/Users/pt623/Documents/career-vault-resume/applications/hkust-harry-yang/part-level-overediting/core/results/gt_mask_diagnostic_v2/blinded_review/reviewer_2/assets/source_64fe128aaf52.png,/Users/pt623/Documents/career-vault-resume/applications/hkust-harry-yang/part-level-overediting/core/results/gt_mask_diagnostic_v2/blinded_review/reviewer_2/assets/item_438ba05371d9.jpg,,,,,
item_bfbc29c42497,head,unicorn,A cow at a house,A cow with unicorn head at a house,/Users/pt623/Documents/career-vault-resume/applications/hkust-harry-yang/part-level-overediting/core/results/gt_mask_diagnostic_v2/blinded_review/reviewer_2/assets/source_70a3202c4158.png,/Users/pt623/Documents/career-vault-resume/applications/hkust-harry-yang/part-level-overediting/core/results/gt_mask_diagnostic_v2/blinded_review/reviewer_2/assets/item_bfbc29c42497.jpg,,,,,
item_12cc964df138,head,bear,A robot at a school,A robot with bear head at a school,/Users/pt623/Documents/career-vault-resume/applications/hkust-harry-yang/part-level-overediting/core/results/gt_mask_diagnostic_v2/blinded_review/reviewer_2/assets/source_5bd8b0acdbd5.png,/Users/pt623/Documents/career-vault-resume/applications/hkust-harry-yang/part-level-overediting/core/results/gt_mask_diagnostic_v2/blinded_review/reviewer_2/assets/item_12cc964df138.jpg,,,,,
item_4b8500e4ce9f,car hood,Destroyed,A full front facing view of BMW car at a parking lot,A full front facing view of BMW car with Destroyed car hood at a parking lot,/Users/pt623/Documents/career-vault-resume/applications/hkust-harry-yang/part-level-overediting/core/results/gt_mask_diagnostic_v2/blinded_review/reviewer_2/assets/source_146c36946692.png,/Users/pt623/Documents/career-vault-resume/applications/hkust-harry-yang/part-level-overediting/core/results/gt_mask_diagnostic_v2/blinded_review/reviewer_2/assets/item_4b8500e4ce9f.jpg,,,,,
item_d0d5ad81b1d1,hair,Curls,A Portrait of boy at a park,A Portrait of boy with Curls hair at a park,/Users/pt623/Documents/career-vault-resume/applications/hkust-harry-yang/part-level-overediting/core/results/gt_mask_diagnostic_v2/blinded_review/reviewer_2/assets/source_b4d7f2d52a43.png,/Users/pt623/Documents/career-vault-resume/applications/hkust-harry-yang/part-level-overediting/core/results/gt_mask_diagnostic_v2/blinded_review/reviewer_2/assets/item_d0d5ad81b1d1.jpg,,,,,
item_bfb562513ef3,head,dog,A bear at a jungle,A bear with dog head at a jungle,/Users/pt623/Documents/career-vault-resume/applications/hkust-harry-yang/part-level-overediting/core/results/gt_mask_diagnostic_v2/blinded_review/reviewer_2/assets/source_f71c7b525544.png,/Users/pt623/Documents/career-vault-resume/applications/hkust-harry-yang/part-level-overediting/core/results/gt_mask_diagnostic_v2/blinded_review/reviewer_2/assets/item_bfb562513ef3.jpg,,,,,
item_c70aaba05006,head,dragon,A dog at a farm,A dog with dragon head at a farm,/Users/pt623/Documents/career-vault-resume/applications/hkust-harry-yang/part-level-overediting/core/results/gt_mask_diagnostic_v2/blinded_review/reviewer_2/assets/source_2a043df583fd.png,/Users/pt623/Documents/career-vault-resume/applications/hkust-harry-yang/part-level-overediting/core/results/gt_mask_diagnostic_v2/blinded_review/reviewer_2/assets/item_c70aaba05006.jpg,,,,,
item_3d3e7b95f869,car hood,black,A racing-car at a highway,A racing-car with black car hood at a highway,/Users/pt623/Documents/career-vault-resume/applications/hkust-harry-yang/part-level-overediting/core/results/gt_mask_diagnostic_v2/blinded_review/reviewer_2/assets/source_af6b5e577958.png,/Users/pt623/Documents/career-vault-resume/applications/hkust-harry-yang/part-level-overediting/core/results/gt_mask_diagnostic_v2/blinded_review/reviewer_2/assets/item_3d3e7b95f869.jpg,,,,,
item_82ac9081d5e0,head,robot,A girl at a beach,A girl with robot head at a beach,/Users/pt623/Documents/career-vault-resume/applications/hkust-harry-yang/part-level-overediting/core/results/gt_mask_diagnostic_v2/blinded_review/reviewer_2/assets/source_eddd21d6a1c2.png,/Users/pt623/Documents/career-vault-resume/applications/hkust-harry-yang/part-level-overediting/core/results/gt_mask_diagnostic_v2/blinded_review/reviewer_2/assets/item_82ac9081d5e0.jpg,,,,,
item_7f0e58128464,hair,Wavy,A Portrait of girl at a forest,A Portrait of girl with Wavy hair at a forest,/Users/pt623/Documents/career-vault-resume/applications/hkust-harry-yang/part-level-overediting/core/results/gt_mask_diagnostic_v2/blinded_review/reviewer_2/assets/source_53e8e39bcf1e.png,/Users/pt623/Documents/career-vault-resume/applications/hkust-harry-yang/part-level-overediting/core/results/gt_mask_diagnostic_v2/blinded_review/reviewer_2/assets/item_7f0e58128464.jpg,,,,,
item_8f480393d68d,torso,robotic-parts,A dinosaur at a museum,A dinosaur with robotic-parts torso at a museum,/Users/pt623/Documents/career-vault-resume/applications/hkust-harry-yang/part-level-overediting/core/results/gt_mask_diagnostic_v2/blinded_review/reviewer_2/assets/source_1e3c08a912fe.png,/Users/pt623/Documents/career-vault-resume/applications/hkust-harry-yang/part-level-overediting/core/results/gt_mask_diagnostic_v2/blinded_review/reviewer_2/assets/item_8f480393d68d.jpg,,,,,
item_8ea06b7c2ca5,hair,Wavy,A Portrait of girl at a forest,A Portrait of girl with Wavy hair at a forest,/Users/pt623/Documents/career-vault-resume/applications/hkust-harry-yang/part-level-overediting/core/results/gt_mask_diagnostic_v2/blinded_review/reviewer_2/assets/source_53e8e39bcf1e.png,/Users/pt623/Documents/career-vault-resume/applications/hkust-harry-yang/part-level-overediting/core/results/gt_mask_diagnostic_v2/blinded_review/reviewer_2/assets/item_8ea06b7c2ca5.jpg,,,,,
item_996a09fb9e3e,head,lion,A bear at a zoo,A bear with lion head at a zoo,/Users/pt623/Documents/career-vault-resume/applications/hkust-harry-yang/part-level-overediting/core/results/gt_mask_diagnostic_v2/blinded_review/reviewer_2/assets/source_1d46ca4f754d.png,/Users/pt623/Documents/career-vault-resume/applications/hkust-harry-yang/part-level-overediting/core/results/gt_mask_diagnostic_v2/blinded_review/reviewer_2/assets/item_996a09fb9e3e.jpg,,,,,
item_360db397ae59,torso,uniform,A alien at a school,A alien with uniform torso at a school,/Users/pt623/Documents/career-vault-resume/applications/hkust-harry-yang/part-level-overediting/core/results/gt_mask_diagnostic_v2/blinded_review/reviewer_2/assets/source_4ad3086c4953.png,/Users/pt623/Documents/career-vault-resume/applications/hkust-harry-yang/part-level-overediting/core/results/gt_mask_diagnostic_v2/blinded_review/reviewer_2/assets/item_360db397ae59.jpg,,,,,
item_c85c0578bf8a,car hood,vinyl-art,A classic-car at a garage,A classic-car with vinyl-art car hood at a garage,/Users/pt623/Documents/career-vault-resume/applications/hkust-harry-yang/part-level-overediting/core/results/gt_mask_diagnostic_v2/blinded_review/reviewer_2/assets/source_f3b27b9b2ef0.png,/Users/pt623/Documents/career-vault-resume/applications/hkust-harry-yang/part-level-overediting/core/results/gt_mask_diagnostic_v2/blinded_review/reviewer_2/assets/item_c85c0578bf8a.jpg,,,,,
item_0e1c801642fc,head,lion,A dog at a pool,A dog with lion head at a pool,/Users/pt623/Documents/career-vault-resume/applications/hkust-harry-yang/part-level-overediting/core/results/gt_mask_diagnostic_v2/blinded_review/reviewer_2/assets/source_fc07bb02f53f.png,/Users/pt623/Documents/career-vault-resume/applications/hkust-harry-yang/part-level-overediting/core/results/gt_mask_diagnostic_v2/blinded_review/reviewer_2/assets/item_0e1c801642fc.jpg,,,,,
item_d2c8699272d0,head,bear,A robot at a park,A robot with bear head at a park,/Users/pt623/Documents/career-vault-resume/applications/hkust-harry-yang/part-level-overediting/core/results/gt_mask_diagnostic_v2/blinded_review/reviewer_2/assets/source_64fe128aaf52.png,/Users/pt623/Documents/career-vault-resume/applications/hkust-harry-yang/part-level-overediting/core/results/gt_mask_diagnostic_v2/blinded_review/reviewer_2/assets/item_d2c8699272d0.jpg,,,,,
item_361a4283f100,head,dragon,A cow at a restaurant,A cow with dragon head at a restaurant,/Users/pt623/Documents/career-vault-resume/applications/hkust-harry-yang/part-level-overediting/core/results/gt_mask_diagnostic_v2/blinded_review/reviewer_2/assets/source_591f63abb2fa.png,/Users/pt623/Documents/career-vault-resume/applications/hkust-harry-yang/part-level-overediting/core/results/gt_mask_diagnostic_v2/blinded_review/reviewer_2/assets/item_361a4283f100.jpg,,,,,
item_93f9a50d5b09,hair,Botticelli-Curls,A Portrait of boy at a street,A Portrait of boy with Botticelli-Curls hair at a street,/Users/pt623/Documents/career-vault-resume/applications/hkust-harry-yang/part-level-overediting/core/results/gt_mask_diagnostic_v2/blinded_review/reviewer_2/assets/source_1efd8f28c69b.png,/Users/pt623/Documents/career-vault-resume/applications/hkust-harry-yang/part-level-overediting/core/results/gt_mask_diagnostic_v2/blinded_review/reviewer_2/assets/item_93f9a50d5b09.jpg,,,,,
item_4d1e1d6a3c44,seat,wooden,A closeup leather chair at a classroom,A closeup leather chair with wooden seat at a classroom,/Users/pt623/Documents/career-vault-resume/applications/hkust-harry-yang/part-level-overediting/core/results/gt_mask_diagnostic_v2/blinded_review/reviewer_2/assets/source_bda38536db22.png,/Users/pt623/Documents/career-vault-resume/applications/hkust-harry-yang/part-level-overediting/core/results/gt_mask_diagnostic_v2/blinded_review/reviewer_2/assets/item_4d1e1d6a3c44.jpg,,,,,
item_9f59e8c8488b,head,dragon,A dog at a farm,A dog with dragon head at a farm,/Users/pt623/Documents/career-vault-resume/applications/hkust-harry-yang/part-level-overediting/core/results/gt_mask_diagnostic_v2/blinded_review/reviewer_2/assets/source_2a043df583fd.png,/Users/pt623/Documents/career-vault-resume/applications/hkust-harry-yang/part-level-overediting/core/results/gt_mask_diagnostic_v2/blinded_review/reviewer_2/assets/item_9f59e8c8488b.jpg,,,,,
item_1b2d4684b9f3,head,robot,A man at a gym,A man with robot head at a gym,/Users/pt623/Documents/career-vault-resume/applications/hkust-harry-yang/part-level-overediting/core/results/gt_mask_diagnostic_v2/blinded_review/reviewer_2/assets/source_9db278f7152f.png,/Users/pt623/Documents/career-vault-resume/applications/hkust-harry-yang/part-level-overediting/core/results/gt_mask_diagnostic_v2/blinded_review/reviewer_2/assets/item_1b2d4684b9f3.jpg,,,,,
item_8f8fcd0aeb7a,head,dragon,A cow at a restaurant,A cow with dragon head at a restaurant,/Users/pt623/Documents/career-vault-resume/applications/hkust-harry-yang/part-level-overediting/core/results/gt_mask_diagnostic_v2/blinded_review/reviewer_2/assets/source_591f63abb2fa.png,/Users/pt623/Documents/career-vault-resume/applications/hkust-harry-yang/part-level-overediting/core/results/gt_mask_diagnostic_v2/blinded_review/reviewer_2/assets/item_8f8fcd0aeb7a.jpg,,,,,
item_a7f27626287e,car body,rusted,A classic-car at a suburban road,A classic-car with rusted car body at a suburban road,/Users/pt623/Documents/career-vault-resume/applications/hkust-harry-yang/part-level-overediting/core/results/gt_mask_diagnostic_v2/blinded_review/reviewer_2/assets/source_a90c17d919ed.png,/Users/pt623/Documents/career-vault-resume/applications/hkust-harry-yang/part-level-overediting/core/results/gt_mask_diagnostic_v2/blinded_review/reviewer_2/assets/item_a7f27626287e.jpg,,,,,
item_db88b6ef5342,head,robot,A alien at a school,A alien with robot head at a school,/Users/pt623/Documents/career-vault-resume/applications/hkust-harry-yang/part-level-overediting/core/results/gt_mask_diagnostic_v2/blinded_review/reviewer_2/assets/source_26285f2b90f2.png,/Users/pt623/Documents/career-vault-resume/applications/hkust-harry-yang/part-level-overediting/core/results/gt_mask_diagnostic_v2/blinded_review/reviewer_2/assets/item_db88b6ef5342.jpg,,,,,
item_717cd7cb3160,head,tattooed,A robot at a office,A robot with tattooed head at a office,/Users/pt623/Documents/career-vault-resume/applications/hkust-harry-yang/part-level-overediting/core/results/gt_mask_diagnostic_v2/blinded_review/reviewer_2/assets/source_1e365ebd5ac6.png,/Users/pt623/Documents/career-vault-resume/applications/hkust-harry-yang/part-level-overediting/core/results/gt_mask_diagnostic_v2/blinded_review/reviewer_2/assets/item_717cd7cb3160.jpg,,,,,
item_9514ae716f86,car hood,vinyl-art,A classic-car at a garage,A classic-car with vinyl-art car hood at a garage,/Users/pt623/Documents/career-vault-resume/applications/hkust-harry-yang/part-level-overediting/core/results/gt_mask_diagnostic_v2/blinded_review/reviewer_2/assets/source_f3b27b9b2ef0.png,/Users/pt623/Documents/career-vault-resume/applications/hkust-harry-yang/part-level-overediting/core/results/gt_mask_diagnostic_v2/blinded_review/reviewer_2/assets/item_9514ae716f86.jpg,,,,,
item_85be6acfcf38,head,robot,A man at a gym,A man with robot head at a gym,/Users/pt623/Documents/career-vault-resume/applications/hkust-harry-yang/part-level-overediting/core/results/gt_mask_diagnostic_v2/blinded_review/reviewer_2/assets/source_9db278f7152f.png,/Users/pt623/Documents/career-vault-resume/applications/hkust-harry-yang/part-level-overediting/core/results/gt_mask_diagnostic_v2/blinded_review/reviewer_2/assets/item_85be6acfcf38.jpg,,,,,
item_829de774a204,torso,batman,A robot at a school,A robot with batman torso at a school,/Users/pt623/Documents/career-vault-resume/applications/hkust-harry-yang/part-level-overediting/core/results/gt_mask_diagnostic_v2/blinded_review/reviewer_2/assets/source_8bcbeeb53dd4.png,/Users/pt623/Documents/career-vault-resume/applications/hkust-harry-yang/part-level-overediting/core/results/gt_mask_diagnostic_v2/blinded_review/reviewer_2/assets/item_829de774a204.jpg,,,,,
item_ea2884a27d60,torso,armor,A boy at a restaurant,A boy with armor torso at a restaurant,/Users/pt623/Documents/career-vault-resume/applications/hkust-harry-yang/part-level-overediting/core/results/gt_mask_diagnostic_v2/blinded_review/reviewer_2/assets/source_cea0cb0755a1.png,/Users/pt623/Documents/career-vault-resume/applications/hkust-harry-yang/part-level-overediting/core/results/gt_mask_diagnostic_v2/blinded_review/reviewer_2/assets/item_ea2884a27d60.jpg,,,,,
item_8c9d47a26761,seat,rusted,A closeup folding chair at a classroom,A closeup folding chair with rusted seat at a classroom,/Users/pt623/Documents/career-vault-resume/applications/hkust-harry-yang/part-level-overediting/core/results/gt_mask_diagnostic_v2/blinded_review/reviewer_2/assets/source_97eab3ccdecd.png,/Users/pt623/Documents/career-vault-resume/applications/hkust-harry-yang/part-level-overediting/core/results/gt_mask_diagnostic_v2/blinded_review/reviewer_2/assets/item_8c9d47a26761.jpg,,,,,
item_d7011f80ea33,head,dragon,A bear at a jungle,A bear with dragon head at a jungle,/Users/pt623/Documents/career-vault-resume/applications/hkust-harry-yang/part-level-overediting/core/results/gt_mask_diagnostic_v2/blinded_review/reviewer_2/assets/source_a29b0df6a570.png,/Users/pt623/Documents/career-vault-resume/applications/hkust-harry-yang/part-level-overediting/core/results/gt_mask_diagnostic_v2/blinded_review/reviewer_2/assets/item_d7011f80ea33.jpg,,,,,
item_15dab05487be,head,dog,A bear at a jungle,A bear with dog head at a jungle,/Users/pt623/Documents/career-vault-resume/applications/hkust-harry-yang/part-level-overediting/core/results/gt_mask_diagnostic_v2/blinded_review/reviewer_2/assets/source_f71c7b525544.png,/Users/pt623/Documents/career-vault-resume/applications/hkust-harry-yang/part-level-overediting/core/results/gt_mask_diagnostic_v2/blinded_review/reviewer_2/assets/item_15dab05487be.jpg,,,,,
item_ba12ad52df84,torso,armor,A girl at a stadium,A girl with armor torso at a stadium,/Users/pt623/Documents/career-vault-resume/applications/hkust-harry-yang/part-level-overediting/core/results/gt_mask_diagnostic_v2/blinded_review/reviewer_2/assets/source_05f0e921e87d.png,/Users/pt623/Documents/career-vault-resume/applications/hkust-harry-yang/part-level-overediting/core/results/gt_mask_diagnostic_v2/blinded_review/reviewer_2/assets/item_ba12ad52df84.jpg,,,,,
item_e1713a8b0745,car body,neon-lit,A classic-car at a suburban road,A classic-car with neon-lit car body at a suburban road,/Users/pt623/Documents/career-vault-resume/applications/hkust-harry-yang/part-level-overediting/core/results/gt_mask_diagnostic_v2/blinded_review/reviewer_2/assets/source_3ae69c2a9e97.png,/Users/pt623/Documents/career-vault-resume/applications/hkust-harry-yang/part-level-overediting/core/results/gt_mask_diagnostic_v2/blinded_review/reviewer_2/assets/item_e1713a8b0745.jpg,,,,,
item_a09beb75f7eb,torso,armor,A girl at a stadium,A girl with armor torso at a stadium,/Users/pt623/Documents/career-vault-resume/applications/hkust-harry-yang/part-level-overediting/core/results/gt_mask_diagnostic_v2/blinded_review/reviewer_2/assets/source_05f0e921e87d.png,/Users/pt623/Documents/career-vault-resume/applications/hkust-harry-yang/part-level-overediting/core/results/gt_mask_diagnostic_v2/blinded_review/reviewer_2/assets/item_a09beb75f7eb.jpg,,,,,
item_2026f5994903,head,lion,A bear at a zoo,A bear with lion head at a zoo,/Users/pt623/Documents/career-vault-resume/applications/hkust-harry-yang/part-level-overediting/core/results/gt_mask_diagnostic_v2/blinded_review/reviewer_2/assets/source_1d46ca4f754d.png,/Users/pt623/Documents/career-vault-resume/applications/hkust-harry-yang/part-level-overediting/core/results/gt_mask_diagnostic_v2/blinded_review/reviewer_2/assets/item_2026f5994903.jpg,,,,,
item_114dd8fa93f9,head,robot,A alien at a museum,A alien with robot head at a museum,/Users/pt623/Documents/career-vault-resume/applications/hkust-harry-yang/part-level-overediting/core/results/gt_mask_diagnostic_v2/blinded_review/reviewer_2/assets/source_0776f3ccf0e9.png,/Users/pt623/Documents/career-vault-resume/applications/hkust-harry-yang/part-level-overediting/core/results/gt_mask_diagnostic_v2/blinded_review/reviewer_2/assets/item_114dd8fa93f9.jpg,,,,,
item_3f52fef08afe,head,bear,A robot at a school,A robot with bear head at a school,/Users/pt623/Documents/career-vault-resume/applications/hkust-harry-yang/part-level-overediting/core/results/gt_mask_diagnostic_v2/blinded_review/reviewer_2/assets/source_5bd8b0acdbd5.png,/Users/pt623/Documents/career-vault-resume/applications/hkust-harry-yang/part-level-overediting/core/results/gt_mask_diagnostic_v2/blinded_review/reviewer_2/assets/item_3f52fef08afe.jpg,,,,,
item_7e5d04c5abd6,head,bear,A robot at a school,A robot with bear head at a school,/Users/pt623/Documents/career-vault-resume/applications/hkust-harry-yang/part-level-overediting/core/results/gt_mask_diagnostic_v2/blinded_review/reviewer_2/assets/source_5bd8b0acdbd5.png,/Users/pt623/Documents/career-vault-resume/applications/hkust-harry-yang/part-level-overediting/core/results/gt_mask_diagnostic_v2/blinded_review/reviewer_2/assets/item_7e5d04c5abd6.jpg,,,,,
item_732edbf622d3,head,robot,A girl at a beach,A girl with robot head at a beach,/Users/pt623/Documents/career-vault-resume/applications/hkust-harry-yang/part-level-overediting/core/results/gt_mask_diagnostic_v2/blinded_review/reviewer_2/assets/source_eddd21d6a1c2.png,/Users/pt623/Documents/career-vault-resume/applications/hkust-harry-yang/part-level-overediting/core/results/gt_mask_diagnostic_v2/blinded_review/reviewer_2/assets/item_732edbf622d3.jpg,,,,,
item_012543b5cdec,head,tattooed,A robot at a office,A robot with tattooed head at a office,/Users/pt623/Documents/career-vault-resume/applications/hkust-harry-yang/part-level-overediting/core/results/gt_mask_diagnostic_v2/blinded_review/reviewer_2/assets/source_1e365ebd5ac6.png,/Users/pt623/Documents/career-vault-resume/applications/hkust-harry-yang/part-level-overediting/core/results/gt_mask_diagnostic_v2/blinded_review/reviewer_2/assets/item_012543b5cdec.jpg,,,,,
item_57247aef4086,head,dog,A bear at a jungle,A bear with dog head at a jungle,/Users/pt623/Documents/career-vault-resume/applications/hkust-harry-yang/part-level-overediting/core/results/gt_mask_diagnostic_v2/blinded_review/reviewer_2/assets/source_f71c7b525544.png,/Users/pt623/Documents/career-vault-resume/applications/hkust-harry-yang/part-level-overediting/core/results/gt_mask_diagnostic_v2/blinded_review/reviewer_2/assets/item_57247aef4086.jpg,,,,,
item_6de9a9ea44e8,head,robot,A alien at a school,A alien with robot head at a school,/Users/pt623/Documents/career-vault-resume/applications/hkust-harry-yang/part-level-overediting/core/results/gt_mask_diagnostic_v2/blinded_review/reviewer_2/assets/source_26285f2b90f2.png,/Users/pt623/Documents/career-vault-resume/applications/hkust-harry-yang/part-level-overediting/core/results/gt_mask_diagnostic_v2/blinded_review/reviewer_2/assets/item_6de9a9ea44e8.jpg,,,,,
item_bff8d937d84a,head,panda,A dog at a store,A dog with panda head at a store,/Users/pt623/Documents/career-vault-resume/applications/hkust-harry-yang/part-level-overediting/core/results/gt_mask_diagnostic_v2/blinded_review/reviewer_2/assets/source_de70faeee4dc.png,/Users/pt623/Documents/career-vault-resume/applications/hkust-harry-yang/part-level-overediting/core/results/gt_mask_diagnostic_v2/blinded_review/reviewer_2/assets/item_bff8d937d84a.jpg,,,,,
item_0725fd296bca,torso,spiderman,A robot at a museum,A robot with spiderman torso at a museum,/Users/pt623/Documents/career-vault-resume/applications/hkust-harry-yang/part-level-overediting/core/results/gt_mask_diagnostic_v2/blinded_review/reviewer_2/assets/source_7e6e7b988446.png,/Users/pt623/Documents/career-vault-resume/applications/hkust-harry-yang/part-level-overediting/core/results/gt_mask_diagnostic_v2/blinded_review/reviewer_2/assets/item_0725fd296bca.jpg,,,,,
item_2b82dba170af,head,cat,A dog at a restaurant,A dog with cat head at a restaurant,/Users/pt623/Documents/career-vault-resume/applications/hkust-harry-yang/part-level-overediting/core/results/gt_mask_diagnostic_v2/blinded_review/reviewer_2/assets/source_ca463355e687.png,/Users/pt623/Documents/career-vault-resume/applications/hkust-harry-yang/part-level-overediting/core/results/gt_mask_diagnostic_v2/blinded_review/reviewer_2/assets/item_2b82dba170af.jpg,,,,,
item_0b7ad1477c30,car hood,Rusty,A full front facing view of Porsche car at a road,A full front facing view of Porsche car with Rusty car hood at a road,/Users/pt623/Documents/career-vault-resume/applications/hkust-harry-yang/part-level-overediting/core/results/gt_mask_diagnostic_v2/blinded_review/reviewer_2/assets/source_7e515b8abb95.png,/Users/pt623/Documents/career-vault-resume/applications/hkust-harry-yang/part-level-overediting/core/results/gt_mask_diagnostic_v2/blinded_review/reviewer_2/assets/item_0b7ad1477c30.jpg,,,,,
item_f6b5f8ccd60b,head,tiger,A bear at a pool,A bear with tiger head at a pool,/Users/pt623/Documents/career-vault-resume/applications/hkust-harry-yang/part-level-overediting/core/results/gt_mask_diagnostic_v2/blinded_review/reviewer_2/assets/source_41c7b285ef4c.png,/Users/pt623/Documents/career-vault-resume/applications/hkust-harry-yang/part-level-overediting/core/results/gt_mask_diagnostic_v2/blinded_review/reviewer_2/assets/item_f6b5f8ccd60b.jpg,,,,,
item_ebb79dca24c1,head,unicorn,A dog at a mountain,A dog with unicorn head at a mountain,/Users/pt623/Documents/career-vault-resume/applications/hkust-harry-yang/part-level-overediting/core/results/gt_mask_diagnostic_v2/blinded_review/reviewer_2/assets/source_ee57f3a3ed86.png,/Users/pt623/Documents/career-vault-resume/applications/hkust-harry-yang/part-level-overediting/core/results/gt_mask_diagnostic_v2/blinded_review/reviewer_2/assets/item_ebb79dca24c1.jpg,,,,,
item_8bc00ec5c9d4,car hood,Destroyed,A full front facing view of BMW car at a parking lot,A full front facing view of BMW car with Destroyed car hood at a parking lot,/Users/pt623/Documents/career-vault-resume/applications/hkust-harry-yang/part-level-overediting/core/results/gt_mask_diagnostic_v2/blinded_review/reviewer_2/assets/source_146c36946692.png,/Users/pt623/Documents/career-vault-resume/applications/hkust-harry-yang/part-level-overediting/core/results/gt_mask_diagnostic_v2/blinded_review/reviewer_2/assets/item_8bc00ec5c9d4.jpg,,,,,
item_347017fb8c82,hair,Botticelli-Curls,A Portrait of boy at a street,A Portrait of boy with Botticelli-Curls hair at a street,/Users/pt623/Documents/career-vault-resume/applications/hkust-harry-yang/part-level-overediting/core/results/gt_mask_diagnostic_v2/blinded_review/reviewer_2/assets/source_1efd8f28c69b.png,/Users/pt623/Documents/career-vault-resume/applications/hkust-harry-yang/part-level-overediting/core/results/gt_mask_diagnostic_v2/blinded_review/reviewer_2/assets/item_347017fb8c82.jpg,,,,,
item_a64bddad6785,torso,uniform,A alien at a school,A alien with uniform torso at a school,/Users/pt623/Documents/career-vault-resume/applications/hkust-harry-yang/part-level-overediting/core/results/gt_mask_diagnostic_v2/blinded_review/reviewer_2/assets/source_4ad3086c4953.png,/Users/pt623/Documents/career-vault-resume/applications/hkust-harry-yang/part-level-overediting/core/results/gt_mask_diagnostic_v2/blinded_review/reviewer_2/assets/item_a64bddad6785.jpg,,,,,
item_7f41ea506fef,torso,armor,A boy at a restaurant,A boy with armor torso at a restaurant,/Users/pt623/Documents/career-vault-resume/applications/hkust-harry-yang/part-level-overediting/core/results/gt_mask_diagnostic_v2/blinded_review/reviewer_2/assets/source_cea0cb0755a1.png,/Users/pt623/Documents/career-vault-resume/applications/hkust-harry-yang/part-level-overediting/core/results/gt_mask_diagnostic_v2/blinded_review/reviewer_2/assets/item_7f41ea506fef.jpg,,,,,
item_5fc9a8cfa7e6,hair,blond,A Portrait of man at a beach,A Portrait of man with blond hair at a beach,/Users/pt623/Documents/career-vault-resume/applications/hkust-harry-yang/part-level-overediting/core/results/gt_mask_diagnostic_v2/blinded_review/reviewer_2/assets/source_6ce9a1e568d3.png,/Users/pt623/Documents/career-vault-resume/applications/hkust-harry-yang/part-level-overediting/core/results/gt_mask_diagnostic_v2/blinded_review/reviewer_2/assets/item_5fc9a8cfa7e6.jpg,,,,,
item_c5d9f5ceb906,torso,formal-suit,A robot at a restaurant,A robot with formal-suit torso at a restaurant,/Users/pt623/Documents/career-vault-resume/applications/hkust-harry-yang/part-level-overediting/core/results/gt_mask_diagnostic_v2/blinded_review/reviewer_2/assets/source_2e6979609916.png,/Users/pt623/Documents/career-vault-resume/applications/hkust-harry-yang/part-level-overediting/core/results/gt_mask_diagnostic_v2/blinded_review/reviewer_2/assets/item_c5d9f5ceb906.jpg,,,,,
item_78e0e37ccc1c,head,robot,A alien at a city,A alien with robot head at a city,/Users/pt623/Documents/career-vault-resume/applications/hkust-harry-yang/part-level-overediting/core/results/gt_mask_diagnostic_v2/blinded_review/reviewer_2/assets/source_6094cd95fb45.png,/Users/pt623/Documents/career-vault-resume/applications/hkust-harry-yang/part-level-overediting/core/results/gt_mask_diagnostic_v2/blinded_review/reviewer_2/assets/item_78e0e37ccc1c.jpg,,,,,
item_6508c47b0747,torso,batman,A robot at a school,A robot with batman torso at a school,/Users/pt623/Documents/career-vault-resume/applications/hkust-harry-yang/part-level-overediting/core/results/gt_mask_diagnostic_v2/blinded_review/reviewer_2/assets/source_8bcbeeb53dd4.png,/Users/pt623/Documents/career-vault-resume/applications/hkust-harry-yang/part-level-overediting/core/results/gt_mask_diagnostic_v2/blinded_review/reviewer_2/assets/item_6508c47b0747.jpg,,,,,
item_f64cd2f31b8b,head,bear,A robot at a park,A robot with bear head at a park,/Users/pt623/Documents/career-vault-resume/applications/hkust-harry-yang/part-level-overediting/core/results/gt_mask_diagnostic_v2/blinded_review/reviewer_2/assets/source_64fe128aaf52.png,/Users/pt623/Documents/career-vault-resume/applications/hkust-harry-yang/part-level-overediting/core/results/gt_mask_diagnostic_v2/blinded_review/reviewer_2/assets/item_f64cd2f31b8b.jpg,,,,,
item_6cdd94234445,hair,Afro,A Portrait of boy at a beach,A Portrait of boy with Afro hair at a beach,/Users/pt623/Documents/career-vault-resume/applications/hkust-harry-yang/part-level-overediting/core/results/gt_mask_diagnostic_v2/blinded_review/reviewer_2/assets/source_0038f682b22a.png,/Users/pt623/Documents/career-vault-resume/applications/hkust-harry-yang/part-level-overediting/core/results/gt_mask_diagnostic_v2/blinded_review/reviewer_2/assets/item_6cdd94234445.jpg,,,,,
item_139f8095ed3c,head,dragon,A bear at a jungle,A bear with dragon head at a jungle,/Users/pt623/Documents/career-vault-resume/applications/hkust-harry-yang/part-level-overediting/core/results/gt_mask_diagnostic_v2/blinded_review/reviewer_2/assets/source_a29b0df6a570.png,/Users/pt623/Documents/career-vault-resume/applications/hkust-harry-yang/part-level-overediting/core/results/gt_mask_diagnostic_v2/blinded_review/reviewer_2/assets/item_139f8095ed3c.jpg,,,,,
item_587d129ab4cb,head,dragon,A cow at a restaurant,A cow with dragon head at a restaurant,/Users/pt623/Documents/career-vault-resume/applications/hkust-harry-yang/part-level-overediting/core/results/gt_mask_diagnostic_v2/blinded_review/reviewer_2/assets/source_591f63abb2fa.png,/Users/pt623/Documents/career-vault-resume/applications/hkust-harry-yang/part-level-overediting/core/results/gt_mask_diagnostic_v2/blinded_review/reviewer_2/assets/item_587d129ab4cb.jpg,,,,,
item_0dc84a7ff886,head,tiger,A bear at a pool,A bear with tiger head at a pool,/Users/pt623/Documents/career-vault-resume/applications/hkust-harry-yang/part-level-overediting/core/results/gt_mask_diagnostic_v2/blinded_review/reviewer_2/assets/source_41c7b285ef4c.png,/Users/pt623/Documents/career-vault-resume/applications/hkust-harry-yang/part-level-overediting/core/results/gt_mask_diagnostic_v2/blinded_review/reviewer_2/assets/item_0dc84a7ff886.jpg,,,,,
item_e79747b5c094,torso,formal-suit,A robot at a restaurant,A robot with formal-suit torso at a restaurant,/Users/pt623/Documents/career-vault-resume/applications/hkust-harry-yang/part-level-overediting/core/results/gt_mask_diagnostic_v2/blinded_review/reviewer_2/assets/source_2e6979609916.png,/Users/pt623/Documents/career-vault-resume/applications/hkust-harry-yang/part-level-overediting/core/results/gt_mask_diagnostic_v2/blinded_review/reviewer_2/assets/item_e79747b5c094.jpg,,,,,
item_1faacf7adce0,head,unicorn,A cow at a house,A cow with unicorn head at a house,/Users/pt623/Documents/career-vault-resume/applications/hkust-harry-yang/part-level-overediting/core/results/gt_mask_diagnostic_v2/blinded_review/reviewer_2/assets/source_70a3202c4158.png,/Users/pt623/Documents/career-vault-resume/applications/hkust-harry-yang/part-level-overediting/core/results/gt_mask_diagnostic_v2/blinded_review/reviewer_2/assets/item_1faacf7adce0.jpg,,,,,
item_84e05028ed77,hair,Wavy,A Portrait of girl at a forest,A Portrait of girl with Wavy hair at a forest,/Users/pt623/Documents/career-vault-resume/applications/hkust-harry-yang/part-level-overediting/core/results/gt_mask_diagnostic_v2/blinded_review/reviewer_2/assets/source_53e8e39bcf1e.png,/Users/pt623/Documents/career-vault-resume/applications/hkust-harry-yang/part-level-overediting/core/results/gt_mask_diagnostic_v2/blinded_review/reviewer_2/assets/item_84e05028ed77.jpg,,,,,
item_dacc1ec04b78,car hood,Graffiti,A full front facing view of Toyota car at a parking lot,A full front facing view of Toyota car with Graffiti car hood at a parking lot,/Users/pt623/Documents/career-vault-resume/applications/hkust-harry-yang/part-level-overediting/core/results/gt_mask_diagnostic_v2/blinded_review/reviewer_2/assets/source_d13dfe80a435.png,/Users/pt623/Documents/career-vault-resume/applications/hkust-harry-yang/part-level-overediting/core/results/gt_mask_diagnostic_v2/blinded_review/reviewer_2/assets/item_dacc1ec04b78.jpg,,,,,
item_01390b551ba6,head,cheetah,A cat at a museum,A cat with cheetah head at a museum,/Users/pt623/Documents/career-vault-resume/applications/hkust-harry-yang/part-level-overediting/core/results/gt_mask_diagnostic_v2/blinded_review/reviewer_2/assets/source_f3d1d79f0351.png,/Users/pt623/Documents/career-vault-resume/applications/hkust-harry-yang/part-level-overediting/core/results/gt_mask_diagnostic_v2/blinded_review/reviewer_2/assets/item_01390b551ba6.jpg,,,,,
item_be142a48debe,head,alien,A robot at a park,A robot with alien head at a park,/Users/pt623/Documents/career-vault-resume/applications/hkust-harry-yang/part-level-overediting/core/results/gt_mask_diagnostic_v2/blinded_review/reviewer_2/assets/source_f388d78833d6.png,/Users/pt623/Documents/career-vault-resume/applications/hkust-harry-yang/part-level-overediting/core/results/gt_mask_diagnostic_v2/blinded_review/reviewer_2/assets/item_be142a48debe.jpg,,,,,
item_8f5a43426598,head,robot,A alien at a city,A alien with robot head at a city,/Users/pt623/Documents/career-vault-resume/applications/hkust-harry-yang/part-level-overediting/core/results/gt_mask_diagnostic_v2/blinded_review/reviewer_2/assets/source_6094cd95fb45.png,/Users/pt623/Documents/career-vault-resume/applications/hkust-harry-yang/part-level-overediting/core/results/gt_mask_diagnostic_v2/blinded_review/reviewer_2/assets/item_8f5a43426598.jpg,,,,,
item_f934b932586a,hair,Curls,A Portrait of boy at a park,A Portrait of boy with Curls hair at a park,/Users/pt623/Documents/career-vault-resume/applications/hkust-harry-yang/part-level-overediting/core/results/gt_mask_diagnostic_v2/blinded_review/reviewer_2/assets/source_b4d7f2d52a43.png,/Users/pt623/Documents/career-vault-resume/applications/hkust-harry-yang/part-level-overediting/core/results/gt_mask_diagnostic_v2/blinded_review/reviewer_2/assets/item_f934b932586a.jpg,,,,,
item_a5f6b7af6658,torso,spiderman,A robot at a museum,A robot with spiderman torso at a museum,/Users/pt623/Documents/career-vault-resume/applications/hkust-harry-yang/part-level-overediting/core/results/gt_mask_diagnostic_v2/blinded_review/reviewer_2/assets/source_63f2eb2cd129.png,/Users/pt623/Documents/career-vault-resume/applications/hkust-harry-yang/part-level-overediting/core/results/gt_mask_diagnostic_v2/blinded_review/reviewer_2/assets/item_a5f6b7af6658.jpg,,,,,
item_609f760d70ce,head,cat,A dog at a restaurant,A dog with cat head at a restaurant,/Users/pt623/Documents/career-vault-resume/applications/hkust-harry-yang/part-level-overediting/core/results/gt_mask_diagnostic_v2/blinded_review/reviewer_2/assets/source_ca463355e687.png,/Users/pt623/Documents/career-vault-resume/applications/hkust-harry-yang/part-level-overediting/core/results/gt_mask_diagnostic_v2/blinded_review/reviewer_2/assets/item_609f760d70ce.jpg,,,,,
item_85ffc501a7a2,head,robot,A man at a gym,A man with robot head at a gym,/Users/pt623/Documents/career-vault-resume/applications/hkust-harry-yang/part-level-overediting/core/results/gt_mask_diagnostic_v2/blinded_review/reviewer_2/assets/source_9db278f7152f.png,/Users/pt623/Documents/career-vault-resume/applications/hkust-harry-yang/part-level-overediting/core/results/gt_mask_diagnostic_v2/blinded_review/reviewer_2/assets/item_85ffc501a7a2.jpg,,,,,
item_c3f67cccfb6e,torso,robotic-parts,A dinosaur at a museum,A dinosaur with robotic-parts torso at a museum,/Users/pt623/Documents/career-vault-resume/applications/hkust-harry-yang/part-level-overediting/core/results/gt_mask_diagnostic_v2/blinded_review/reviewer_2/assets/source_1e3c08a912fe.png,/Users/pt623/Documents/career-vault-resume/applications/hkust-harry-yang/part-level-overediting/core/results/gt_mask_diagnostic_v2/blinded_review/reviewer_2/assets/item_c3f67cccfb6e.jpg,,,,,
item_3865fcc118cf,head,bear,A alien at a museum,A alien with bear head at a museum,/Users/pt623/Documents/career-vault-resume/applications/hkust-harry-yang/part-level-overediting/core/results/gt_mask_diagnostic_v2/blinded_review/reviewer_2/assets/source_30f9afb55b24.png,/Users/pt623/Documents/career-vault-resume/applications/hkust-harry-yang/part-level-overediting/core/results/gt_mask_diagnostic_v2/blinded_review/reviewer_2/assets/item_3865fcc118cf.jpg,,,,,
item_818cda787e35,car body,futuristic,A sedan at a parking lot,A sedan with futuristic car body at a parking lot,/Users/pt623/Documents/career-vault-resume/applications/hkust-harry-yang/part-level-overediting/core/results/gt_mask_diagnostic_v2/blinded_review/reviewer_2/assets/source_ef3648f18171.png,/Users/pt623/Documents/career-vault-resume/applications/hkust-harry-yang/part-level-overediting/core/results/gt_mask_diagnostic_v2/blinded_review/reviewer_2/assets/item_818cda787e35.jpg,,,,,
item_a57db52af566,torso,armor,A boy at a restaurant,A boy with armor torso at a restaurant,/Users/pt623/Documents/career-vault-resume/applications/hkust-harry-yang/part-level-overediting/core/results/gt_mask_diagnostic_v2/blinded_review/reviewer_2/assets/source_cea0cb0755a1.png,/Users/pt623/Documents/career-vault-resume/applications/hkust-harry-yang/part-level-overediting/core/results/gt_mask_diagnostic_v2/blinded_review/reviewer_2/assets/item_a57db52af566.jpg,,,,,
item_7b7975cfe8a2,hair,Wavy,A Portrait of girl at a forest,A Portrait of girl with Wavy hair at a forest,/Users/pt623/Documents/career-vault-resume/applications/hkust-harry-yang/part-level-overediting/core/results/gt_mask_diagnostic_v2/blinded_review/reviewer_2/assets/source_53e8e39bcf1e.png,/Users/pt623/Documents/career-vault-resume/applications/hkust-harry-yang/part-level-overediting/core/results/gt_mask_diagnostic_v2/blinded_review/reviewer_2/assets/item_7b7975cfe8a2.jpg,,,,,
item_ead20ddd39b9,torso,armor,A boy at a restaurant,A boy with armor torso at a restaurant,/Users/pt623/Documents/career-vault-resume/applications/hkust-harry-yang/part-level-overediting/core/results/gt_mask_diagnostic_v2/blinded_review/reviewer_2/assets/source_cea0cb0755a1.png,/Users/pt623/Documents/career-vault-resume/applications/hkust-harry-yang/part-level-overediting/core/results/gt_mask_diagnostic_v2/blinded_review/reviewer_2/assets/item_ead20ddd39b9.jpg,,,,,
item_bd00ca6baf76,head,dragon,A cat at a desert,A cat with dragon head at a desert,/Users/pt623/Documents/career-vault-resume/applications/hkust-harry-yang/part-level-overediting/core/results/gt_mask_diagnostic_v2/blinded_review/reviewer_2/assets/source_bb5f44e8a25b.png,/Users/pt623/Documents/career-vault-resume/applications/hkust-harry-yang/part-level-overediting/core/results/gt_mask_diagnostic_v2/blinded_review/reviewer_2/assets/item_bd00ca6baf76.jpg,,,,,
item_58d7dbcd672a,car body,rusted,A classic-car at a suburban road,A classic-car with rusted car body at a suburban road,/Users/pt623/Documents/career-vault-resume/applications/hkust-harry-yang/part-level-overediting/core/results/gt_mask_diagnostic_v2/blinded_review/reviewer_2/assets/source_a90c17d919ed.png,/Users/pt623/Documents/career-vault-resume/applications/hkust-harry-yang/part-level-overediting/core/results/gt_mask_diagnostic_v2/blinded_review/reviewer_2/assets/item_58d7dbcd672a.jpg,,,,,
item_f3b905625223,car body,rusted,A classic-car at a suburban road,A classic-car with rusted car body at a suburban road,/Users/pt623/Documents/career-vault-resume/applications/hkust-harry-yang/part-level-overediting/core/results/gt_mask_diagnostic_v2/blinded_review/reviewer_2/assets/source_a90c17d919ed.png,/Users/pt623/Documents/career-vault-resume/applications/hkust-harry-yang/part-level-overediting/core/results/gt_mask_diagnostic_v2/blinded_review/reviewer_2/assets/item_f3b905625223.jpg,,,,,
item_d030b5c06a44,head,tattooed,A robot at a office,A robot with tattooed head at a office,/Users/pt623/Documents/career-vault-resume/applications/hkust-harry-yang/part-level-overediting/core/results/gt_mask_diagnostic_v2/blinded_review/reviewer_2/assets/source_1e365ebd5ac6.png,/Users/pt623/Documents/career-vault-resume/applications/hkust-harry-yang/part-level-overediting/core/results/gt_mask_diagnostic_v2/blinded_review/reviewer_2/assets/item_d030b5c06a44.jpg,,,,,
item_9b23df2a0dd9,car hood,black,A racing-car at a highway,A racing-car with black car hood at a highway,/Users/pt623/Documents/career-vault-resume/applications/hkust-harry-yang/part-level-overediting/core/results/gt_mask_diagnostic_v2/blinded_review/reviewer_2/assets/source_af6b5e577958.png,/Users/pt623/Documents/career-vault-resume/applications/hkust-harry-yang/part-level-overediting/core/results/gt_mask_diagnostic_v2/blinded_review/reviewer_2/assets/item_9b23df2a0dd9.jpg,,,,,
item_63e5a65b0294,head,robot,A girl at a beach,A girl with robot head at a beach,/Users/pt623/Documents/career-vault-resume/applications/hkust-harry-yang/part-level-overediting/core/results/gt_mask_diagnostic_v2/blinded_review/reviewer_2/assets/source_eddd21d6a1c2.png,/Users/pt623/Documents/career-vault-resume/applications/hkust-harry-yang/part-level-overediting/core/results/gt_mask_diagnostic_v2/blinded_review/reviewer_2/assets/item_63e5a65b0294.jpg,,,,,
item_034ae559dc49,head,dragon,A horse at a zoo,A horse with dragon head at a zoo,/Users/pt623/Documents/career-vault-resume/applications/hkust-harry-yang/part-level-overediting/core/results/gt_mask_diagnostic_v2/blinded_review/reviewer_2/assets/source_dbfa710ac399.png,/Users/pt623/Documents/career-vault-resume/applications/hkust-harry-yang/part-level-overediting/core/results/gt_mask_diagnostic_v2/blinded_review/reviewer_2/assets/item_034ae559dc49.jpg,,,,,
item_df6c31073cad,torso,spiderman,A robot at a museum,A robot with spiderman torso at a museum,/Users/pt623/Documents/career-vault-resume/applications/hkust-harry-yang/part-level-overediting/core/results/gt_mask_diagnostic_v2/blinded_review/reviewer_2/assets/source_7e6e7b988446.png,/Users/pt623/Documents/career-vault-resume/applications/hkust-harry-yang/part-level-overediting/core/results/gt_mask_diagnostic_v2/blinded_review/reviewer_2/assets/item_df6c31073cad.jpg,,,,,
item_62530eb38315,head,lion,A bear at a zoo,A bear with lion head at a zoo,/Users/pt623/Documents/career-vault-resume/applications/hkust-harry-yang/part-level-overediting/core/results/gt_mask_diagnostic_v2/blinded_review/reviewer_2/assets/source_1d46ca4f754d.png,/Users/pt623/Documents/career-vault-resume/applications/hkust-harry-yang/part-level-overediting/core/results/gt_mask_diagnostic_v2/blinded_review/reviewer_2/assets/item_62530eb38315.jpg,,,,,
item_f4dce100b9bd,car body,armored,A luxury-car at a mountain road,A luxury-car with armored car body at a mountain road,/Users/pt623/Documents/career-vault-resume/applications/hkust-harry-yang/part-level-overediting/core/results/gt_mask_diagnostic_v2/blinded_review/reviewer_2/assets/source_4a1c085cfce4.png,/Users/pt623/Documents/career-vault-resume/applications/hkust-harry-yang/part-level-overediting/core/results/gt_mask_diagnostic_v2/blinded_review/reviewer_2/assets/item_f4dce100b9bd.jpg,,,,,
item_ef89904ee62d,head,dragon,A cat at a desert,A cat with dragon head at a desert,/Users/pt623/Documents/career-vault-resume/applications/hkust-harry-yang/part-level-overediting/core/results/gt_mask_diagnostic_v2/blinded_review/reviewer_2/assets/source_bb5f44e8a25b.png,/Users/pt623/Documents/career-vault-resume/applications/hkust-harry-yang/part-level-overediting/core/results/gt_mask_diagnostic_v2/blinded_review/reviewer_2/assets/item_ef89904ee62d.jpg,,,,,
item_26e82c303bb6,seat,fabric,A closeup leather chair at a apartment,A closeup leather chair with fabric seat at a apartment,/Users/pt623/Documents/career-vault-resume/applications/hkust-harry-yang/part-level-overediting/core/results/gt_mask_diagnostic_v2/blinded_review/reviewer_2/assets/source_278976611c82.png,/Users/pt623/Documents/career-vault-resume/applications/hkust-harry-yang/part-level-overediting/core/results/gt_mask_diagnostic_v2/blinded_review/reviewer_2/assets/item_26e82c303bb6.jpg,,,,,
item_57f450d1c29a,car hood,Digital-Camouflage,A full front facing view of racing car at a parking lot,A full front facing view of racing car with Digital-Camouflage car hood at a parking lot,/Users/pt623/Documents/career-vault-resume/applications/hkust-harry-yang/part-level-overediting/core/results/gt_mask_diagnostic_v2/blinded_review/reviewer_2/assets/source_073b896945b5.png,/Users/pt623/Documents/career-vault-resume/applications/hkust-harry-yang/part-level-overediting/core/results/gt_mask_diagnostic_v2/blinded_review/reviewer_2/assets/item_57f450d1c29a.jpg,,,,,
item_b415894c97be,seat,wooden,A closeup leather chair at a classroom,A closeup leather chair with wooden seat at a classroom,/Users/pt623/Documents/career-vault-resume/applications/hkust-harry-yang/part-level-overediting/core/results/gt_mask_diagnostic_v2/blinded_review/reviewer_2/assets/source_bda38536db22.png,/Users/pt623/Documents/career-vault-resume/applications/hkust-harry-yang/part-level-overediting/core/results/gt_mask_diagnostic_v2/blinded_review/reviewer_2/assets/item_b415894c97be.jpg,,,,,
item_c55f5c9cd7df,head,bear,A robot at a school,A robot with bear head at a school,/Users/pt623/Documents/career-vault-resume/applications/hkust-harry-yang/part-level-overediting/core/results/gt_mask_diagnostic_v2/blinded_review/reviewer_2/assets/source_5bd8b0acdbd5.png,/Users/pt623/Documents/career-vault-resume/applications/hkust-harry-yang/part-level-overediting/core/results/gt_mask_diagnostic_v2/blinded_review/reviewer_2/assets/item_c55f5c9cd7df.jpg,,,,,
item_8075913e60b2,hair,Curley,A Portrait of girl at a mountain,A Portrait of girl with Curley hair at a mountain,/Users/pt623/Documents/career-vault-resume/applications/hkust-harry-yang/part-level-overediting/core/results/gt_mask_diagnostic_v2/blinded_review/reviewer_2/assets/source_c6abd9790d67.png,/Users/pt623/Documents/career-vault-resume/applications/hkust-harry-yang/part-level-overediting/core/results/gt_mask_diagnostic_v2/blinded_review/reviewer_2/assets/item_8075913e60b2.jpg,,,,,
item_2d5b5c13a846,torso,spiderman,A robot at a museum,A robot with spiderman torso at a museum,/Users/pt623/Documents/career-vault-resume/applications/hkust-harry-yang/part-level-overediting/core/results/gt_mask_diagnostic_v2/blinded_review/reviewer_2/assets/source_7e6e7b988446.png,/Users/pt623/Documents/career-vault-resume/applications/hkust-harry-yang/part-level-overediting/core/results/gt_mask_diagnostic_v2/blinded_review/reviewer_2/assets/item_2d5b5c13a846.jpg,,,,,
item_5024411a5cfd,car body,futuristic,A sedan at a parking lot,A sedan with futuristic car body at a parking lot,/Users/pt623/Documents/career-vault-resume/applications/hkust-harry-yang/part-level-overediting/core/results/gt_mask_diagnostic_v2/blinded_review/reviewer_2/assets/source_ef3648f18171.png,/Users/pt623/Documents/career-vault-resume/applications/hkust-harry-yang/part-level-overediting/core/results/gt_mask_diagnostic_v2/blinded_review/reviewer_2/assets/item_5024411a5cfd.jpg,,,,,
item_895df74f6cdc,head,dragon,A horse at a jungle,A horse with dragon head at a jungle,/Users/pt623/Documents/career-vault-resume/applications/hkust-harry-yang/part-level-overediting/core/results/gt_mask_diagnostic_v2/blinded_review/reviewer_2/assets/source_2b822a970173.png,/Users/pt623/Documents/career-vault-resume/applications/hkust-harry-yang/part-level-overediting/core/results/gt_mask_diagnostic_v2/blinded_review/reviewer_2/assets/item_895df74f6cdc.jpg,,,,,
item_d5bdf95b6f82,car body,neon-lit,A classic-car at a suburban road,A classic-car with neon-lit car body at a suburban road,/Users/pt623/Documents/career-vault-resume/applications/hkust-harry-yang/part-level-overediting/core/results/gt_mask_diagnostic_v2/blinded_review/reviewer_2/assets/source_3ae69c2a9e97.png,/Users/pt623/Documents/career-vault-resume/applications/hkust-harry-yang/part-level-overediting/core/results/gt_mask_diagnostic_v2/blinded_review/reviewer_2/assets/item_d5bdf95b6f82.jpg,,,,,
item_243de2efe92c,torso,uniform,A alien at a school,A alien with uniform torso at a school,/Users/pt623/Documents/career-vault-resume/applications/hkust-harry-yang/part-level-overediting/core/results/gt_mask_diagnostic_v2/blinded_review/reviewer_2/assets/source_4ad3086c4953.png,/Users/pt623/Documents/career-vault-resume/applications/hkust-harry-yang/part-level-overediting/core/results/gt_mask_diagnostic_v2/blinded_review/reviewer_2/assets/item_243de2efe92c.jpg,,,,,
item_167108f12d0f,torso,spiderman,A robot at a museum,A robot with spiderman torso at a museum,/Users/pt623/Documents/career-vault-resume/applications/hkust-harry-yang/part-level-overediting/core/results/gt_mask_diagnostic_v2/blinded_review/reviewer_2/assets/source_63f2eb2cd129.png,/Users/pt623/Documents/career-vault-resume/applications/hkust-harry-yang/part-level-overediting/core/results/gt_mask_diagnostic_v2/blinded_review/reviewer_2/assets/item_167108f12d0f.jpg,,,,,
item_f368cd017afa,head,cat,A dog at a restaurant,A dog with cat head at a restaurant,/Users/pt623/Documents/career-vault-resume/applications/hkust-harry-yang/part-level-overediting/core/results/gt_mask_diagnostic_v2/blinded_review/reviewer_2/assets/source_ca463355e687.png,/Users/pt623/Documents/career-vault-resume/applications/hkust-harry-yang/part-level-overediting/core/results/gt_mask_diagnostic_v2/blinded_review/reviewer_2/assets/item_f368cd017afa.jpg,,,,,
item_12fb9b06b6a7,head,robot,A alien at a museum,A alien with robot head at a museum,/Users/pt623/Documents/career-vault-resume/applications/hkust-harry-yang/part-level-overediting/core/results/gt_mask_diagnostic_v2/blinded_review/reviewer_2/assets/source_0776f3ccf0e9.png,/Users/pt623/Documents/career-vault-resume/applications/hkust-harry-yang/part-level-overediting/core/results/gt_mask_diagnostic_v2/blinded_review/reviewer_2/assets/item_12fb9b06b6a7.jpg,,,,,
item_e20c050475d4,car body,armored,A luxury-car at a mountain road,A luxury-car with armored car body at a mountain road,/Users/pt623/Documents/career-vault-resume/applications/hkust-harry-yang/part-level-overediting/core/results/gt_mask_diagnostic_v2/blinded_review/reviewer_2/assets/source_4a1c085cfce4.png,/Users/pt623/Documents/career-vault-resume/applications/hkust-harry-yang/part-level-overediting/core/results/gt_mask_diagnostic_v2/blinded_review/reviewer_2/assets/item_e20c050475d4.jpg,,,,,
item_1478e290a2de,car hood,black,A racing-car at a highway,A racing-car with black car hood at a highway,/Users/pt623/Documents/career-vault-resume/applications/hkust-harry-yang/part-level-overediting/core/results/gt_mask_diagnostic_v2/blinded_review/reviewer_2/assets/source_af6b5e577958.png,/Users/pt623/Documents/career-vault-resume/applications/hkust-harry-yang/part-level-overediting/core/results/gt_mask_diagnostic_v2/blinded_review/reviewer_2/assets/item_1478e290a2de.jpg,,,,,
item_1e1c5ae606cb,head,unicorn,A dog at a mountain,A dog with unicorn head at a mountain,/Users/pt623/Documents/career-vault-resume/applications/hkust-harry-yang/part-level-overediting/core/results/gt_mask_diagnostic_v2/blinded_review/reviewer_2/assets/source_ee57f3a3ed86.png,/Users/pt623/Documents/career-vault-resume/applications/hkust-harry-yang/part-level-overediting/core/results/gt_mask_diagnostic_v2/blinded_review/reviewer_2/assets/item_1e1c5ae606cb.jpg,,,,,
item_faea4365fcb0,seat,rusted,A closeup folding chair at a classroom,A closeup folding chair with rusted seat at a classroom,/Users/pt623/Documents/career-vault-resume/applications/hkust-harry-yang/part-level-overediting/core/results/gt_mask_diagnostic_v2/blinded_review/reviewer_2/assets/source_97eab3ccdecd.png,/Users/pt623/Documents/career-vault-resume/applications/hkust-harry-yang/part-level-overediting/core/results/gt_mask_diagnostic_v2/blinded_review/reviewer_2/assets/item_faea4365fcb0.jpg,,,,,
item_0f3fbafabb17,seat,wooden,A closeup leather chair at a classroom,A closeup leather chair with wooden seat at a classroom,/Users/pt623/Documents/career-vault-resume/applications/hkust-harry-yang/part-level-overediting/core/results/gt_mask_diagnostic_v2/blinded_review/reviewer_2/assets/source_bda38536db22.png,/Users/pt623/Documents/career-vault-resume/applications/hkust-harry-yang/part-level-overediting/core/results/gt_mask_diagnostic_v2/blinded_review/reviewer_2/assets/item_0f3fbafabb17.jpg,,,,,
item_6afa23545389,seat,plastic,A closeup soft chair at a photo studio,A closeup soft chair with plastic seat at a photo studio,/Users/pt623/Documents/career-vault-resume/applications/hkust-harry-yang/part-level-overediting/core/results/gt_mask_diagnostic_v2/blinded_review/reviewer_2/assets/source_b25f9980445d.png,/Users/pt623/Documents/career-vault-resume/applications/hkust-harry-yang/part-level-overediting/core/results/gt_mask_diagnostic_v2/blinded_review/reviewer_2/assets/item_6afa23545389.jpg,,,,,
item_ff07af32a9af,head,alien,A robot at a park,A robot with alien head at a park,/Users/pt623/Documents/career-vault-resume/applications/hkust-harry-yang/part-level-overediting/core/results/gt_mask_diagnostic_v2/blinded_review/reviewer_2/assets/source_f388d78833d6.png,/Users/pt623/Documents/career-vault-resume/applications/hkust-harry-yang/part-level-overediting/core/results/gt_mask_diagnostic_v2/blinded_review/reviewer_2/assets/item_ff07af32a9af.jpg,,,,,
item_903b9e1ecfa2,head,robot,A girl at a beach,A girl with robot head at a beach,/Users/pt623/Documents/career-vault-resume/applications/hkust-harry-yang/part-level-overediting/core/results/gt_mask_diagnostic_v2/blinded_review/reviewer_2/assets/source_eddd21d6a1c2.png,/Users/pt623/Documents/career-vault-resume/applications/hkust-harry-yang/part-level-overediting/core/results/gt_mask_diagnostic_v2/blinded_review/reviewer_2/assets/item_903b9e1ecfa2.jpg,,,,,
item_27e5b5075481,torso,batman,A robot at a school,A robot with batman torso at a school,/Users/pt623/Documents/career-vault-resume/applications/hkust-harry-yang/part-level-overediting/core/results/gt_mask_diagnostic_v2/blinded_review/reviewer_2/assets/source_8bcbeeb53dd4.png,/Users/pt623/Documents/career-vault-resume/applications/hkust-harry-yang/part-level-overediting/core/results/gt_mask_diagnostic_v2/blinded_review/reviewer_2/assets/item_27e5b5075481.jpg,,,,,
item_13d4d9aafcd2,car body,armored,A luxury-car at a mountain road,A luxury-car with armored car body at a mountain road,/Users/pt623/Documents/career-vault-resume/applications/hkust-harry-yang/part-level-overediting/core/results/gt_mask_diagnostic_v2/blinded_review/reviewer_2/assets/source_4a1c085cfce4.png,/Users/pt623/Documents/career-vault-resume/applications/hkust-harry-yang/part-level-overediting/core/results/gt_mask_diagnostic_v2/blinded_review/reviewer_2/assets/item_13d4d9aafcd2.jpg,,,,,
item_6423f637ba82,hair,Botticelli-Curls,A Portrait of boy at a street,A Portrait of boy with Botticelli-Curls hair at a street,/Users/pt623/Documents/career-vault-resume/applications/hkust-harry-yang/part-level-overediting/core/results/gt_mask_diagnostic_v2/blinded_review/reviewer_2/assets/source_1efd8f28c69b.png,/Users/pt623/Documents/career-vault-resume/applications/hkust-harry-yang/part-level-overediting/core/results/gt_mask_diagnostic_v2/blinded_review/reviewer_2/assets/item_6423f637ba82.jpg,,,,,
item_32024ae33a3a,head,robot,A alien at a city,A alien with robot head at a city,/Users/pt623/Documents/career-vault-resume/applications/hkust-harry-yang/part-level-overediting/core/results/gt_mask_diagnostic_v2/blinded_review/reviewer_2/assets/source_6094cd95fb45.png,/Users/pt623/Documents/career-vault-resume/applications/hkust-harry-yang/part-level-overediting/core/results/gt_mask_diagnostic_v2/blinded_review/reviewer_2/assets/item_32024ae33a3a.jpg,,,,,
item_f6f477ae4ec9,torso,armor,A girl at a stadium,A girl with armor torso at a stadium,/Users/pt623/Documents/career-vault-resume/applications/hkust-harry-yang/part-level-overediting/core/results/gt_mask_diagnostic_v2/blinded_review/reviewer_2/assets/source_05f0e921e87d.png,/Users/pt623/Documents/career-vault-resume/applications/hkust-harry-yang/part-level-overediting/core/results/gt_mask_diagnostic_v2/blinded_review/reviewer_2/assets/item_f6f477ae4ec9.jpg,,,,,
item_c2f2b4e79c89,head,alien,A robot at a park,A robot with alien head at a park,/Users/pt623/Documents/career-vault-resume/applications/hkust-harry-yang/part-level-overediting/core/results/gt_mask_diagnostic_v2/blinded_review/reviewer_2/assets/source_f388d78833d6.png,/Users/pt623/Documents/career-vault-resume/applications/hkust-harry-yang/part-level-overediting/core/results/gt_mask_diagnostic_v2/blinded_review/reviewer_2/assets/item_c2f2b4e79c89.jpg,,,,,
item_2fa974c05214,head,tattooed,A robot at a office,A robot with tattooed head at a office,/Users/pt623/Documents/career-vault-resume/applications/hkust-harry-yang/part-level-overediting/core/results/gt_mask_diagnostic_v2/blinded_review/reviewer_2/assets/source_1e365ebd5ac6.png,/Users/pt623/Documents/career-vault-resume/applications/hkust-harry-yang/part-level-overediting/core/results/gt_mask_diagnostic_v2/blinded_review/reviewer_2/assets/item_2fa974c05214.jpg,,,,,
item_860a6c6c0532,head,dragon,A horse at a zoo,A horse with dragon head at a zoo,/Users/pt623/Documents/career-vault-resume/applications/hkust-harry-yang/part-level-overediting/core/results/gt_mask_diagnostic_v2/blinded_review/reviewer_2/assets/source_dbfa710ac399.png,/Users/pt623/Documents/career-vault-resume/applications/hkust-harry-yang/part-level-overediting/core/results/gt_mask_diagnostic_v2/blinded_review/reviewer_2/assets/item_860a6c6c0532.jpg,,,,,
item_9aad80aaa232,car hood,Digital-Camouflage,A full front facing view of racing car at a parking lot,A full front facing view of racing car with Digital-Camouflage car hood at a parking lot,/Users/pt623/Documents/career-vault-resume/applications/hkust-harry-yang/part-level-overediting/core/results/gt_mask_diagnostic_v2/blinded_review/reviewer_2/assets/source_073b896945b5.png,/Users/pt623/Documents/career-vault-resume/applications/hkust-harry-yang/part-level-overediting/core/results/gt_mask_diagnostic_v2/blinded_review/reviewer_2/assets/item_9aad80aaa232.jpg,,,,,
item_90b67861cb9e,torso,formal-suit,A robot at a restaurant,A robot with formal-suit torso at a restaurant,/Users/pt623/Documents/career-vault-resume/applications/hkust-harry-yang/part-level-overediting/core/results/gt_mask_diagnostic_v2/blinded_review/reviewer_2/assets/source_2e6979609916.png,/Users/pt623/Documents/career-vault-resume/applications/hkust-harry-yang/part-level-overediting/core/results/gt_mask_diagnostic_v2/blinded_review/reviewer_2/assets/item_90b67861cb9e.jpg,,,,,
item_3959f5ce28e5,car body,neon-lit,A classic-car at a suburban road,A classic-car with neon-lit car body at a suburban road,/Users/pt623/Documents/career-vault-resume/applications/hkust-harry-yang/part-level-overediting/core/results/gt_mask_diagnostic_v2/blinded_review/reviewer_2/assets/source_3ae69c2a9e97.png,/Users/pt623/Documents/career-vault-resume/applications/hkust-harry-yang/part-level-overediting/core/results/gt_mask_diagnostic_v2/blinded_review/reviewer_2/assets/item_3959f5ce28e5.jpg,,,,,
item_2d3c91fff4bb,head,lion,A dog at a pool,A dog with lion head at a pool,/Users/pt623/Documents/career-vault-resume/applications/hkust-harry-yang/part-level-overediting/core/results/gt_mask_diagnostic_v2/blinded_review/reviewer_2/assets/source_fc07bb02f53f.png,/Users/pt623/Documents/career-vault-resume/applications/hkust-harry-yang/part-level-overediting/core/results/gt_mask_diagnostic_v2/blinded_review/reviewer_2/assets/item_2d3c91fff4bb.jpg,,,,,
item_37901484d65e,head,lion,A dog at a pool,A dog with lion head at a pool,/Users/pt623/Documents/career-vault-resume/applications/hkust-harry-yang/part-level-overediting/core/results/gt_mask_diagnostic_v2/blinded_review/reviewer_2/assets/source_fc07bb02f53f.png,/Users/pt623/Documents/career-vault-resume/applications/hkust-harry-yang/part-level-overediting/core/results/gt_mask_diagnostic_v2/blinded_review/reviewer_2/assets/item_37901484d65e.jpg,,,,,
item_53c567c130f7,car body,futuristic,A sedan at a parking lot,A sedan with futuristic car body at a parking lot,/Users/pt623/Documents/career-vault-resume/applications/hkust-harry-yang/part-level-overediting/core/results/gt_mask_diagnostic_v2/blinded_review/reviewer_2/assets/source_ef3648f18171.png,/Users/pt623/Documents/career-vault-resume/applications/hkust-harry-yang/part-level-overediting/core/results/gt_mask_diagnostic_v2/blinded_review/reviewer_2/assets/item_53c567c130f7.jpg,,,,,
item_c9392c4be750,head,lion,A bear at a zoo,A bear with lion head at a zoo,/Users/pt623/Documents/career-vault-resume/applications/hkust-harry-yang/part-level-overediting/core/results/gt_mask_diagnostic_v2/blinded_review/reviewer_2/assets/source_b8ba5e41ea31.png,/Users/pt623/Documents/career-vault-resume/applications/hkust-harry-yang/part-level-overediting/core/results/gt_mask_diagnostic_v2/blinded_review/reviewer_2/assets/item_c9392c4be750.jpg,,,,,
item_f8af31f0ac8f,head,dragon,A cat at a desert,A cat with dragon head at a desert,/Users/pt623/Documents/career-vault-resume/applications/hkust-harry-yang/part-level-overediting/core/results/gt_mask_diagnostic_v2/blinded_review/reviewer_2/assets/source_bb5f44e8a25b.png,/Users/pt623/Documents/career-vault-resume/applications/hkust-harry-yang/part-level-overediting/core/results/gt_mask_diagnostic_v2/blinded_review/reviewer_2/assets/item_f8af31f0ac8f.jpg,,,,,
item_65d71112982b,hair,Curley,A Portrait of girl at a mountain,A Portrait of girl with Curley hair at a mountain,/Users/pt623/Documents/career-vault-resume/applications/hkust-harry-yang/part-level-overediting/core/results/gt_mask_diagnostic_v2/blinded_review/reviewer_2/assets/source_c6abd9790d67.png,/Users/pt623/Documents/career-vault-resume/applications/hkust-harry-yang/part-level-overediting/core/results/gt_mask_diagnostic_v2/blinded_review/reviewer_2/assets/item_65d71112982b.jpg,,,,,
item_8ad504a27d03,car hood,Rusty,A full front facing view of Porsche car at a road,A full front facing view of Porsche car with Rusty car hood at a road,/Users/pt623/Documents/career-vault-resume/applications/hkust-harry-yang/part-level-overediting/core/results/gt_mask_diagnostic_v2/blinded_review/reviewer_2/assets/source_7e515b8abb95.png,/Users/pt623/Documents/career-vault-resume/applications/hkust-harry-yang/part-level-overediting/core/results/gt_mask_diagnostic_v2/blinded_review/reviewer_2/assets/item_8ad504a27d03.jpg,,,,,
item_38771a281dae,head,robot,A alien at a school,A alien with robot head at a school,/Users/pt623/Documents/career-vault-resume/applications/hkust-harry-yang/part-level-overediting/core/results/gt_mask_diagnostic_v2/blinded_review/reviewer_2/assets/source_26285f2b90f2.png,/Users/pt623/Documents/career-vault-resume/applications/hkust-harry-yang/part-level-overediting/core/results/gt_mask_diagnostic_v2/blinded_review/reviewer_2/assets/item_38771a281dae.jpg,,,,,
item_8fcd4f919f82,car hood,black,A racing-car at a highway,A racing-car with black car hood at a highway,/Users/pt623/Documents/career-vault-resume/applications/hkust-harry-yang/part-level-overediting/core/results/gt_mask_diagnostic_v2/blinded_review/reviewer_2/assets/source_af6b5e577958.png,/Users/pt623/Documents/career-vault-resume/applications/hkust-harry-yang/part-level-overediting/core/results/gt_mask_diagnostic_v2/blinded_review/reviewer_2/assets/item_8fcd4f919f82.jpg,,,,,
item_56613364ed52,hair,Curley,A Portrait of girl at a mountain,A Portrait of girl with Curley hair at a mountain,/Users/pt623/Documents/career-vault-resume/applications/hkust-harry-yang/part-level-overediting/core/results/gt_mask_diagnostic_v2/blinded_review/reviewer_2/assets/source_c6abd9790d67.png,/Users/pt623/Documents/career-vault-resume/applications/hkust-harry-yang/part-level-overediting/core/results/gt_mask_diagnostic_v2/blinded_review/reviewer_2/assets/item_56613364ed52.jpg,,,,,
item_1ec2a7d5a314,head,tattooed,A robot at a office,A robot with tattooed head at a office,/Users/pt623/Documents/career-vault-resume/applications/hkust-harry-yang/part-level-overediting/core/results/gt_mask_diagnostic_v2/blinded_review/reviewer_2/assets/source_1e365ebd5ac6.png,/Users/pt623/Documents/career-vault-resume/applications/hkust-harry-yang/part-level-overediting/core/results/gt_mask_diagnostic_v2/blinded_review/reviewer_2/assets/item_1ec2a7d5a314.jpg,,,,,
item_8dcf6e54ca66,head,bear,A robot at a park,A robot with bear head at a park,/Users/pt623/Documents/career-vault-resume/applications/hkust-harry-yang/part-level-overediting/core/results/gt_mask_diagnostic_v2/blinded_review/reviewer_2/assets/source_64fe128aaf52.png,/Users/pt623/Documents/career-vault-resume/applications/hkust-harry-yang/part-level-overediting/core/results/gt_mask_diagnostic_v2/blinded_review/reviewer_2/assets/item_8dcf6e54ca66.jpg,,,,,
item_16fa9120092c,seat,rusted,A closeup folding chair at a classroom,A closeup folding chair with rusted seat at a classroom,/Users/pt623/Documents/career-vault-resume/applications/hkust-harry-yang/part-level-overediting/core/results/gt_mask_diagnostic_v2/blinded_review/reviewer_2/assets/source_97eab3ccdecd.png,/Users/pt623/Documents/career-vault-resume/applications/hkust-harry-yang/part-level-overediting/core/results/gt_mask_diagnostic_v2/blinded_review/reviewer_2/assets/item_16fa9120092c.jpg,,,,,
item_02e68d8eb5ae,head,cheetah,A cat at a museum,A cat with cheetah head at a museum,/Users/pt623/Documents/career-vault-resume/applications/hkust-harry-yang/part-level-overediting/core/results/gt_mask_diagnostic_v2/blinded_review/reviewer_2/assets/source_f3d1d79f0351.png,/Users/pt623/Documents/career-vault-resume/applications/hkust-harry-yang/part-level-overediting/core/results/gt_mask_diagnostic_v2/blinded_review/reviewer_2/assets/item_02e68d8eb5ae.jpg,,,,,
item_6f935f10f34e,car body,rusted,A classic-car at a suburban road,A classic-car with rusted car body at a suburban road,/Users/pt623/Documents/career-vault-resume/applications/hkust-harry-yang/part-level-overediting/core/results/gt_mask_diagnostic_v2/blinded_review/reviewer_2/assets/source_a90c17d919ed.png,/Users/pt623/Documents/career-vault-resume/applications/hkust-harry-yang/part-level-overediting/core/results/gt_mask_diagnostic_v2/blinded_review/reviewer_2/assets/item_6f935f10f34e.jpg,,,,,
item_fcff6e7f39c1,head,panda,A dog at a store,A dog with panda head at a store,/Users/pt623/Documents/career-vault-resume/applications/hkust-harry-yang/part-level-overediting/core/results/gt_mask_diagnostic_v2/blinded_review/reviewer_2/assets/source_de70faeee4dc.png,/Users/pt623/Documents/career-vault-resume/applications/hkust-harry-yang/part-level-overediting/core/results/gt_mask_diagnostic_v2/blinded_review/reviewer_2/assets/item_fcff6e7f39c1.jpg,,,,,
item_1f605579335b,torso,robotic-parts,A dinosaur at a museum,A dinosaur with robotic-parts torso at a museum,/Users/pt623/Documents/career-vault-resume/applications/hkust-harry-yang/part-level-overediting/core/results/gt_mask_diagnostic_v2/blinded_review/reviewer_2/assets/source_1e3c08a912fe.png,/Users/pt623/Documents/career-vault-resume/applications/hkust-harry-yang/part-level-overediting/core/results/gt_mask_diagnostic_v2/blinded_review/reviewer_2/assets/item_1f605579335b.jpg,,,,,
item_e420aa634425,torso,batman,A robot at a school,A robot with batman torso at a school,/Users/pt623/Documents/career-vault-resume/applications/hkust-harry-yang/part-level-overediting/core/results/gt_mask_diagnostic_v2/blinded_review/reviewer_2/assets/source_8bcbeeb53dd4.png,/Users/pt623/Documents/career-vault-resume/applications/hkust-harry-yang/part-level-overediting/core/results/gt_mask_diagnostic_v2/blinded_review/reviewer_2/assets/item_e420aa634425.jpg,,,,,
item_bf53ba3ec8e8,torso,armor,A girl at a stadium,A girl with armor torso at a stadium,/Users/pt623/Documents/career-vault-resume/applications/hkust-harry-yang/part-level-overediting/core/results/gt_mask_diagnostic_v2/blinded_review/reviewer_2/assets/source_05f0e921e87d.png,/Users/pt623/Documents/career-vault-resume/applications/hkust-harry-yang/part-level-overediting/core/results/gt_mask_diagnostic_v2/blinded_review/reviewer_2/assets/item_bf53ba3ec8e8.jpg,,,,,
item_c20b08d53e90,head,dragon,A cow at a restaurant,A cow with dragon head at a restaurant,/Users/pt623/Documents/career-vault-resume/applications/hkust-harry-yang/part-level-overediting/core/results/gt_mask_diagnostic_v2/blinded_review/reviewer_2/assets/source_591f63abb2fa.png,/Users/pt623/Documents/career-vault-resume/applications/hkust-harry-yang/part-level-overediting/core/results/gt_mask_diagnostic_v2/blinded_review/reviewer_2/assets/item_c20b08d53e90.jpg,,,,,
item_188b0c2170ca,hair,Wavy,A Portrait of girl at a forest,A Portrait of girl with Wavy hair at a forest,/Users/pt623/Documents/career-vault-resume/applications/hkust-harry-yang/part-level-overediting/core/results/gt_mask_diagnostic_v2/blinded_review/reviewer_2/assets/source_53e8e39bcf1e.png,/Users/pt623/Documents/career-vault-resume/applications/hkust-harry-yang/part-level-overediting/core/results/gt_mask_diagnostic_v2/blinded_review/reviewer_2/assets/item_188b0c2170ca.jpg,,,,,
item_27f6ffafb8f7,head,dragon,A horse at a zoo,A horse with dragon head at a zoo,/Users/pt623/Documents/career-vault-resume/applications/hkust-harry-yang/part-level-overediting/core/results/gt_mask_diagnostic_v2/blinded_review/reviewer_2/assets/source_dbfa710ac399.png,/Users/pt623/Documents/career-vault-resume/applications/hkust-harry-yang/part-level-overediting/core/results/gt_mask_diagnostic_v2/blinded_review/reviewer_2/assets/item_27f6ffafb8f7.jpg,,,,,
item_ab474d4ea707,head,panda,A cat at a mountain,A cat with panda head at a mountain,/Users/pt623/Documents/career-vault-resume/applications/hkust-harry-yang/part-level-overediting/core/results/gt_mask_diagnostic_v2/blinded_review/reviewer_2/assets/source_dd35579b4d43.png,/Users/pt623/Documents/career-vault-resume/applications/hkust-harry-yang/part-level-overediting/core/results/gt_mask_diagnostic_v2/blinded_review/reviewer_2/assets/item_ab474d4ea707.jpg,,,,,
item_7f009afbc03f,head,unicorn,A dog at a mountain,A dog with unicorn head at a mountain,/Users/pt623/Documents/career-vault-resume/applications/hkust-harry-yang/part-level-overediting/core/results/gt_mask_diagnostic_v2/blinded_review/reviewer_2/assets/source_ee57f3a3ed86.png,/Users/pt623/Documents/career-vault-resume/applications/hkust-harry-yang/part-level-overediting/core/results/gt_mask_diagnostic_v2/blinded_review/reviewer_2/assets/item_7f009afbc03f.jpg,,,,,
item_cf3ed229deca,head,lion,A bear at a zoo,A bear with lion head at a zoo,/Users/pt623/Documents/career-vault-resume/applications/hkust-harry-yang/part-level-overediting/core/results/gt_mask_diagnostic_v2/blinded_review/reviewer_2/assets/source_1d46ca4f754d.png,/Users/pt623/Documents/career-vault-resume/applications/hkust-harry-yang/part-level-overediting/core/results/gt_mask_diagnostic_v2/blinded_review/reviewer_2/assets/item_cf3ed229deca.jpg,,,,,
item_e16476ceb45b,seat,fabric,A closeup leather chair at a apartment,A closeup leather chair with fabric seat at a apartment,/Users/pt623/Documents/career-vault-resume/applications/hkust-harry-yang/part-level-overediting/core/results/gt_mask_diagnostic_v2/blinded_review/reviewer_2/assets/source_278976611c82.png,/Users/pt623/Documents/career-vault-resume/applications/hkust-harry-yang/part-level-overediting/core/results/gt_mask_diagnostic_v2/blinded_review/reviewer_2/assets/item_e16476ceb45b.jpg,,,,,
item_9f6ae08243e1,hair,Afro,A Portrait of boy at a beach,A Portrait of boy with Afro hair at a beach,/Users/pt623/Documents/career-vault-resume/applications/hkust-harry-yang/part-level-overediting/core/results/gt_mask_diagnostic_v2/blinded_review/reviewer_2/assets/source_0038f682b22a.png,/Users/pt623/Documents/career-vault-resume/applications/hkust-harry-yang/part-level-overediting/core/results/gt_mask_diagnostic_v2/blinded_review/reviewer_2/assets/item_9f6ae08243e1.jpg,,,,,
item_1ba967993152,hair,Botticelli-Curls,A Portrait of boy at a street,A Portrait of boy with Botticelli-Curls hair at a street,/Users/pt623/Documents/career-vault-resume/applications/hkust-harry-yang/part-level-overediting/core/results/gt_mask_diagnostic_v2/blinded_review/reviewer_2/assets/source_1efd8f28c69b.png,/Users/pt623/Documents/career-vault-resume/applications/hkust-harry-yang/part-level-overediting/core/results/gt_mask_diagnostic_v2/blinded_review/reviewer_2/assets/item_1ba967993152.jpg,,,,,
item_81fcd7db705b,hair,Curley,A Portrait of girl at a mountain,A Portrait of girl with Curley hair at a mountain,/Users/pt623/Documents/career-vault-resume/applications/hkust-harry-yang/part-level-overediting/core/results/gt_mask_diagnostic_v2/blinded_review/reviewer_2/assets/source_c6abd9790d67.png,/Users/pt623/Documents/career-vault-resume/applications/hkust-harry-yang/part-level-overediting/core/results/gt_mask_diagnostic_v2/blinded_review/reviewer_2/assets/item_81fcd7db705b.jpg,,,,,
item_fc3933b48fe5,hair,blond,A Portrait of man at a beach,A Portrait of man with blond hair at a beach,/Users/pt623/Documents/career-vault-resume/applications/hkust-harry-yang/part-level-overediting/core/results/gt_mask_diagnostic_v2/blinded_review/reviewer_2/assets/source_6ce9a1e568d3.png,/Users/pt623/Documents/career-vault-resume/applications/hkust-harry-yang/part-level-overediting/core/results/gt_mask_diagnostic_v2/blinded_review/reviewer_2/assets/item_fc3933b48fe5.jpg,,,,,
item_3ce36dcacd9c,head,bear,A robot at a school,A robot with bear head at a school,/Users/pt623/Documents/career-vault-resume/applications/hkust-harry-yang/part-level-overediting/core/results/gt_mask_diagnostic_v2/blinded_review/reviewer_2/assets/source_5bd8b0acdbd5.png,/Users/pt623/Documents/career-vault-resume/applications/hkust-harry-yang/part-level-overediting/core/results/gt_mask_diagnostic_v2/blinded_review/reviewer_2/assets/item_3ce36dcacd9c.jpg,,,,,
item_e9a23675d8a0,hair,Afro,A Portrait of boy at a beach,A Portrait of boy with Afro hair at a beach,/Users/pt623/Documents/career-vault-resume/applications/hkust-harry-yang/part-level-overediting/core/results/gt_mask_diagnostic_v2/blinded_review/reviewer_2/assets/source_0038f682b22a.png,/Users/pt623/Documents/career-vault-resume/applications/hkust-harry-yang/part-level-overediting/core/results/gt_mask_diagnostic_v2/blinded_review/reviewer_2/assets/item_e9a23675d8a0.jpg,,,,,
item_98608c53035b,head,cheetah,A panda at a school,A panda with cheetah head at a school,/Users/pt623/Documents/career-vault-resume/applications/hkust-harry-yang/part-level-overediting/core/results/gt_mask_diagnostic_v2/blinded_review/reviewer_2/assets/source_3506d9604bf8.png,/Users/pt623/Documents/career-vault-resume/applications/hkust-harry-yang/part-level-overediting/core/results/gt_mask_diagnostic_v2/blinded_review/reviewer_2/assets/item_98608c53035b.jpg,,,,,
item_ddf7968ee8d9,hair,Curls,A Portrait of woman at a school,A Portrait of woman with Curls hair at a school,/Users/pt623/Documents/career-vault-resume/applications/hkust-harry-yang/part-level-overediting/core/results/gt_mask_diagnostic_v2/blinded_review/reviewer_2/assets/source_8a5f145d5ed6.png,/Users/pt623/Documents/career-vault-resume/applications/hkust-harry-yang/part-level-overediting/core/results/gt_mask_diagnostic_v2/blinded_review/reviewer_2/assets/item_ddf7968ee8d9.jpg,,,,,
item_03776bed4827,car body,neon-lit,A classic-car at a suburban road,A classic-car with neon-lit car body at a suburban road,/Users/pt623/Documents/career-vault-resume/applications/hkust-harry-yang/part-level-overediting/core/results/gt_mask_diagnostic_v2/blinded_review/reviewer_2/assets/source_3ae69c2a9e97.png,/Users/pt623/Documents/career-vault-resume/applications/hkust-harry-yang/part-level-overediting/core/results/gt_mask_diagnostic_v2/blinded_review/reviewer_2/assets/item_03776bed4827.jpg,,,,,
item_cf441cdd12ef,hair,Curls,A Portrait of woman at a school,A Portrait of woman with Curls hair at a school,/Users/pt623/Documents/career-vault-resume/applications/hkust-harry-yang/part-level-overediting/core/results/gt_mask_diagnostic_v2/blinded_review/reviewer_2/assets/source_8a5f145d5ed6.png,/Users/pt623/Documents/career-vault-resume/applications/hkust-harry-yang/part-level-overediting/core/results/gt_mask_diagnostic_v2/blinded_review/reviewer_2/assets/item_cf441cdd12ef.jpg,,,,,
item_9e86b152216f,head,cheetah,A cat at a museum,A cat with cheetah head at a museum,/Users/pt623/Documents/career-vault-resume/applications/hkust-harry-yang/part-level-overediting/core/results/gt_mask_diagnostic_v2/blinded_review/reviewer_2/assets/source_f3d1d79f0351.png,/Users/pt623/Documents/career-vault-resume/applications/hkust-harry-yang/part-level-overediting/core/results/gt_mask_diagnostic_v2/blinded_review/reviewer_2/assets/item_9e86b152216f.jpg,,,,,
item_95bf3936e4f6,hair,Curley,A Portrait of girl at a mountain,A Portrait of girl with Curley hair at a mountain,/Users/pt623/Documents/career-vault-resume/applications/hkust-harry-yang/part-level-overediting/core/results/gt_mask_diagnostic_v2/blinded_review/reviewer_2/assets/source_c6abd9790d67.png,/Users/pt623/Documents/career-vault-resume/applications/hkust-harry-yang/part-level-overediting/core/results/gt_mask_diagnostic_v2/blinded_review/reviewer_2/assets/item_95bf3936e4f6.jpg,,,,,
item_5cc2c3ba9dc0,head,dragon,A cat at a desert,A cat with dragon head at a desert,/Users/pt623/Documents/career-vault-resume/applications/hkust-harry-yang/part-level-overediting/core/results/gt_mask_diagnostic_v2/blinded_review/reviewer_2/assets/source_bb5f44e8a25b.png,/Users/pt623/Documents/career-vault-resume/applications/hkust-harry-yang/part-level-overediting/core/results/gt_mask_diagnostic_v2/blinded_review/reviewer_2/assets/item_5cc2c3ba9dc0.jpg,,,,,
item_c0da229cb879,head,dragon,A cat at a desert,A cat with dragon head at a desert,/Users/pt623/Documents/career-vault-resume/applications/hkust-harry-yang/part-level-overediting/core/results/gt_mask_diagnostic_v2/blinded_review/reviewer_2/assets/source_bb5f44e8a25b.png,/Users/pt623/Documents/career-vault-resume/applications/hkust-harry-yang/part-level-overediting/core/results/gt_mask_diagnostic_v2/blinded_review/reviewer_2/assets/item_c0da229cb879.jpg,,,,,
item_07b238c165dc,head,tiger,A bear at a pool,A bear with tiger head at a pool,/Users/pt623/Documents/career-vault-resume/applications/hkust-harry-yang/part-level-overediting/core/results/gt_mask_diagnostic_v2/blinded_review/reviewer_2/assets/source_41c7b285ef4c.png,/Users/pt623/Documents/career-vault-resume/applications/hkust-harry-yang/part-level-overediting/core/results/gt_mask_diagnostic_v2/blinded_review/reviewer_2/assets/item_07b238c165dc.jpg,,,,,
item_5d959255efc0,head,robot,A man at a gym,A man with robot head at a gym,/Users/pt623/Documents/career-vault-resume/applications/hkust-harry-yang/part-level-overediting/core/results/gt_mask_diagnostic_v2/blinded_review/reviewer_2/assets/source_9db278f7152f.png,/Users/pt623/Documents/career-vault-resume/applications/hkust-harry-yang/part-level-overediting/core/results/gt_mask_diagnostic_v2/blinded_review/reviewer_2/assets/item_5d959255efc0.jpg,,,,,
item_edd1051417fb,torso,spiderman,A robot at a museum,A robot with spiderman torso at a museum,/Users/pt623/Documents/career-vault-resume/applications/hkust-harry-yang/part-level-overediting/core/results/gt_mask_diagnostic_v2/blinded_review/reviewer_2/assets/source_63f2eb2cd129.png,/Users/pt623/Documents/career-vault-resume/applications/hkust-harry-yang/part-level-overediting/core/results/gt_mask_diagnostic_v2/blinded_review/reviewer_2/assets/item_edd1051417fb.jpg,,,,,
item_270e05b1ff4b,car body,neon-lit,A classic-car at a suburban road,A classic-car with neon-lit car body at a suburban road,/Users/pt623/Documents/career-vault-resume/applications/hkust-harry-yang/part-level-overediting/core/results/gt_mask_diagnostic_v2/blinded_review/reviewer_2/assets/source_3ae69c2a9e97.png,/Users/pt623/Documents/career-vault-resume/applications/hkust-harry-yang/part-level-overediting/core/results/gt_mask_diagnostic_v2/blinded_review/reviewer_2/assets/item_270e05b1ff4b.jpg,,,,,
item_4fd34299cdc6,head,cheetah,A panda at a school,A panda with cheetah head at a school,/Users/pt623/Documents/career-vault-resume/applications/hkust-harry-yang/part-level-overediting/core/results/gt_mask_diagnostic_v2/blinded_review/reviewer_2/assets/source_3506d9604bf8.png,/Users/pt623/Documents/career-vault-resume/applications/hkust-harry-yang/part-level-overediting/core/results/gt_mask_diagnostic_v2/blinded_review/reviewer_2/assets/item_4fd34299cdc6.jpg,,,,,
item_ab3d068da85e,head,lion,A bear at a zoo,A bear with lion head at a zoo,/Users/pt623/Documents/career-vault-resume/applications/hkust-harry-yang/part-level-overediting/core/results/gt_mask_diagnostic_v2/blinded_review/reviewer_2/assets/source_b8ba5e41ea31.png,/Users/pt623/Documents/career-vault-resume/applications/hkust-harry-yang/part-level-overediting/core/results/gt_mask_diagnostic_v2/blinded_review/reviewer_2/assets/item_ab3d068da85e.jpg,,,,,
item_f700c5edc901,head,lion,A bear at a zoo,A bear with lion head at a zoo,/Users/pt623/Documents/career-vault-resume/applications/hkust-harry-yang/part-level-overediting/core/results/gt_mask_diagnostic_v2/blinded_review/reviewer_2/assets/source_1d46ca4f754d.png,/Users/pt623/Documents/career-vault-resume/applications/hkust-harry-yang/part-level-overediting/core/results/gt_mask_diagnostic_v2/blinded_review/reviewer_2/assets/item_f700c5edc901.jpg,,,,,
item_aaea052e3004,seat,plastic,A closeup soft chair at a photo studio,A closeup soft chair with plastic seat at a photo studio,/Users/pt623/Documents/career-vault-resume/applications/hkust-harry-yang/part-level-overediting/core/results/gt_mask_diagnostic_v2/blinded_review/reviewer_2/assets/source_b25f9980445d.png,/Users/pt623/Documents/career-vault-resume/applications/hkust-harry-yang/part-level-overediting/core/results/gt_mask_diagnostic_v2/blinded_review/reviewer_2/assets/item_aaea052e3004.jpg,,,,,
item_2547dd33e48d,head,unicorn,A cow at a house,A cow with unicorn head at a house,/Users/pt623/Documents/career-vault-resume/applications/hkust-harry-yang/part-level-overediting/core/results/gt_mask_diagnostic_v2/blinded_review/reviewer_2/assets/source_70a3202c4158.png,/Users/pt623/Documents/career-vault-resume/applications/hkust-harry-yang/part-level-overediting/core/results/gt_mask_diagnostic_v2/blinded_review/reviewer_2/assets/item_2547dd33e48d.jpg,,,,,
item_3a3a77effb76,car hood,Destroyed,A full front facing view of BMW car at a parking lot,A full front facing view of BMW car with Destroyed car hood at a parking lot,/Users/pt623/Documents/career-vault-resume/applications/hkust-harry-yang/part-level-overediting/core/results/gt_mask_diagnostic_v2/blinded_review/reviewer_2/assets/source_146c36946692.png,/Users/pt623/Documents/career-vault-resume/applications/hkust-harry-yang/part-level-overediting/core/results/gt_mask_diagnostic_v2/blinded_review/reviewer_2/assets/item_3a3a77effb76.jpg,,,,,
item_8ac1ec6de96f,hair,Afro,A Portrait of boy at a beach,A Portrait of boy with Afro hair at a beach,/Users/pt623/Documents/career-vault-resume/applications/hkust-harry-yang/part-level-overediting/core/results/gt_mask_diagnostic_v2/blinded_review/reviewer_2/assets/source_0038f682b22a.png,/Users/pt623/Documents/career-vault-resume/applications/hkust-harry-yang/part-level-overediting/core/results/gt_mask_diagnostic_v2/blinded_review/reviewer_2/assets/item_8ac1ec6de96f.jpg,,,,,
item_6cfdb801282d,car body,armored,A luxury-car at a mountain road,A luxury-car with armored car body at a mountain road,/Users/pt623/Documents/career-vault-resume/applications/hkust-harry-yang/part-level-overediting/core/results/gt_mask_diagnostic_v2/blinded_review/reviewer_2/assets/source_4a1c085cfce4.png,/Users/pt623/Documents/career-vault-resume/applications/hkust-harry-yang/part-level-overediting/core/results/gt_mask_diagnostic_v2/blinded_review/reviewer_2/assets/item_6cfdb801282d.jpg,,,,,
item_688d3e304786,car hood,vinyl-art,A classic-car at a garage,A classic-car with vinyl-art car hood at a garage,/Users/pt623/Documents/career-vault-resume/applications/hkust-harry-yang/part-level-overediting/core/results/gt_mask_diagnostic_v2/blinded_review/reviewer_2/assets/source_f3b27b9b2ef0.png,/Users/pt623/Documents/career-vault-resume/applications/hkust-harry-yang/part-level-overediting/core/results/gt_mask_diagnostic_v2/blinded_review/reviewer_2/assets/item_688d3e304786.jpg,,,,,
item_d728de15c617,head,lion,A bear at a zoo,A bear with lion head at a zoo,/Users/pt623/Documents/career-vault-resume/applications/hkust-harry-yang/part-level-overediting/core/results/gt_mask_diagnostic_v2/blinded_review/reviewer_2/assets/source_1d46ca4f754d.png,/Users/pt623/Documents/career-vault-resume/applications/hkust-harry-yang/part-level-overediting/core/results/gt_mask_diagnostic_v2/blinded_review/reviewer_2/assets/item_d728de15c617.jpg,,,,,
item_dbb5c0557222,car hood,Graffiti,A full front facing view of Toyota car at a parking lot,A full front facing view of Toyota car with Graffiti car hood at a parking lot,/Users/pt623/Documents/career-vault-resume/applications/hkust-harry-yang/part-level-overediting/core/results/gt_mask_diagnostic_v2/blinded_review/reviewer_2/assets/source_d13dfe80a435.png,/Users/pt623/Documents/career-vault-resume/applications/hkust-harry-yang/part-level-overediting/core/results/gt_mask_diagnostic_v2/blinded_review/reviewer_2/assets/item_dbb5c0557222.jpg,,,,,
item_e03ba81ac068,head,bear,A robot at a park,A robot with bear head at a park,/Users/pt623/Documents/career-vault-resume/applications/hkust-harry-yang/part-level-overediting/core/results/gt_mask_diagnostic_v2/blinded_review/reviewer_2/assets/source_64fe128aaf52.png,/Users/pt623/Documents/career-vault-resume/applications/hkust-harry-yang/part-level-overediting/core/results/gt_mask_diagnostic_v2/blinded_review/reviewer_2/assets/item_e03ba81ac068.jpg,,,,,
