review_uid,part,edit,source_prompt,target_prompt,source_image,candidate_image,local_edit_success_0_2,non_target_preservation_0_2,overall_prompt_adherence_0_2,visual_quality_0_2,short_note
item_45dada8dba19,head,cheetah,A cat at a museum,A cat with cheetah head at a museum,/Users/pt623/Documents/career-vault-resume/applications/hkust-harry-yang/part-level-overediting/core/results/gt_mask_diagnostic_v2/blinded_review/reviewer_1/assets/source_f3d1d79f0351.png,/Users/pt623/Documents/career-vault-resume/applications/hkust-harry-yang/part-level-overediting/core/results/gt_mask_diagnostic_v2/blinded_review/reviewer_1/assets/item_45dada8dba19.jpg,,,,,
item_e1fa71bbcd96,car body,armored,A luxury-car at a mountain road,A luxury-car with armored car body at a mountain road,/Users/pt623/Documents/career-vault-resume/applications/hkust-harry-yang/part-level-overediting/core/results/gt_mask_diagnostic_v2/blinded_review/reviewer_1/assets/source_4a1c085cfce4.png,/Users/pt623/Documents/career-vault-resume/applications/hkust-harry-yang/part-level-overediting/core/results/gt_mask_diagnostic_v2/blinded_review/reviewer_1/assets/item_e1fa71bbcd96.jpg,,,,,
item_124e52dc52e1,head,bear,A alien at a museum,A alien with bear head at a museum,/Users/pt623/Documents/career-vault-resume/applications/hkust-harry-yang/part-level-overediting/core/results/gt_mask_diagnostic_v2/blinded_review/reviewer_1/assets/source_30f9afb55b24.png,/Users/pt623/Documents/career-vault-resume/applications/hkust-harry-yang/part-level-overediting/core/results/gt_mask_diagnostic_v2/blinded_review/reviewer_1/assets/item_124e52dc52e1.jpg,,,,,
item_6b84759daf6c,torso,batman,A robot at a school,A robot with batman torso at a school,/Users/pt623/Documents/career-vault-resume/applications/hkust-harry-yang/part-level-overediting/core/results/gt_mask_diagnostic_v2/blinded_review/reviewer_1/assets/source_8bcbeeb53dd4.png,/Users/pt623/Documents/career-vault-resume/applications/hkust-harry-yang/part-level-overediting/core/results/gt_mask_diagnostic_v2/blinded_review/reviewer_1/assets/item_6b84759daf6c.jpg,,,,,
item_597465409638,head,dog,A bear at a jungle,A bear with dog head at a jungle,/Users/pt623/Documents/career-vault-resume/applications/hkust-harry-yang/part-level-overediting/core/results/gt_mask_diagnostic_v2/blinded_review/reviewer_1/assets/source_f71c7b525544.png,/Users/pt623/Documents/career-vault-resume/applications/hkust-harry-yang/part-level-overediting/core/results/gt_mask_diagnostic_v2/blinded_review/reviewer_1/assets/item_597465409638.jpg,,,,,
item_2176877c6721,car hood,vinyl-art,A classic-car at a garage,A classic-car with vinyl-art car hood at a garage,/Users/pt623/Documents/career-vault-resume/applications/hkust-harry-yang/part-level-overediting/core/results/gt_mask_diagnostic_v2/blinded_review/reviewer_1/assets/source_f3b27b9b2ef0.png,/Users/pt623/Documents/career-vault-resume/applications/hkust-harry-yang/part-level-overediting/core/results/gt_mask_diagnostic_v2/blinded_review/reviewer_1/assets/item_2176877c6721.jpg,,,,,
item_30338ac34616,head,dragon,A horse at a zoo,A horse with dragon head at a zoo,/Users/pt623/Documents/career-vault-resume/applications/hkust-harry-yang/part-level-overediting/core/results/gt_mask_diagnostic_v2/blinded_review/reviewer_1/assets/source_dbfa710ac399.png,/Users/pt623/Documents/career-vault-resume/applications/hkust-harry-yang/part-level-overediting/core/results/gt_mask_diagnostic_v2/blinded_review/reviewer_1/assets/item_30338ac34616.jpg,,,,,
item_182b08c7f7de,head,bear,A robot at a park,A robot with bear head at a park,/Users/pt623/Documents/career-vault-resume/applications/hkust-harry-yang/part-level-overediting/core/results/gt_mask_diagnostic_v2/blinded_review/reviewer_1/assets/source_64fe128aaf52.png,/Users/pt623/Documents/career-vault-resume/applications/hkust-harry-yang/part-level-overediting/core/results/gt_mask_diagnostic_v2/blinded_review/reviewer_1/assets/item_182b08c7f7de.jpg,,,,,
item_69b4de75a8c5,head,robot,A man at a gym,A man with robot head at a gym,/Users/pt623/Documents/career-vault-resume/applications/hkust-harry-yang/part-level-overediting/core/results/gt_mask_diagnostic_v2/blinded_review/reviewer_1/assets/source_9db278f7152f.png,/Users/pt623/Documents/career-vault-resume/applications/hkust-harry-yang/part-level-overediting/core/results/gt_mask_diagnostic_v2/blinded_review/reviewer_1/assets/item_69b4de75a8c5.jpg,,,,,
item_c00791735bdb,head,robot,A alien at a city,A alien with robot head at a city,/Users/pt623/Documents/career-vault-resume/applications/hkust-harry-yang/part-level-overediting/core/results/gt_mask_diagnostic_v2/blinded_review/reviewer_1/assets/source_6094cd95fb45.png,/Users/pt623/Documents/career-vault-resume/applications/hkust-harry-yang/part-level-overediting/core/results/gt_mask_diagnostic_v2/blinded_review/reviewer_1/assets/item_c00791735bdb.jpg,,,,,
item_b497a65068c7,hair,Curls,A Portrait of boy at a park,A Portrait of boy with Curls hair at a park,/Users/pt623/Documents/career-vault-resume/applications/hkust-harry-yang/part-level-overediting/core/results/gt_mask_diagnostic_v2/blinded_review/reviewer_1/assets/source_b4d7f2d52a43.png,/Users/pt623/Documents/career-vault-resume/applications/hkust-harry-yang/part-level-overediting/core/results/gt_mask_diagnostic_v2/blinded_review/reviewer_1/assets/item_b497a65068c7.jpg,,,,,
item_2bacc19567e0,head,robot,A girl at a beach,A girl with robot head at a beach,/Users/pt623/Documents/career-vault-resume/applications/hkust-harry-yang/part-level-overediting/core/results/gt_mask_diagnostic_v2/blinded_review/reviewer_1/assets/source_eddd21d6a1c2.png,/Users/pt623/Documents/career-vault-resume/applications/hkust-harry-yang/part-level-overediting/core/results/gt_mask_diagnostic_v2/blinded_review/reviewer_1/assets/item_2bacc19567e0.jpg,,,,,
item_abe9d361e756,hair,Curls,A Portrait of man at a house,A Portrait of man with Curls hair at a house,/Users/pt623/Documents/career-vault-resume/applications/hkust-harry-yang/part-level-overediting/core/results/gt_mask_diagnostic_v2/blinded_review/reviewer_1/assets/source_1837be64cd68.png,/Users/pt623/Documents/career-vault-resume/applications/hkust-harry-yang/part-level-overediting/core/results/gt_mask_diagnostic_v2/blinded_review/reviewer_1/assets/item_abe9d361e756.jpg,,,,,
item_85e416e01a2f,head,dragon,A cat at a desert,A cat with dragon head at a desert,/Users/pt623/Documents/career-vault-resume/applications/hkust-harry-yang/part-level-overediting/core/results/gt_mask_diagnostic_v2/blinded_review/reviewer_1/assets/source_bb5f44e8a25b.png,/Users/pt623/Documents/career-vault-resume/applications/hkust-harry-yang/part-level-overediting/core/results/gt_mask_diagnostic_v2/blinded_review/reviewer_1/assets/item_85e416e01a2f.jpg,,,,,
item_4a51b98410a4,head,dragon,A horse at a jungle,A horse with dragon head at a jungle,/Users/pt623/Documents/career-vault-resume/applications/hkust-harry-yang/part-level-overediting/core/results/gt_mask_diagnostic_v2/blinded_review/reviewer_1/assets/source_2b822a970173.png,/Users/pt623/Documents/career-vault-resume/applications/hkust-harry-yang/part-level-overediting/core/results/gt_mask_diagnostic_v2/blinded_review/reviewer_1/assets/item_4a51b98410a4.jpg,,,,,
item_d2c144690d63,head,robot,A alien at a museum,A alien with robot head at a museum,/Users/pt623/Documents/career-vault-resume/applications/hkust-harry-yang/part-level-overediting/core/results/gt_mask_diagnostic_v2/blinded_review/reviewer_1/assets/source_0776f3ccf0e9.png,/Users/pt623/Documents/career-vault-resume/applications/hkust-harry-yang/part-level-overediting/core/results/gt_mask_diagnostic_v2/blinded_review/reviewer_1/assets/item_d2c144690d63.jpg,,,,,
item_eb60950c3170,torso,spiderman,A robot at a museum,A robot with spiderman torso at a museum,/Users/pt623/Documents/career-vault-resume/applications/hkust-harry-yang/part-level-overediting/core/results/gt_mask_diagnostic_v2/blinded_review/reviewer_1/assets/source_63f2eb2cd129.png,/Users/pt623/Documents/career-vault-resume/applications/hkust-harry-yang/part-level-overediting/core/results/gt_mask_diagnostic_v2/blinded_review/reviewer_1/assets/item_eb60950c3170.jpg,,,,,
item_5c2abecf0812,seat,fabric,A closeup leather chair at a apartment,A closeup leather chair with fabric seat at a apartment,/Users/pt623/Documents/career-vault-resume/applications/hkust-harry-yang/part-level-overediting/core/results/gt_mask_diagnostic_v2/blinded_review/reviewer_1/assets/source_278976611c82.png,/Users/pt623/Documents/career-vault-resume/applications/hkust-harry-yang/part-level-overediting/core/results/gt_mask_diagnostic_v2/blinded_review/reviewer_1/assets/item_5c2abecf0812.jpg,,,,,
item_cfa3f23825c9,torso,armor,A girl at a stadium,A girl with armor torso at a stadium,/Users/pt623/Documents/career-vault-resume/applications/hkust-harry-yang/part-level-overediting/core/results/gt_mask_diagnostic_v2/blinded_review/reviewer_1/assets/source_05f0e921e87d.png,/Users/pt623/Documents/career-vault-resume/applications/hkust-harry-yang/part-level-overediting/core/results/gt_mask_diagnostic_v2/blinded_review/reviewer_1/assets/item_cfa3f23825c9.jpg,,,,,
item_02138830745c,hair,Curls,A Portrait of man at a house,A Portrait of man with Curls hair at a house,/Users/pt623/Documents/career-vault-resume/applications/hkust-harry-yang/part-level-overediting/core/results/gt_mask_diagnostic_v2/blinded_review/reviewer_1/assets/source_1837be64cd68.png,/Users/pt623/Documents/career-vault-resume/applications/hkust-harry-yang/part-level-overediting/core/results/gt_mask_diagnostic_v2/blinded_review/reviewer_1/assets/item_02138830745c.jpg,,,,,
item_94e6733b2ca5,head,dragon,A cow at a restaurant,A cow with dragon head at a restaurant,/Users/pt623/Documents/career-vault-resume/applications/hkust-harry-yang/part-level-overediting/core/results/gt_mask_diagnostic_v2/blinded_review/reviewer_1/assets/source_591f63abb2fa.png,/Users/pt623/Documents/career-vault-resume/applications/hkust-harry-yang/part-level-overediting/core/results/gt_mask_diagnostic_v2/blinded_review/reviewer_1/assets/item_94e6733b2ca5.jpg,,,,,
item_b555155249e5,torso,spiderman,A robot at a museum,A robot with spiderman torso at a museum,/Users/pt623/Documents/career-vault-resume/applications/hkust-harry-yang/part-level-overediting/core/results/gt_mask_diagnostic_v2/blinded_review/reviewer_1/assets/source_7e6e7b988446.png,/Users/pt623/Documents/career-vault-resume/applications/hkust-harry-yang/part-level-overediting/core/results/gt_mask_diagnostic_v2/blinded_review/reviewer_1/assets/item_b555155249e5.jpg,,,,,
item_bdfa59edb03b,torso,spiderman,A robot at a museum,A robot with spiderman torso at a museum,/Users/pt623/Documents/career-vault-resume/applications/hkust-harry-yang/part-level-overediting/core/results/gt_mask_diagnostic_v2/blinded_review/reviewer_1/assets/source_7e6e7b988446.png,/Users/pt623/Documents/career-vault-resume/applications/hkust-harry-yang/part-level-overediting/core/results/gt_mask_diagnostic_v2/blinded_review/reviewer_1/assets/item_bdfa59edb03b.jpg,,,,,
item_99a3e9883be5,head,robot,A man at a gym,A man with robot head at a gym,/Users/pt623/Documents/career-vault-resume/applications/hkust-harry-yang/part-level-overediting/core/results/gt_mask_diagnostic_v2/blinded_review/reviewer_1/assets/source_9db278f7152f.png,/Users/pt623/Documents/career-vault-resume/applications/hkust-harry-yang/part-level-overediting/core/results/gt_mask_diagnostic_v2/blinded_review/reviewer_1/assets/item_99a3e9883be5.jpg,,,,,
item_c386ebc89920,car hood,Graffiti,A full front facing view of Toyota car at a parking lot,A full front facing view of Toyota car with Graffiti car hood at a parking lot,/Users/pt623/Documents/career-vault-resume/applications/hkust-harry-yang/part-level-overediting/core/results/gt_mask_diagnostic_v2/blinded_review/reviewer_1/assets/source_d13dfe80a435.png,/Users/pt623/Documents/career-vault-resume/applications/hkust-harry-yang/part-level-overediting/core/results/gt_mask_diagnostic_v2/blinded_review/reviewer_1/assets/item_c386ebc89920.jpg,,,,,
item_4c7e3a6e6a9f,head,cheetah,A cat at a museum,A cat with cheetah head at a museum,/Users/pt623/Documents/career-vault-resume/applications/hkust-harry-yang/part-level-overediting/core/results/gt_mask_diagnostic_v2/blinded_review/reviewer_1/assets/source_f3d1d79f0351.png,/Users/pt623/Documents/career-vault-resume/applications/hkust-harry-yang/part-level-overediting/core/results/gt_mask_diagnostic_v2/blinded_review/reviewer_1/assets/item_4c7e3a6e6a9f.jpg,,,,,
item_5213931b4068,seat,wooden,A closeup leather chair at a classroom,A closeup leather chair with wooden seat at a classroom,/Users/pt623/Documents/career-vault-resume/applications/hkust-harry-yang/part-level-overediting/core/results/gt_mask_diagnostic_v2/blinded_review/reviewer_1/assets/source_bda38536db22.png,/Users/pt623/Documents/career-vault-resume/applications/hkust-harry-yang/part-level-overediting/core/results/gt_mask_diagnostic_v2/blinded_review/reviewer_1/assets/item_5213931b4068.jpg,,,,,
item_174887985d9c,hair,Curls,A Portrait of woman at a school,A Portrait of woman with Curls hair at a school,/Users/pt623/Documents/career-vault-resume/applications/hkust-harry-yang/part-level-overediting/core/results/gt_mask_diagnostic_v2/blinded_review/reviewer_1/assets/source_8a5f145d5ed6.png,/Users/pt623/Documents/career-vault-resume/applications/hkust-harry-yang/part-level-overediting/core/results/gt_mask_diagnostic_v2/blinded_review/reviewer_1/assets/item_174887985d9c.jpg,,,,,
item_ed24085c3c8e,head,robot,A girl at a beach,A girl with robot head at a beach,/Users/pt623/Documents/career-vault-resume/applications/hkust-harry-yang/part-level-overediting/core/results/gt_mask_diagnostic_v2/blinded_review/reviewer_1/assets/source_eddd21d6a1c2.png,/Users/pt623/Documents/career-vault-resume/applications/hkust-harry-yang/part-level-overediting/core/results/gt_mask_diagnostic_v2/blinded_review/reviewer_1/assets/item_ed24085c3c8e.jpg,,,,,
item_ff1b7a12d33d,head,dragon,A dog at a farm,A dog with dragon head at a farm,/Users/pt623/Documents/career-vault-resume/applications/hkust-harry-yang/part-level-overediting/core/results/gt_mask_diagnostic_v2/blinded_review/reviewer_1/assets/source_2a043df583fd.png,/Users/pt623/Documents/career-vault-resume/applications/hkust-harry-yang/part-level-overediting/core/results/gt_mask_diagnostic_v2/blinded_review/reviewer_1/assets/item_ff1b7a12d33d.jpg,,,,,
item_bdafcb92483d,head,cat,A dog at a restaurant,A dog with cat head at a restaurant,/Users/pt623/Documents/career-vault-resume/applications/hkust-harry-yang/part-level-overediting/core/results/gt_mask_diagnostic_v2/blinded_review/reviewer_1/assets/source_ca463355e687.png,/Users/pt623/Documents/career-vault-resume/applications/hkust-harry-yang/part-level-overediting/core/results/gt_mask_diagnostic_v2/blinded_review/reviewer_1/assets/item_bdafcb92483d.jpg,,,,,
item_2291015d44b7,head,dog,A bear at a jungle,A bear with dog head at a jungle,/Users/pt623/Documents/career-vault-resume/applications/hkust-harry-yang/part-level-overediting/core/results/gt_mask_diagnostic_v2/blinded_review/reviewer_1/assets/source_f71c7b525544.png,/Users/pt623/Documents/career-vault-resume/applications/hkust-harry-yang/part-level-overediting/core/results/gt_mask_diagnostic_v2/blinded_review/reviewer_1/assets/item_2291015d44b7.jpg,,,,,
item_bbf9c8243464,head,dragon,A horse at a zoo,A horse with dragon head at a zoo,/Users/pt623/Documents/career-vault-resume/applications/hkust-harry-yang/part-level-overediting/core/results/gt_mask_diagnostic_v2/blinded_review/reviewer_1/assets/source_dbfa710ac399.png,/Users/pt623/Documents/career-vault-resume/applications/hkust-harry-yang/part-level-overediting/core/results/gt_mask_diagnostic_v2/blinded_review/reviewer_1/assets/item_bbf9c8243464.jpg,,,,,
item_d9596d60871b,head,bear,A robot at a park,A robot with bear head at a park,/Users/pt623/Documents/career-vault-resume/applications/hkust-harry-yang/part-level-overediting/core/results/gt_mask_diagnostic_v2/blinded_review/reviewer_1/assets/source_64fe128aaf52.png,/Users/pt623/Documents/career-vault-resume/applications/hkust-harry-yang/part-level-overediting/core/results/gt_mask_diagnostic_v2/blinded_review/reviewer_1/assets/item_d9596d60871b.jpg,,,,,
item_39b1816beb15,head,unicorn,A dog at a mountain,A dog with unicorn head at a mountain,/Users/pt623/Documents/career-vault-resume/applications/hkust-harry-yang/part-level-overediting/core/results/gt_mask_diagnostic_v2/blinded_review/reviewer_1/assets/source_ee57f3a3ed86.png,/Users/pt623/Documents/career-vault-resume/applications/hkust-harry-yang/part-level-overediting/core/results/gt_mask_diagnostic_v2/blinded_review/reviewer_1/assets/item_39b1816beb15.jpg,,,,,
item_4255a7d199b8,torso,batman,A robot at a school,A robot with batman torso at a school,/Users/pt623/Documents/career-vault-resume/applications/hkust-harry-yang/part-level-overediting/core/results/gt_mask_diagnostic_v2/blinded_review/reviewer_1/assets/source_8bcbeeb53dd4.png,/Users/pt623/Documents/career-vault-resume/applications/hkust-harry-yang/part-level-overediting/core/results/gt_mask_diagnostic_v2/blinded_review/reviewer_1/assets/item_4255a7d199b8.jpg,,,,,
item_825fb4159398,head,dragon,A horse at a jungle,A horse with dragon head at a jungle,/Users/pt623/Documents/career-vault-resume/applications/hkust-harry-yang/part-level-overediting/core/results/gt_mask_diagnostic_v2/blinded_review/reviewer_1/assets/source_2b822a970173.png,/Users/pt623/Documents/career-vault-resume/applications/hkust-harry-yang/part-level-overediting/core/results/gt_mask_diagnostic_v2/blinded_review/reviewer_1/assets/item_825fb4159398.jpg,,,,,
item_7278b95ac83c,head,dragon,A horse at a jungle,A horse with dragon head at a jungle,/Users/pt623/Documents/career-vault-resume/applications/hkust-harry-yang/part-level-overediting/core/results/gt_mask_diagnostic_v2/blinded_review/reviewer_1/assets/source_2b822a970173.png,/Users/pt623/Documents/career-vault-resume/applications/hkust-harry-yang/part-level-overediting/core/results/gt_mask_diagnostic_v2/blinded_review/reviewer_1/assets/item_7278b95ac83c.jpg,,,,,
item_e0396ee401e3,torso,spiderman,A robot at a museum,A robot with spiderman torso at a museum,/Users/pt623/Documents/career-vault-resume/applications/hkust-harry-yang/part-level-overediting/core/results/gt_mask_diagnostic_v2/blinded_review/reviewer_1/assets/source_7e6e7b988446.png,/Users/pt623/Documents/career-vault-resume/applications/hkust-harry-yang/part-level-overediting/core/results/gt_mask_diagnostic_v2/blinded_review/reviewer_1/assets/item_e0396ee401e3.jpg,,,,,
item_56907b42b591,car hood,Digital-Camouflage,A full front facing view of racing car at a parking lot,A full front facing view of racing car with Digital-Camouflage car hood at a parking lot,/Users/pt623/Documents/career-vault-resume/applications/hkust-harry-yang/part-level-overediting/core/results/gt_mask_diagnostic_v2/blinded_review/reviewer_1/assets/source_073b896945b5.png,/Users/pt623/Documents/career-vault-resume/applications/hkust-harry-yang/part-level-overediting/core/results/gt_mask_diagnostic_v2/blinded_review/reviewer_1/assets/item_56907b42b591.jpg,,,,,
item_ec5b73a81c14,car body,futuristic,A sedan at a parking lot,A sedan with futuristic car body at a parking lot,/Users/pt623/Documents/career-vault-resume/applications/hkust-harry-yang/part-level-overediting/core/results/gt_mask_diagnostic_v2/blinded_review/reviewer_1/assets/source_ef3648f18171.png,/Users/pt623/Documents/career-vault-resume/applications/hkust-harry-yang/part-level-overediting/core/results/gt_mask_diagnostic_v2/blinded_review/reviewer_1/assets/item_ec5b73a81c14.jpg,,,,,
item_1cb7ef7113f6,hair,Botticelli-Curls,A Portrait of boy at a street,A Portrait of boy with Botticelli-Curls hair at a street,/Users/pt623/Documents/career-vault-resume/applications/hkust-harry-yang/part-level-overediting/core/results/gt_mask_diagnostic_v2/blinded_review/reviewer_1/assets/source_1efd8f28c69b.png,/Users/pt623/Documents/career-vault-resume/applications/hkust-harry-yang/part-level-overediting/core/results/gt_mask_diagnostic_v2/blinded_review/reviewer_1/assets/item_1cb7ef7113f6.jpg,,,,,
item_0df1af2db84d,head,dragon,A horse at a jungle,A horse with dragon head at a jungle,/Users/pt623/Documents/career-vault-resume/applications/hkust-harry-yang/part-level-overediting/core/results/gt_mask_diagnostic_v2/blinded_review/reviewer_1/assets/source_2b822a970173.png,/Users/pt623/Documents/career-vault-resume/applications/hkust-harry-yang/part-level-overediting/core/results/gt_mask_diagnostic_v2/blinded_review/reviewer_1/assets/item_0df1af2db84d.jpg,,,,,
item_73d48fb8f708,torso,uniform,A alien at a school,A alien with uniform torso at a school,/Users/pt623/Documents/career-vault-resume/applications/hkust-harry-yang/part-level-overediting/core/results/gt_mask_diagnostic_v2/blinded_review/reviewer_1/assets/source_4ad3086c4953.png,/Users/pt623/Documents/career-vault-resume/applications/hkust-harry-yang/part-level-overediting/core/results/gt_mask_diagnostic_v2/blinded_review/reviewer_1/assets/item_73d48fb8f708.jpg,,,,,
item_c80ce6f7e697,seat,rusted,A closeup folding chair at a classroom,A closeup folding chair with rusted seat at a classroom,/Users/pt623/Documents/career-vault-resume/applications/hkust-harry-yang/part-level-overediting/core/results/gt_mask_diagnostic_v2/blinded_review/reviewer_1/assets/source_97eab3ccdecd.png,/Users/pt623/Documents/career-vault-resume/applications/hkust-harry-yang/part-level-overediting/core/results/gt_mask_diagnostic_v2/blinded_review/reviewer_1/assets/item_c80ce6f7e697.jpg,,,,,
item_aa6f575ad293,head,dragon,A bear at a jungle,A bear with dragon head at a jungle,/Users/pt623/Documents/career-vault-resume/applications/hkust-harry-yang/part-level-overediting/core/results/gt_mask_diagnostic_v2/blinded_review/reviewer_1/assets/source_a29b0df6a570.png,/Users/pt623/Documents/career-vault-resume/applications/hkust-harry-yang/part-level-overediting/core/results/gt_mask_diagnostic_v2/blinded_review/reviewer_1/assets/item_aa6f575ad293.jpg,,,,,
item_14d7bcc2eda6,hair,Wavy,A Portrait of girl at a forest,A Portrait of girl with Wavy hair at a forest,/Users/pt623/Documents/career-vault-resume/applications/hkust-harry-yang/part-level-overediting/core/results/gt_mask_diagnostic_v2/blinded_review/reviewer_1/assets/source_53e8e39bcf1e.png,/Users/pt623/Documents/career-vault-resume/applications/hkust-harry-yang/part-level-overediting/core/results/gt_mask_diagnostic_v2/blinded_review/reviewer_1/assets/item_14d7bcc2eda6.jpg,,,,,
item_ca8b7d824f70,car hood,Destroyed,A full front facing view of BMW car at a parking lot,A full front facing view of BMW car with Destroyed car hood at a parking lot,/Users/pt623/Documents/career-vault-resume/applications/hkust-harry-yang/part-level-overediting/core/results/gt_mask_diagnostic_v2/blinded_review/reviewer_1/assets/source_146c36946692.png,/Users/pt623/Documents/career-vault-resume/applications/hkust-harry-yang/part-level-overediting/core/results/gt_mask_diagnostic_v2/blinded_review/reviewer_1/assets/item_ca8b7d824f70.jpg,,,,,
item_8bb5bef28700,hair,blond,A Portrait of man at a beach,A Portrait of man with blond hair at a beach,/Users/pt623/Documents/career-vault-resume/applications/hkust-harry-yang/part-level-overediting/core/results/gt_mask_diagnostic_v2/blinded_review/reviewer_1/assets/source_6ce9a1e568d3.png,/Users/pt623/Documents/career-vault-resume/applications/hkust-harry-yang/part-level-overediting/core/results/gt_mask_diagnostic_v2/blinded_review/reviewer_1/assets/item_8bb5bef28700.jpg,,,,,
item_370f69f516f0,head,dragon,A dog at a farm,A dog with dragon head at a farm,/Users/pt623/Documents/career-vault-resume/applications/hkust-harry-yang/part-level-overediting/core/results/gt_mask_diagnostic_v2/blinded_review/reviewer_1/assets/source_2a043df583fd.png,/Users/pt623/Documents/career-vault-resume/applications/hkust-harry-yang/part-level-overediting/core/results/gt_mask_diagnostic_v2/blinded_review/reviewer_1/assets/item_370f69f516f0.jpg,,,,,
item_edca7a6a6ece,head,panda,A cat at a mountain,A cat with panda head at a mountain,/Users/pt623/Documents/career-vault-resume/applications/hkust-harry-yang/part-level-overediting/core/results/gt_mask_diagnostic_v2/blinded_review/reviewer_1/assets/source_dd35579b4d43.png,/Users/pt623/Documents/career-vault-resume/applications/hkust-harry-yang/part-level-overediting/core/results/gt_mask_diagnostic_v2/blinded_review/reviewer_1/assets/item_edca7a6a6ece.jpg,,,,,
item_4ab4f0bc2b08,head,bear,A robot at a park,A robot with bear head at a park,/Users/pt623/Documents/career-vault-resume/applications/hkust-harry-yang/part-level-overediting/core/results/gt_mask_diagnostic_v2/blinded_review/reviewer_1/assets/source_64fe128aaf52.png,/Users/pt623/Documents/career-vault-resume/applications/hkust-harry-yang/part-level-overediting/core/results/gt_mask_diagnostic_v2/blinded_review/reviewer_1/assets/item_4ab4f0bc2b08.jpg,,,,,
item_53144568a59a,torso,spiderman,A robot at a museum,A robot with spiderman torso at a museum,/Users/pt623/Documents/career-vault-resume/applications/hkust-harry-yang/part-level-overediting/core/results/gt_mask_diagnostic_v2/blinded_review/reviewer_1/assets/source_63f2eb2cd129.png,/Users/pt623/Documents/career-vault-resume/applications/hkust-harry-yang/part-level-overediting/core/results/gt_mask_diagnostic_v2/blinded_review/reviewer_1/assets/item_53144568a59a.jpg,,,,,
item_d887cbd19e63,torso,armor,A boy at a restaurant,A boy with armor torso at a restaurant,/Users/pt623/Documents/career-vault-resume/applications/hkust-harry-yang/part-level-overediting/core/results/gt_mask_diagnostic_v2/blinded_review/reviewer_1/assets/source_cea0cb0755a1.png,/Users/pt623/Documents/career-vault-resume/applications/hkust-harry-yang/part-level-overediting/core/results/gt_mask_diagnostic_v2/blinded_review/reviewer_1/assets/item_d887cbd19e63.jpg,,,,,
item_e055ca2e1664,hair,blond,A Portrait of man at a beach,A Portrait of man with blond hair at a beach,/Users/pt623/Documents/career-vault-resume/applications/hkust-harry-yang/part-level-overediting/core/results/gt_mask_diagnostic_v2/blinded_review/reviewer_1/assets/source_6ce9a1e568d3.png,/Users/pt623/Documents/career-vault-resume/applications/hkust-harry-yang/part-level-overediting/core/results/gt_mask_diagnostic_v2/blinded_review/reviewer_1/assets/item_e055ca2e1664.jpg,,,,,
item_6b6aa421d93d,head,tattooed,A robot at a office,A robot with tattooed head at a office,/Users/pt623/Documents/career-vault-resume/applications/hkust-harry-yang/part-level-overediting/core/results/gt_mask_diagnostic_v2/blinded_review/reviewer_1/assets/source_1e365ebd5ac6.png,/Users/pt623/Documents/career-vault-resume/applications/hkust-harry-yang/part-level-overediting/core/results/gt_mask_diagnostic_v2/blinded_review/reviewer_1/assets/item_6b6aa421d93d.jpg,,,,,
item_7d2ef9c63e41,head,dragon,A horse at a zoo,A horse with dragon head at a zoo,/Users/pt623/Documents/career-vault-resume/applications/hkust-harry-yang/part-level-overediting/core/results/gt_mask_diagnostic_v2/blinded_review/reviewer_1/assets/source_dbfa710ac399.png,/Users/pt623/Documents/career-vault-resume/applications/hkust-harry-yang/part-level-overediting/core/results/gt_mask_diagnostic_v2/blinded_review/reviewer_1/assets/item_7d2ef9c63e41.jpg,,,,,
item_de9c2e2b1919,head,panda,A dog at a store,A dog with panda head at a store,/Users/pt623/Documents/career-vault-resume/applications/hkust-harry-yang/part-level-overediting/core/results/gt_mask_diagnostic_v2/blinded_review/reviewer_1/assets/source_de70faeee4dc.png,/Users/pt623/Documents/career-vault-resume/applications/hkust-harry-yang/part-level-overediting/core/results/gt_mask_diagnostic_v2/blinded_review/reviewer_1/assets/item_de9c2e2b1919.jpg,,,,,
item_bb0c4af55488,head,tattooed,A robot at a office,A robot with tattooed head at a office,/Users/pt623/Documents/career-vault-resume/applications/hkust-harry-yang/part-level-overediting/core/results/gt_mask_diagnostic_v2/blinded_review/reviewer_1/assets/source_1e365ebd5ac6.png,/Users/pt623/Documents/career-vault-resume/applications/hkust-harry-yang/part-level-overediting/core/results/gt_mask_diagnostic_v2/blinded_review/reviewer_1/assets/item_bb0c4af55488.jpg,,,,,
item_6ad807e3f305,head,robot,A girl at a beach,A girl with robot head at a beach,/Users/pt623/Documents/career-vault-resume/applications/hkust-harry-yang/part-level-overediting/core/results/gt_mask_diagnostic_v2/blinded_review/reviewer_1/assets/source_eddd21d6a1c2.png,/Users/pt623/Documents/career-vault-resume/applications/hkust-harry-yang/part-level-overediting/core/results/gt_mask_diagnostic_v2/blinded_review/reviewer_1/assets/item_6ad807e3f305.jpg,,,,,
item_1a4caa1bb01a,head,robot,A alien at a city,A alien with robot head at a city,/Users/pt623/Documents/career-vault-resume/applications/hkust-harry-yang/part-level-overediting/core/results/gt_mask_diagnostic_v2/blinded_review/reviewer_1/assets/source_6094cd95fb45.png,/Users/pt623/Documents/career-vault-resume/applications/hkust-harry-yang/part-level-overediting/core/results/gt_mask_diagnostic_v2/blinded_review/reviewer_1/assets/item_1a4caa1bb01a.jpg,,,,,
item_1a8a99ee1347,car body,neon-lit,A classic-car at a suburban road,A classic-car with neon-lit car body at a suburban road,/Users/pt623/Documents/career-vault-resume/applications/hkust-harry-yang/part-level-overediting/core/results/gt_mask_diagnostic_v2/blinded_review/reviewer_1/assets/source_3ae69c2a9e97.png,/Users/pt623/Documents/career-vault-resume/applications/hkust-harry-yang/part-level-overediting/core/results/gt_mask_diagnostic_v2/blinded_review/reviewer_1/assets/item_1a8a99ee1347.jpg,,,,,
item_630857df0336,head,robot,A alien at a school,A alien with robot head at a school,/Users/pt623/Documents/career-vault-resume/applications/hkust-harry-yang/part-level-overediting/core/results/gt_mask_diagnostic_v2/blinded_review/reviewer_1/assets/source_26285f2b90f2.png,/Users/pt623/Documents/career-vault-resume/applications/hkust-harry-yang/part-level-overediting/core/results/gt_mask_diagnostic_v2/blinded_review/reviewer_1/assets/item_630857df0336.jpg,,,,,
item_0bbe281ba042,car body,armored,A luxury-car at a mountain road,A luxury-car with armored car body at a mountain road,/Users/pt623/Documents/career-vault-resume/applications/hkust-harry-yang/part-level-overediting/core/results/gt_mask_diagnostic_v2/blinded_review/reviewer_1/assets/source_4a1c085cfce4.png,/Users/pt623/Documents/career-vault-resume/applications/hkust-harry-yang/part-level-overediting/core/results/gt_mask_diagnostic_v2/blinded_review/reviewer_1/assets/item_0bbe281ba042.jpg,,,,,
item_240bcea380df,car hood,Destroyed,A full front facing view of BMW car at a parking lot,A full front facing view of BMW car with Destroyed car hood at a parking lot,/Users/pt623/Documents/career-vault-resume/applications/hkust-harry-yang/part-level-overediting/core/results/gt_mask_diagnostic_v2/blinded_review/reviewer_1/assets/source_146c36946692.png,/Users/pt623/Documents/career-vault-resume/applications/hkust-harry-yang/part-level-overediting/core/results/gt_mask_diagnostic_v2/blinded_review/reviewer_1/assets/item_240bcea380df.jpg,,,,,
item_e7335c87734f,hair,blond,A Portrait of man at a beach,A Portrait of man with blond hair at a beach,/Users/pt623/Documents/career-vault-resume/applications/hkust-harry-yang/part-level-overediting/core/results/gt_mask_diagnostic_v2/blinded_review/reviewer_1/assets/source_6ce9a1e568d3.png,/Users/pt623/Documents/career-vault-resume/applications/hkust-harry-yang/part-level-overediting/core/results/gt_mask_diagnostic_v2/blinded_review/reviewer_1/assets/item_e7335c87734f.jpg,,,,,
item_c7bd94cde1c6,car hood,Destroyed,A full front facing view of BMW car at a parking lot,A full front facing view of BMW car with Destroyed car hood at a parking lot,/Users/pt623/Documents/career-vault-resume/applications/hkust-harry-yang/part-level-overediting/core/results/gt_mask_diagnostic_v2/blinded_review/reviewer_1/assets/source_146c36946692.png,/Users/pt623/Documents/career-vault-resume/applications/hkust-harry-yang/part-level-overediting/core/results/gt_mask_diagnostic_v2/blinded_review/reviewer_1/assets/item_c7bd94cde1c6.jpg,,,,,
item_620a51b7ba0b,seat,wooden,A closeup leather chair at a classroom,A closeup leather chair with wooden seat at a classroom,/Users/pt623/Documents/career-vault-resume/applications/hkust-harry-yang/part-level-overediting/core/results/gt_mask_diagnostic_v2/blinded_review/reviewer_1/assets/source_bda38536db22.png,/Users/pt623/Documents/career-vault-resume/applications/hkust-harry-yang/part-level-overediting/core/results/gt_mask_diagnostic_v2/blinded_review/reviewer_1/assets/item_620a51b7ba0b.jpg,,,,,
item_d4c808da9db7,head,tiger,A bear at a pool,A bear with tiger head at a pool,/Users/pt623/Documents/career-vault-resume/applications/hkust-harry-yang/part-level-overediting/core/results/gt_mask_diagnostic_v2/blinded_review/reviewer_1/assets/source_41c7b285ef4c.png,/Users/pt623/Documents/career-vault-resume/applications/hkust-harry-yang/part-level-overediting/core/results/gt_mask_diagnostic_v2/blinded_review/reviewer_1/assets/item_d4c808da9db7.jpg,,,,,
item_27a4d0ed9a9f,head,robot,A alien at a school,A alien with robot head at a school,/Users/pt623/Documents/career-vault-resume/applications/hkust-harry-yang/part-level-overediting/core/results/gt_mask_diagnostic_v2/blinded_review/reviewer_1/assets/source_26285f2b90f2.png,/Users/pt623/Documents/career-vault-resume/applications/hkust-harry-yang/part-level-overediting/core/results/gt_mask_diagnostic_v2/blinded_review/reviewer_1/assets/item_27a4d0ed9a9f.jpg,,,,,
item_c06b4df6850e,head,panda,A dog at a store,A dog with panda head at a store,/Users/pt623/Documents/career-vault-resume/applications/hkust-harry-yang/part-level-overediting/core/results/gt_mask_diagnostic_v2/blinded_review/reviewer_1/assets/source_de70faeee4dc.png,/Users/pt623/Documents/career-vault-resume/applications/hkust-harry-yang/part-level-overediting/core/results/gt_mask_diagnostic_v2/blinded_review/reviewer_1/assets/item_c06b4df6850e.jpg,,,,,
item_aa348037f0e3,torso,uniform,A alien at a school,A alien with uniform torso at a school,/Users/pt623/Documents/career-vault-resume/applications/hkust-harry-yang/part-level-overediting/core/results/gt_mask_diagnostic_v2/blinded_review/reviewer_1/assets/source_4ad3086c4953.png,/Users/pt623/Documents/career-vault-resume/applications/hkust-harry-yang/part-level-overediting/core/results/gt_mask_diagnostic_v2/blinded_review/reviewer_1/assets/item_aa348037f0e3.jpg,,,,,
item_0548a0ad8063,head,lion,A dog at a pool,A dog with lion head at a pool,/Users/pt623/Documents/career-vault-resume/applications/hkust-harry-yang/part-level-overediting/core/results/gt_mask_diagnostic_v2/blinded_review/reviewer_1/assets/source_fc07bb02f53f.png,/Users/pt623/Documents/career-vault-resume/applications/hkust-harry-yang/part-level-overediting/core/results/gt_mask_diagnostic_v2/blinded_review/reviewer_1/assets/item_0548a0ad8063.jpg,,,,,
item_3e4d9aadad51,hair,Curls,A Portrait of man at a house,A Portrait of man with Curls hair at a house,/Users/pt623/Documents/career-vault-resume/applications/hkust-harry-yang/part-level-overediting/core/results/gt_mask_diagnostic_v2/blinded_review/reviewer_1/assets/source_1837be64cd68.png,/Users/pt623/Documents/career-vault-resume/applications/hkust-harry-yang/part-level-overediting/core/results/gt_mask_diagnostic_v2/blinded_review/reviewer_1/assets/item_3e4d9aadad51.jpg,,,,,
item_920a50c781f7,head,cat,A dog at a restaurant,A dog with cat head at a restaurant,/Users/pt623/Documents/career-vault-resume/applications/hkust-harry-yang/part-level-overediting/core/results/gt_mask_diagnostic_v2/blinded_review/reviewer_1/assets/source_ca463355e687.png,/Users/pt623/Documents/career-vault-resume/applications/hkust-harry-yang/part-level-overediting/core/results/gt_mask_diagnostic_v2/blinded_review/reviewer_1/assets/item_920a50c781f7.jpg,,,,,
item_a514517323eb,head,panda,A dog at a store,A dog with panda head at a store,/Users/pt623/Documents/career-vault-resume/applications/hkust-harry-yang/part-level-overediting/core/results/gt_mask_diagnostic_v2/blinded_review/reviewer_1/assets/source_de70faeee4dc.png,/Users/pt623/Documents/career-vault-resume/applications/hkust-harry-yang/part-level-overediting/core/results/gt_mask_diagnostic_v2/blinded_review/reviewer_1/assets/item_a514517323eb.jpg,,,,,
item_9fc44f86eecc,seat,fabric,A closeup leather chair at a apartment,A closeup leather chair with fabric seat at a apartment,/Users/pt623/Documents/career-vault-resume/applications/hkust-harry-yang/part-level-overediting/core/results/gt_mask_diagnostic_v2/blinded_review/reviewer_1/assets/source_278976611c82.png,/Users/pt623/Documents/career-vault-resume/applications/hkust-harry-yang/part-level-overediting/core/results/gt_mask_diagnostic_v2/blinded_review/reviewer_1/assets/item_9fc44f86eecc.jpg,,,,,
item_650194c17fe9,hair,Kinky,A Portrait of boy at a park,A Portrait of boy with Kinky hair at a park,/Users/pt623/Documents/career-vault-resume/applications/hkust-harry-yang/part-level-overediting/core/results/gt_mask_diagnostic_v2/blinded_review/reviewer_1/assets/source_0d500a8d6ca9.png,/Users/pt623/Documents/career-vault-resume/applications/hkust-harry-yang/part-level-overediting/core/results/gt_mask_diagnostic_v2/blinded_review/reviewer_1/assets/item_650194c17fe9.jpg,,,,,
item_a4fc7cc8fbf7,head,robot,A alien at a museum,A alien with robot head at a museum,/Users/pt623/Documents/career-vault-resume/applications/hkust-harry-yang/part-level-overediting/core/results/gt_mask_diagnostic_v2/blinded_review/reviewer_1/assets/source_0776f3ccf0e9.png,/Users/pt623/Documents/career-vault-resume/applications/hkust-harry-yang/part-level-overediting/core/results/gt_mask_diagnostic_v2/blinded_review/reviewer_1/assets/item_a4fc7cc8fbf7.jpg,,,,,
item_70b6fdaa597b,head,dog,A bear at a jungle,A bear with dog head at a jungle,/Users/pt623/Documents/career-vault-resume/applications/hkust-harry-yang/part-level-overediting/core/results/gt_mask_diagnostic_v2/blinded_review/reviewer_1/assets/source_f71c7b525544.png,/Users/pt623/Documents/career-vault-resume/applications/hkust-harry-yang/part-level-overediting/core/results/gt_mask_diagnostic_v2/blinded_review/reviewer_1/assets/item_70b6fdaa597b.jpg,,,,,
item_5aec94646b4f,car hood,Digital-Camouflage,A full front facing view of racing car at a parking lot,A full front facing view of racing car with Digital-Camouflage car hood at a parking lot,/Users/pt623/Documents/career-vault-resume/applications/hkust-harry-yang/part-level-overediting/core/results/gt_mask_diagnostic_v2/blinded_review/reviewer_1/assets/source_073b896945b5.png,/Users/pt623/Documents/career-vault-resume/applications/hkust-harry-yang/part-level-overediting/core/results/gt_mask_diagnostic_v2/blinded_review/reviewer_1/assets/item_5aec94646b4f.jpg,,,,,
item_8ab590982603,head,lion,A bear at a zoo,A bear with lion head at a zoo,/Users/pt623/Documents/career-vault-resume/applications/hkust-harry-yang/part-level-overediting/core/results/gt_mask_diagnostic_v2/blinded_review/reviewer_1/assets/source_1d46ca4f754d.png,/Users/pt623/Documents/career-vault-resume/applications/hkust-harry-yang/part-level-overediting/core/results/gt_mask_diagnostic_v2/blinded_review/reviewer_1/assets/item_8ab590982603.jpg,,,,,
item_e54871cdb99e,hair,Afro,A Portrait of boy at a beach,A Portrait of boy with Afro hair at a beach,/Users/pt623/Documents/career-vault-resume/applications/hkust-harry-yang/part-level-overediting/core/results/gt_mask_diagnostic_v2/blinded_review/reviewer_1/assets/source_0038f682b22a.png,/Users/pt623/Documents/career-vault-resume/applications/hkust-harry-yang/part-level-overediting/core/results/gt_mask_diagnostic_v2/blinded_review/reviewer_1/assets/item_e54871cdb99e.jpg,,,,,
item_d997fe4cd243,car hood,black,A racing-car at a highway,A racing-car with black car hood at a highway,/Users/pt623/Documents/career-vault-resume/applications/hkust-harry-yang/part-level-overediting/core/results/gt_mask_diagnostic_v2/blinded_review/reviewer_1/assets/source_af6b5e577958.png,/Users/pt623/Documents/career-vault-resume/applications/hkust-harry-yang/part-level-overediting/core/results/gt_mask_diagnostic_v2/blinded_review/reviewer_1/assets/item_d997fe4cd243.jpg,,,,,
item_b3fae24f1935,head,robot,A alien at a city,A alien with robot head at a city,/Users/pt623/Documents/career-vault-resume/applications/hkust-harry-yang/part-level-overediting/core/results/gt_mask_diagnostic_v2/blinded_review/reviewer_1/assets/source_6094cd95fb45.png,/Users/pt623/Documents/career-vault-resume/applications/hkust-harry-yang/part-level-overediting/core/results/gt_mask_diagnostic_v2/blinded_review/reviewer_1/assets/item_b3fae24f1935.jpg,,,,,
item_f55f03076069,head,robot,A alien at a museum,A alien with robot head at a museum,/Users/pt623/Documents/career-vault-resume/applications/hkust-harry-yang/part-level-overediting/core/results/gt_mask_diagnostic_v2/blinded_review/reviewer_1/assets/source_0776f3ccf0e9.png,/Users/pt623/Documents/career-vault-resume/applications/hkust-harry-yang/part-level-overediting/core/results/gt_mask_diagnostic_v2/blinded_review/reviewer_1/assets/item_f55f03076069.jpg,,,,,
item_fbe65f828066,seat,rusted,A closeup folding chair at a classroom,A closeup folding chair with rusted seat at a classroom,/Users/pt623/Documents/career-vault-resume/applications/hkust-harry-yang/part-level-overediting/core/results/gt_mask_diagnostic_v2/blinded_review/reviewer_1/assets/source_97eab3ccdecd.png,/Users/pt623/Documents/career-vault-resume/applications/hkust-harry-yang/part-level-overediting/core/results/gt_mask_diagnostic_v2/blinded_review/reviewer_1/assets/item_fbe65f828066.jpg,,,,,
item_998bd4e469d0,hair,Curls,A Portrait of boy at a park,A Portrait of boy with Curls hair at a park,/Users/pt623/Documents/career-vault-resume/applications/hkust-harry-yang/part-level-overediting/core/results/gt_mask_diagnostic_v2/blinded_review/reviewer_1/assets/source_b4d7f2d52a43.png,/Users/pt623/Documents/career-vault-resume/applications/hkust-harry-yang/part-level-overediting/core/results/gt_mask_diagnostic_v2/blinded_review/reviewer_1/assets/item_998bd4e469d0.jpg,,,,,
item_d3a5fdc1f399,head,bear,A robot at a park,A robot with bear head at a park,/Users/pt623/Documents/career-vault-resume/applications/hkust-harry-yang/part-level-overediting/core/results/gt_mask_diagnostic_v2/blinded_review/reviewer_1/assets/source_64fe128aaf52.png,/Users/pt623/Documents/career-vault-resume/applications/hkust-harry-yang/part-level-overediting/core/results/gt_mask_diagnostic_v2/blinded_review/reviewer_1/assets/item_d3a5fdc1f399.jpg,,,,,
item_3e29367852e0,head,dragon,A horse at a zoo,A horse with dragon head at a zoo,/Users/pt623/Documents/career-vault-resume/applications/hkust-harry-yang/part-level-overediting/core/results/gt_mask_diagnostic_v2/blinded_review/reviewer_1/assets/source_dbfa710ac399.png,/Users/pt623/Documents/career-vault-resume/applications/hkust-harry-yang/part-level-overediting/core/results/gt_mask_diagnostic_v2/blinded_review/reviewer_1/assets/item_3e29367852e0.jpg,,,,,
item_7edc3cc786be,seat,rusted,A closeup folding chair at a classroom,A closeup folding chair with rusted seat at a classroom,/Users/pt623/Documents/career-vault-resume/applications/hkust-harry-yang/part-level-overediting/core/results/gt_mask_diagnostic_v2/blinded_review/reviewer_1/assets/source_97eab3ccdecd.png,/Users/pt623/Documents/career-vault-resume/applications/hkust-harry-yang/part-level-overediting/core/results/gt_mask_diagnostic_v2/blinded_review/reviewer_1/assets/item_7edc3cc786be.jpg,,,,,
item_224d0f0ee0bf,car body,rusted,A classic-car at a suburban road,A classic-car with rusted car body at a suburban road,/Users/pt623/Documents/career-vault-resume/applications/hkust-harry-yang/part-level-overediting/core/results/gt_mask_diagnostic_v2/blinded_review/reviewer_1/assets/source_a90c17d919ed.png,/Users/pt623/Documents/career-vault-resume/applications/hkust-harry-yang/part-level-overediting/core/results/gt_mask_diagnostic_v2/blinded_review/reviewer_1/assets/item_224d0f0ee0bf.jpg,,,,,
item_38f1fc23cc67,car hood,vinyl-art,A classic-car at a garage,A classic-car with vinyl-art car hood at a garage,/Users/pt623/Documents/career-vault-resume/applications/hkust-harry-yang/part-level-overediting/core/results/gt_mask_diagnostic_v2/blinded_review/reviewer_1/assets/source_f3b27b9b2ef0.png,/Users/pt623/Documents/career-vault-resume/applications/hkust-harry-yang/part-level-overediting/core/results/gt_mask_diagnostic_v2/blinded_review/reviewer_1/assets/item_38f1fc23cc67.jpg,,,,,
item_8827f1ef7c0c,car hood,Destroyed,A full front facing view of BMW car at a parking lot,A full front facing view of BMW car with Destroyed car hood at a parking lot,/Users/pt623/Documents/career-vault-resume/applications/hkust-harry-yang/part-level-overediting/core/results/gt_mask_diagnostic_v2/blinded_review/reviewer_1/assets/source_146c36946692.png,/Users/pt623/Documents/career-vault-resume/applications/hkust-harry-yang/part-level-overediting/core/results/gt_mask_diagnostic_v2/blinded_review/reviewer_1/assets/item_8827f1ef7c0c.jpg,,,,,
item_0d5756e51c7a,torso,uniform,A alien at a school,A alien with uniform torso at a school,/Users/pt623/Documents/career-vault-resume/applications/hkust-harry-yang/part-level-overediting/core/results/gt_mask_diagnostic_v2/blinded_review/reviewer_1/assets/source_4ad3086c4953.png,/Users/pt623/Documents/career-vault-resume/applications/hkust-harry-yang/part-level-overediting/core/results/gt_mask_diagnostic_v2/blinded_review/reviewer_1/assets/item_0d5756e51c7a.jpg,,,,,
item_f08a7197c25b,head,cheetah,A panda at a school,A panda with cheetah head at a school,/Users/pt623/Documents/career-vault-resume/applications/hkust-harry-yang/part-level-overediting/core/results/gt_mask_diagnostic_v2/blinded_review/reviewer_1/assets/source_3506d9604bf8.png,/Users/pt623/Documents/career-vault-resume/applications/hkust-harry-yang/part-level-overediting/core/results/gt_mask_diagnostic_v2/blinded_review/reviewer_1/assets/item_f08a7197c25b.jpg,,,,,
item_23228f9cec9b,car hood,Rusty,A full front facing view of Porsche car at a road,A full front facing view of Porsche car with Rusty car hood at a road,/Users/pt623/Documents/career-vault-resume/applications/hkust-harry-yang/part-level-overediting/core/results/gt_mask_diagnostic_v2/blinded_review/reviewer_1/assets/source_7e515b8abb95.png,/Users/pt623/Documents/career-vault-resume/applications/hkust-harry-yang/part-level-overediting/core/results/gt_mask_diagnostic_v2/blinded_review/reviewer_1/assets/item_23228f9cec9b.jpg,,,,,
item_f860f5b5238f,head,dragon,A dog at a farm,A dog with dragon head at a farm,/Users/pt623/Documents/career-vault-resume/applications/hkust-harry-yang/part-level-overediting/core/results/gt_mask_diagnostic_v2/blinded_review/reviewer_1/assets/source_2a043df583fd.png,/Users/pt623/Documents/career-vault-resume/applications/hkust-harry-yang/part-level-overediting/core/results/gt_mask_diagnostic_v2/blinded_review/reviewer_1/assets/item_f860f5b5238f.jpg,,,,,
item_16e7eaf6d6b7,head,lion,A bear at a zoo,A bear with lion head at a zoo,/Users/pt623/Documents/career-vault-resume/applications/hkust-harry-yang/part-level-overediting/core/results/gt_mask_diagnostic_v2/blinded_review/reviewer_1/assets/source_1d46ca4f754d.png,/Users/pt623/Documents/career-vault-resume/applications/hkust-harry-yang/part-level-overediting/core/results/gt_mask_diagnostic_v2/blinded_review/reviewer_1/assets/item_16e7eaf6d6b7.jpg,,,,,
item_ca3c18622a71,torso,armor,A girl at a stadium,A girl with armor torso at a stadium,/Users/pt623/Documents/career-vault-resume/applications/hkust-harry-yang/part-level-overediting/core/results/gt_mask_diagnostic_v2/blinded_review/reviewer_1/assets/source_05f0e921e87d.png,/Users/pt623/Documents/career-vault-resume/applications/hkust-harry-yang/part-level-overediting/core/results/gt_mask_diagnostic_v2/blinded_review/reviewer_1/assets/item_ca3c18622a71.jpg,,,,,
item_f7b51dced9ec,head,bear,A alien at a museum,A alien with bear head at a museum,/Users/pt623/Documents/career-vault-resume/applications/hkust-harry-yang/part-level-overediting/core/results/gt_mask_diagnostic_v2/blinded_review/reviewer_1/assets/source_30f9afb55b24.png,/Users/pt623/Documents/career-vault-resume/applications/hkust-harry-yang/part-level-overediting/core/results/gt_mask_diagnostic_v2/blinded_review/reviewer_1/assets/item_f7b51dced9ec.jpg,,,,,
item_96b76146da65,hair,Wavy,A Portrait of girl at a forest,A Portrait of girl with Wavy hair at a forest,/Users/pt623/Documents/career-vault-resume/applications/hkust-harry-yang/part-level-overediting/core/results/gt_mask_diagnostic_v2/blinded_review/reviewer_1/assets/source_53e8e39bcf1e.png,/Users/pt623/Documents/career-vault-resume/applications/hkust-harry-yang/part-level-overediting/core/results/gt_mask_diagnostic_v2/blinded_review/reviewer_1/assets/item_96b76146da65.jpg,,,,,
item_7c59c9062e99,head,panda,A cat at a mountain,A cat with panda head at a mountain,/Users/pt623/Documents/career-vault-resume/applications/hkust-harry-yang/part-level-overediting/core/results/gt_mask_diagnostic_v2/blinded_review/reviewer_1/assets/source_dd35579b4d43.png,/Users/pt623/Documents/career-vault-resume/applications/hkust-harry-yang/part-level-overediting/core/results/gt_mask_diagnostic_v2/blinded_review/reviewer_1/assets/item_7c59c9062e99.jpg,,,,,
item_8be51270a337,torso,robotic-parts,A dinosaur at a museum,A dinosaur with robotic-parts torso at a museum,/Users/pt623/Documents/career-vault-resume/applications/hkust-harry-yang/part-level-overediting/core/results/gt_mask_diagnostic_v2/blinded_review/reviewer_1/assets/source_1e3c08a912fe.png,/Users/pt623/Documents/career-vault-resume/applications/hkust-harry-yang/part-level-overediting/core/results/gt_mask_diagnostic_v2/blinded_review/reviewer_1/assets/item_8be51270a337.jpg,,,,,
item_b65ebba9a164,head,robot,A alien at a city,A alien with robot head at a city,/Users/pt623/Documents/career-vault-resume/applications/hkust-harry-yang/part-level-overediting/core/results/gt_mask_diagnostic_v2/blinded_review/reviewer_1/assets/source_6094cd95fb45.png,/Users/pt623/Documents/career-vault-resume/applications/hkust-harry-yang/part-level-overediting/core/results/gt_mask_diagnostic_v2/blinded_review/reviewer_1/assets/item_b65ebba9a164.jpg,,,,,
item_651ee56198a8,car body,rusted,A classic-car at a suburban road,A classic-car with rusted car body at a suburban road,/Users/pt623/Documents/career-vault-resume/applications/hkust-harry-yang/part-level-overediting/core/results/gt_mask_diagnostic_v2/blinded_review/reviewer_1/assets/source_a90c17d919ed.png,/Users/pt623/Documents/career-vault-resume/applications/hkust-harry-yang/part-level-overediting/core/results/gt_mask_diagnostic_v2/blinded_review/reviewer_1/assets/item_651ee56198a8.jpg,,,,,
item_b06f3f62e1f0,hair,Afro,A Portrait of boy at a beach,A Portrait of boy with Afro hair at a beach,/Users/pt623/Documents/career-vault-resume/applications/hkust-harry-yang/part-level-overediting/core/results/gt_mask_diagnostic_v2/blinded_review/reviewer_1/assets/source_0038f682b22a.png,/Users/pt623/Documents/career-vault-resume/applications/hkust-harry-yang/part-level-overediting/core/results/gt_mask_diagnostic_v2/blinded_review/reviewer_1/assets/item_b06f3f62e1f0.jpg,,,,,
item_c3c0b59edaf8,torso,spiderman,A robot at a museum,A robot with spiderman torso at a museum,/Users/pt623/Documents/career-vault-resume/applications/hkust-harry-yang/part-level-overediting/core/results/gt_mask_diagnostic_v2/blinded_review/reviewer_1/assets/source_7e6e7b988446.png,/Users/pt623/Documents/career-vault-resume/applications/hkust-harry-yang/part-level-overediting/core/results/gt_mask_diagnostic_v2/blinded_review/reviewer_1/assets/item_c3c0b59edaf8.jpg,,,,,
item_0303e81dd5a9,head,tattooed,A robot at a office,A robot with tattooed head at a office,/Users/pt623/Documents/career-vault-resume/applications/hkust-harry-yang/part-level-overediting/core/results/gt_mask_diagnostic_v2/blinded_review/reviewer_1/assets/source_1e365ebd5ac6.png,/Users/pt623/Documents/career-vault-resume/applications/hkust-harry-yang/part-level-overediting/core/results/gt_mask_diagnostic_v2/blinded_review/reviewer_1/assets/item_0303e81dd5a9.jpg,,,,,
item_d9a9b114a4aa,car body,futuristic,A sedan at a parking lot,A sedan with futuristic car body at a parking lot,/Users/pt623/Documents/career-vault-resume/applications/hkust-harry-yang/part-level-overediting/core/results/gt_mask_diagnostic_v2/blinded_review/reviewer_1/assets/source_ef3648f18171.png,/Users/pt623/Documents/career-vault-resume/applications/hkust-harry-yang/part-level-overediting/core/results/gt_mask_diagnostic_v2/blinded_review/reviewer_1/assets/item_d9a9b114a4aa.jpg,,,,,
item_6f7666199ef0,car hood,vinyl-art,A classic-car at a garage,A classic-car with vinyl-art car hood at a garage,/Users/pt623/Documents/career-vault-resume/applications/hkust-harry-yang/part-level-overediting/core/results/gt_mask_diagnostic_v2/blinded_review/reviewer_1/assets/source_f3b27b9b2ef0.png,/Users/pt623/Documents/career-vault-resume/applications/hkust-harry-yang/part-level-overediting/core/results/gt_mask_diagnostic_v2/blinded_review/reviewer_1/assets/item_6f7666199ef0.jpg,,,,,
item_6c28243b84c3,head,cat,A dog at a restaurant,A dog with cat head at a restaurant,/Users/pt623/Documents/career-vault-resume/applications/hkust-harry-yang/part-level-overediting/core/results/gt_mask_diagnostic_v2/blinded_review/reviewer_1/assets/source_ca463355e687.png,/Users/pt623/Documents/career-vault-resume/applications/hkust-harry-yang/part-level-overediting/core/results/gt_mask_diagnostic_v2/blinded_review/reviewer_1/assets/item_6c28243b84c3.jpg,,,,,
item_80818e9dc5c8,head,unicorn,A dog at a mountain,A dog with unicorn head at a mountain,/Users/pt623/Documents/career-vault-resume/applications/hkust-harry-yang/part-level-overediting/core/results/gt_mask_diagnostic_v2/blinded_review/reviewer_1/assets/source_ee57f3a3ed86.png,/Users/pt623/Documents/career-vault-resume/applications/hkust-harry-yang/part-level-overediting/core/results/gt_mask_diagnostic_v2/blinded_review/reviewer_1/assets/item_80818e9dc5c8.jpg,,,,,
item_56143b4d24ab,head,bear,A alien at a museum,A alien with bear head at a museum,/Users/pt623/Documents/career-vault-resume/applications/hkust-harry-yang/part-level-overediting/core/results/gt_mask_diagnostic_v2/blinded_review/reviewer_1/assets/source_30f9afb55b24.png,/Users/pt623/Documents/career-vault-resume/applications/hkust-harry-yang/part-level-overediting/core/results/gt_mask_diagnostic_v2/blinded_review/reviewer_1/assets/item_56143b4d24ab.jpg,,,,,
item_e102415f4d19,hair,Botticelli-Curls,A Portrait of boy at a street,A Portrait of boy with Botticelli-Curls hair at a street,/Users/pt623/Documents/career-vault-resume/applications/hkust-harry-yang/part-level-overediting/core/results/gt_mask_diagnostic_v2/blinded_review/reviewer_1/assets/source_1efd8f28c69b.png,/Users/pt623/Documents/career-vault-resume/applications/hkust-harry-yang/part-level-overediting/core/results/gt_mask_diagnostic_v2/blinded_review/reviewer_1/assets/item_e102415f4d19.jpg,,,,,
item_598b5f11dd77,head,dragon,A cow at a restaurant,A cow with dragon head at a restaurant,/Users/pt623/Documents/career-vault-resume/applications/hkust-harry-yang/part-level-overediting/core/results/gt_mask_diagnostic_v2/blinded_review/reviewer_1/assets/source_591f63abb2fa.png,/Users/pt623/Documents/career-vault-resume/applications/hkust-harry-yang/part-level-overediting/core/results/gt_mask_diagnostic_v2/blinded_review/reviewer_1/assets/item_598b5f11dd77.jpg,,,,,
item_605ee97425cc,head,dragon,A horse at a zoo,A horse with dragon head at a zoo,/Users/pt623/Documents/career-vault-resume/applications/hkust-harry-yang/part-level-overediting/core/results/gt_mask_diagnostic_v2/blinded_review/reviewer_1/assets/source_dbfa710ac399.png,/Users/pt623/Documents/career-vault-resume/applications/hkust-harry-yang/part-level-overediting/core/results/gt_mask_diagnostic_v2/blinded_review/reviewer_1/assets/item_605ee97425cc.jpg,,,,,
item_3d952b96ad13,seat,plastic,A closeup soft chair at a photo studio,A closeup soft chair with plastic seat at a photo studio,/Users/pt623/Documents/career-vault-resume/applications/hkust-harry-yang/part-level-overediting/core/results/gt_mask_diagnostic_v2/blinded_review/reviewer_1/assets/source_b25f9980445d.png,/Users/pt623/Documents/career-vault-resume/applications/hkust-harry-yang/part-level-overediting/core/results/gt_mask_diagnostic_v2/blinded_review/reviewer_1/assets/item_3d952b96ad13.jpg,,,,,
item_b138bddf6937,head,dragon,A cat at a desert,A cat with dragon head at a desert,/Users/pt623/Documents/career-vault-resume/applications/hkust-harry-yang/part-level-overediting/core/results/gt_mask_diagnostic_v2/blinded_review/reviewer_1/assets/source_bb5f44e8a25b.png,/Users/pt623/Documents/career-vault-resume/applications/hkust-harry-yang/part-level-overediting/core/results/gt_mask_diagnostic_v2/blinded_review/reviewer_1/assets/item_b138bddf6937.jpg,,,,,
item_f0a91492a69a,hair,Kinky,A Portrait of boy at a park,A Portrait of boy with Kinky hair at a park,/Users/pt623/Documents/career-vault-resume/applications/hkust-harry-yang/part-level-overediting/core/results/gt_mask_diagnostic_v2/blinded_review/reviewer_1/assets/source_0d500a8d6ca9.png,/Users/pt623/Documents/career-vault-resume/applications/hkust-harry-yang/part-level-overediting/core/results/gt_mask_diagnostic_v2/blinded_review/reviewer_1/assets/item_f0a91492a69a.jpg,,,,,
item_02d6f4d2dcb0,hair,blond,A Portrait of man at a beach,A Portrait of man with blond hair at a beach,/Users/pt623/Documents/career-vault-resume/applications/hkust-harry-yang/part-level-overediting/core/results/gt_mask_diagnostic_v2/blinded_review/reviewer_1/assets/source_6ce9a1e568d3.png,/Users/pt623/Documents/career-vault-resume/applications/hkust-harry-yang/part-level-overediting/core/results/gt_mask_diagnostic_v2/blinded_review/reviewer_1/assets/item_02d6f4d2dcb0.jpg,,,,,
item_543eef3481f2,head,tiger,A bear at a pool,A bear with tiger head at a pool,/Users/pt623/Documents/career-vault-resume/applications/hkust-harry-yang/part-level-overediting/core/results/gt_mask_diagnostic_v2/blinded_review/reviewer_1/assets/source_41c7b285ef4c.png,/Users/pt623/Documents/career-vault-resume/applications/hkust-harry-yang/part-level-overediting/core/results/gt_mask_diagnostic_v2/blinded_review/reviewer_1/assets/item_543eef3481f2.jpg,,,,,
item_d46f028f517b,head,bear,A robot at a school,A robot with bear head at a school,/Users/pt623/Documents/career-vault-resume/applications/hkust-harry-yang/part-level-overediting/core/results/gt_mask_diagnostic_v2/blinded_review/reviewer_1/assets/source_5bd8b0acdbd5.png,/Users/pt623/Documents/career-vault-resume/applications/hkust-harry-yang/part-level-overediting/core/results/gt_mask_diagnostic_v2/blinded_review/reviewer_1/assets/item_d46f028f517b.jpg,,,,,
item_299f57d116cc,head,unicorn,A cow at a house,A cow with unicorn head at a house,/Users/pt623/Documents/career-vault-resume/applications/hkust-harry-yang/part-level-overediting/core/results/gt_mask_diagnostic_v2/blinded_review/reviewer_1/assets/source_70a3202c4158.png,/Users/pt623/Documents/career-vault-resume/applications/hkust-harry-yang/part-level-overediting/core/results/gt_mask_diagnostic_v2/blinded_review/reviewer_1/assets/item_299f57d116cc.jpg,,,,,
item_cda601baf1d2,seat,wooden,A closeup leather chair at a classroom,A closeup leather chair with wooden seat at a classroom,/Users/pt623/Documents/career-vault-resume/applications/hkust-harry-yang/part-level-overediting/core/results/gt_mask_diagnostic_v2/blinded_review/reviewer_1/assets/source_bda38536db22.png,/Users/pt623/Documents/career-vault-resume/applications/hkust-harry-yang/part-level-overediting/core/results/gt_mask_diagnostic_v2/blinded_review/reviewer_1/assets/item_cda601baf1d2.jpg,,,,,
item_afc8da6c2d1d,head,lion,A bear at a zoo,A bear with lion head at a zoo,/Users/pt623/Documents/career-vault-resume/applications/hkust-harry-yang/part-level-overediting/core/results/gt_mask_diagnostic_v2/blinded_review/reviewer_1/assets/source_b8ba5e41ea31.png,/Users/pt623/Documents/career-vault-resume/applications/hkust-harry-yang/part-level-overediting/core/results/gt_mask_diagnostic_v2/blinded_review/reviewer_1/assets/item_afc8da6c2d1d.jpg,,,,,
item_fc7a3393efca,head,dragon,A dog at a farm,A dog with dragon head at a farm,/Users/pt623/Documents/career-vault-resume/applications/hkust-harry-yang/part-level-overediting/core/results/gt_mask_diagnostic_v2/blinded_review/reviewer_1/assets/source_2a043df583fd.png,/Users/pt623/Documents/career-vault-resume/applications/hkust-harry-yang/part-level-overediting/core/results/gt_mask_diagnostic_v2/blinded_review/reviewer_1/assets/item_fc7a3393efca.jpg,,,,,
item_ca73f9341133,head,panda,A cat at a mountain,A cat with panda head at a mountain,/Users/pt623/Documents/career-vault-resume/applications/hkust-harry-yang/part-level-overediting/core/results/gt_mask_diagnostic_v2/blinded_review/reviewer_1/assets/source_dd35579b4d43.png,/Users/pt623/Documents/career-vault-resume/applications/hkust-harry-yang/part-level-overediting/core/results/gt_mask_diagnostic_v2/blinded_review/reviewer_1/assets/item_ca73f9341133.jpg,,,,,
item_206e9019fbf0,car hood,Digital-Camouflage,A full front facing view of racing car at a parking lot,A full front facing view of racing car with Digital-Camouflage car hood at a parking lot,/Users/pt623/Documents/career-vault-resume/applications/hkust-harry-yang/part-level-overediting/core/results/gt_mask_diagnostic_v2/blinded_review/reviewer_1/assets/source_073b896945b5.png,/Users/pt623/Documents/career-vault-resume/applications/hkust-harry-yang/part-level-overediting/core/results/gt_mask_diagnostic_v2/blinded_review/reviewer_1/assets/item_206e9019fbf0.jpg,,,,,
item_7fe919153983,torso,formal-suit,A robot at a restaurant,A robot with formal-suit torso at a restaurant,/Users/pt623/Documents/career-vault-resume/applications/hkust-harry-yang/part-level-overediting/core/results/gt_mask_diagnostic_v2/blinded_review/reviewer_1/assets/source_2e6979609916.png,/Users/pt623/Documents/career-vault-resume/applications/hkust-harry-yang/part-level-overediting/core/results/gt_mask_diagnostic_v2/blinded_review/reviewer_1/assets/item_7fe919153983.jpg,,,,,
item_f777dcdfdb44,hair,Curls,A Portrait of woman at a school,A Portrait of woman with Curls hair at a school,/Users/pt623/Documents/career-vault-resume/applications/hkust-harry-yang/part-level-overediting/core/results/gt_mask_diagnostic_v2/blinded_review/reviewer_1/assets/source_8a5f145d5ed6.png,/Users/pt623/Documents/career-vault-resume/applications/hkust-harry-yang/part-level-overediting/core/results/gt_mask_diagnostic_v2/blinded_review/reviewer_1/assets/item_f777dcdfdb44.jpg,,,,,
item_5b0ff6638729,head,lion,A bear at a zoo,A bear with lion head at a zoo,/Users/pt623/Documents/career-vault-resume/applications/hkust-harry-yang/part-level-overediting/core/results/gt_mask_diagnostic_v2/blinded_review/reviewer_1/assets/source_b8ba5e41ea31.png,/Users/pt623/Documents/career-vault-resume/applications/hkust-harry-yang/part-level-overediting/core/results/gt_mask_diagnostic_v2/blinded_review/reviewer_1/assets/item_5b0ff6638729.jpg,,,,,
item_a0e9c15877aa,head,dragon,A bear at a jungle,A bear with dragon head at a jungle,/Users/pt623/Documents/career-vault-resume/applications/hkust-harry-yang/part-level-overediting/core/results/gt_mask_diagnostic_v2/blinded_review/reviewer_1/assets/source_a29b0df6a570.png,/Users/pt623/Documents/career-vault-resume/applications/hkust-harry-yang/part-level-overediting/core/results/gt_mask_diagnostic_v2/blinded_review/reviewer_1/assets/item_a0e9c15877aa.jpg,,,,,
item_6027f6151123,hair,Curls,A Portrait of man at a house,A Portrait of man with Curls hair at a house,/Users/pt623/Documents/career-vault-resume/applications/hkust-harry-yang/part-level-overediting/core/results/gt_mask_diagnostic_v2/blinded_review/reviewer_1/assets/source_1837be64cd68.png,/Users/pt623/Documents/career-vault-resume/applications/hkust-harry-yang/part-level-overediting/core/results/gt_mask_diagnostic_v2/blinded_review/reviewer_1/assets/item_6027f6151123.jpg,,,,,
item_0c3e7c6fbd94,head,lion,A dog at a pool,A dog with lion head at a pool,/Users/pt623/Documents/career-vault-resume/applications/hkust-harry-yang/part-level-overediting/core/results/gt_mask_diagnostic_v2/blinded_review/reviewer_1/assets/source_fc07bb02f53f.png,/Users/pt623/Documents/career-vault-resume/applications/hkust-harry-yang/part-level-overediting/core/results/gt_mask_diagnostic_v2/blinded_review/reviewer_1/assets/item_0c3e7c6fbd94.jpg,,,,,
item_16cc1698c3be,head,tattooed,A robot at a office,A robot with tattooed head at a office,/Users/pt623/Documents/career-vault-resume/applications/hkust-harry-yang/part-level-overediting/core/results/gt_mask_diagnostic_v2/blinded_review/reviewer_1/assets/source_1e365ebd5ac6.png,/Users/pt623/Documents/career-vault-resume/applications/hkust-harry-yang/part-level-overediting/core/results/gt_mask_diagnostic_v2/blinded_review/reviewer_1/assets/item_16cc1698c3be.jpg,,,,,
item_dec327c4bfc2,head,bear,A robot at a school,A robot with bear head at a school,/Users/pt623/Documents/career-vault-resume/applications/hkust-harry-yang/part-level-overediting/core/results/gt_mask_diagnostic_v2/blinded_review/reviewer_1/assets/source_5bd8b0acdbd5.png,/Users/pt623/Documents/career-vault-resume/applications/hkust-harry-yang/part-level-overediting/core/results/gt_mask_diagnostic_v2/blinded_review/reviewer_1/assets/item_dec327c4bfc2.jpg,,,,,
item_186d99b3f7b4,torso,formal-suit,A robot at a restaurant,A robot with formal-suit torso at a restaurant,/Users/pt623/Documents/career-vault-resume/applications/hkust-harry-yang/part-level-overediting/core/results/gt_mask_diagnostic_v2/blinded_review/reviewer_1/assets/source_2e6979609916.png,/Users/pt623/Documents/career-vault-resume/applications/hkust-harry-yang/part-level-overediting/core/results/gt_mask_diagnostic_v2/blinded_review/reviewer_1/assets/item_186d99b3f7b4.jpg,,,,,
item_4366dbc38ef6,head,lion,A bear at a zoo,A bear with lion head at a zoo,/Users/pt623/Documents/career-vault-resume/applications/hkust-harry-yang/part-level-overediting/core/results/gt_mask_diagnostic_v2/blinded_review/reviewer_1/assets/source_b8ba5e41ea31.png,/Users/pt623/Documents/career-vault-resume/applications/hkust-harry-yang/part-level-overediting/core/results/gt_mask_diagnostic_v2/blinded_review/reviewer_1/assets/item_4366dbc38ef6.jpg,,,,,
item_6399ba844575,hair,blond,A Portrait of man at a beach,A Portrait of man with blond hair at a beach,/Users/pt623/Documents/career-vault-resume/applications/hkust-harry-yang/part-level-overediting/core/results/gt_mask_diagnostic_v2/blinded_review/reviewer_1/assets/source_6ce9a1e568d3.png,/Users/pt623/Documents/career-vault-resume/applications/hkust-harry-yang/part-level-overediting/core/results/gt_mask_diagnostic_v2/blinded_review/reviewer_1/assets/item_6399ba844575.jpg,,,,,
item_a73b62715810,car body,neon-lit,A classic-car at a suburban road,A classic-car with neon-lit car body at a suburban road,/Users/pt623/Documents/career-vault-resume/applications/hkust-harry-yang/part-level-overediting/core/results/gt_mask_diagnostic_v2/blinded_review/reviewer_1/assets/source_3ae69c2a9e97.png,/Users/pt623/Documents/career-vault-resume/applications/hkust-harry-yang/part-level-overediting/core/results/gt_mask_diagnostic_v2/blinded_review/reviewer_1/assets/item_a73b62715810.jpg,,,,,
item_0054b88beb5f,car hood,Rusty,A full front facing view of Porsche car at a road,A full front facing view of Porsche car with Rusty car hood at a road,/Users/pt623/Documents/career-vault-resume/applications/hkust-harry-yang/part-level-overediting/core/results/gt_mask_diagnostic_v2/blinded_review/reviewer_1/assets/source_7e515b8abb95.png,/Users/pt623/Documents/career-vault-resume/applications/hkust-harry-yang/part-level-overediting/core/results/gt_mask_diagnostic_v2/blinded_review/reviewer_1/assets/item_0054b88beb5f.jpg,,,,,
item_1ac1cc63b0d1,car hood,Graffiti,A full front facing view of Toyota car at a parking lot,A full front facing view of Toyota car with Graffiti car hood at a parking lot,/Users/pt623/Documents/career-vault-resume/applications/hkust-harry-yang/part-level-overediting/core/results/gt_mask_diagnostic_v2/blinded_review/reviewer_1/assets/source_d13dfe80a435.png,/Users/pt623/Documents/career-vault-resume/applications/hkust-harry-yang/part-level-overediting/core/results/gt_mask_diagnostic_v2/blinded_review/reviewer_1/assets/item_1ac1cc63b0d1.jpg,,,,,
item_56d5de5225f9,head,cheetah,A cat at a museum,A cat with cheetah head at a museum,/Users/pt623/Documents/career-vault-resume/applications/hkust-harry-yang/part-level-overediting/core/results/gt_mask_diagnostic_v2/blinded_review/reviewer_1/assets/source_f3d1d79f0351.png,/Users/pt623/Documents/career-vault-resume/applications/hkust-harry-yang/part-level-overediting/core/results/gt_mask_diagnostic_v2/blinded_review/reviewer_1/assets/item_56d5de5225f9.jpg,,,,,
item_a7e9127cb647,head,dragon,A cow at a restaurant,A cow with dragon head at a restaurant,/Users/pt623/Documents/career-vault-resume/applications/hkust-harry-yang/part-level-overediting/core/results/gt_mask_diagnostic_v2/blinded_review/reviewer_1/assets/source_591f63abb2fa.png,/Users/pt623/Documents/career-vault-resume/applications/hkust-harry-yang/part-level-overediting/core/results/gt_mask_diagnostic_v2/blinded_review/reviewer_1/assets/item_a7e9127cb647.jpg,,,,,
item_cde7c215c7ca,car hood,black,A racing-car at a highway,A racing-car with black car hood at a highway,/Users/pt623/Documents/career-vault-resume/applications/hkust-harry-yang/part-level-overediting/core/results/gt_mask_diagnostic_v2/blinded_review/reviewer_1/assets/source_af6b5e577958.png,/Users/pt623/Documents/career-vault-resume/applications/hkust-harry-yang/part-level-overediting/core/results/gt_mask_diagnostic_v2/blinded_review/reviewer_1/assets/item_cde7c215c7ca.jpg,,,,,
item_9073fdc9628d,head,robot,A alien at a museum,A alien with robot head at a museum,/Users/pt623/Documents/career-vault-resume/applications/hkust-harry-yang/part-level-overediting/core/results/gt_mask_diagnostic_v2/blinded_review/reviewer_1/assets/source_0776f3ccf0e9.png,/Users/pt623/Documents/career-vault-resume/applications/hkust-harry-yang/part-level-overediting/core/results/gt_mask_diagnostic_v2/blinded_review/reviewer_1/assets/item_9073fdc9628d.jpg,,,,,
item_9c74857ef807,head,robot,A alien at a museum,A alien with robot head at a museum,/Users/pt623/Documents/career-vault-resume/applications/hkust-harry-yang/part-level-overediting/core/results/gt_mask_diagnostic_v2/blinded_review/reviewer_1/assets/source_0776f3ccf0e9.png,/Users/pt623/Documents/career-vault-resume/applications/hkust-harry-yang/part-level-overediting/core/results/gt_mask_diagnostic_v2/blinded_review/reviewer_1/assets/item_9c74857ef807.jpg,,,,,
item_e2f0b0d2d784,head,cheetah,A panda at a school,A panda with cheetah head at a school,/Users/pt623/Documents/career-vault-resume/applications/hkust-harry-yang/part-level-overediting/core/results/gt_mask_diagnostic_v2/blinded_review/reviewer_1/assets/source_3506d9604bf8.png,/Users/pt623/Documents/career-vault-resume/applications/hkust-harry-yang/part-level-overediting/core/results/gt_mask_diagnostic_v2/blinded_review/reviewer_1/assets/item_e2f0b0d2d784.jpg,,,,,
item_1c7b10e09e5e,torso,armor,A boy at a restaurant,A boy with armor torso at a restaurant,/Users/pt623/Documents/career-vault-resume/applications/hkust-harry-yang/part-level-overediting/core/results/gt_mask_diagnostic_v2/blinded_review/reviewer_1/assets/source_cea0cb0755a1.png,/Users/pt623/Documents/career-vault-resume/applications/hkust-harry-yang/part-level-overediting/core/results/gt_mask_diagnostic_v2/blinded_review/reviewer_1/assets/item_1c7b10e09e5e.jpg,,,,,
item_c29e3b99411e,car body,rusted,A classic-car at a suburban road,A classic-car with rusted car body at a suburban road,/Users/pt623/Documents/career-vault-resume/applications/hkust-harry-yang/part-level-overediting/core/results/gt_mask_diagnostic_v2/blinded_review/reviewer_1/assets/source_a90c17d919ed.png,/Users/pt623/Documents/career-vault-resume/applications/hkust-harry-yang/part-level-overediting/core/results/gt_mask_diagnostic_v2/blinded_review/reviewer_1/assets/item_c29e3b99411e.jpg,,,,,
item_692a226ab13d,head,bear,A alien at a museum,A alien with bear head at a museum,/Users/pt623/Documents/career-vault-resume/applications/hkust-harry-yang/part-level-overediting/core/results/gt_mask_diagnostic_v2/blinded_review/reviewer_1/assets/source_30f9afb55b24.png,/Users/pt623/Documents/career-vault-resume/applications/hkust-harry-yang/part-level-overediting/core/results/gt_mask_diagnostic_v2/blinded_review/reviewer_1/assets/item_692a226ab13d.jpg,,,,,
item_b637adaae8bb,torso,armor,A girl at a stadium,A girl with armor torso at a stadium,/Users/pt623/Documents/career-vault-resume/applications/hkust-harry-yang/part-level-overediting/core/results/gt_mask_diagnostic_v2/blinded_review/reviewer_1/assets/source_05f0e921e87d.png,/Users/pt623/Documents/career-vault-resume/applications/hkust-harry-yang/part-level-overediting/core/results/gt_mask_diagnostic_v2/blinded_review/reviewer_1/assets/item_b637adaae8bb.jpg,,,,,
item_32b2b7d66e55,head,alien,A robot at a park,A robot with alien head at a park,/Users/pt623/Documents/career-vault-resume/applications/hkust-harry-yang/part-level-overediting/core/results/gt_mask_diagnostic_v2/blinded_review/reviewer_1/assets/source_f388d78833d6.png,/Users/pt623/Documents/career-vault-resume/applications/hkust-harry-yang/part-level-overediting/core/results/gt_mask_diagnostic_v2/blinded_review/reviewer_1/assets/item_32b2b7d66e55.jpg,,,,,
item_6b2531cc464a,head,robot,A man at a gym,A man with robot head at a gym,/Users/pt623/Documents/career-vault-resume/applications/hkust-harry-yang/part-level-overediting/core/results/gt_mask_diagnostic_v2/blinded_review/reviewer_1/assets/source_9db278f7152f.png,/Users/pt623/Documents/career-vault-resume/applications/hkust-harry-yang/part-level-overediting/core/results/gt_mask_diagnostic_v2/blinded_review/reviewer_1/assets/item_6b2531cc464a.jpg,,,,,
item_0a42dbb2957c,head,bear,A robot at a school,A robot with bear head at a school,/Users/pt623/Documents/career-vault-resume/applications/hkust-harry-yang/part-level-overediting/core/results/gt_mask_diagnostic_v2/blinded_review/reviewer_1/assets/source_5bd8b0acdbd5.png,/Users/pt623/Documents/career-vault-resume/applications/hkust-harry-yang/part-level-overediting/core/results/gt_mask_diagnostic_v2/blinded_review/reviewer_1/assets/item_0a42dbb2957c.jpg,,,,,
item_c035da712e46,head,lion,A dog at a pool,A dog with lion head at a pool,/Users/pt623/Documents/career-vault-resume/applications/hkust-harry-yang/part-level-overediting/core/results/gt_mask_diagnostic_v2/blinded_review/reviewer_1/assets/source_fc07bb02f53f.png,/Users/pt623/Documents/career-vault-resume/applications/hkust-harry-yang/part-level-overediting/core/results/gt_mask_diagnostic_v2/blinded_review/reviewer_1/assets/item_c035da712e46.jpg,,,,,
item_479ead902529,torso,robotic-parts,A dinosaur at a museum,A dinosaur with robotic-parts torso at a museum,/Users/pt623/Documents/career-vault-resume/applications/hkust-harry-yang/part-level-overediting/core/results/gt_mask_diagnostic_v2/blinded_review/reviewer_1/assets/source_1e3c08a912fe.png,/Users/pt623/Documents/career-vault-resume/applications/hkust-harry-yang/part-level-overediting/core/results/gt_mask_diagnostic_v2/blinded_review/reviewer_1/assets/item_479ead902529.jpg,,,,,
item_68f80bdea885,head,cheetah,A panda at a school,A panda with cheetah head at a school,/Users/pt623/Documents/career-vault-resume/applications/hkust-harry-yang/part-level-overediting/core/results/gt_mask_diagnostic_v2/blinded_review/reviewer_1/assets/source_3506d9604bf8.png,/Users/pt623/Documents/career-vault-resume/applications/hkust-harry-yang/part-level-overediting/core/results/gt_mask_diagnostic_v2/blinded_review/reviewer_1/assets/item_68f80bdea885.jpg,,,,,
item_e8219d1566e0,seat,rusted,A closeup folding chair at a classroom,A closeup folding chair with rusted seat at a classroom,/Users/pt623/Documents/career-vault-resume/applications/hkust-harry-yang/part-level-overediting/core/results/gt_mask_diagnostic_v2/blinded_review/reviewer_1/assets/source_97eab3ccdecd.png,/Users/pt623/Documents/career-vault-resume/applications/hkust-harry-yang/part-level-overediting/core/results/gt_mask_diagnostic_v2/blinded_review/reviewer_1/assets/item_e8219d1566e0.jpg,,,,,
item_5c811ec1d62e,head,lion,A bear at a zoo,A bear with lion head at a zoo,/Users/pt623/Documents/career-vault-resume/applications/hkust-harry-yang/part-level-overediting/core/results/gt_mask_diagnostic_v2/blinded_review/reviewer_1/assets/source_1d46ca4f754d.png,/Users/pt623/Documents/career-vault-resume/applications/hkust-harry-yang/part-level-overediting/core/results/gt_mask_diagnostic_v2/blinded_review/reviewer_1/assets/item_5c811ec1d62e.jpg,,,,,
item_52e219846910,car hood,vinyl-art,A classic-car at a garage,A classic-car with vinyl-art car hood at a garage,/Users/pt623/Documents/career-vault-resume/applications/hkust-harry-yang/part-level-overediting/core/results/gt_mask_diagnostic_v2/blinded_review/reviewer_1/assets/source_f3b27b9b2ef0.png,/Users/pt623/Documents/career-vault-resume/applications/hkust-harry-yang/part-level-overediting/core/results/gt_mask_diagnostic_v2/blinded_review/reviewer_1/assets/item_52e219846910.jpg,,,,,
item_534b50ac2876,torso,spiderman,A robot at a museum,A robot with spiderman torso at a museum,/Users/pt623/Documents/career-vault-resume/applications/hkust-harry-yang/part-level-overediting/core/results/gt_mask_diagnostic_v2/blinded_review/reviewer_1/assets/source_63f2eb2cd129.png,/Users/pt623/Documents/career-vault-resume/applications/hkust-harry-yang/part-level-overediting/core/results/gt_mask_diagnostic_v2/blinded_review/reviewer_1/assets/item_534b50ac2876.jpg,,,,,
item_e9dc9584a940,torso,uniform,A alien at a school,A alien with uniform torso at a school,/Users/pt623/Documents/career-vault-resume/applications/hkust-harry-yang/part-level-overediting/core/results/gt_mask_diagnostic_v2/blinded_review/reviewer_1/assets/source_4ad3086c4953.png,/Users/pt623/Documents/career-vault-resume/applications/hkust-harry-yang/part-level-overediting/core/results/gt_mask_diagnostic_v2/blinded_review/reviewer_1/assets/item_e9dc9584a940.jpg,,,,,
item_194c7c0b7aad,head,cat,A dog at a restaurant,A dog with cat head at a restaurant,/Users/pt623/Documents/career-vault-resume/applications/hkust-harry-yang/part-level-overediting/core/results/gt_mask_diagnostic_v2/blinded_review/reviewer_1/assets/source_ca463355e687.png,/Users/pt623/Documents/career-vault-resume/applications/hkust-harry-yang/part-level-overediting/core/results/gt_mask_diagnostic_v2/blinded_review/reviewer_1/assets/item_194c7c0b7aad.jpg,,,,,
item_a82511f98b2b,head,dragon,A cat at a desert,A cat with dragon head at a desert,/Users/pt623/Documents/career-vault-resume/applications/hkust-harry-yang/part-level-overediting/core/results/gt_mask_diagnostic_v2/blinded_review/reviewer_1/assets/source_bb5f44e8a25b.png,/Users/pt623/Documents/career-vault-resume/applications/hkust-harry-yang/part-level-overediting/core/results/gt_mask_diagnostic_v2/blinded_review/reviewer_1/assets/item_a82511f98b2b.jpg,,,,,
item_bd168f272b56,head,dragon,A dog at a farm,A dog with dragon head at a farm,/Users/pt623/Documents/career-vault-resume/applications/hkust-harry-yang/part-level-overediting/core/results/gt_mask_diagnostic_v2/blinded_review/reviewer_1/assets/source_2a043df583fd.png,/Users/pt623/Documents/career-vault-resume/applications/hkust-harry-yang/part-level-overediting/core/results/gt_mask_diagnostic_v2/blinded_review/reviewer_1/assets/item_bd168f272b56.jpg,,,,,
item_3c31b071967d,head,panda,A cat at a mountain,A cat with panda head at a mountain,/Users/pt623/Documents/career-vault-resume/applications/hkust-harry-yang/part-level-overediting/core/results/gt_mask_diagnostic_v2/blinded_review/reviewer_1/assets/source_dd35579b4d43.png,/Users/pt623/Documents/career-vault-resume/applications/hkust-harry-yang/part-level-overediting/core/results/gt_mask_diagnostic_v2/blinded_review/reviewer_1/assets/item_3c31b071967d.jpg,,,,,
item_78dd6694ba97,car hood,Digital-Camouflage,A full front facing view of racing car at a parking lot,A full front facing view of racing car with Digital-Camouflage car hood at a parking lot,/Users/pt623/Documents/career-vault-resume/applications/hkust-harry-yang/part-level-overediting/core/results/gt_mask_diagnostic_v2/blinded_review/reviewer_1/assets/source_073b896945b5.png,/Users/pt623/Documents/career-vault-resume/applications/hkust-harry-yang/part-level-overediting/core/results/gt_mask_diagnostic_v2/blinded_review/reviewer_1/assets/item_78dd6694ba97.jpg,,,,,
item_7b2ae7679912,head,robot,A alien at a city,A alien with robot head at a city,/Users/pt623/Documents/career-vault-resume/applications/hkust-harry-yang/part-level-overediting/core/results/gt_mask_diagnostic_v2/blinded_review/reviewer_1/assets/source_6094cd95fb45.png,/Users/pt623/Documents/career-vault-resume/applications/hkust-harry-yang/part-level-overediting/core/results/gt_mask_diagnostic_v2/blinded_review/reviewer_1/assets/item_7b2ae7679912.jpg,,,,,
item_e1bae71c2977,seat,fabric,A closeup leather chair at a apartment,A closeup leather chair with fabric seat at a apartment,/Users/pt623/Documents/career-vault-resume/applications/hkust-harry-yang/part-level-overediting/core/results/gt_mask_diagnostic_v2/blinded_review/reviewer_1/assets/source_278976611c82.png,/Users/pt623/Documents/career-vault-resume/applications/hkust-harry-yang/part-level-overediting/core/results/gt_mask_diagnostic_v2/blinded_review/reviewer_1/assets/item_e1bae71c2977.jpg,,,,,
item_02d45d8f8d5c,torso,batman,A robot at a school,A robot with batman torso at a school,/Users/pt623/Documents/career-vault-resume/applications/hkust-harry-yang/part-level-overediting/core/results/gt_mask_diagnostic_v2/blinded_review/reviewer_1/assets/source_8bcbeeb53dd4.png,/Users/pt623/Documents/career-vault-resume/applications/hkust-harry-yang/part-level-overediting/core/results/gt_mask_diagnostic_v2/blinded_review/reviewer_1/assets/item_02d45d8f8d5c.jpg,,,,,
item_4e87583e5fc7,head,tattooed,A robot at a office,A robot with tattooed head at a office,/Users/pt623/Documents/career-vault-resume/applications/hkust-harry-yang/part-level-overediting/core/results/gt_mask_diagnostic_v2/blinded_review/reviewer_1/assets/source_1e365ebd5ac6.png,/Users/pt623/Documents/career-vault-resume/applications/hkust-harry-yang/part-level-overediting/core/results/gt_mask_diagnostic_v2/blinded_review/reviewer_1/assets/item_4e87583e5fc7.jpg,,,,,
item_c2d1a52a4bcb,head,robot,A girl at a beach,A girl with robot head at a beach,/Users/pt623/Documents/career-vault-resume/applications/hkust-harry-yang/part-level-overediting/core/results/gt_mask_diagnostic_v2/blinded_review/reviewer_1/assets/source_eddd21d6a1c2.png,/Users/pt623/Documents/career-vault-resume/applications/hkust-harry-yang/part-level-overediting/core/results/gt_mask_diagnostic_v2/blinded_review/reviewer_1/assets/item_c2d1a52a4bcb.jpg,,,,,
item_7598a4b29d6e,torso,formal-suit,A robot at a restaurant,A robot with formal-suit torso at a restaurant,/Users/pt623/Documents/career-vault-resume/applications/hkust-harry-yang/part-level-overediting/core/results/gt_mask_diagnostic_v2/blinded_review/reviewer_1/assets/source_2e6979609916.png,/Users/pt623/Documents/career-vault-resume/applications/hkust-harry-yang/part-level-overediting/core/results/gt_mask_diagnostic_v2/blinded_review/reviewer_1/assets/item_7598a4b29d6e.jpg,,,,,
item_2c7a7e6f0dca,car hood,Destroyed,A full front facing view of BMW car at a parking lot,A full front facing view of BMW car with Destroyed car hood at a parking lot,/Users/pt623/Documents/career-vault-resume/applications/hkust-harry-yang/part-level-overediting/core/results/gt_mask_diagnostic_v2/blinded_review/reviewer_1/assets/source_146c36946692.png,/Users/pt623/Documents/career-vault-resume/applications/hkust-harry-yang/part-level-overediting/core/results/gt_mask_diagnostic_v2/blinded_review/reviewer_1/assets/item_2c7a7e6f0dca.jpg,,,,,
item_b9905af1e79b,seat,fabric,A closeup leather chair at a apartment,A closeup leather chair with fabric seat at a apartment,/Users/pt623/Documents/career-vault-resume/applications/hkust-harry-yang/part-level-overediting/core/results/gt_mask_diagnostic_v2/blinded_review/reviewer_1/assets/source_278976611c82.png,/Users/pt623/Documents/career-vault-resume/applications/hkust-harry-yang/part-level-overediting/core/results/gt_mask_diagnostic_v2/blinded_review/reviewer_1/assets/item_b9905af1e79b.jpg,,,,,
item_b49d04425739,car hood,Graffiti,A full front facing view of Toyota car at a parking lot,A full front facing view of Toyota car with Graffiti car hood at a parking lot,/Users/pt623/Documents/career-vault-resume/applications/hkust-harry-yang/part-level-overediting/core/results/gt_mask_diagnostic_v2/blinded_review/reviewer_1/assets/source_d13dfe80a435.png,/Users/pt623/Documents/career-vault-resume/applications/hkust-harry-yang/part-level-overediting/core/results/gt_mask_diagnostic_v2/blinded_review/reviewer_1/assets/item_b49d04425739.jpg,,,,,
item_75b6add51a40,head,tattooed,A robot at a office,A robot with tattooed head at a office,/Users/pt623/Documents/career-vault-resume/applications/hkust-harry-yang/part-level-overediting/core/results/gt_mask_diagnostic_v2/blinded_review/reviewer_1/assets/source_1e365ebd5ac6.png,/Users/pt623/Documents/career-vault-resume/applications/hkust-harry-yang/part-level-overediting/core/results/gt_mask_diagnostic_v2/blinded_review/reviewer_1/assets/item_75b6add51a40.jpg,,,,,
item_75b48f593d1f,head,bear,A robot at a park,A robot with bear head at a park,/Users/pt623/Documents/career-vault-resume/applications/hkust-harry-yang/part-level-overediting/core/results/gt_mask_diagnostic_v2/blinded_review/reviewer_1/assets/source_64fe128aaf52.png,/Users/pt623/Documents/career-vault-resume/applications/hkust-harry-yang/part-level-overediting/core/results/gt_mask_diagnostic_v2/blinded_review/reviewer_1/assets/item_75b48f593d1f.jpg,,,,,
item_de559f7781a7,torso,armor,A boy at a restaurant,A boy with armor torso at a restaurant,/Users/pt623/Documents/career-vault-resume/applications/hkust-harry-yang/part-level-overediting/core/results/gt_mask_diagnostic_v2/blinded_review/reviewer_1/assets/source_cea0cb0755a1.png,/Users/pt623/Documents/career-vault-resume/applications/hkust-harry-yang/part-level-overediting/core/results/gt_mask_diagnostic_v2/blinded_review/reviewer_1/assets/item_de559f7781a7.jpg,,,,,
item_5405f4bfa625,torso,armor,A girl at a stadium,A girl with armor torso at a stadium,/Users/pt623/Documents/career-vault-resume/applications/hkust-harry-yang/part-level-overediting/core/results/gt_mask_diagnostic_v2/blinded_review/reviewer_1/assets/source_05f0e921e87d.png,/Users/pt623/Documents/career-vault-resume/applications/hkust-harry-yang/part-level-overediting/core/results/gt_mask_diagnostic_v2/blinded_review/reviewer_1/assets/item_5405f4bfa625.jpg,,,,,
item_ddf8cdda4a04,car hood,vinyl-art,A classic-car at a garage,A classic-car with vinyl-art car hood at a garage,/Users/pt623/Documents/career-vault-resume/applications/hkust-harry-yang/part-level-overediting/core/results/gt_mask_diagnostic_v2/blinded_review/reviewer_1/assets/source_f3b27b9b2ef0.png,/Users/pt623/Documents/career-vault-resume/applications/hkust-harry-yang/part-level-overediting/core/results/gt_mask_diagnostic_v2/blinded_review/reviewer_1/assets/item_ddf8cdda4a04.jpg,,,,,
item_8195e5248a32,car body,futuristic,A sedan at a parking lot,A sedan with futuristic car body at a parking lot,/Users/pt623/Documents/career-vault-resume/applications/hkust-harry-yang/part-level-overediting/core/results/gt_mask_diagnostic_v2/blinded_review/reviewer_1/assets/source_ef3648f18171.png,/Users/pt623/Documents/career-vault-resume/applications/hkust-harry-yang/part-level-overediting/core/results/gt_mask_diagnostic_v2/blinded_review/reviewer_1/assets/item_8195e5248a32.jpg,,,,,
item_6b5d93fd3590,torso,batman,A robot at a school,A robot with batman torso at a school,/Users/pt623/Documents/career-vault-resume/applications/hkust-harry-yang/part-level-overediting/core/results/gt_mask_diagnostic_v2/blinded_review/reviewer_1/assets/source_8bcbeeb53dd4.png,/Users/pt623/Documents/career-vault-resume/applications/hkust-harry-yang/part-level-overediting/core/results/gt_mask_diagnostic_v2/blinded_review/reviewer_1/assets/item_6b5d93fd3590.jpg,,,,,
item_5c918cd7e625,car hood,Graffiti,A full front facing view of Toyota car at a parking lot,A full front facing view of Toyota car with Graffiti car hood at a parking lot,/Users/pt623/Documents/career-vault-resume/applications/hkust-harry-yang/part-level-overediting/core/results/gt_mask_diagnostic_v2/blinded_review/reviewer_1/assets/source_d13dfe80a435.png,/Users/pt623/Documents/career-vault-resume/applications/hkust-harry-yang/part-level-overediting/core/results/gt_mask_diagnostic_v2/blinded_review/reviewer_1/assets/item_5c918cd7e625.jpg,,,,,
item_eca9ac08dd13,hair,Botticelli-Curls,A Portrait of boy at a street,A Portrait of boy with Botticelli-Curls hair at a street,/Users/pt623/Documents/career-vault-resume/applications/hkust-harry-yang/part-level-overediting/core/results/gt_mask_diagnostic_v2/blinded_review/reviewer_1/assets/source_1efd8f28c69b.png,/Users/pt623/Documents/career-vault-resume/applications/hkust-harry-yang/part-level-overediting/core/results/gt_mask_diagnostic_v2/blinded_review/reviewer_1/assets/item_eca9ac08dd13.jpg,,,,,
item_f4f4a5f4f1d2,head,panda,A dog at a store,A dog with panda head at a store,/Users/pt623/Documents/career-vault-resume/applications/hkust-harry-yang/part-level-overediting/core/results/gt_mask_diagnostic_v2/blinded_review/reviewer_1/assets/source_de70faeee4dc.png,/Users/pt623/Documents/career-vault-resume/applications/hkust-harry-yang/part-level-overediting/core/results/gt_mask_diagnostic_v2/blinded_review/reviewer_1/assets/item_f4f4a5f4f1d2.jpg,,,,,
item_7ee4326b54bf,head,lion,A dog at a pool,A dog with lion head at a pool,/Users/pt623/Documents/career-vault-resume/applications/hkust-harry-yang/part-level-overediting/core/results/gt_mask_diagnostic_v2/blinded_review/reviewer_1/assets/source_fc07bb02f53f.png,/Users/pt623/Documents/career-vault-resume/applications/hkust-harry-yang/part-level-overediting/core/results/gt_mask_diagnostic_v2/blinded_review/reviewer_1/assets/item_7ee4326b54bf.jpg,,,,,
item_0f34621b9f3b,head,alien,A robot at a park,A robot with alien head at a park,/Users/pt623/Documents/career-vault-resume/applications/hkust-harry-yang/part-level-overediting/core/results/gt_mask_diagnostic_v2/blinded_review/reviewer_1/assets/source_f388d78833d6.png,/Users/pt623/Documents/career-vault-resume/applications/hkust-harry-yang/part-level-overediting/core/results/gt_mask_diagnostic_v2/blinded_review/reviewer_1/assets/item_0f34621b9f3b.jpg,,,,,
item_21d85159ec19,car body,armored,A luxury-car at a mountain road,A luxury-car with armored car body at a mountain road,/Users/pt623/Documents/career-vault-resume/applications/hkust-harry-yang/part-level-overediting/core/results/gt_mask_diagnostic_v2/blinded_review/reviewer_1/assets/source_4a1c085cfce4.png,/Users/pt623/Documents/career-vault-resume/applications/hkust-harry-yang/part-level-overediting/core/results/gt_mask_diagnostic_v2/blinded_review/reviewer_1/assets/item_21d85159ec19.jpg,,,,,
item_e22afa8e9b8a,head,dragon,A bear at a jungle,A bear with dragon head at a jungle,/Users/pt623/Documents/career-vault-resume/applications/hkust-harry-yang/part-level-overediting/core/results/gt_mask_diagnostic_v2/blinded_review/reviewer_1/assets/source_a29b0df6a570.png,/Users/pt623/Documents/career-vault-resume/applications/hkust-harry-yang/part-level-overediting/core/results/gt_mask_diagnostic_v2/blinded_review/reviewer_1/assets/item_e22afa8e9b8a.jpg,,,,,
item_7938687b9cc3,seat,rusted,A closeup folding chair at a classroom,A closeup folding chair with rusted seat at a classroom,/Users/pt623/Documents/career-vault-resume/applications/hkust-harry-yang/part-level-overediting/core/results/gt_mask_diagnostic_v2/blinded_review/reviewer_1/assets/source_97eab3ccdecd.png,/Users/pt623/Documents/career-vault-resume/applications/hkust-harry-yang/part-level-overediting/core/results/gt_mask_diagnostic_v2/blinded_review/reviewer_1/assets/item_7938687b9cc3.jpg,,,,,
item_bbf6189b5f2c,car hood,black,A racing-car at a highway,A racing-car with black car hood at a highway,/Users/pt623/Documents/career-vault-resume/applications/hkust-harry-yang/part-level-overediting/core/results/gt_mask_diagnostic_v2/blinded_review/reviewer_1/assets/source_af6b5e577958.png,/Users/pt623/Documents/career-vault-resume/applications/hkust-harry-yang/part-level-overediting/core/results/gt_mask_diagnostic_v2/blinded_review/reviewer_1/assets/item_bbf6189b5f2c.jpg,,,,,
item_e713a9249ef4,hair,Wavy,A Portrait of girl at a forest,A Portrait of girl with Wavy hair at a forest,/Users/pt623/Documents/career-vault-resume/applications/hkust-harry-yang/part-level-overediting/core/results/gt_mask_diagnostic_v2/blinded_review/reviewer_1/assets/source_53e8e39bcf1e.png,/Users/pt623/Documents/career-vault-resume/applications/hkust-harry-yang/part-level-overediting/core/results/gt_mask_diagnostic_v2/blinded_review/reviewer_1/assets/item_e713a9249ef4.jpg,,,,,
item_edecb13b6169,head,cat,A dog at a restaurant,A dog with cat head at a restaurant,/Users/pt623/Documents/career-vault-resume/applications/hkust-harry-yang/part-level-overediting/core/results/gt_mask_diagnostic_v2/blinded_review/reviewer_1/assets/source_ca463355e687.png,/Users/pt623/Documents/career-vault-resume/applications/hkust-harry-yang/part-level-overediting/core/results/gt_mask_diagnostic_v2/blinded_review/reviewer_1/assets/item_edecb13b6169.jpg,,,,,
item_9a739ed8663d,car body,rusted,A classic-car at a suburban road,A classic-car with rusted car body at a suburban road,/Users/pt623/Documents/career-vault-resume/applications/hkust-harry-yang/part-level-overediting/core/results/gt_mask_diagnostic_v2/blinded_review/reviewer_1/assets/source_a90c17d919ed.png,/Users/pt623/Documents/career-vault-resume/applications/hkust-harry-yang/part-level-overediting/core/results/gt_mask_diagnostic_v2/blinded_review/reviewer_1/assets/item_9a739ed8663d.jpg,,,,,
item_276025e3f276,head,robot,A alien at a school,A alien with robot head at a school,/Users/pt623/Documents/career-vault-resume/applications/hkust-harry-yang/part-level-overediting/core/results/gt_mask_diagnostic_v2/blinded_review/reviewer_1/assets/source_26285f2b90f2.png,/Users/pt623/Documents/career-vault-resume/applications/hkust-harry-yang/part-level-overediting/core/results/gt_mask_diagnostic_v2/blinded_review/reviewer_1/assets/item_276025e3f276.jpg,,,,,
item_be041a91d1a2,car body,armored,A luxury-car at a mountain road,A luxury-car with armored car body at a mountain road,/Users/pt623/Documents/career-vault-resume/applications/hkust-harry-yang/part-level-overediting/core/results/gt_mask_diagnostic_v2/blinded_review/reviewer_1/assets/source_4a1c085cfce4.png,/Users/pt623/Documents/career-vault-resume/applications/hkust-harry-yang/part-level-overediting/core/results/gt_mask_diagnostic_v2/blinded_review/reviewer_1/assets/item_be041a91d1a2.jpg,,,,,
item_fcf2f171cfb5,head,robot,A alien at a school,A alien with robot head at a school,/Users/pt623/Documents/career-vault-resume/applications/hkust-harry-yang/part-level-overediting/core/results/gt_mask_diagnostic_v2/blinded_review/reviewer_1/assets/source_26285f2b90f2.png,/Users/pt623/Documents/career-vault-resume/applications/hkust-harry-yang/part-level-overediting/core/results/gt_mask_diagnostic_v2/blinded_review/reviewer_1/assets/item_fcf2f171cfb5.jpg,,,,,
item_e62c47aefbc7,torso,batman,A robot at a school,A robot with batman torso at a school,/Users/pt623/Documents/career-vault-resume/applications/hkust-harry-yang/part-level-overediting/core/results/gt_mask_diagnostic_v2/blinded_review/reviewer_1/assets/source_8bcbeeb53dd4.png,/Users/pt623/Documents/career-vault-resume/applications/hkust-harry-yang/part-level-overediting/core/results/gt_mask_diagnostic_v2/blinded_review/reviewer_1/assets/item_e62c47aefbc7.jpg,,,,,
item_139169836982,head,lion,A bear at a zoo,A bear with lion head at a zoo,/Users/pt623/Documents/career-vault-resume/applications/hkust-harry-yang/part-level-overediting/core/results/gt_mask_diagnostic_v2/blinded_review/reviewer_1/assets/source_b8ba5e41ea31.png,/Users/pt623/Documents/career-vault-resume/applications/hkust-harry-yang/part-level-overediting/core/results/gt_mask_diagnostic_v2/blinded_review/reviewer_1/assets/item_139169836982.jpg,,,,,
item_01bc81e5a386,head,cheetah,A panda at a school,A panda with cheetah head at a school,/Users/pt623/Documents/career-vault-resume/applications/hkust-harry-yang/part-level-overediting/core/results/gt_mask_diagnostic_v2/blinded_review/reviewer_1/assets/source_3506d9604bf8.png,/Users/pt623/Documents/career-vault-resume/applications/hkust-harry-yang/part-level-overediting/core/results/gt_mask_diagnostic_v2/blinded_review/reviewer_1/assets/item_01bc81e5a386.jpg,,,,,
item_147bdbe19c20,head,robot,A alien at a school,A alien with robot head at a school,/Users/pt623/Documents/career-vault-resume/applications/hkust-harry-yang/part-level-overediting/core/results/gt_mask_diagnostic_v2/blinded_review/reviewer_1/assets/source_26285f2b90f2.png,/Users/pt623/Documents/career-vault-resume/applications/hkust-harry-yang/part-level-overediting/core/results/gt_mask_diagnostic_v2/blinded_review/reviewer_1/assets/item_147bdbe19c20.jpg,,,,,
item_b8d81af134ff,head,bear,A robot at a school,A robot with bear head at a school,/Users/pt623/Documents/career-vault-resume/applications/hkust-harry-yang/part-level-overediting/core/results/gt_mask_diagnostic_v2/blinded_review/reviewer_1/assets/source_5bd8b0acdbd5.png,/Users/pt623/Documents/career-vault-resume/applications/hkust-harry-yang/part-level-overediting/core/results/gt_mask_diagnostic_v2/blinded_review/reviewer_1/assets/item_b8d81af134ff.jpg,,,,,
item_63c70f7e0865,head,robot,A man at a gym,A man with robot head at a gym,/Users/pt623/Documents/career-vault-resume/applications/hkust-harry-yang/part-level-overediting/core/results/gt_mask_diagnostic_v2/blinded_review/reviewer_1/assets/source_9db278f7152f.png,/Users/pt623/Documents/career-vault-resume/applications/hkust-harry-yang/part-level-overediting/core/results/gt_mask_diagnostic_v2/blinded_review/reviewer_1/assets/item_63c70f7e0865.jpg,,,,,
item_b172ab71488c,head,cat,A dog at a restaurant,A dog with cat head at a restaurant,/Users/pt623/Documents/career-vault-resume/applications/hkust-harry-yang/part-level-overediting/core/results/gt_mask_diagnostic_v2/blinded_review/reviewer_1/assets/source_ca463355e687.png,/Users/pt623/Documents/career-vault-resume/applications/hkust-harry-yang/part-level-overediting/core/results/gt_mask_diagnostic_v2/blinded_review/reviewer_1/assets/item_b172ab71488c.jpg,,,,,
item_a156755883a3,head,lion,A bear at a zoo,A bear with lion head at a zoo,/Users/pt623/Documents/career-vault-resume/applications/hkust-harry-yang/part-level-overediting/core/results/gt_mask_diagnostic_v2/blinded_review/reviewer_1/assets/source_b8ba5e41ea31.png,/Users/pt623/Documents/career-vault-resume/applications/hkust-harry-yang/part-level-overediting/core/results/gt_mask_diagnostic_v2/blinded_review/reviewer_1/assets/item_a156755883a3.jpg,,,,,
item_27985efd668d,head,robot,A girl at a beach,A girl with robot head at a beach,/Users/pt623/Documents/career-vault-resume/applications/hkust-harry-yang/part-level-overediting/core/results/gt_mask_diagnostic_v2/blinded_review/reviewer_1/assets/source_eddd21d6a1c2.png,/Users/pt623/Documents/career-vault-resume/applications/hkust-harry-yang/part-level-overediting/core/results/gt_mask_diagnostic_v2/blinded_review/reviewer_1/assets/item_27985efd668d.jpg,,,,,
item_ca5b5fced2a8,head,robot,A man at a gym,A man with robot head at a gym,/Users/pt623/Documents/career-vault-resume/applications/hkust-harry-yang/part-level-overediting/core/results/gt_mask_diagnostic_v2/blinded_review/reviewer_1/assets/source_9db278f7152f.png,/Users/pt623/Documents/career-vault-resume/applications/hkust-harry-yang/part-level-overediting/core/results/gt_mask_diagnostic_v2/blinded_review/reviewer_1/assets/item_ca5b5fced2a8.jpg,,,,,
item_f3c29913d5c1,torso,armor,A boy at a restaurant,A boy with armor torso at a restaurant,/Users/pt623/Documents/career-vault-resume/applications/hkust-harry-yang/part-level-overediting/core/results/gt_mask_diagnostic_v2/blinded_review/reviewer_1/assets/source_cea0cb0755a1.png,/Users/pt623/Documents/career-vault-resume/applications/hkust-harry-yang/part-level-overediting/core/results/gt_mask_diagnostic_v2/blinded_review/reviewer_1/assets/item_f3c29913d5c1.jpg,,,,,
item_6ee0779ba8e1,car body,armored,A luxury-car at a mountain road,A luxury-car with armored car body at a mountain road,/Users/pt623/Documents/career-vault-resume/applications/hkust-harry-yang/part-level-overediting/core/results/gt_mask_diagnostic_v2/blinded_review/reviewer_1/assets/source_4a1c085cfce4.png,/Users/pt623/Documents/career-vault-resume/applications/hkust-harry-yang/part-level-overediting/core/results/gt_mask_diagnostic_v2/blinded_review/reviewer_1/assets/item_6ee0779ba8e1.jpg,,,,,
item_d4725bd29517,head,cheetah,A cat at a museum,A cat with cheetah head at a museum,/Users/pt623/Documents/career-vault-resume/applications/hkust-harry-yang/part-level-overediting/core/results/gt_mask_diagnostic_v2/blinded_review/reviewer_1/assets/source_f3d1d79f0351.png,/Users/pt623/Documents/career-vault-resume/applications/hkust-harry-yang/part-level-overediting/core/results/gt_mask_diagnostic_v2/blinded_review/reviewer_1/assets/item_d4725bd29517.jpg,,,,,
item_52a0c3ae0f3f,head,tiger,A bear at a pool,A bear with tiger head at a pool,/Users/pt623/Documents/career-vault-resume/applications/hkust-harry-yang/part-level-overediting/core/results/gt_mask_diagnostic_v2/blinded_review/reviewer_1/assets/source_41c7b285ef4c.png,/Users/pt623/Documents/career-vault-resume/applications/hkust-harry-yang/part-level-overediting/core/results/gt_mask_diagnostic_v2/blinded_review/reviewer_1/assets/item_52a0c3ae0f3f.jpg,,,,,
item_c87890bd114f,torso,formal-suit,A robot at a restaurant,A robot with formal-suit torso at a restaurant,/Users/pt623/Documents/career-vault-resume/applications/hkust-harry-yang/part-level-overediting/core/results/gt_mask_diagnostic_v2/blinded_review/reviewer_1/assets/source_2e6979609916.png,/Users/pt623/Documents/career-vault-resume/applications/hkust-harry-yang/part-level-overediting/core/results/gt_mask_diagnostic_v2/blinded_review/reviewer_1/assets/item_c87890bd114f.jpg,,,,,
item_5c9cd4411fbb,hair,Afro,A Portrait of boy at a beach,A Portrait of boy with Afro hair at a beach,/Users/pt623/Documents/career-vault-resume/applications/hkust-harry-yang/part-level-overediting/core/results/gt_mask_diagnostic_v2/blinded_review/reviewer_1/assets/source_0038f682b22a.png,/Users/pt623/Documents/career-vault-resume/applications/hkust-harry-yang/part-level-overediting/core/results/gt_mask_diagnostic_v2/blinded_review/reviewer_1/assets/item_5c9cd4411fbb.jpg,,,,,
item_6023d2e39580,hair,Curley,A Portrait of girl at a mountain,A Portrait of girl with Curley hair at a mountain,/Users/pt623/Documents/career-vault-resume/applications/hkust-harry-yang/part-level-overediting/core/results/gt_mask_diagnostic_v2/blinded_review/reviewer_1/assets/source_c6abd9790d67.png,/Users/pt623/Documents/career-vault-resume/applications/hkust-harry-yang/part-level-overediting/core/results/gt_mask_diagnostic_v2/blinded_review/reviewer_1/assets/item_6023d2e39580.jpg,,,,,
item_1351eb7463ae,head,alien,A robot at a park,A robot with alien head at a park,/Users/pt623/Documents/career-vault-resume/applications/hkust-harry-yang/part-level-overediting/core/results/gt_mask_diagnostic_v2/blinded_review/reviewer_1/assets/source_f388d78833d6.png,/Users/pt623/Documents/career-vault-resume/applications/hkust-harry-yang/part-level-overediting/core/results/gt_mask_diagnostic_v2/blinded_review/reviewer_1/assets/item_1351eb7463ae.jpg,,,,,
item_e0b5b0ddadaa,car hood,Rusty,A full front facing view of Porsche car at a road,A full front facing view of Porsche car with Rusty car hood at a road,/Users/pt623/Documents/career-vault-resume/applications/hkust-harry-yang/part-level-overediting/core/results/gt_mask_diagnostic_v2/blinded_review/reviewer_1/assets/source_7e515b8abb95.png,/Users/pt623/Documents/career-vault-resume/applications/hkust-harry-yang/part-level-overediting/core/results/gt_mask_diagnostic_v2/blinded_review/reviewer_1/assets/item_e0b5b0ddadaa.jpg,,,,,
item_5eb2d61e4cf4,seat,rusted,A closeup folding chair at a classroom,A closeup folding chair with rusted seat at a classroom,/Users/pt623/Documents/career-vault-resume/applications/hkust-harry-yang/part-level-overediting/core/results/gt_mask_diagnostic_v2/blinded_review/reviewer_1/assets/source_97eab3ccdecd.png,/Users/pt623/Documents/career-vault-resume/applications/hkust-harry-yang/part-level-overediting/core/results/gt_mask_diagnostic_v2/blinded_review/reviewer_1/assets/item_5eb2d61e4cf4.jpg,,,,,
item_5edd73bbe73e,car hood,black,A racing-car at a highway,A racing-car with black car hood at a highway,/Users/pt623/Documents/career-vault-resume/applications/hkust-harry-yang/part-level-overediting/core/results/gt_mask_diagnostic_v2/blinded_review/reviewer_1/assets/source_af6b5e577958.png,/Users/pt623/Documents/career-vault-resume/applications/hkust-harry-yang/part-level-overediting/core/results/gt_mask_diagnostic_v2/blinded_review/reviewer_1/assets/item_5edd73bbe73e.jpg,,,,,
item_6491d8dbb952,torso,spiderman,A robot at a museum,A robot with spiderman torso at a museum,/Users/pt623/Documents/career-vault-resume/applications/hkust-harry-yang/part-level-overediting/core/results/gt_mask_diagnostic_v2/blinded_review/reviewer_1/assets/source_63f2eb2cd129.png,/Users/pt623/Documents/career-vault-resume/applications/hkust-harry-yang/part-level-overediting/core/results/gt_mask_diagnostic_v2/blinded_review/reviewer_1/assets/item_6491d8dbb952.jpg,,,,,
item_11c2d959ab66,seat,fabric,A closeup leather chair at a apartment,A closeup leather chair with fabric seat at a apartment,/Users/pt623/Documents/career-vault-resume/applications/hkust-harry-yang/part-level-overediting/core/results/gt_mask_diagnostic_v2/blinded_review/reviewer_1/assets/source_278976611c82.png,/Users/pt623/Documents/career-vault-resume/applications/hkust-harry-yang/part-level-overediting/core/results/gt_mask_diagnostic_v2/blinded_review/reviewer_1/assets/item_11c2d959ab66.jpg,,,,,
item_68df0d37be58,head,dog,A bear at a jungle,A bear with dog head at a jungle,/Users/pt623/Documents/career-vault-resume/applications/hkust-harry-yang/part-level-overediting/core/results/gt_mask_diagnostic_v2/blinded_review/reviewer_1/assets/source_f71c7b525544.png,/Users/pt623/Documents/career-vault-resume/applications/hkust-harry-yang/part-level-overediting/core/results/gt_mask_diagnostic_v2/blinded_review/reviewer_1/assets/item_68df0d37be58.jpg,,,,,
item_1d4055950c98,torso,armor,A boy at a restaurant,A boy with armor torso at a restaurant,/Users/pt623/Documents/career-vault-resume/applications/hkust-harry-yang/part-level-overediting/core/results/gt_mask_diagnostic_v2/blinded_review/reviewer_1/assets/source_cea0cb0755a1.png,/Users/pt623/Documents/career-vault-resume/applications/hkust-harry-yang/part-level-overediting/core/results/gt_mask_diagnostic_v2/blinded_review/reviewer_1/assets/item_1d4055950c98.jpg,,,,,
item_bc82b97b369f,head,unicorn,A dog at a mountain,A dog with unicorn head at a mountain,/Users/pt623/Documents/career-vault-resume/applications/hkust-harry-yang/part-level-overediting/core/results/gt_mask_diagnostic_v2/blinded_review/reviewer_1/assets/source_ee57f3a3ed86.png,/Users/pt623/Documents/career-vault-resume/applications/hkust-harry-yang/part-level-overediting/core/results/gt_mask_diagnostic_v2/blinded_review/reviewer_1/assets/item_bc82b97b369f.jpg,,,,,
item_f585357671af,head,dragon,A cow at a restaurant,A cow with dragon head at a restaurant,/Users/pt623/Documents/career-vault-resume/applications/hkust-harry-yang/part-level-overediting/core/results/gt_mask_diagnostic_v2/blinded_review/reviewer_1/assets/source_591f63abb2fa.png,/Users/pt623/Documents/career-vault-resume/applications/hkust-harry-yang/part-level-overediting/core/results/gt_mask_diagnostic_v2/blinded_review/reviewer_1/assets/item_f585357671af.jpg,,,,,
item_33e7eb67b8e5,hair,Wavy,A Portrait of girl at a forest,A Portrait of girl with Wavy hair at a forest,/Users/pt623/Documents/career-vault-resume/applications/hkust-harry-yang/part-level-overediting/core/results/gt_mask_diagnostic_v2/blinded_review/reviewer_1/assets/source_53e8e39bcf1e.png,/Users/pt623/Documents/career-vault-resume/applications/hkust-harry-yang/part-level-overediting/core/results/gt_mask_diagnostic_v2/blinded_review/reviewer_1/assets/item_33e7eb67b8e5.jpg,,,,,
item_5a9f6dde4fad,car body,rusted,A classic-car at a suburban road,A classic-car with rusted car body at a suburban road,/Users/pt623/Documents/career-vault-resume/applications/hkust-harry-yang/part-level-overediting/core/results/gt_mask_diagnostic_v2/blinded_review/reviewer_1/assets/source_a90c17d919ed.png,/Users/pt623/Documents/career-vault-resume/applications/hkust-harry-yang/part-level-overediting/core/results/gt_mask_diagnostic_v2/blinded_review/reviewer_1/assets/item_5a9f6dde4fad.jpg,,,,,
item_b1a49cf25e20,head,dragon,A cat at a desert,A cat with dragon head at a desert,/Users/pt623/Documents/career-vault-resume/applications/hkust-harry-yang/part-level-overediting/core/results/gt_mask_diagnostic_v2/blinded_review/reviewer_1/assets/source_bb5f44e8a25b.png,/Users/pt623/Documents/career-vault-resume/applications/hkust-harry-yang/part-level-overediting/core/results/gt_mask_diagnostic_v2/blinded_review/reviewer_1/assets/item_b1a49cf25e20.jpg,,,,,
item_fe4cacdc038b,head,unicorn,A dog at a mountain,A dog with unicorn head at a mountain,/Users/pt623/Documents/career-vault-resume/applications/hkust-harry-yang/part-level-overediting/core/results/gt_mask_diagnostic_v2/blinded_review/reviewer_1/assets/source_ee57f3a3ed86.png,/Users/pt623/Documents/career-vault-resume/applications/hkust-harry-yang/part-level-overediting/core/results/gt_mask_diagnostic_v2/blinded_review/reviewer_1/assets/item_fe4cacdc038b.jpg,,,,,
item_8e0afd699163,car body,rusted,A classic-car at a suburban road,A classic-car with rusted car body at a suburban road,/Users/pt623/Documents/career-vault-resume/applications/hkust-harry-yang/part-level-overediting/core/results/gt_mask_diagnostic_v2/blinded_review/reviewer_1/assets/source_a90c17d919ed.png,/Users/pt623/Documents/career-vault-resume/applications/hkust-harry-yang/part-level-overediting/core/results/gt_mask_diagnostic_v2/blinded_review/reviewer_1/assets/item_8e0afd699163.jpg,,,,,
item_10caadcb8746,head,cheetah,A cat at a museum,A cat with cheetah head at a museum,/Users/pt623/Documents/career-vault-resume/applications/hkust-harry-yang/part-level-overediting/core/results/gt_mask_diagnostic_v2/blinded_review/reviewer_1/assets/source_f3d1d79f0351.png,/Users/pt623/Documents/career-vault-resume/applications/hkust-harry-yang/part-level-overediting/core/results/gt_mask_diagnostic_v2/blinded_review/reviewer_1/assets/item_10caadcb8746.jpg,,,,,
item_da257ca13417,car hood,Graffiti,A full front facing view of Toyota car at a parking lot,A full front facing view of Toyota car with Graffiti car hood at a parking lot,/Users/pt623/Documents/career-vault-resume/applications/hkust-harry-yang/part-level-overediting/core/results/gt_mask_diagnostic_v2/blinded_review/reviewer_1/assets/source_d13dfe80a435.png,/Users/pt623/Documents/career-vault-resume/applications/hkust-harry-yang/part-level-overediting/core/results/gt_mask_diagnostic_v2/blinded_review/reviewer_1/assets/item_da257ca13417.jpg,,,,,
item_8b35fae2038f,torso,robotic-parts,A dinosaur at a museum,A dinosaur with robotic-parts torso at a museum,/Users/pt623/Documents/career-vault-resume/applications/hkust-harry-yang/part-level-overediting/core/results/gt_mask_diagnostic_v2/blinded_review/reviewer_1/assets/source_1e3c08a912fe.png,/Users/pt623/Documents/career-vault-resume/applications/hkust-harry-yang/part-level-overediting/core/results/gt_mask_diagnostic_v2/blinded_review/reviewer_1/assets/item_8b35fae2038f.jpg,,,,,
item_04dcf5491a08,hair,Botticelli-Curls,A Portrait of boy at a street,A Portrait of boy with Botticelli-Curls hair at a street,/Users/pt623/Documents/career-vault-resume/applications/hkust-harry-yang/part-level-overediting/core/results/gt_mask_diagnostic_v2/blinded_review/reviewer_1/assets/source_1efd8f28c69b.png,/Users/pt623/Documents/career-vault-resume/applications/hkust-harry-yang/part-level-overediting/core/results/gt_mask_diagnostic_v2/blinded_review/reviewer_1/assets/item_04dcf5491a08.jpg,,,,,
item_846a50fc86f5,head,tiger,A bear at a pool,A bear with tiger head at a pool,/Users/pt623/Documents/career-vault-resume/applications/hkust-harry-yang/part-level-overediting/core/results/gt_mask_diagnostic_v2/blinded_review/reviewer_1/assets/source_41c7b285ef4c.png,/Users/pt623/Documents/career-vault-resume/applications/hkust-harry-yang/part-level-overediting/core/results/gt_mask_diagnostic_v2/blinded_review/reviewer_1/assets/item_846a50fc86f5.jpg,,,,,
item_0dda0106be65,head,unicorn,A cow at a house,A cow with unicorn head at a house,/Users/pt623/Documents/career-vault-resume/applications/hkust-harry-yang/part-level-overediting/core/results/gt_mask_diagnostic_v2/blinded_review/reviewer_1/assets/source_70a3202c4158.png,/Users/pt623/Documents/career-vault-resume/applications/hkust-harry-yang/part-level-overediting/core/results/gt_mask_diagnostic_v2/blinded_review/reviewer_1/assets/item_0dda0106be65.jpg,,,,,
item_9c46a070415d,head,bear,A alien at a museum,A alien with bear head at a museum,/Users/pt623/Documents/career-vault-resume/applications/hkust-harry-yang/part-level-overediting/core/results/gt_mask_diagnostic_v2/blinded_review/reviewer_1/assets/source_30f9afb55b24.png,/Users/pt623/Documents/career-vault-resume/applications/hkust-harry-yang/part-level-overediting/core/results/gt_mask_diagnostic_v2/blinded_review/reviewer_1/assets/item_9c46a070415d.jpg,,,,,
item_2c05cda62d95,hair,Curls,A Portrait of man at a house,A Portrait of man with Curls hair at a house,/Users/pt623/Documents/career-vault-resume/applications/hkust-harry-yang/part-level-overediting/core/results/gt_mask_diagnostic_v2/blinded_review/reviewer_1/assets/source_1837be64cd68.png,/Users/pt623/Documents/career-vault-resume/applications/hkust-harry-yang/part-level-overediting/core/results/gt_mask_diagnostic_v2/blinded_review/reviewer_1/assets/item_2c05cda62d95.jpg,,,,,
item_be76f773f37b,head,lion,A dog at a pool,A dog with lion head at a pool,/Users/pt623/Documents/career-vault-resume/applications/hkust-harry-yang/part-level-overediting/core/results/gt_mask_diagnostic_v2/blinded_review/reviewer_1/assets/source_fc07bb02f53f.png,/Users/pt623/Documents/career-vault-resume/applications/hkust-harry-yang/part-level-overediting/core/results/gt_mask_diagnostic_v2/blinded_review/reviewer_1/assets/item_be76f773f37b.jpg,,,,,
item_e8999f9c1c63,head,dragon,A horse at a jungle,A horse with dragon head at a jungle,/Users/pt623/Documents/career-vault-resume/applications/hkust-harry-yang/part-level-overediting/core/results/gt_mask_diagnostic_v2/blinded_review/reviewer_1/assets/source_2b822a970173.png,/Users/pt623/Documents/career-vault-resume/applications/hkust-harry-yang/part-level-overediting/core/results/gt_mask_diagnostic_v2/blinded_review/reviewer_1/assets/item_e8999f9c1c63.jpg,,,,,
item_7bf90b723feb,head,cheetah,A panda at a school,A panda with cheetah head at a school,/Users/pt623/Documents/career-vault-resume/applications/hkust-harry-yang/part-level-overediting/core/results/gt_mask_diagnostic_v2/blinded_review/reviewer_1/assets/source_3506d9604bf8.png,/Users/pt623/Documents/career-vault-resume/applications/hkust-harry-yang/part-level-overediting/core/results/gt_mask_diagnostic_v2/blinded_review/reviewer_1/assets/item_7bf90b723feb.jpg,,,,,
item_0fe5eb1be258,head,bear,A alien at a museum,A alien with bear head at a museum,/Users/pt623/Documents/career-vault-resume/applications/hkust-harry-yang/part-level-overediting/core/results/gt_mask_diagnostic_v2/blinded_review/reviewer_1/assets/source_30f9afb55b24.png,/Users/pt623/Documents/career-vault-resume/applications/hkust-harry-yang/part-level-overediting/core/results/gt_mask_diagnostic_v2/blinded_review/reviewer_1/assets/item_0fe5eb1be258.jpg,,,,,
item_acb18bc157da,torso,batman,A robot at a school,A robot with batman torso at a school,/Users/pt623/Documents/career-vault-resume/applications/hkust-harry-yang/part-level-overediting/core/results/gt_mask_diagnostic_v2/blinded_review/reviewer_1/assets/source_8bcbeeb53dd4.png,/Users/pt623/Documents/career-vault-resume/applications/hkust-harry-yang/part-level-overediting/core/results/gt_mask_diagnostic_v2/blinded_review/reviewer_1/assets/item_acb18bc157da.jpg,,,,,
item_df28bcdd417e,car hood,black,A racing-car at a highway,A racing-car with black car hood at a highway,/Users/pt623/Documents/career-vault-resume/applications/hkust-harry-yang/part-level-overediting/core/results/gt_mask_diagnostic_v2/blinded_review/reviewer_1/assets/source_af6b5e577958.png,/Users/pt623/Documents/career-vault-resume/applications/hkust-harry-yang/part-level-overediting/core/results/gt_mask_diagnostic_v2/blinded_review/reviewer_1/assets/item_df28bcdd417e.jpg,,,,,
item_ada8788eb79e,hair,Curls,A Portrait of woman at a school,A Portrait of woman with Curls hair at a school,/Users/pt623/Documents/career-vault-resume/applications/hkust-harry-yang/part-level-overediting/core/results/gt_mask_diagnostic_v2/blinded_review/reviewer_1/assets/source_8a5f145d5ed6.png,/Users/pt623/Documents/career-vault-resume/applications/hkust-harry-yang/part-level-overediting/core/results/gt_mask_diagnostic_v2/blinded_review/reviewer_1/assets/item_ada8788eb79e.jpg,,,,,
item_7979ac179b9a,hair,Curls,A Portrait of woman at a school,A Portrait of woman with Curls hair at a school,/Users/pt623/Documents/career-vault-resume/applications/hkust-harry-yang/part-level-overediting/core/results/gt_mask_diagnostic_v2/blinded_review/reviewer_1/assets/source_8a5f145d5ed6.png,/Users/pt623/Documents/career-vault-resume/applications/hkust-harry-yang/part-level-overediting/core/results/gt_mask_diagnostic_v2/blinded_review/reviewer_1/assets/item_7979ac179b9a.jpg,,,,,
item_90dd1f860959,hair,Afro,A Portrait of boy at a beach,A Portrait of boy with Afro hair at a beach,/Users/pt623/Documents/career-vault-resume/applications/hkust-harry-yang/part-level-overediting/core/results/gt_mask_diagnostic_v2/blinded_review/reviewer_1/assets/source_0038f682b22a.png,/Users/pt623/Documents/career-vault-resume/applications/hkust-harry-yang/part-level-overediting/core/results/gt_mask_diagnostic_v2/blinded_review/reviewer_1/assets/item_90dd1f860959.jpg,,,,,
item_d764c20e0779,torso,uniform,A alien at a school,A alien with uniform torso at a school,/Users/pt623/Documents/career-vault-resume/applications/hkust-harry-yang/part-level-overediting/core/results/gt_mask_diagnostic_v2/blinded_review/reviewer_1/assets/source_4ad3086c4953.png,/Users/pt623/Documents/career-vault-resume/applications/hkust-harry-yang/part-level-overediting/core/results/gt_mask_diagnostic_v2/blinded_review/reviewer_1/assets/item_d764c20e0779.jpg,,,,,
item_d34814b9a56f,head,robot,A alien at a school,A alien with robot head at a school,/Users/pt623/Documents/career-vault-resume/applications/hkust-harry-yang/part-level-overediting/core/results/gt_mask_diagnostic_v2/blinded_review/reviewer_1/assets/source_26285f2b90f2.png,/Users/pt623/Documents/career-vault-resume/applications/hkust-harry-yang/part-level-overediting/core/results/gt_mask_diagnostic_v2/blinded_review/reviewer_1/assets/item_d34814b9a56f.jpg,,,,,
item_4a1da8a0213b,hair,Curley,A Portrait of girl at a mountain,A Portrait of girl with Curley hair at a mountain,/Users/pt623/Documents/career-vault-resume/applications/hkust-harry-yang/part-level-overediting/core/results/gt_mask_diagnostic_v2/blinded_review/reviewer_1/assets/source_c6abd9790d67.png,/Users/pt623/Documents/career-vault-resume/applications/hkust-harry-yang/part-level-overediting/core/results/gt_mask_diagnostic_v2/blinded_review/reviewer_1/assets/item_4a1da8a0213b.jpg,,,,,
item_f476a662a498,head,dog,A bear at a jungle,A bear with dog head at a jungle,/Users/pt623/Documents/career-vault-resume/applications/hkust-harry-yang/part-level-overediting/core/results/gt_mask_diagnostic_v2/blinded_review/reviewer_1/assets/source_f71c7b525544.png,/Users/pt623/Documents/career-vault-resume/applications/hkust-harry-yang/part-level-overediting/core/results/gt_mask_diagnostic_v2/blinded_review/reviewer_1/assets/item_f476a662a498.jpg,,,,,
item_76afba08f67a,car hood,Graffiti,A full front facing view of Toyota car at a parking lot,A full front facing view of Toyota car with Graffiti car hood at a parking lot,/Users/pt623/Documents/career-vault-resume/applications/hkust-harry-yang/part-level-overediting/core/results/gt_mask_diagnostic_v2/blinded_review/reviewer_1/assets/source_d13dfe80a435.png,/Users/pt623/Documents/career-vault-resume/applications/hkust-harry-yang/part-level-overediting/core/results/gt_mask_diagnostic_v2/blinded_review/reviewer_1/assets/item_76afba08f67a.jpg,,,,,
item_64b3e58964a5,hair,Kinky,A Portrait of boy at a park,A Portrait of boy with Kinky hair at a park,/Users/pt623/Documents/career-vault-resume/applications/hkust-harry-yang/part-level-overediting/core/results/gt_mask_diagnostic_v2/blinded_review/reviewer_1/assets/source_0d500a8d6ca9.png,/Users/pt623/Documents/career-vault-resume/applications/hkust-harry-yang/part-level-overediting/core/results/gt_mask_diagnostic_v2/blinded_review/reviewer_1/assets/item_64b3e58964a5.jpg,,,,,
item_660690d21be0,hair,Botticelli-Curls,A Portrait of boy at a street,A Portrait of boy with Botticelli-Curls hair at a street,/Users/pt623/Documents/career-vault-resume/applications/hkust-harry-yang/part-level-overediting/core/results/gt_mask_diagnostic_v2/blinded_review/reviewer_1/assets/source_1efd8f28c69b.png,/Users/pt623/Documents/career-vault-resume/applications/hkust-harry-yang/part-level-overediting/core/results/gt_mask_diagnostic_v2/blinded_review/reviewer_1/assets/item_660690d21be0.jpg,,,,,
item_7924bdce3368,car body,neon-lit,A classic-car at a suburban road,A classic-car with neon-lit car body at a suburban road,/Users/pt623/Documents/career-vault-resume/applications/hkust-harry-yang/part-level-overediting/core/results/gt_mask_diagnostic_v2/blinded_review/reviewer_1/assets/source_3ae69c2a9e97.png,/Users/pt623/Documents/career-vault-resume/applications/hkust-harry-yang/part-level-overediting/core/results/gt_mask_diagnostic_v2/blinded_review/reviewer_1/assets/item_7924bdce3368.jpg,,,,,
item_421f8d4b71a7,car hood,Rusty,A full front facing view of Porsche car at a road,A full front facing view of Porsche car with Rusty car hood at a road,/Users/pt623/Documents/career-vault-resume/applications/hkust-harry-yang/part-level-overediting/core/results/gt_mask_diagnostic_v2/blinded_review/reviewer_1/assets/source_7e515b8abb95.png,/Users/pt623/Documents/career-vault-resume/applications/hkust-harry-yang/part-level-overediting/core/results/gt_mask_diagnostic_v2/blinded_review/reviewer_1/assets/item_421f8d4b71a7.jpg,,,,,
item_b915b8de32c2,head,lion,A bear at a zoo,A bear with lion head at a zoo,/Users/pt623/Documents/career-vault-resume/applications/hkust-harry-yang/part-level-overediting/core/results/gt_mask_diagnostic_v2/blinded_review/reviewer_1/assets/source_1d46ca4f754d.png,/Users/pt623/Documents/career-vault-resume/applications/hkust-harry-yang/part-level-overediting/core/results/gt_mask_diagnostic_v2/blinded_review/reviewer_1/assets/item_b915b8de32c2.jpg,,,,,
item_3328c6d0f74e,head,unicorn,A dog at a mountain,A dog with unicorn head at a mountain,/Users/pt623/Documents/career-vault-resume/applications/hkust-harry-yang/part-level-overediting/core/results/gt_mask_diagnostic_v2/blinded_review/reviewer_1/assets/source_ee57f3a3ed86.png,/Users/pt623/Documents/career-vault-resume/applications/hkust-harry-yang/part-level-overediting/core/results/gt_mask_diagnostic_v2/blinded_review/reviewer_1/assets/item_3328c6d0f74e.jpg,,,,,
item_8abbf6ea1b24,head,dragon,A dog at a farm,A dog with dragon head at a farm,/Users/pt623/Documents/career-vault-resume/applications/hkust-harry-yang/part-level-overediting/core/results/gt_mask_diagnostic_v2/blinded_review/reviewer_1/assets/source_2a043df583fd.png,/Users/pt623/Documents/career-vault-resume/applications/hkust-harry-yang/part-level-overediting/core/results/gt_mask_diagnostic_v2/blinded_review/reviewer_1/assets/item_8abbf6ea1b24.jpg,,,,,
item_7408d4de3b1c,seat,wooden,A closeup leather chair at a classroom,A closeup leather chair with wooden seat at a classroom,/Users/pt623/Documents/career-vault-resume/applications/hkust-harry-yang/part-level-overediting/core/results/gt_mask_diagnostic_v2/blinded_review/reviewer_1/assets/source_bda38536db22.png,/Users/pt623/Documents/career-vault-resume/applications/hkust-harry-yang/part-level-overediting/core/results/gt_mask_diagnostic_v2/blinded_review/reviewer_1/assets/item_7408d4de3b1c.jpg,,,,,
item_93ce532c4c08,torso,uniform,A alien at a school,A alien with uniform torso at a school,/Users/pt623/Documents/career-vault-resume/applications/hkust-harry-yang/part-level-overediting/core/results/gt_mask_diagnostic_v2/blinded_review/reviewer_1/assets/source_4ad3086c4953.png,/Users/pt623/Documents/career-vault-resume/applications/hkust-harry-yang/part-level-overediting/core/results/gt_mask_diagnostic_v2/blinded_review/reviewer_1/assets/item_93ce532c4c08.jpg,,,,,
item_b956a2673c73,head,robot,A man at a gym,A man with robot head at a gym,/Users/pt623/Documents/career-vault-resume/applications/hkust-harry-yang/part-level-overediting/core/results/gt_mask_diagnostic_v2/blinded_review/reviewer_1/assets/source_9db278f7152f.png,/Users/pt623/Documents/career-vault-resume/applications/hkust-harry-yang/part-level-overediting/core/results/gt_mask_diagnostic_v2/blinded_review/reviewer_1/assets/item_b956a2673c73.jpg,,,,,
item_c062fd2faa48,torso,armor,A girl at a stadium,A girl with armor torso at a stadium,/Users/pt623/Documents/career-vault-resume/applications/hkust-harry-yang/part-level-overediting/core/results/gt_mask_diagnostic_v2/blinded_review/reviewer_1/assets/source_05f0e921e87d.png,/Users/pt623/Documents/career-vault-resume/applications/hkust-harry-yang/part-level-overediting/core/results/gt_mask_diagnostic_v2/blinded_review/reviewer_1/assets/item_c062fd2faa48.jpg,,,,,
item_1abd29064d9e,head,robot,A girl at a beach,A girl with robot head at a beach,/Users/pt623/Documents/career-vault-resume/applications/hkust-harry-yang/part-level-overediting/core/results/gt_mask_diagnostic_v2/blinded_review/reviewer_1/assets/source_eddd21d6a1c2.png,/Users/pt623/Documents/career-vault-resume/applications/hkust-harry-yang/part-level-overediting/core/results/gt_mask_diagnostic_v2/blinded_review/reviewer_1/assets/item_1abd29064d9e.jpg,,,,,
item_022131742a44,head,dragon,A cat at a desert,A cat with dragon head at a desert,/Users/pt623/Documents/career-vault-resume/applications/hkust-harry-yang/part-level-overediting/core/results/gt_mask_diagnostic_v2/blinded_review/reviewer_1/assets/source_bb5f44e8a25b.png,/Users/pt623/Documents/career-vault-resume/applications/hkust-harry-yang/part-level-overediting/core/results/gt_mask_diagnostic_v2/blinded_review/reviewer_1/assets/item_022131742a44.jpg,,,,,
item_38fa3a9109fd,car hood,Digital-Camouflage,A full front facing view of racing car at a parking lot,A full front facing view of racing car with Digital-Camouflage car hood at a parking lot,/Users/pt623/Documents/career-vault-resume/applications/hkust-harry-yang/part-level-overediting/core/results/gt_mask_diagnostic_v2/blinded_review/reviewer_1/assets/source_073b896945b5.png,/Users/pt623/Documents/career-vault-resume/applications/hkust-harry-yang/part-level-overediting/core/results/gt_mask_diagnostic_v2/blinded_review/reviewer_1/assets/item_38fa3a9109fd.jpg,,,,,
item_9dfdfbfb119a,hair,Curls,A Portrait of woman at a school,A Portrait of woman with Curls hair at a school,/Users/pt623/Documents/career-vault-resume/applications/hkust-harry-yang/part-level-overediting/core/results/gt_mask_diagnostic_v2/blinded_review/reviewer_1/assets/source_8a5f145d5ed6.png,/Users/pt623/Documents/career-vault-resume/applications/hkust-harry-yang/part-level-overediting/core/results/gt_mask_diagnostic_v2/blinded_review/reviewer_1/assets/item_9dfdfbfb119a.jpg,,,,,
item_88178bf731db,car hood,Rusty,A full front facing view of Porsche car at a road,A full front facing view of Porsche car with Rusty car hood at a road,/Users/pt623/Documents/career-vault-resume/applications/hkust-harry-yang/part-level-overediting/core/results/gt_mask_diagnostic_v2/blinded_review/reviewer_1/assets/source_7e515b8abb95.png,/Users/pt623/Documents/career-vault-resume/applications/hkust-harry-yang/part-level-overediting/core/results/gt_mask_diagnostic_v2/blinded_review/reviewer_1/assets/item_88178bf731db.jpg,,,,,
item_5db5e017c2ff,torso,formal-suit,A robot at a restaurant,A robot with formal-suit torso at a restaurant,/Users/pt623/Documents/career-vault-resume/applications/hkust-harry-yang/part-level-overediting/core/results/gt_mask_diagnostic_v2/blinded_review/reviewer_1/assets/source_2e6979609916.png,/Users/pt623/Documents/career-vault-resume/applications/hkust-harry-yang/part-level-overediting/core/results/gt_mask_diagnostic_v2/blinded_review/reviewer_1/assets/item_5db5e017c2ff.jpg,,,,,
item_b97cc886fd2b,hair,Curley,A Portrait of girl at a mountain,A Portrait of girl with Curley hair at a mountain,/Users/pt623/Documents/career-vault-resume/applications/hkust-harry-yang/part-level-overediting/core/results/gt_mask_diagnostic_v2/blinded_review/reviewer_1/assets/source_c6abd9790d67.png,/Users/pt623/Documents/career-vault-resume/applications/hkust-harry-yang/part-level-overediting/core/results/gt_mask_diagnostic_v2/blinded_review/reviewer_1/assets/item_b97cc886fd2b.jpg,,,,,
item_d632897b5661,head,unicorn,A cow at a house,A cow with unicorn head at a house,/Users/pt623/Documents/career-vault-resume/applications/hkust-harry-yang/part-level-overediting/core/results/gt_mask_diagnostic_v2/blinded_review/reviewer_1/assets/source_70a3202c4158.png,/Users/pt623/Documents/career-vault-resume/applications/hkust-harry-yang/part-level-overediting/core/results/gt_mask_diagnostic_v2/blinded_review/reviewer_1/assets/item_d632897b5661.jpg,,,,,
item_19adf1923158,head,alien,A robot at a park,A robot with alien head at a park,/Users/pt623/Documents/career-vault-resume/applications/hkust-harry-yang/part-level-overediting/core/results/gt_mask_diagnostic_v2/blinded_review/reviewer_1/assets/source_f388d78833d6.png,/Users/pt623/Documents/career-vault-resume/applications/hkust-harry-yang/part-level-overediting/core/results/gt_mask_diagnostic_v2/blinded_review/reviewer_1/assets/item_19adf1923158.jpg,,,,,
item_459694a44967,seat,plastic,A closeup soft chair at a photo studio,A closeup soft chair with plastic seat at a photo studio,/Users/pt623/Documents/career-vault-resume/applications/hkust-harry-yang/part-level-overediting/core/results/gt_mask_diagnostic_v2/blinded_review/reviewer_1/assets/source_b25f9980445d.png,/Users/pt623/Documents/career-vault-resume/applications/hkust-harry-yang/part-level-overediting/core/results/gt_mask_diagnostic_v2/blinded_review/reviewer_1/assets/item_459694a44967.jpg,,,,,
item_fdeba37396bd,seat,plastic,A closeup soft chair at a photo studio,A closeup soft chair with plastic seat at a photo studio,/Users/pt623/Documents/career-vault-resume/applications/hkust-harry-yang/part-level-overediting/core/results/gt_mask_diagnostic_v2/blinded_review/reviewer_1/assets/source_b25f9980445d.png,/Users/pt623/Documents/career-vault-resume/applications/hkust-harry-yang/part-level-overediting/core/results/gt_mask_diagnostic_v2/blinded_review/reviewer_1/assets/item_fdeba37396bd.jpg,,,,,
item_3679431812b3,hair,Curls,A Portrait of woman at a school,A Portrait of woman with Curls hair at a school,/Users/pt623/Documents/career-vault-resume/applications/hkust-harry-yang/part-level-overediting/core/results/gt_mask_diagnostic_v2/blinded_review/reviewer_1/assets/source_8a5f145d5ed6.png,/Users/pt623/Documents/career-vault-resume/applications/hkust-harry-yang/part-level-overediting/core/results/gt_mask_diagnostic_v2/blinded_review/reviewer_1/assets/item_3679431812b3.jpg,,,,,
item_8bfca6801db1,torso,spiderman,A robot at a museum,A robot with spiderman torso at a museum,/Users/pt623/Documents/career-vault-resume/applications/hkust-harry-yang/part-level-overediting/core/results/gt_mask_diagnostic_v2/blinded_review/reviewer_1/assets/source_63f2eb2cd129.png,/Users/pt623/Documents/career-vault-resume/applications/hkust-harry-yang/part-level-overediting/core/results/gt_mask_diagnostic_v2/blinded_review/reviewer_1/assets/item_8bfca6801db1.jpg,,,,,
item_2ffea755df35,head,dragon,A cow at a restaurant,A cow with dragon head at a restaurant,/Users/pt623/Documents/career-vault-resume/applications/hkust-harry-yang/part-level-overediting/core/results/gt_mask_diagnostic_v2/blinded_review/reviewer_1/assets/source_591f63abb2fa.png,/Users/pt623/Documents/career-vault-resume/applications/hkust-harry-yang/part-level-overediting/core/results/gt_mask_diagnostic_v2/blinded_review/reviewer_1/assets/item_2ffea755df35.jpg,,,,,
item_14080d6067fc,hair,Afro,A Portrait of boy at a beach,A Portrait of boy with Afro hair at a beach,/Users/pt623/Documents/career-vault-resume/applications/hkust-harry-yang/part-level-overediting/core/results/gt_mask_diagnostic_v2/blinded_review/reviewer_1/assets/source_0038f682b22a.png,/Users/pt623/Documents/career-vault-resume/applications/hkust-harry-yang/part-level-overediting/core/results/gt_mask_diagnostic_v2/blinded_review/reviewer_1/assets/item_14080d6067fc.jpg,,,,,
item_93e10bd75c76,torso,robotic-parts,A dinosaur at a museum,A dinosaur with robotic-parts torso at a museum,/Users/pt623/Documents/career-vault-resume/applications/hkust-harry-yang/part-level-overediting/core/results/gt_mask_diagnostic_v2/blinded_review/reviewer_1/assets/source_1e3c08a912fe.png,/Users/pt623/Documents/career-vault-resume/applications/hkust-harry-yang/part-level-overediting/core/results/gt_mask_diagnostic_v2/blinded_review/reviewer_1/assets/item_93e10bd75c76.jpg,,,,,
item_c99f59d5dc28,head,dragon,A cat at a desert,A cat with dragon head at a desert,/Users/pt623/Documents/career-vault-resume/applications/hkust-harry-yang/part-level-overediting/core/results/gt_mask_diagnostic_v2/blinded_review/reviewer_1/assets/source_bb5f44e8a25b.png,/Users/pt623/Documents/career-vault-resume/applications/hkust-harry-yang/part-level-overediting/core/results/gt_mask_diagnostic_v2/blinded_review/reviewer_1/assets/item_c99f59d5dc28.jpg,,,,,
item_15dcd313d24c,car hood,vinyl-art,A classic-car at a garage,A classic-car with vinyl-art car hood at a garage,/Users/pt623/Documents/career-vault-resume/applications/hkust-harry-yang/part-level-overediting/core/results/gt_mask_diagnostic_v2/blinded_review/reviewer_1/assets/source_f3b27b9b2ef0.png,/Users/pt623/Documents/career-vault-resume/applications/hkust-harry-yang/part-level-overediting/core/results/gt_mask_diagnostic_v2/blinded_review/reviewer_1/assets/item_15dcd313d24c.jpg,,,,,
item_9528526d71f6,torso,spiderman,A robot at a museum,A robot with spiderman torso at a museum,/Users/pt623/Documents/career-vault-resume/applications/hkust-harry-yang/part-level-overediting/core/results/gt_mask_diagnostic_v2/blinded_review/reviewer_1/assets/source_7e6e7b988446.png,/Users/pt623/Documents/career-vault-resume/applications/hkust-harry-yang/part-level-overediting/core/results/gt_mask_diagnostic_v2/blinded_review/reviewer_1/assets/item_9528526d71f6.jpg,,,,,
item_ff0ea52217d3,car body,futuristic,A sedan at a parking lot,A sedan with futuristic car body at a parking lot,/Users/pt623/Documents/career-vault-resume/applications/hkust-harry-yang/part-level-overediting/core/results/gt_mask_diagnostic_v2/blinded_review/reviewer_1/assets/source_ef3648f18171.png,/Users/pt623/Documents/career-vault-resume/applications/hkust-harry-yang/part-level-overediting/core/results/gt_mask_diagnostic_v2/blinded_review/reviewer_1/assets/item_ff0ea52217d3.jpg,,,,,
item_1f2d3365ff38,hair,Botticelli-Curls,A Portrait of boy at a street,A Portrait of boy with Botticelli-Curls hair at a street,/Users/pt623/Documents/career-vault-resume/applications/hkust-harry-yang/part-level-overediting/core/results/gt_mask_diagnostic_v2/blinded_review/reviewer_1/assets/source_1efd8f28c69b.png,/Users/pt623/Documents/career-vault-resume/applications/hkust-harry-yang/part-level-overediting/core/results/gt_mask_diagnostic_v2/blinded_review/reviewer_1/assets/item_1f2d3365ff38.jpg,,,,,
item_da32d1228e25,head,dog,A bear at a jungle,A bear with dog head at a jungle,/Users/pt623/Documents/career-vault-resume/applications/hkust-harry-yang/part-level-overediting/core/results/gt_mask_diagnostic_v2/blinded_review/reviewer_1/assets/source_f71c7b525544.png,/Users/pt623/Documents/career-vault-resume/applications/hkust-harry-yang/part-level-overediting/core/results/gt_mask_diagnostic_v2/blinded_review/reviewer_1/assets/item_da32d1228e25.jpg,,,,,
item_7c250cce6887,car body,futuristic,A sedan at a parking lot,A sedan with futuristic car body at a parking lot,/Users/pt623/Documents/career-vault-resume/applications/hkust-harry-yang/part-level-overediting/core/results/gt_mask_diagnostic_v2/blinded_review/reviewer_1/assets/source_ef3648f18171.png,/Users/pt623/Documents/career-vault-resume/applications/hkust-harry-yang/part-level-overediting/core/results/gt_mask_diagnostic_v2/blinded_review/reviewer_1/assets/item_7c250cce6887.jpg,,,,,
item_9f7206e700b3,car body,neon-lit,A classic-car at a suburban road,A classic-car with neon-lit car body at a suburban road,/Users/pt623/Documents/career-vault-resume/applications/hkust-harry-yang/part-level-overediting/core/results/gt_mask_diagnostic_v2/blinded_review/reviewer_1/assets/source_3ae69c2a9e97.png,/Users/pt623/Documents/career-vault-resume/applications/hkust-harry-yang/part-level-overediting/core/results/gt_mask_diagnostic_v2/blinded_review/reviewer_1/assets/item_9f7206e700b3.jpg,,,,,
item_993cd89e4d1b,hair,Kinky,A Portrait of boy at a park,A Portrait of boy with Kinky hair at a park,/Users/pt623/Documents/career-vault-resume/applications/hkust-harry-yang/part-level-overediting/core/results/gt_mask_diagnostic_v2/blinded_review/reviewer_1/assets/source_0d500a8d6ca9.png,/Users/pt623/Documents/career-vault-resume/applications/hkust-harry-yang/part-level-overediting/core/results/gt_mask_diagnostic_v2/blinded_review/reviewer_1/assets/item_993cd89e4d1b.jpg,,,,,
item_c0d80455635d,head,cheetah,A panda at a school,A panda with cheetah head at a school,/Users/pt623/Documents/career-vault-resume/applications/hkust-harry-yang/part-level-overediting/core/results/gt_mask_diagnostic_v2/blinded_review/reviewer_1/assets/source_3506d9604bf8.png,/Users/pt623/Documents/career-vault-resume/applications/hkust-harry-yang/part-level-overediting/core/results/gt_mask_diagnostic_v2/blinded_review/reviewer_1/assets/item_c0d80455635d.jpg,,,,,
item_0fd8858b21fc,hair,Curls,A Portrait of man at a house,A Portrait of man with Curls hair at a house,/Users/pt623/Documents/career-vault-resume/applications/hkust-harry-yang/part-level-overediting/core/results/gt_mask_diagnostic_v2/blinded_review/reviewer_1/assets/source_1837be64cd68.png,/Users/pt623/Documents/career-vault-resume/applications/hkust-harry-yang/part-level-overediting/core/results/gt_mask_diagnostic_v2/blinded_review/reviewer_1/assets/item_0fd8858b21fc.jpg,,,,,
item_1c5535f58cfc,hair,Afro,A Portrait of boy at a beach,A Portrait of boy with Afro hair at a beach,/Users/pt623/Documents/career-vault-resume/applications/hkust-harry-yang/part-level-overediting/core/results/gt_mask_diagnostic_v2/blinded_review/reviewer_1/assets/source_0038f682b22a.png,/Users/pt623/Documents/career-vault-resume/applications/hkust-harry-yang/part-level-overediting/core/results/gt_mask_diagnostic_v2/blinded_review/reviewer_1/assets/item_1c5535f58cfc.jpg,,,,,
item_c3af7b205b58,hair,Curley,A Portrait of girl at a mountain,A Portrait of girl with Curley hair at a mountain,/Users/pt623/Documents/career-vault-resume/applications/hkust-harry-yang/part-level-overediting/core/results/gt_mask_diagnostic_v2/blinded_review/reviewer_1/assets/source_c6abd9790d67.png,/Users/pt623/Documents/career-vault-resume/applications/hkust-harry-yang/part-level-overediting/core/results/gt_mask_diagnostic_v2/blinded_review/reviewer_1/assets/item_c3af7b205b58.jpg,,,,,
item_c6ce83fe50b1,head,dragon,A horse at a jungle,A horse with dragon head at a jungle,/Users/pt623/Documents/career-vault-resume/applications/hkust-harry-yang/part-level-overediting/core/results/gt_mask_diagnostic_v2/blinded_review/reviewer_1/assets/source_2b822a970173.png,/Users/pt623/Documents/career-vault-resume/applications/hkust-harry-yang/part-level-overediting/core/results/gt_mask_diagnostic_v2/blinded_review/reviewer_1/assets/item_c6ce83fe50b1.jpg,,,,,
item_197388cb2950,seat,fabric,A closeup leather chair at a apartment,A closeup leather chair with fabric seat at a apartment,/Users/pt623/Documents/career-vault-resume/applications/hkust-harry-yang/part-level-overediting/core/results/gt_mask_diagnostic_v2/blinded_review/reviewer_1/assets/source_278976611c82.png,/Users/pt623/Documents/career-vault-resume/applications/hkust-harry-yang/part-level-overediting/core/results/gt_mask_diagnostic_v2/blinded_review/reviewer_1/assets/item_197388cb2950.jpg,,,,,
item_56d5adb187bf,car hood,black,A racing-car at a highway,A racing-car with black car hood at a highway,/Users/pt623/Documents/career-vault-resume/applications/hkust-harry-yang/part-level-overediting/core/results/gt_mask_diagnostic_v2/blinded_review/reviewer_1/assets/source_af6b5e577958.png,/Users/pt623/Documents/career-vault-resume/applications/hkust-harry-yang/part-level-overediting/core/results/gt_mask_diagnostic_v2/blinded_review/reviewer_1/assets/item_56d5adb187bf.jpg,,,,,
item_20bf80dee2f8,head,dragon,A cow at a restaurant,A cow with dragon head at a restaurant,/Users/pt623/Documents/career-vault-resume/applications/hkust-harry-yang/part-level-overediting/core/results/gt_mask_diagnostic_v2/blinded_review/reviewer_1/assets/source_591f63abb2fa.png,/Users/pt623/Documents/career-vault-resume/applications/hkust-harry-yang/part-level-overediting/core/results/gt_mask_diagnostic_v2/blinded_review/reviewer_1/assets/item_20bf80dee2f8.jpg,,,,,
item_ebe1d5d43c9d,head,lion,A bear at a zoo,A bear with lion head at a zoo,/Users/pt623/Documents/career-vault-resume/applications/hkust-harry-yang/part-level-overediting/core/results/gt_mask_diagnostic_v2/blinded_review/reviewer_1/assets/source_1d46ca4f754d.png,/Users/pt623/Documents/career-vault-resume/applications/hkust-harry-yang/part-level-overediting/core/results/gt_mask_diagnostic_v2/blinded_review/reviewer_1/assets/item_ebe1d5d43c9d.jpg,,,,,
item_12c8b8d01a45,hair,Curls,A Portrait of boy at a park,A Portrait of boy with Curls hair at a park,/Users/pt623/Documents/career-vault-resume/applications/hkust-harry-yang/part-level-overediting/core/results/gt_mask_diagnostic_v2/blinded_review/reviewer_1/assets/source_b4d7f2d52a43.png,/Users/pt623/Documents/career-vault-resume/applications/hkust-harry-yang/part-level-overediting/core/results/gt_mask_diagnostic_v2/blinded_review/reviewer_1/assets/item_12c8b8d01a45.jpg,,,,,
item_f9f9ee09cbab,hair,Curley,A Portrait of girl at a mountain,A Portrait of girl with Curley hair at a mountain,/Users/pt623/Documents/career-vault-resume/applications/hkust-harry-yang/part-level-overediting/core/results/gt_mask_diagnostic_v2/blinded_review/reviewer_1/assets/source_c6abd9790d67.png,/Users/pt623/Documents/career-vault-resume/applications/hkust-harry-yang/part-level-overediting/core/results/gt_mask_diagnostic_v2/blinded_review/reviewer_1/assets/item_f9f9ee09cbab.jpg,,,,,
item_3d61f5b14d37,head,tiger,A bear at a pool,A bear with tiger head at a pool,/Users/pt623/Documents/career-vault-resume/applications/hkust-harry-yang/part-level-overediting/core/results/gt_mask_diagnostic_v2/blinded_review/reviewer_1/assets/source_41c7b285ef4c.png,/Users/pt623/Documents/career-vault-resume/applications/hkust-harry-yang/part-level-overediting/core/results/gt_mask_diagnostic_v2/blinded_review/reviewer_1/assets/item_3d61f5b14d37.jpg,,,,,
item_1954c1773bf3,hair,blond,A Portrait of man at a beach,A Portrait of man with blond hair at a beach,/Users/pt623/Documents/career-vault-resume/applications/hkust-harry-yang/part-level-overediting/core/results/gt_mask_diagnostic_v2/blinded_review/reviewer_1/assets/source_6ce9a1e568d3.png,/Users/pt623/Documents/career-vault-resume/applications/hkust-harry-yang/part-level-overediting/core/results/gt_mask_diagnostic_v2/blinded_review/reviewer_1/assets/item_1954c1773bf3.jpg,,,,,
item_4251a6db61b3,car body,neon-lit,A classic-car at a suburban road,A classic-car with neon-lit car body at a suburban road,/Users/pt623/Documents/career-vault-resume/applications/hkust-harry-yang/part-level-overediting/core/results/gt_mask_diagnostic_v2/blinded_review/reviewer_1/assets/source_3ae69c2a9e97.png,/Users/pt623/Documents/career-vault-resume/applications/hkust-harry-yang/part-level-overediting/core/results/gt_mask_diagnostic_v2/blinded_review/reviewer_1/assets/item_4251a6db61b3.jpg,,,,,
item_86121d7c9bf2,head,robot,A alien at a city,A alien with robot head at a city,/Users/pt623/Documents/career-vault-resume/applications/hkust-harry-yang/part-level-overediting/core/results/gt_mask_diagnostic_v2/blinded_review/reviewer_1/assets/source_6094cd95fb45.png,/Users/pt623/Documents/career-vault-resume/applications/hkust-harry-yang/part-level-overediting/core/results/gt_mask_diagnostic_v2/blinded_review/reviewer_1/assets/item_86121d7c9bf2.jpg,,,,,
item_088f6b46a4be,seat,wooden,A closeup leather chair at a classroom,A closeup leather chair with wooden seat at a classroom,/Users/pt623/Documents/career-vault-resume/applications/hkust-harry-yang/part-level-overediting/core/results/gt_mask_diagnostic_v2/blinded_review/reviewer_1/assets/source_bda38536db22.png,/Users/pt623/Documents/career-vault-resume/applications/hkust-harry-yang/part-level-overediting/core/results/gt_mask_diagnostic_v2/blinded_review/reviewer_1/assets/item_088f6b46a4be.jpg,,,,,
item_25732f8b8c9a,torso,spiderman,A robot at a museum,A robot with spiderman torso at a museum,/Users/pt623/Documents/career-vault-resume/applications/hkust-harry-yang/part-level-overediting/core/results/gt_mask_diagnostic_v2/blinded_review/reviewer_1/assets/source_7e6e7b988446.png,/Users/pt623/Documents/career-vault-resume/applications/hkust-harry-yang/part-level-overediting/core/results/gt_mask_diagnostic_v2/blinded_review/reviewer_1/assets/item_25732f8b8c9a.jpg,,,,,
item_25707b098c55,hair,Wavy,A Portrait of girl at a forest,A Portrait of girl with Wavy hair at a forest,/Users/pt623/Documents/career-vault-resume/applications/hkust-harry-yang/part-level-overediting/core/results/gt_mask_diagnostic_v2/blinded_review/reviewer_1/assets/source_53e8e39bcf1e.png,/Users/pt623/Documents/career-vault-resume/applications/hkust-harry-yang/part-level-overediting/core/results/gt_mask_diagnostic_v2/blinded_review/reviewer_1/assets/item_25707b098c55.jpg,,,,,
item_8eebf99803e3,head,bear,A robot at a school,A robot with bear head at a school,/Users/pt623/Documents/career-vault-resume/applications/hkust-harry-yang/part-level-overediting/core/results/gt_mask_diagnostic_v2/blinded_review/reviewer_1/assets/source_5bd8b0acdbd5.png,/Users/pt623/Documents/career-vault-resume/applications/hkust-harry-yang/part-level-overediting/core/results/gt_mask_diagnostic_v2/blinded_review/reviewer_1/assets/item_8eebf99803e3.jpg,,,,,
item_77070741b09d,seat,wooden,A closeup leather chair at a classroom,A closeup leather chair with wooden seat at a classroom,/Users/pt623/Documents/career-vault-resume/applications/hkust-harry-yang/part-level-overediting/core/results/gt_mask_diagnostic_v2/blinded_review/reviewer_1/assets/source_bda38536db22.png,/Users/pt623/Documents/career-vault-resume/applications/hkust-harry-yang/part-level-overediting/core/results/gt_mask_diagnostic_v2/blinded_review/reviewer_1/assets/item_77070741b09d.jpg,,,,,
item_f9403a461177,head,dragon,A bear at a jungle,A bear with dragon head at a jungle,/Users/pt623/Documents/career-vault-resume/applications/hkust-harry-yang/part-level-overediting/core/results/gt_mask_diagnostic_v2/blinded_review/reviewer_1/assets/source_a29b0df6a570.png,/Users/pt623/Documents/career-vault-resume/applications/hkust-harry-yang/part-level-overediting/core/results/gt_mask_diagnostic_v2/blinded_review/reviewer_1/assets/item_f9403a461177.jpg,,,,,
item_ddc4ad03141f,hair,Kinky,A Portrait of boy at a park,A Portrait of boy with Kinky hair at a park,/Users/pt623/Documents/career-vault-resume/applications/hkust-harry-yang/part-level-overediting/core/results/gt_mask_diagnostic_v2/blinded_review/reviewer_1/assets/source_0d500a8d6ca9.png,/Users/pt623/Documents/career-vault-resume/applications/hkust-harry-yang/part-level-overediting/core/results/gt_mask_diagnostic_v2/blinded_review/reviewer_1/assets/item_ddc4ad03141f.jpg,,,,,
item_135751b58ec7,head,bear,A robot at a school,A robot with bear head at a school,/Users/pt623/Documents/career-vault-resume/applications/hkust-harry-yang/part-level-overediting/core/results/gt_mask_diagnostic_v2/blinded_review/reviewer_1/assets/source_5bd8b0acdbd5.png,/Users/pt623/Documents/career-vault-resume/applications/hkust-harry-yang/part-level-overediting/core/results/gt_mask_diagnostic_v2/blinded_review/reviewer_1/assets/item_135751b58ec7.jpg,,,,,
item_f23f3638546a,hair,Curls,A Portrait of boy at a park,A Portrait of boy with Curls hair at a park,/Users/pt623/Documents/career-vault-resume/applications/hkust-harry-yang/part-level-overediting/core/results/gt_mask_diagnostic_v2/blinded_review/reviewer_1/assets/source_b4d7f2d52a43.png,/Users/pt623/Documents/career-vault-resume/applications/hkust-harry-yang/part-level-overediting/core/results/gt_mask_diagnostic_v2/blinded_review/reviewer_1/assets/item_f23f3638546a.jpg,,,,,
item_e05eaeac550e,head,tiger,A bear at a pool,A bear with tiger head at a pool,/Users/pt623/Documents/career-vault-resume/applications/hkust-harry-yang/part-level-overediting/core/results/gt_mask_diagnostic_v2/blinded_review/reviewer_1/assets/source_41c7b285ef4c.png,/Users/pt623/Documents/career-vault-resume/applications/hkust-harry-yang/part-level-overediting/core/results/gt_mask_diagnostic_v2/blinded_review/reviewer_1/assets/item_e05eaeac550e.jpg,,,,,
item_a735632826df,head,panda,A dog at a store,A dog with panda head at a store,/Users/pt623/Documents/career-vault-resume/applications/hkust-harry-yang/part-level-overediting/core/results/gt_mask_diagnostic_v2/blinded_review/reviewer_1/assets/source_de70faeee4dc.png,/Users/pt623/Documents/career-vault-resume/applications/hkust-harry-yang/part-level-overediting/core/results/gt_mask_diagnostic_v2/blinded_review/reviewer_1/assets/item_a735632826df.jpg,,,,,
item_01b2765d147b,head,lion,A dog at a pool,A dog with lion head at a pool,/Users/pt623/Documents/career-vault-resume/applications/hkust-harry-yang/part-level-overediting/core/results/gt_mask_diagnostic_v2/blinded_review/reviewer_1/assets/source_fc07bb02f53f.png,/Users/pt623/Documents/career-vault-resume/applications/hkust-harry-yang/part-level-overediting/core/results/gt_mask_diagnostic_v2/blinded_review/reviewer_1/assets/item_01b2765d147b.jpg,,,,,
item_1896ecb6dae4,hair,Curley,A Portrait of girl at a mountain,A Portrait of girl with Curley hair at a mountain,/Users/pt623/Documents/career-vault-resume/applications/hkust-harry-yang/part-level-overediting/core/results/gt_mask_diagnostic_v2/blinded_review/reviewer_1/assets/source_c6abd9790d67.png,/Users/pt623/Documents/career-vault-resume/applications/hkust-harry-yang/part-level-overediting/core/results/gt_mask_diagnostic_v2/blinded_review/reviewer_1/assets/item_1896ecb6dae4.jpg,,,,,
item_dd083ee178aa,torso,robotic-parts,A dinosaur at a museum,A dinosaur with robotic-parts torso at a museum,/Users/pt623/Documents/career-vault-resume/applications/hkust-harry-yang/part-level-overediting/core/results/gt_mask_diagnostic_v2/blinded_review/reviewer_1/assets/source_1e3c08a912fe.png,/Users/pt623/Documents/career-vault-resume/applications/hkust-harry-yang/part-level-overediting/core/results/gt_mask_diagnostic_v2/blinded_review/reviewer_1/assets/item_dd083ee178aa.jpg,,,,,
item_fb056d3e7aec,seat,plastic,A closeup soft chair at a photo studio,A closeup soft chair with plastic seat at a photo studio,/Users/pt623/Documents/career-vault-resume/applications/hkust-harry-yang/part-level-overediting/core/results/gt_mask_diagnostic_v2/blinded_review/reviewer_1/assets/source_b25f9980445d.png,/Users/pt623/Documents/career-vault-resume/applications/hkust-harry-yang/part-level-overediting/core/results/gt_mask_diagnostic_v2/blinded_review/reviewer_1/assets/item_fb056d3e7aec.jpg,,,,,
item_5fd6a3d7f625,head,dragon,A bear at a jungle,A bear with dragon head at a jungle,/Users/pt623/Documents/career-vault-resume/applications/hkust-harry-yang/part-level-overediting/core/results/gt_mask_diagnostic_v2/blinded_review/reviewer_1/assets/source_a29b0df6a570.png,/Users/pt623/Documents/career-vault-resume/applications/hkust-harry-yang/part-level-overediting/core/results/gt_mask_diagnostic_v2/blinded_review/reviewer_1/assets/item_5fd6a3d7f625.jpg,,,,,
item_cccf231e0e60,hair,Curls,A Portrait of boy at a park,A Portrait of boy with Curls hair at a park,/Users/pt623/Documents/career-vault-resume/applications/hkust-harry-yang/part-level-overediting/core/results/gt_mask_diagnostic_v2/blinded_review/reviewer_1/assets/source_b4d7f2d52a43.png,/Users/pt623/Documents/career-vault-resume/applications/hkust-harry-yang/part-level-overediting/core/results/gt_mask_diagnostic_v2/blinded_review/reviewer_1/assets/item_cccf231e0e60.jpg,,,,,
item_fbd9b98ee45e,torso,robotic-parts,A dinosaur at a museum,A dinosaur with robotic-parts torso at a museum,/Users/pt623/Documents/career-vault-resume/applications/hkust-harry-yang/part-level-overediting/core/results/gt_mask_diagnostic_v2/blinded_review/reviewer_1/assets/source_1e3c08a912fe.png,/Users/pt623/Documents/career-vault-resume/applications/hkust-harry-yang/part-level-overediting/core/results/gt_mask_diagnostic_v2/blinded_review/reviewer_1/assets/item_fbd9b98ee45e.jpg,,,,,
item_938ba2cc1400,head,unicorn,A cow at a house,A cow with unicorn head at a house,/Users/pt623/Documents/career-vault-resume/applications/hkust-harry-yang/part-level-overediting/core/results/gt_mask_diagnostic_v2/blinded_review/reviewer_1/assets/source_70a3202c4158.png,/Users/pt623/Documents/career-vault-resume/applications/hkust-harry-yang/part-level-overediting/core/results/gt_mask_diagnostic_v2/blinded_review/reviewer_1/assets/item_938ba2cc1400.jpg,,,,,
item_f54781fb645b,head,bear,A robot at a park,A robot with bear head at a park,/Users/pt623/Documents/career-vault-resume/applications/hkust-harry-yang/part-level-overediting/core/results/gt_mask_diagnostic_v2/blinded_review/reviewer_1/assets/source_64fe128aaf52.png,/Users/pt623/Documents/career-vault-resume/applications/hkust-harry-yang/part-level-overediting/core/results/gt_mask_diagnostic_v2/blinded_review/reviewer_1/assets/item_f54781fb645b.jpg,,,,,
item_1e2b11204898,car body,neon-lit,A classic-car at a suburban road,A classic-car with neon-lit car body at a suburban road,/Users/pt623/Documents/career-vault-resume/applications/hkust-harry-yang/part-level-overediting/core/results/gt_mask_diagnostic_v2/blinded_review/reviewer_1/assets/source_3ae69c2a9e97.png,/Users/pt623/Documents/career-vault-resume/applications/hkust-harry-yang/part-level-overediting/core/results/gt_mask_diagnostic_v2/blinded_review/reviewer_1/assets/item_1e2b11204898.jpg,,,,,
item_bfc46cd83423,car hood,Rusty,A full front facing view of Porsche car at a road,A full front facing view of Porsche car with Rusty car hood at a road,/Users/pt623/Documents/career-vault-resume/applications/hkust-harry-yang/part-level-overediting/core/results/gt_mask_diagnostic_v2/blinded_review/reviewer_1/assets/source_7e515b8abb95.png,/Users/pt623/Documents/career-vault-resume/applications/hkust-harry-yang/part-level-overediting/core/results/gt_mask_diagnostic_v2/blinded_review/reviewer_1/assets/item_bfc46cd83423.jpg,,,,,
item_019361c9c50b,torso,formal-suit,A robot at a restaurant,A robot with formal-suit torso at a restaurant,/Users/pt623/Documents/career-vault-resume/applications/hkust-harry-yang/part-level-overediting/core/results/gt_mask_diagnostic_v2/blinded_review/reviewer_1/assets/source_2e6979609916.png,/Users/pt623/Documents/career-vault-resume/applications/hkust-harry-yang/part-level-overediting/core/results/gt_mask_diagnostic_v2/blinded_review/reviewer_1/assets/item_019361c9c50b.jpg,,,,,
item_c45d198a4e20,car hood,Digital-Camouflage,A full front facing view of racing car at a parking lot,A full front facing view of racing car with Digital-Camouflage car hood at a parking lot,/Users/pt623/Documents/career-vault-resume/applications/hkust-harry-yang/part-level-overediting/core/results/gt_mask_diagnostic_v2/blinded_review/reviewer_1/assets/source_073b896945b5.png,/Users/pt623/Documents/career-vault-resume/applications/hkust-harry-yang/part-level-overediting/core/results/gt_mask_diagnostic_v2/blinded_review/reviewer_1/assets/item_c45d198a4e20.jpg,,,,,
item_20a64dc99d26,head,unicorn,A dog at a mountain,A dog with unicorn head at a mountain,/Users/pt623/Documents/career-vault-resume/applications/hkust-harry-yang/part-level-overediting/core/results/gt_mask_diagnostic_v2/blinded_review/reviewer_1/assets/source_ee57f3a3ed86.png,/Users/pt623/Documents/career-vault-resume/applications/hkust-harry-yang/part-level-overediting/core/results/gt_mask_diagnostic_v2/blinded_review/reviewer_1/assets/item_20a64dc99d26.jpg,,,,,
item_0a734771bf70,head,dragon,A bear at a jungle,A bear with dragon head at a jungle,/Users/pt623/Documents/career-vault-resume/applications/hkust-harry-yang/part-level-overediting/core/results/gt_mask_diagnostic_v2/blinded_review/reviewer_1/assets/source_a29b0df6a570.png,/Users/pt623/Documents/career-vault-resume/applications/hkust-harry-yang/part-level-overediting/core/results/gt_mask_diagnostic_v2/blinded_review/reviewer_1/assets/item_0a734771bf70.jpg,,,,,
item_85546e9fb003,seat,plastic,A closeup soft chair at a photo studio,A closeup soft chair with plastic seat at a photo studio,/Users/pt623/Documents/career-vault-resume/applications/hkust-harry-yang/part-level-overediting/core/results/gt_mask_diagnostic_v2/blinded_review/reviewer_1/assets/source_b25f9980445d.png,/Users/pt623/Documents/career-vault-resume/applications/hkust-harry-yang/part-level-overediting/core/results/gt_mask_diagnostic_v2/blinded_review/reviewer_1/assets/item_85546e9fb003.jpg,,,,,
item_ff57b30987aa,head,lion,A bear at a zoo,A bear with lion head at a zoo,/Users/pt623/Documents/career-vault-resume/applications/hkust-harry-yang/part-level-overediting/core/results/gt_mask_diagnostic_v2/blinded_review/reviewer_1/assets/source_1d46ca4f754d.png,/Users/pt623/Documents/career-vault-resume/applications/hkust-harry-yang/part-level-overediting/core/results/gt_mask_diagnostic_v2/blinded_review/reviewer_1/assets/item_ff57b30987aa.jpg,,,,,
item_d6843770b5d2,head,cheetah,A cat at a museum,A cat with cheetah head at a museum,/Users/pt623/Documents/career-vault-resume/applications/hkust-harry-yang/part-level-overediting/core/results/gt_mask_diagnostic_v2/blinded_review/reviewer_1/assets/source_f3d1d79f0351.png,/Users/pt623/Documents/career-vault-resume/applications/hkust-harry-yang/part-level-overediting/core/results/gt_mask_diagnostic_v2/blinded_review/reviewer_1/assets/item_d6843770b5d2.jpg,,,,,
item_f8083cc240b2,car body,futuristic,A sedan at a parking lot,A sedan with futuristic car body at a parking lot,/Users/pt623/Documents/career-vault-resume/applications/hkust-harry-yang/part-level-overediting/core/results/gt_mask_diagnostic_v2/blinded_review/reviewer_1/assets/source_ef3648f18171.png,/Users/pt623/Documents/career-vault-resume/applications/hkust-harry-yang/part-level-overediting/core/results/gt_mask_diagnostic_v2/blinded_review/reviewer_1/assets/item_f8083cc240b2.jpg,,,,,
item_d920a5dd04a9,head,robot,A alien at a museum,A alien with robot head at a museum,/Users/pt623/Documents/career-vault-resume/applications/hkust-harry-yang/part-level-overediting/core/results/gt_mask_diagnostic_v2/blinded_review/reviewer_1/assets/source_0776f3ccf0e9.png,/Users/pt623/Documents/career-vault-resume/applications/hkust-harry-yang/part-level-overediting/core/results/gt_mask_diagnostic_v2/blinded_review/reviewer_1/assets/item_d920a5dd04a9.jpg,,,,,
item_504969d6c714,hair,Kinky,A Portrait of boy at a park,A Portrait of boy with Kinky hair at a park,/Users/pt623/Documents/career-vault-resume/applications/hkust-harry-yang/part-level-overediting/core/results/gt_mask_diagnostic_v2/blinded_review/reviewer_1/assets/source_0d500a8d6ca9.png,/Users/pt623/Documents/career-vault-resume/applications/hkust-harry-yang/part-level-overediting/core/results/gt_mask_diagnostic_v2/blinded_review/reviewer_1/assets/item_504969d6c714.jpg,,,,,
item_35b4eac688a1,torso,armor,A girl at a stadium,A girl with armor torso at a stadium,/Users/pt623/Documents/career-vault-resume/applications/hkust-harry-yang/part-level-overediting/core/results/gt_mask_diagnostic_v2/blinded_review/reviewer_1/assets/source_05f0e921e87d.png,/Users/pt623/Documents/career-vault-resume/applications/hkust-harry-yang/part-level-overediting/core/results/gt_mask_diagnostic_v2/blinded_review/reviewer_1/assets/item_35b4eac688a1.jpg,,,,,
item_ef510d924619,head,alien,A robot at a park,A robot with alien head at a park,/Users/pt623/Documents/career-vault-resume/applications/hkust-harry-yang/part-level-overediting/core/results/gt_mask_diagnostic_v2/blinded_review/reviewer_1/assets/source_f388d78833d6.png,/Users/pt623/Documents/career-vault-resume/applications/hkust-harry-yang/part-level-overediting/core/results/gt_mask_diagnostic_v2/blinded_review/reviewer_1/assets/item_ef510d924619.jpg,,,,,
item_3f0ff4b0bfe8,head,panda,A cat at a mountain,A cat with panda head at a mountain,/Users/pt623/Documents/career-vault-resume/applications/hkust-harry-yang/part-level-overediting/core/results/gt_mask_diagnostic_v2/blinded_review/reviewer_1/assets/source_dd35579b4d43.png,/Users/pt623/Documents/career-vault-resume/applications/hkust-harry-yang/part-level-overediting/core/results/gt_mask_diagnostic_v2/blinded_review/reviewer_1/assets/item_3f0ff4b0bfe8.jpg,,,,,
item_dee9826a1eac,head,panda,A dog at a store,A dog with panda head at a store,/Users/pt623/Documents/career-vault-resume/applications/hkust-harry-yang/part-level-overediting/core/results/gt_mask_diagnostic_v2/blinded_review/reviewer_1/assets/source_de70faeee4dc.png,/Users/pt623/Documents/career-vault-resume/applications/hkust-harry-yang/part-level-overediting/core/results/gt_mask_diagnostic_v2/blinded_review/reviewer_1/assets/item_dee9826a1eac.jpg,,,,,
item_1f8fcabdcfd5,seat,plastic,A closeup soft chair at a photo studio,A closeup soft chair with plastic seat at a photo studio,/Users/pt623/Documents/career-vault-resume/applications/hkust-harry-yang/part-level-overediting/core/results/gt_mask_diagnostic_v2/blinded_review/reviewer_1/assets/source_b25f9980445d.png,/Users/pt623/Documents/career-vault-resume/applications/hkust-harry-yang/part-level-overediting/core/results/gt_mask_diagnostic_v2/blinded_review/reviewer_1/assets/item_1f8fcabdcfd5.jpg,,,,,
item_bf3fbb7bed32,car body,armored,A luxury-car at a mountain road,A luxury-car with armored car body at a mountain road,/Users/pt623/Documents/career-vault-resume/applications/hkust-harry-yang/part-level-overediting/core/results/gt_mask_diagnostic_v2/blinded_review/reviewer_1/assets/source_4a1c085cfce4.png,/Users/pt623/Documents/career-vault-resume/applications/hkust-harry-yang/part-level-overediting/core/results/gt_mask_diagnostic_v2/blinded_review/reviewer_1/assets/item_bf3fbb7bed32.jpg,,,,,
item_32a7b78df769,torso,armor,A boy at a restaurant,A boy with armor torso at a restaurant,/Users/pt623/Documents/career-vault-resume/applications/hkust-harry-yang/part-level-overediting/core/results/gt_mask_diagnostic_v2/blinded_review/reviewer_1/assets/source_cea0cb0755a1.png,/Users/pt623/Documents/career-vault-resume/applications/hkust-harry-yang/part-level-overediting/core/results/gt_mask_diagnostic_v2/blinded_review/reviewer_1/assets/item_32a7b78df769.jpg,,,,,
item_c7246812ca72,hair,Wavy,A Portrait of girl at a forest,A Portrait of girl with Wavy hair at a forest,/Users/pt623/Documents/career-vault-resume/applications/hkust-harry-yang/part-level-overediting/core/results/gt_mask_diagnostic_v2/blinded_review/reviewer_1/assets/source_53e8e39bcf1e.png,/Users/pt623/Documents/career-vault-resume/applications/hkust-harry-yang/part-level-overediting/core/results/gt_mask_diagnostic_v2/blinded_review/reviewer_1/assets/item_c7246812ca72.jpg,,,,,
item_b99fd48511c5,head,alien,A robot at a park,A robot with alien head at a park,/Users/pt623/Documents/career-vault-resume/applications/hkust-harry-yang/part-level-overediting/core/results/gt_mask_diagnostic_v2/blinded_review/reviewer_1/assets/source_f388d78833d6.png,/Users/pt623/Documents/career-vault-resume/applications/hkust-harry-yang/part-level-overediting/core/results/gt_mask_diagnostic_v2/blinded_review/reviewer_1/assets/item_b99fd48511c5.jpg,,,,,
item_7d8775665aa6,torso,spiderman,A robot at a museum,A robot with spiderman torso at a museum,/Users/pt623/Documents/career-vault-resume/applications/hkust-harry-yang/part-level-overediting/core/results/gt_mask_diagnostic_v2/blinded_review/reviewer_1/assets/source_63f2eb2cd129.png,/Users/pt623/Documents/career-vault-resume/applications/hkust-harry-yang/part-level-overediting/core/results/gt_mask_diagnostic_v2/blinded_review/reviewer_1/assets/item_7d8775665aa6.jpg,,,,,
item_696435f74193,head,panda,A cat at a mountain,A cat with panda head at a mountain,/Users/pt623/Documents/career-vault-resume/applications/hkust-harry-yang/part-level-overediting/core/results/gt_mask_diagnostic_v2/blinded_review/reviewer_1/assets/source_dd35579b4d43.png,/Users/pt623/Documents/career-vault-resume/applications/hkust-harry-yang/part-level-overediting/core/results/gt_mask_diagnostic_v2/blinded_review/reviewer_1/assets/item_696435f74193.jpg,,,,,
item_fefcd9db1ad2,head,dragon,A horse at a zoo,A horse with dragon head at a zoo,/Users/pt623/Documents/career-vault-resume/applications/hkust-harry-yang/part-level-overediting/core/results/gt_mask_diagnostic_v2/blinded_review/reviewer_1/assets/source_dbfa710ac399.png,/Users/pt623/Documents/career-vault-resume/applications/hkust-harry-yang/part-level-overediting/core/results/gt_mask_diagnostic_v2/blinded_review/reviewer_1/assets/item_fefcd9db1ad2.jpg,,,,,
item_c5d343bc3ae0,head,lion,A bear at a zoo,A bear with lion head at a zoo,/Users/pt623/Documents/career-vault-resume/applications/hkust-harry-yang/part-level-overediting/core/results/gt_mask_diagnostic_v2/blinded_review/reviewer_1/assets/source_b8ba5e41ea31.png,/Users/pt623/Documents/career-vault-resume/applications/hkust-harry-yang/part-level-overediting/core/results/gt_mask_diagnostic_v2/blinded_review/reviewer_1/assets/item_c5d343bc3ae0.jpg,,,,,
item_4e8d188d13fe,car hood,Destroyed,A full front facing view of BMW car at a parking lot,A full front facing view of BMW car with Destroyed car hood at a parking lot,/Users/pt623/Documents/career-vault-resume/applications/hkust-harry-yang/part-level-overediting/core/results/gt_mask_diagnostic_v2/blinded_review/reviewer_1/assets/source_146c36946692.png,/Users/pt623/Documents/career-vault-resume/applications/hkust-harry-yang/part-level-overediting/core/results/gt_mask_diagnostic_v2/blinded_review/reviewer_1/assets/item_4e8d188d13fe.jpg,,,,,
item_65fdfe14c9e2,head,unicorn,A cow at a house,A cow with unicorn head at a house,/Users/pt623/Documents/career-vault-resume/applications/hkust-harry-yang/part-level-overediting/core/results/gt_mask_diagnostic_v2/blinded_review/reviewer_1/assets/source_70a3202c4158.png,/Users/pt623/Documents/career-vault-resume/applications/hkust-harry-yang/part-level-overediting/core/results/gt_mask_diagnostic_v2/blinded_review/reviewer_1/assets/item_65fdfe14c9e2.jpg,,,,,
item_d8dfe4556085,head,unicorn,A cow at a house,A cow with unicorn head at a house,/Users/pt623/Documents/career-vault-resume/applications/hkust-harry-yang/part-level-overediting/core/results/gt_mask_diagnostic_v2/blinded_review/reviewer_1/assets/source_70a3202c4158.png,/Users/pt623/Documents/career-vault-resume/applications/hkust-harry-yang/part-level-overediting/core/results/gt_mask_diagnostic_v2/blinded_review/reviewer_1/assets/item_d8dfe4556085.jpg,,,,,
item_5eb8dac6ed83,hair,Curls,A Portrait of boy at a park,A Portrait of boy with Curls hair at a park,/Users/pt623/Documents/career-vault-resume/applications/hkust-harry-yang/part-level-overediting/core/results/gt_mask_diagnostic_v2/blinded_review/reviewer_1/assets/source_b4d7f2d52a43.png,/Users/pt623/Documents/career-vault-resume/applications/hkust-harry-yang/part-level-overediting/core/results/gt_mask_diagnostic_v2/blinded_review/reviewer_1/assets/item_5eb8dac6ed83.jpg,,,,,
