run_uid,case_uid,seed,plan_name,plan_path,plan_sha256,source_image,gt_mask,source_prompt,target_prompt,part,edit,part_size,output_dir,model_name,guidance,num_steps,front,inject,tail_pad,offload,resolved_control_plan,command
real_0006_seed_000,real_0006,0,residual_rk2_prefix_00,core/results/control_operations/residual_rk2_prefix_sweep/plans/duration_00.json,7a505b321d69ae42ddd0acf4204ac5dd1cc3e77fa7c286386b84fc4cf6e78904,core/data/partedit_subset/cases/real_0006/source.png,core/data/partedit_subset/cases/real_0006/gt_mask.png,a man standing in a park wearing a green shirt,a man with alien head standing in a park wearing a green shirt,head,alien,small,core/results/control_operations/residual_rk2_prefix_sweep/duration_00/real_0006/seed_000,flux-dev,2.0,15,2,4,1,True,"{""name"": ""residual_rk2_prefix_00"", ""num_steps"": 15, ""stages"": [], ""front"": 2, ""inject"": 4, ""tail_pad"": 1, ""mask_source"": ""oracle"", ""image_kv_layers"": [], ""it_gate_layers"": []}",cd /root/autodl-tmp/part-level-residual-rk2/core/third_party/FollowYourShape/src && /root/miniconda3/bin/python edit.py --source_img_dir /root/autodl-tmp/part-level-residual-rk2/core/data/partedit_subset/cases/real_0006/source.png --source_prompt 'a man standing in a park wearing a green shirt' --target_prompt 'a man with alien head standing in a park wearing a green shirt' --guidance 2.0 --num_steps 15 --front 2 --inject 4 --seed 0 --name flux-dev --controlnet_type none --output_dir /root/autodl-tmp/part-level-residual-rk2/core/results/control_operations/residual_rk2_prefix_sweep/duration_00/real_0006/seed_000 --vis_path /root/autodl-tmp/part-level-residual-rk2/core/results/control_operations/residual_rk2_prefix_sweep/duration_00/real_0006/seed_000/tdm --feature_path /root/autodl-tmp/part-level-residual-rk2/core/results/control_operations/residual_rk2_prefix_sweep/duration_00/real_0006/seed_000/features --mask_path /root/autodl-tmp/part-level-residual-rk2/core/data/partedit_subset/cases/real_0006/gt_mask.png --tdm_mask_mode oracle --attention_part head --attention_edit alien --control-plan-resolved /root/autodl-tmp/part-level-residual-rk2/core/results/control_operations/residual_rk2_prefix_sweep/plans/duration_00.json --offload
real_0008_seed_000,real_0008,0,residual_rk2_prefix_00,core/results/control_operations/residual_rk2_prefix_sweep/plans/duration_00.json,7a505b321d69ae42ddd0acf4204ac5dd1cc3e77fa7c286386b84fc4cf6e78904,core/data/partedit_subset/cases/real_0008/source.png,core/data/partedit_subset/cases/real_0008/gt_mask.png,a dog standing in a field with grass and water,a dog with bear head standing in a field with grass and water,head,bear,small,core/results/control_operations/residual_rk2_prefix_sweep/duration_00/real_0008/seed_000,flux-dev,2.0,15,2,4,1,True,"{""name"": ""residual_rk2_prefix_00"", ""num_steps"": 15, ""stages"": [], ""front"": 2, ""inject"": 4, ""tail_pad"": 1, ""mask_source"": ""oracle"", ""image_kv_layers"": [], ""it_gate_layers"": []}",cd /root/autodl-tmp/part-level-residual-rk2/core/third_party/FollowYourShape/src && /root/miniconda3/bin/python edit.py --source_img_dir /root/autodl-tmp/part-level-residual-rk2/core/data/partedit_subset/cases/real_0008/source.png --source_prompt 'a dog standing in a field with grass and water' --target_prompt 'a dog with bear head standing in a field with grass and water' --guidance 2.0 --num_steps 15 --front 2 --inject 4 --seed 0 --name flux-dev --controlnet_type none --output_dir /root/autodl-tmp/part-level-residual-rk2/core/results/control_operations/residual_rk2_prefix_sweep/duration_00/real_0008/seed_000 --vis_path /root/autodl-tmp/part-level-residual-rk2/core/results/control_operations/residual_rk2_prefix_sweep/duration_00/real_0008/seed_000/tdm --feature_path /root/autodl-tmp/part-level-residual-rk2/core/results/control_operations/residual_rk2_prefix_sweep/duration_00/real_0008/seed_000/features --mask_path /root/autodl-tmp/part-level-residual-rk2/core/data/partedit_subset/cases/real_0008/gt_mask.png --tdm_mask_mode oracle --attention_part head --attention_edit bear --control-plan-resolved /root/autodl-tmp/part-level-residual-rk2/core/results/control_operations/residual_rk2_prefix_sweep/plans/duration_00.json --offload
real_0003_seed_000,real_0003,0,residual_rk2_prefix_00,core/results/control_operations/residual_rk2_prefix_sweep/plans/duration_00.json,7a505b321d69ae42ddd0acf4204ac5dd1cc3e77fa7c286386b84fc4cf6e78904,core/data/partedit_subset/cases/real_0003/source.png,core/data/partedit_subset/cases/real_0003/gt_mask.png,a horse running in a field,a horse with cheetah head running in a field,head,cheetah,small,core/results/control_operations/residual_rk2_prefix_sweep/duration_00/real_0003/seed_000,flux-dev,2.0,15,2,4,1,True,"{""name"": ""residual_rk2_prefix_00"", ""num_steps"": 15, ""stages"": [], ""front"": 2, ""inject"": 4, ""tail_pad"": 1, ""mask_source"": ""oracle"", ""image_kv_layers"": [], ""it_gate_layers"": []}",cd /root/autodl-tmp/part-level-residual-rk2/core/third_party/FollowYourShape/src && /root/miniconda3/bin/python edit.py --source_img_dir /root/autodl-tmp/part-level-residual-rk2/core/data/partedit_subset/cases/real_0003/source.png --source_prompt 'a horse running in a field' --target_prompt 'a horse with cheetah head running in a field' --guidance 2.0 --num_steps 15 --front 2 --inject 4 --seed 0 --name flux-dev --controlnet_type none --output_dir /root/autodl-tmp/part-level-residual-rk2/core/results/control_operations/residual_rk2_prefix_sweep/duration_00/real_0003/seed_000 --vis_path /root/autodl-tmp/part-level-residual-rk2/core/results/control_operations/residual_rk2_prefix_sweep/duration_00/real_0003/seed_000/tdm --feature_path /root/autodl-tmp/part-level-residual-rk2/core/results/control_operations/residual_rk2_prefix_sweep/duration_00/real_0003/seed_000/features --mask_path /root/autodl-tmp/part-level-residual-rk2/core/data/partedit_subset/cases/real_0003/gt_mask.png --tdm_mask_mode oracle --attention_part head --attention_edit cheetah --control-plan-resolved /root/autodl-tmp/part-level-residual-rk2/core/results/control_operations/residual_rk2_prefix_sweep/plans/duration_00.json --offload
real_0002_seed_000,real_0002,0,residual_rk2_prefix_00,core/results/control_operations/residual_rk2_prefix_sweep/plans/duration_00.json,7a505b321d69ae42ddd0acf4204ac5dd1cc3e77fa7c286386b84fc4cf6e78904,core/data/partedit_subset/cases/real_0002/source.png,core/data/partedit_subset/cases/real_0002/gt_mask.png,a chair and table in front of a glass door,a chair with mesh seat and table in front of a glass door,seat,mesh,small,core/results/control_operations/residual_rk2_prefix_sweep/duration_00/real_0002/seed_000,flux-dev,2.0,15,2,4,1,True,"{""name"": ""residual_rk2_prefix_00"", ""num_steps"": 15, ""stages"": [], ""front"": 2, ""inject"": 4, ""tail_pad"": 1, ""mask_source"": ""oracle"", ""image_kv_layers"": [], ""it_gate_layers"": []}",cd /root/autodl-tmp/part-level-residual-rk2/core/third_party/FollowYourShape/src && /root/miniconda3/bin/python edit.py --source_img_dir /root/autodl-tmp/part-level-residual-rk2/core/data/partedit_subset/cases/real_0002/source.png --source_prompt 'a chair and table in front of a glass door' --target_prompt 'a chair with mesh seat and table in front of a glass door' --guidance 2.0 --num_steps 15 --front 2 --inject 4 --seed 0 --name flux-dev --controlnet_type none --output_dir /root/autodl-tmp/part-level-residual-rk2/core/results/control_operations/residual_rk2_prefix_sweep/duration_00/real_0002/seed_000 --vis_path /root/autodl-tmp/part-level-residual-rk2/core/results/control_operations/residual_rk2_prefix_sweep/duration_00/real_0002/seed_000/tdm --feature_path /root/autodl-tmp/part-level-residual-rk2/core/results/control_operations/residual_rk2_prefix_sweep/duration_00/real_0002/seed_000/features --mask_path /root/autodl-tmp/part-level-residual-rk2/core/data/partedit_subset/cases/real_0002/gt_mask.png --tdm_mask_mode oracle --attention_part seat --attention_edit mesh --control-plan-resolved /root/autodl-tmp/part-level-residual-rk2/core/results/control_operations/residual_rk2_prefix_sweep/plans/duration_00.json --offload
real_0010_seed_000,real_0010,0,residual_rk2_prefix_00,core/results/control_operations/residual_rk2_prefix_sweep/plans/duration_00.json,7a505b321d69ae42ddd0acf4204ac5dd1cc3e77fa7c286386b84fc4cf6e78904,core/data/partedit_subset/cases/real_0010/source.png,core/data/partedit_subset/cases/real_0010/gt_mask.png,a cow standing on a street,a cow with dragon head standing on a street,head,dragon,medium,core/results/control_operations/residual_rk2_prefix_sweep/duration_00/real_0010/seed_000,flux-dev,2.0,15,2,4,1,True,"{""name"": ""residual_rk2_prefix_00"", ""num_steps"": 15, ""stages"": [], ""front"": 2, ""inject"": 4, ""tail_pad"": 1, ""mask_source"": ""oracle"", ""image_kv_layers"": [], ""it_gate_layers"": []}",cd /root/autodl-tmp/part-level-residual-rk2/core/third_party/FollowYourShape/src && /root/miniconda3/bin/python edit.py --source_img_dir /root/autodl-tmp/part-level-residual-rk2/core/data/partedit_subset/cases/real_0010/source.png --source_prompt 'a cow standing on a street' --target_prompt 'a cow with dragon head standing on a street' --guidance 2.0 --num_steps 15 --front 2 --inject 4 --seed 0 --name flux-dev --controlnet_type none --output_dir /root/autodl-tmp/part-level-residual-rk2/core/results/control_operations/residual_rk2_prefix_sweep/duration_00/real_0010/seed_000 --vis_path /root/autodl-tmp/part-level-residual-rk2/core/results/control_operations/residual_rk2_prefix_sweep/duration_00/real_0010/seed_000/tdm --feature_path /root/autodl-tmp/part-level-residual-rk2/core/results/control_operations/residual_rk2_prefix_sweep/duration_00/real_0010/seed_000/features --mask_path /root/autodl-tmp/part-level-residual-rk2/core/data/partedit_subset/cases/real_0010/gt_mask.png --tdm_mask_mode oracle --attention_part head --attention_edit dragon --control-plan-resolved /root/autodl-tmp/part-level-residual-rk2/core/results/control_operations/residual_rk2_prefix_sweep/plans/duration_00.json --offload
real_0004_seed_000,real_0004,0,residual_rk2_prefix_00,core/results/control_operations/residual_rk2_prefix_sweep/plans/duration_00.json,7a505b321d69ae42ddd0acf4204ac5dd1cc3e77fa7c286386b84fc4cf6e78904,core/data/partedit_subset/cases/real_0004/source.png,core/data/partedit_subset/cases/real_0004/gt_mask.png,a white toyota avanza parked in front of a house,a white toyota with rusted carhood avanza parked in front of a house,carhood,rusted,medium,core/results/control_operations/residual_rk2_prefix_sweep/duration_00/real_0004/seed_000,flux-dev,2.0,15,2,4,1,True,"{""name"": ""residual_rk2_prefix_00"", ""num_steps"": 15, ""stages"": [], ""front"": 2, ""inject"": 4, ""tail_pad"": 1, ""mask_source"": ""oracle"", ""image_kv_layers"": [], ""it_gate_layers"": []}",cd /root/autodl-tmp/part-level-residual-rk2/core/third_party/FollowYourShape/src && /root/miniconda3/bin/python edit.py --source_img_dir /root/autodl-tmp/part-level-residual-rk2/core/data/partedit_subset/cases/real_0004/source.png --source_prompt 'a white toyota avanza parked in front of a house' --target_prompt 'a white toyota with rusted carhood avanza parked in front of a house' --guidance 2.0 --num_steps 15 --front 2 --inject 4 --seed 0 --name flux-dev --controlnet_type none --output_dir /root/autodl-tmp/part-level-residual-rk2/core/results/control_operations/residual_rk2_prefix_sweep/duration_00/real_0004/seed_000 --vis_path /root/autodl-tmp/part-level-residual-rk2/core/results/control_operations/residual_rk2_prefix_sweep/duration_00/real_0004/seed_000/tdm --feature_path /root/autodl-tmp/part-level-residual-rk2/core/results/control_operations/residual_rk2_prefix_sweep/duration_00/real_0004/seed_000/features --mask_path /root/autodl-tmp/part-level-residual-rk2/core/data/partedit_subset/cases/real_0004/gt_mask.png --tdm_mask_mode oracle --attention_part carhood --attention_edit rusted --control-plan-resolved /root/autodl-tmp/part-level-residual-rk2/core/results/control_operations/residual_rk2_prefix_sweep/plans/duration_00.json --offload
real_0007_seed_000,real_0007,0,residual_rk2_prefix_00,core/results/control_operations/residual_rk2_prefix_sweep/plans/duration_00.json,7a505b321d69ae42ddd0acf4204ac5dd1cc3e77fa7c286386b84fc4cf6e78904,core/data/partedit_subset/cases/real_0007/source.png,core/data/partedit_subset/cases/real_0007/gt_mask.png,a mahogany armchair,a mahogany armchair with leather seat,seat,leather,medium,core/results/control_operations/residual_rk2_prefix_sweep/duration_00/real_0007/seed_000,flux-dev,2.0,15,2,4,1,True,"{""name"": ""residual_rk2_prefix_00"", ""num_steps"": 15, ""stages"": [], ""front"": 2, ""inject"": 4, ""tail_pad"": 1, ""mask_source"": ""oracle"", ""image_kv_layers"": [], ""it_gate_layers"": []}",cd /root/autodl-tmp/part-level-residual-rk2/core/third_party/FollowYourShape/src && /root/miniconda3/bin/python edit.py --source_img_dir /root/autodl-tmp/part-level-residual-rk2/core/data/partedit_subset/cases/real_0007/source.png --source_prompt 'a mahogany armchair' --target_prompt 'a mahogany armchair with leather seat' --guidance 2.0 --num_steps 15 --front 2 --inject 4 --seed 0 --name flux-dev --controlnet_type none --output_dir /root/autodl-tmp/part-level-residual-rk2/core/results/control_operations/residual_rk2_prefix_sweep/duration_00/real_0007/seed_000 --vis_path /root/autodl-tmp/part-level-residual-rk2/core/results/control_operations/residual_rk2_prefix_sweep/duration_00/real_0007/seed_000/tdm --feature_path /root/autodl-tmp/part-level-residual-rk2/core/results/control_operations/residual_rk2_prefix_sweep/duration_00/real_0007/seed_000/features --mask_path /root/autodl-tmp/part-level-residual-rk2/core/data/partedit_subset/cases/real_0007/gt_mask.png --tdm_mask_mode oracle --attention_part seat --attention_edit leather --control-plan-resolved /root/autodl-tmp/part-level-residual-rk2/core/results/control_operations/residual_rk2_prefix_sweep/plans/duration_00.json --offload
real_0001_seed_000,real_0001,0,residual_rk2_prefix_00,core/results/control_operations/residual_rk2_prefix_sweep/plans/duration_00.json,7a505b321d69ae42ddd0acf4204ac5dd1cc3e77fa7c286386b84fc4cf6e78904,core/data/partedit_subset/cases/real_0001/source.png,core/data/partedit_subset/cases/real_0001/gt_mask.png,a dog running in the grass,a dog with cat head running in the grass,head,cat,medium,core/results/control_operations/residual_rk2_prefix_sweep/duration_00/real_0001/seed_000,flux-dev,2.0,15,2,4,1,True,"{""name"": ""residual_rk2_prefix_00"", ""num_steps"": 15, ""stages"": [], ""front"": 2, ""inject"": 4, ""tail_pad"": 1, ""mask_source"": ""oracle"", ""image_kv_layers"": [], ""it_gate_layers"": []}",cd /root/autodl-tmp/part-level-residual-rk2/core/third_party/FollowYourShape/src && /root/miniconda3/bin/python edit.py --source_img_dir /root/autodl-tmp/part-level-residual-rk2/core/data/partedit_subset/cases/real_0001/source.png --source_prompt 'a dog running in the grass' --target_prompt 'a dog with cat head running in the grass' --guidance 2.0 --num_steps 15 --front 2 --inject 4 --seed 0 --name flux-dev --controlnet_type none --output_dir /root/autodl-tmp/part-level-residual-rk2/core/results/control_operations/residual_rk2_prefix_sweep/duration_00/real_0001/seed_000 --vis_path /root/autodl-tmp/part-level-residual-rk2/core/results/control_operations/residual_rk2_prefix_sweep/duration_00/real_0001/seed_000/tdm --feature_path /root/autodl-tmp/part-level-residual-rk2/core/results/control_operations/residual_rk2_prefix_sweep/duration_00/real_0001/seed_000/features --mask_path /root/autodl-tmp/part-level-residual-rk2/core/data/partedit_subset/cases/real_0001/gt_mask.png --tdm_mask_mode oracle --attention_part head --attention_edit cat --control-plan-resolved /root/autodl-tmp/part-level-residual-rk2/core/results/control_operations/residual_rk2_prefix_sweep/plans/duration_00.json --offload
real_0000_seed_000,real_0000,0,residual_rk2_prefix_00,core/results/control_operations/residual_rk2_prefix_sweep/plans/duration_00.json,7a505b321d69ae42ddd0acf4204ac5dd1cc3e77fa7c286386b84fc4cf6e78904,core/data/partedit_subset/cases/real_0000/source.png,core/data/partedit_subset/cases/real_0000/gt_mask.png,a robot standing in a warehouse with boxes,a robot with armored torso standing in a warehouse with boxes,torso,armored,large,core/results/control_operations/residual_rk2_prefix_sweep/duration_00/real_0000/seed_000,flux-dev,2.0,15,2,4,1,True,"{""name"": ""residual_rk2_prefix_00"", ""num_steps"": 15, ""stages"": [], ""front"": 2, ""inject"": 4, ""tail_pad"": 1, ""mask_source"": ""oracle"", ""image_kv_layers"": [], ""it_gate_layers"": []}",cd /root/autodl-tmp/part-level-residual-rk2/core/third_party/FollowYourShape/src && /root/miniconda3/bin/python edit.py --source_img_dir /root/autodl-tmp/part-level-residual-rk2/core/data/partedit_subset/cases/real_0000/source.png --source_prompt 'a robot standing in a warehouse with boxes' --target_prompt 'a robot with armored torso standing in a warehouse with boxes' --guidance 2.0 --num_steps 15 --front 2 --inject 4 --seed 0 --name flux-dev --controlnet_type none --output_dir /root/autodl-tmp/part-level-residual-rk2/core/results/control_operations/residual_rk2_prefix_sweep/duration_00/real_0000/seed_000 --vis_path /root/autodl-tmp/part-level-residual-rk2/core/results/control_operations/residual_rk2_prefix_sweep/duration_00/real_0000/seed_000/tdm --feature_path /root/autodl-tmp/part-level-residual-rk2/core/results/control_operations/residual_rk2_prefix_sweep/duration_00/real_0000/seed_000/features --mask_path /root/autodl-tmp/part-level-residual-rk2/core/data/partedit_subset/cases/real_0000/gt_mask.png --tdm_mask_mode oracle --attention_part torso --attention_edit armored --control-plan-resolved /root/autodl-tmp/part-level-residual-rk2/core/results/control_operations/residual_rk2_prefix_sweep/plans/duration_00.json --offload
real_0011_seed_000,real_0011,0,residual_rk2_prefix_00,core/results/control_operations/residual_rk2_prefix_sweep/plans/duration_00.json,7a505b321d69ae42ddd0acf4204ac5dd1cc3e77fa7c286386b84fc4cf6e78904,core/data/partedit_subset/cases/real_0011/source.png,core/data/partedit_subset/cases/real_0011/gt_mask.png,a man with a smile on his face,a man with curly_hair hair with a smile on his face,hair,curly_hair,large,core/results/control_operations/residual_rk2_prefix_sweep/duration_00/real_0011/seed_000,flux-dev,2.0,15,2,4,1,True,"{""name"": ""residual_rk2_prefix_00"", ""num_steps"": 15, ""stages"": [], ""front"": 2, ""inject"": 4, ""tail_pad"": 1, ""mask_source"": ""oracle"", ""image_kv_layers"": [], ""it_gate_layers"": []}",cd /root/autodl-tmp/part-level-residual-rk2/core/third_party/FollowYourShape/src && /root/miniconda3/bin/python edit.py --source_img_dir /root/autodl-tmp/part-level-residual-rk2/core/data/partedit_subset/cases/real_0011/source.png --source_prompt 'a man with a smile on his face' --target_prompt 'a man with curly_hair hair with a smile on his face' --guidance 2.0 --num_steps 15 --front 2 --inject 4 --seed 0 --name flux-dev --controlnet_type none --output_dir /root/autodl-tmp/part-level-residual-rk2/core/results/control_operations/residual_rk2_prefix_sweep/duration_00/real_0011/seed_000 --vis_path /root/autodl-tmp/part-level-residual-rk2/core/results/control_operations/residual_rk2_prefix_sweep/duration_00/real_0011/seed_000/tdm --feature_path /root/autodl-tmp/part-level-residual-rk2/core/results/control_operations/residual_rk2_prefix_sweep/duration_00/real_0011/seed_000/features --mask_path /root/autodl-tmp/part-level-residual-rk2/core/data/partedit_subset/cases/real_0011/gt_mask.png --tdm_mask_mode oracle --attention_part hair --attention_edit curly_hair --control-plan-resolved /root/autodl-tmp/part-level-residual-rk2/core/results/control_operations/residual_rk2_prefix_sweep/plans/duration_00.json --offload
real_0005_seed_000,real_0005,0,residual_rk2_prefix_00,core/results/control_operations/residual_rk2_prefix_sweep/plans/duration_00.json,7a505b321d69ae42ddd0acf4204ac5dd1cc3e77fa7c286386b84fc4cf6e78904,core/data/partedit_subset/cases/real_0005/source.png,core/data/partedit_subset/cases/real_0005/gt_mask.png,a brown bear standing on a rock,a brown bear with dog head standing on a rock,head,dog,large,core/results/control_operations/residual_rk2_prefix_sweep/duration_00/real_0005/seed_000,flux-dev,2.0,15,2,4,1,True,"{""name"": ""residual_rk2_prefix_00"", ""num_steps"": 15, ""stages"": [], ""front"": 2, ""inject"": 4, ""tail_pad"": 1, ""mask_source"": ""oracle"", ""image_kv_layers"": [], ""it_gate_layers"": []}",cd /root/autodl-tmp/part-level-residual-rk2/core/third_party/FollowYourShape/src && /root/miniconda3/bin/python edit.py --source_img_dir /root/autodl-tmp/part-level-residual-rk2/core/data/partedit_subset/cases/real_0005/source.png --source_prompt 'a brown bear standing on a rock' --target_prompt 'a brown bear with dog head standing on a rock' --guidance 2.0 --num_steps 15 --front 2 --inject 4 --seed 0 --name flux-dev --controlnet_type none --output_dir /root/autodl-tmp/part-level-residual-rk2/core/results/control_operations/residual_rk2_prefix_sweep/duration_00/real_0005/seed_000 --vis_path /root/autodl-tmp/part-level-residual-rk2/core/results/control_operations/residual_rk2_prefix_sweep/duration_00/real_0005/seed_000/tdm --feature_path /root/autodl-tmp/part-level-residual-rk2/core/results/control_operations/residual_rk2_prefix_sweep/duration_00/real_0005/seed_000/features --mask_path /root/autodl-tmp/part-level-residual-rk2/core/data/partedit_subset/cases/real_0005/gt_mask.png --tdm_mask_mode oracle --attention_part head --attention_edit dog --control-plan-resolved /root/autodl-tmp/part-level-residual-rk2/core/results/control_operations/residual_rk2_prefix_sweep/plans/duration_00.json --offload
real_0009_seed_000,real_0009,0,residual_rk2_prefix_00,core/results/control_operations/residual_rk2_prefix_sweep/plans/duration_00.json,7a505b321d69ae42ddd0acf4204ac5dd1cc3e77fa7c286386b84fc4cf6e78904,core/data/partedit_subset/cases/real_0009/source.png,core/data/partedit_subset/cases/real_0009/gt_mask.png,ferrari 812 superfast by kimberly kim,ferrari with rusted carbody 812 superfast by kimberly kim,carbody,rusted,large,core/results/control_operations/residual_rk2_prefix_sweep/duration_00/real_0009/seed_000,flux-dev,2.0,15,2,4,1,True,"{""name"": ""residual_rk2_prefix_00"", ""num_steps"": 15, ""stages"": [], ""front"": 2, ""inject"": 4, ""tail_pad"": 1, ""mask_source"": ""oracle"", ""image_kv_layers"": [], ""it_gate_layers"": []}",cd /root/autodl-tmp/part-level-residual-rk2/core/third_party/FollowYourShape/src && /root/miniconda3/bin/python edit.py --source_img_dir /root/autodl-tmp/part-level-residual-rk2/core/data/partedit_subset/cases/real_0009/source.png --source_prompt 'ferrari 812 superfast by kimberly kim' --target_prompt 'ferrari with rusted carbody 812 superfast by kimberly kim' --guidance 2.0 --num_steps 15 --front 2 --inject 4 --seed 0 --name flux-dev --controlnet_type none --output_dir /root/autodl-tmp/part-level-residual-rk2/core/results/control_operations/residual_rk2_prefix_sweep/duration_00/real_0009/seed_000 --vis_path /root/autodl-tmp/part-level-residual-rk2/core/results/control_operations/residual_rk2_prefix_sweep/duration_00/real_0009/seed_000/tdm --feature_path /root/autodl-tmp/part-level-residual-rk2/core/results/control_operations/residual_rk2_prefix_sweep/duration_00/real_0009/seed_000/features --mask_path /root/autodl-tmp/part-level-residual-rk2/core/data/partedit_subset/cases/real_0009/gt_mask.png --tdm_mask_mode oracle --attention_part carbody --attention_edit rusted --control-plan-resolved /root/autodl-tmp/part-level-residual-rk2/core/results/control_operations/residual_rk2_prefix_sweep/plans/duration_00.json --offload
real_0006_seed_000,real_0006,0,residual_rk2_prefix_01,core/results/control_operations/residual_rk2_prefix_sweep/plans/duration_01.json,87d1f31933c67ec4d81185f7c7f61d1577262dda93a117b3941277363065bb84,core/data/partedit_subset/cases/real_0006/source.png,core/data/partedit_subset/cases/real_0006/gt_mask.png,a man standing in a park wearing a green shirt,a man with alien head standing in a park wearing a green shirt,head,alien,small,core/results/control_operations/residual_rk2_prefix_sweep/duration_01/real_0006/seed_000,flux-dev,2.0,15,2,4,1,True,"{""name"": ""residual_rk2_prefix_01"", ""num_steps"": 15, ""stages"": [{""name"": ""residual_prefix"", ""start"": 0, ""end"": 0, ""prompt"": ""target"", ""image_kv"": ""none"", ""it_gate"": ""none"", ""it_gate_strength"": 1.0, ""it_gate_epsilon"": 0.0001, ""latent_projection"": ""none"", ""residual_control"": ""source_referenced_rk2""}], ""front"": 2, ""inject"": 4, ""tail_pad"": 1, ""mask_source"": ""oracle"", ""image_kv_layers"": [], ""it_gate_layers"": []}",cd /root/autodl-tmp/part-level-residual-rk2/core/third_party/FollowYourShape/src && /root/miniconda3/bin/python edit.py --source_img_dir /root/autodl-tmp/part-level-residual-rk2/core/data/partedit_subset/cases/real_0006/source.png --source_prompt 'a man standing in a park wearing a green shirt' --target_prompt 'a man with alien head standing in a park wearing a green shirt' --guidance 2.0 --num_steps 15 --front 2 --inject 4 --seed 0 --name flux-dev --controlnet_type none --output_dir /root/autodl-tmp/part-level-residual-rk2/core/results/control_operations/residual_rk2_prefix_sweep/duration_01/real_0006/seed_000 --vis_path /root/autodl-tmp/part-level-residual-rk2/core/results/control_operations/residual_rk2_prefix_sweep/duration_01/real_0006/seed_000/tdm --feature_path /root/autodl-tmp/part-level-residual-rk2/core/results/control_operations/residual_rk2_prefix_sweep/duration_01/real_0006/seed_000/features --mask_path /root/autodl-tmp/part-level-residual-rk2/core/data/partedit_subset/cases/real_0006/gt_mask.png --tdm_mask_mode oracle --attention_part head --attention_edit alien --control-plan-resolved /root/autodl-tmp/part-level-residual-rk2/core/results/control_operations/residual_rk2_prefix_sweep/plans/duration_01.json --offload
real_0008_seed_000,real_0008,0,residual_rk2_prefix_01,core/results/control_operations/residual_rk2_prefix_sweep/plans/duration_01.json,87d1f31933c67ec4d81185f7c7f61d1577262dda93a117b3941277363065bb84,core/data/partedit_subset/cases/real_0008/source.png,core/data/partedit_subset/cases/real_0008/gt_mask.png,a dog standing in a field with grass and water,a dog with bear head standing in a field with grass and water,head,bear,small,core/results/control_operations/residual_rk2_prefix_sweep/duration_01/real_0008/seed_000,flux-dev,2.0,15,2,4,1,True,"{""name"": ""residual_rk2_prefix_01"", ""num_steps"": 15, ""stages"": [{""name"": ""residual_prefix"", ""start"": 0, ""end"": 0, ""prompt"": ""target"", ""image_kv"": ""none"", ""it_gate"": ""none"", ""it_gate_strength"": 1.0, ""it_gate_epsilon"": 0.0001, ""latent_projection"": ""none"", ""residual_control"": ""source_referenced_rk2""}], ""front"": 2, ""inject"": 4, ""tail_pad"": 1, ""mask_source"": ""oracle"", ""image_kv_layers"": [], ""it_gate_layers"": []}",cd /root/autodl-tmp/part-level-residual-rk2/core/third_party/FollowYourShape/src && /root/miniconda3/bin/python edit.py --source_img_dir /root/autodl-tmp/part-level-residual-rk2/core/data/partedit_subset/cases/real_0008/source.png --source_prompt 'a dog standing in a field with grass and water' --target_prompt 'a dog with bear head standing in a field with grass and water' --guidance 2.0 --num_steps 15 --front 2 --inject 4 --seed 0 --name flux-dev --controlnet_type none --output_dir /root/autodl-tmp/part-level-residual-rk2/core/results/control_operations/residual_rk2_prefix_sweep/duration_01/real_0008/seed_000 --vis_path /root/autodl-tmp/part-level-residual-rk2/core/results/control_operations/residual_rk2_prefix_sweep/duration_01/real_0008/seed_000/tdm --feature_path /root/autodl-tmp/part-level-residual-rk2/core/results/control_operations/residual_rk2_prefix_sweep/duration_01/real_0008/seed_000/features --mask_path /root/autodl-tmp/part-level-residual-rk2/core/data/partedit_subset/cases/real_0008/gt_mask.png --tdm_mask_mode oracle --attention_part head --attention_edit bear --control-plan-resolved /root/autodl-tmp/part-level-residual-rk2/core/results/control_operations/residual_rk2_prefix_sweep/plans/duration_01.json --offload
real_0003_seed_000,real_0003,0,residual_rk2_prefix_01,core/results/control_operations/residual_rk2_prefix_sweep/plans/duration_01.json,87d1f31933c67ec4d81185f7c7f61d1577262dda93a117b3941277363065bb84,core/data/partedit_subset/cases/real_0003/source.png,core/data/partedit_subset/cases/real_0003/gt_mask.png,a horse running in a field,a horse with cheetah head running in a field,head,cheetah,small,core/results/control_operations/residual_rk2_prefix_sweep/duration_01/real_0003/seed_000,flux-dev,2.0,15,2,4,1,True,"{""name"": ""residual_rk2_prefix_01"", ""num_steps"": 15, ""stages"": [{""name"": ""residual_prefix"", ""start"": 0, ""end"": 0, ""prompt"": ""target"", ""image_kv"": ""none"", ""it_gate"": ""none"", ""it_gate_strength"": 1.0, ""it_gate_epsilon"": 0.0001, ""latent_projection"": ""none"", ""residual_control"": ""source_referenced_rk2""}], ""front"": 2, ""inject"": 4, ""tail_pad"": 1, ""mask_source"": ""oracle"", ""image_kv_layers"": [], ""it_gate_layers"": []}",cd /root/autodl-tmp/part-level-residual-rk2/core/third_party/FollowYourShape/src && /root/miniconda3/bin/python edit.py --source_img_dir /root/autodl-tmp/part-level-residual-rk2/core/data/partedit_subset/cases/real_0003/source.png --source_prompt 'a horse running in a field' --target_prompt 'a horse with cheetah head running in a field' --guidance 2.0 --num_steps 15 --front 2 --inject 4 --seed 0 --name flux-dev --controlnet_type none --output_dir /root/autodl-tmp/part-level-residual-rk2/core/results/control_operations/residual_rk2_prefix_sweep/duration_01/real_0003/seed_000 --vis_path /root/autodl-tmp/part-level-residual-rk2/core/results/control_operations/residual_rk2_prefix_sweep/duration_01/real_0003/seed_000/tdm --feature_path /root/autodl-tmp/part-level-residual-rk2/core/results/control_operations/residual_rk2_prefix_sweep/duration_01/real_0003/seed_000/features --mask_path /root/autodl-tmp/part-level-residual-rk2/core/data/partedit_subset/cases/real_0003/gt_mask.png --tdm_mask_mode oracle --attention_part head --attention_edit cheetah --control-plan-resolved /root/autodl-tmp/part-level-residual-rk2/core/results/control_operations/residual_rk2_prefix_sweep/plans/duration_01.json --offload
real_0002_seed_000,real_0002,0,residual_rk2_prefix_01,core/results/control_operations/residual_rk2_prefix_sweep/plans/duration_01.json,87d1f31933c67ec4d81185f7c7f61d1577262dda93a117b3941277363065bb84,core/data/partedit_subset/cases/real_0002/source.png,core/data/partedit_subset/cases/real_0002/gt_mask.png,a chair and table in front of a glass door,a chair with mesh seat and table in front of a glass door,seat,mesh,small,core/results/control_operations/residual_rk2_prefix_sweep/duration_01/real_0002/seed_000,flux-dev,2.0,15,2,4,1,True,"{""name"": ""residual_rk2_prefix_01"", ""num_steps"": 15, ""stages"": [{""name"": ""residual_prefix"", ""start"": 0, ""end"": 0, ""prompt"": ""target"", ""image_kv"": ""none"", ""it_gate"": ""none"", ""it_gate_strength"": 1.0, ""it_gate_epsilon"": 0.0001, ""latent_projection"": ""none"", ""residual_control"": ""source_referenced_rk2""}], ""front"": 2, ""inject"": 4, ""tail_pad"": 1, ""mask_source"": ""oracle"", ""image_kv_layers"": [], ""it_gate_layers"": []}",cd /root/autodl-tmp/part-level-residual-rk2/core/third_party/FollowYourShape/src && /root/miniconda3/bin/python edit.py --source_img_dir /root/autodl-tmp/part-level-residual-rk2/core/data/partedit_subset/cases/real_0002/source.png --source_prompt 'a chair and table in front of a glass door' --target_prompt 'a chair with mesh seat and table in front of a glass door' --guidance 2.0 --num_steps 15 --front 2 --inject 4 --seed 0 --name flux-dev --controlnet_type none --output_dir /root/autodl-tmp/part-level-residual-rk2/core/results/control_operations/residual_rk2_prefix_sweep/duration_01/real_0002/seed_000 --vis_path /root/autodl-tmp/part-level-residual-rk2/core/results/control_operations/residual_rk2_prefix_sweep/duration_01/real_0002/seed_000/tdm --feature_path /root/autodl-tmp/part-level-residual-rk2/core/results/control_operations/residual_rk2_prefix_sweep/duration_01/real_0002/seed_000/features --mask_path /root/autodl-tmp/part-level-residual-rk2/core/data/partedit_subset/cases/real_0002/gt_mask.png --tdm_mask_mode oracle --attention_part seat --attention_edit mesh --control-plan-resolved /root/autodl-tmp/part-level-residual-rk2/core/results/control_operations/residual_rk2_prefix_sweep/plans/duration_01.json --offload
real_0010_seed_000,real_0010,0,residual_rk2_prefix_01,core/results/control_operations/residual_rk2_prefix_sweep/plans/duration_01.json,87d1f31933c67ec4d81185f7c7f61d1577262dda93a117b3941277363065bb84,core/data/partedit_subset/cases/real_0010/source.png,core/data/partedit_subset/cases/real_0010/gt_mask.png,a cow standing on a street,a cow with dragon head standing on a street,head,dragon,medium,core/results/control_operations/residual_rk2_prefix_sweep/duration_01/real_0010/seed_000,flux-dev,2.0,15,2,4,1,True,"{""name"": ""residual_rk2_prefix_01"", ""num_steps"": 15, ""stages"": [{""name"": ""residual_prefix"", ""start"": 0, ""end"": 0, ""prompt"": ""target"", ""image_kv"": ""none"", ""it_gate"": ""none"", ""it_gate_strength"": 1.0, ""it_gate_epsilon"": 0.0001, ""latent_projection"": ""none"", ""residual_control"": ""source_referenced_rk2""}], ""front"": 2, ""inject"": 4, ""tail_pad"": 1, ""mask_source"": ""oracle"", ""image_kv_layers"": [], ""it_gate_layers"": []}",cd /root/autodl-tmp/part-level-residual-rk2/core/third_party/FollowYourShape/src && /root/miniconda3/bin/python edit.py --source_img_dir /root/autodl-tmp/part-level-residual-rk2/core/data/partedit_subset/cases/real_0010/source.png --source_prompt 'a cow standing on a street' --target_prompt 'a cow with dragon head standing on a street' --guidance 2.0 --num_steps 15 --front 2 --inject 4 --seed 0 --name flux-dev --controlnet_type none --output_dir /root/autodl-tmp/part-level-residual-rk2/core/results/control_operations/residual_rk2_prefix_sweep/duration_01/real_0010/seed_000 --vis_path /root/autodl-tmp/part-level-residual-rk2/core/results/control_operations/residual_rk2_prefix_sweep/duration_01/real_0010/seed_000/tdm --feature_path /root/autodl-tmp/part-level-residual-rk2/core/results/control_operations/residual_rk2_prefix_sweep/duration_01/real_0010/seed_000/features --mask_path /root/autodl-tmp/part-level-residual-rk2/core/data/partedit_subset/cases/real_0010/gt_mask.png --tdm_mask_mode oracle --attention_part head --attention_edit dragon --control-plan-resolved /root/autodl-tmp/part-level-residual-rk2/core/results/control_operations/residual_rk2_prefix_sweep/plans/duration_01.json --offload
real_0004_seed_000,real_0004,0,residual_rk2_prefix_01,core/results/control_operations/residual_rk2_prefix_sweep/plans/duration_01.json,87d1f31933c67ec4d81185f7c7f61d1577262dda93a117b3941277363065bb84,core/data/partedit_subset/cases/real_0004/source.png,core/data/partedit_subset/cases/real_0004/gt_mask.png,a white toyota avanza parked in front of a house,a white toyota with rusted carhood avanza parked in front of a house,carhood,rusted,medium,core/results/control_operations/residual_rk2_prefix_sweep/duration_01/real_0004/seed_000,flux-dev,2.0,15,2,4,1,True,"{""name"": ""residual_rk2_prefix_01"", ""num_steps"": 15, ""stages"": [{""name"": ""residual_prefix"", ""start"": 0, ""end"": 0, ""prompt"": ""target"", ""image_kv"": ""none"", ""it_gate"": ""none"", ""it_gate_strength"": 1.0, ""it_gate_epsilon"": 0.0001, ""latent_projection"": ""none"", ""residual_control"": ""source_referenced_rk2""}], ""front"": 2, ""inject"": 4, ""tail_pad"": 1, ""mask_source"": ""oracle"", ""image_kv_layers"": [], ""it_gate_layers"": []}",cd /root/autodl-tmp/part-level-residual-rk2/core/third_party/FollowYourShape/src && /root/miniconda3/bin/python edit.py --source_img_dir /root/autodl-tmp/part-level-residual-rk2/core/data/partedit_subset/cases/real_0004/source.png --source_prompt 'a white toyota avanza parked in front of a house' --target_prompt 'a white toyota with rusted carhood avanza parked in front of a house' --guidance 2.0 --num_steps 15 --front 2 --inject 4 --seed 0 --name flux-dev --controlnet_type none --output_dir /root/autodl-tmp/part-level-residual-rk2/core/results/control_operations/residual_rk2_prefix_sweep/duration_01/real_0004/seed_000 --vis_path /root/autodl-tmp/part-level-residual-rk2/core/results/control_operations/residual_rk2_prefix_sweep/duration_01/real_0004/seed_000/tdm --feature_path /root/autodl-tmp/part-level-residual-rk2/core/results/control_operations/residual_rk2_prefix_sweep/duration_01/real_0004/seed_000/features --mask_path /root/autodl-tmp/part-level-residual-rk2/core/data/partedit_subset/cases/real_0004/gt_mask.png --tdm_mask_mode oracle --attention_part carhood --attention_edit rusted --control-plan-resolved /root/autodl-tmp/part-level-residual-rk2/core/results/control_operations/residual_rk2_prefix_sweep/plans/duration_01.json --offload
real_0007_seed_000,real_0007,0,residual_rk2_prefix_01,core/results/control_operations/residual_rk2_prefix_sweep/plans/duration_01.json,87d1f31933c67ec4d81185f7c7f61d1577262dda93a117b3941277363065bb84,core/data/partedit_subset/cases/real_0007/source.png,core/data/partedit_subset/cases/real_0007/gt_mask.png,a mahogany armchair,a mahogany armchair with leather seat,seat,leather,medium,core/results/control_operations/residual_rk2_prefix_sweep/duration_01/real_0007/seed_000,flux-dev,2.0,15,2,4,1,True,"{""name"": ""residual_rk2_prefix_01"", ""num_steps"": 15, ""stages"": [{""name"": ""residual_prefix"", ""start"": 0, ""end"": 0, ""prompt"": ""target"", ""image_kv"": ""none"", ""it_gate"": ""none"", ""it_gate_strength"": 1.0, ""it_gate_epsilon"": 0.0001, ""latent_projection"": ""none"", ""residual_control"": ""source_referenced_rk2""}], ""front"": 2, ""inject"": 4, ""tail_pad"": 1, ""mask_source"": ""oracle"", ""image_kv_layers"": [], ""it_gate_layers"": []}",cd /root/autodl-tmp/part-level-residual-rk2/core/third_party/FollowYourShape/src && /root/miniconda3/bin/python edit.py --source_img_dir /root/autodl-tmp/part-level-residual-rk2/core/data/partedit_subset/cases/real_0007/source.png --source_prompt 'a mahogany armchair' --target_prompt 'a mahogany armchair with leather seat' --guidance 2.0 --num_steps 15 --front 2 --inject 4 --seed 0 --name flux-dev --controlnet_type none --output_dir /root/autodl-tmp/part-level-residual-rk2/core/results/control_operations/residual_rk2_prefix_sweep/duration_01/real_0007/seed_000 --vis_path /root/autodl-tmp/part-level-residual-rk2/core/results/control_operations/residual_rk2_prefix_sweep/duration_01/real_0007/seed_000/tdm --feature_path /root/autodl-tmp/part-level-residual-rk2/core/results/control_operations/residual_rk2_prefix_sweep/duration_01/real_0007/seed_000/features --mask_path /root/autodl-tmp/part-level-residual-rk2/core/data/partedit_subset/cases/real_0007/gt_mask.png --tdm_mask_mode oracle --attention_part seat --attention_edit leather --control-plan-resolved /root/autodl-tmp/part-level-residual-rk2/core/results/control_operations/residual_rk2_prefix_sweep/plans/duration_01.json --offload
real_0001_seed_000,real_0001,0,residual_rk2_prefix_01,core/results/control_operations/residual_rk2_prefix_sweep/plans/duration_01.json,87d1f31933c67ec4d81185f7c7f61d1577262dda93a117b3941277363065bb84,core/data/partedit_subset/cases/real_0001/source.png,core/data/partedit_subset/cases/real_0001/gt_mask.png,a dog running in the grass,a dog with cat head running in the grass,head,cat,medium,core/results/control_operations/residual_rk2_prefix_sweep/duration_01/real_0001/seed_000,flux-dev,2.0,15,2,4,1,True,"{""name"": ""residual_rk2_prefix_01"", ""num_steps"": 15, ""stages"": [{""name"": ""residual_prefix"", ""start"": 0, ""end"": 0, ""prompt"": ""target"", ""image_kv"": ""none"", ""it_gate"": ""none"", ""it_gate_strength"": 1.0, ""it_gate_epsilon"": 0.0001, ""latent_projection"": ""none"", ""residual_control"": ""source_referenced_rk2""}], ""front"": 2, ""inject"": 4, ""tail_pad"": 1, ""mask_source"": ""oracle"", ""image_kv_layers"": [], ""it_gate_layers"": []}",cd /root/autodl-tmp/part-level-residual-rk2/core/third_party/FollowYourShape/src && /root/miniconda3/bin/python edit.py --source_img_dir /root/autodl-tmp/part-level-residual-rk2/core/data/partedit_subset/cases/real_0001/source.png --source_prompt 'a dog running in the grass' --target_prompt 'a dog with cat head running in the grass' --guidance 2.0 --num_steps 15 --front 2 --inject 4 --seed 0 --name flux-dev --controlnet_type none --output_dir /root/autodl-tmp/part-level-residual-rk2/core/results/control_operations/residual_rk2_prefix_sweep/duration_01/real_0001/seed_000 --vis_path /root/autodl-tmp/part-level-residual-rk2/core/results/control_operations/residual_rk2_prefix_sweep/duration_01/real_0001/seed_000/tdm --feature_path /root/autodl-tmp/part-level-residual-rk2/core/results/control_operations/residual_rk2_prefix_sweep/duration_01/real_0001/seed_000/features --mask_path /root/autodl-tmp/part-level-residual-rk2/core/data/partedit_subset/cases/real_0001/gt_mask.png --tdm_mask_mode oracle --attention_part head --attention_edit cat --control-plan-resolved /root/autodl-tmp/part-level-residual-rk2/core/results/control_operations/residual_rk2_prefix_sweep/plans/duration_01.json --offload
real_0000_seed_000,real_0000,0,residual_rk2_prefix_01,core/results/control_operations/residual_rk2_prefix_sweep/plans/duration_01.json,87d1f31933c67ec4d81185f7c7f61d1577262dda93a117b3941277363065bb84,core/data/partedit_subset/cases/real_0000/source.png,core/data/partedit_subset/cases/real_0000/gt_mask.png,a robot standing in a warehouse with boxes,a robot with armored torso standing in a warehouse with boxes,torso,armored,large,core/results/control_operations/residual_rk2_prefix_sweep/duration_01/real_0000/seed_000,flux-dev,2.0,15,2,4,1,True,"{""name"": ""residual_rk2_prefix_01"", ""num_steps"": 15, ""stages"": [{""name"": ""residual_prefix"", ""start"": 0, ""end"": 0, ""prompt"": ""target"", ""image_kv"": ""none"", ""it_gate"": ""none"", ""it_gate_strength"": 1.0, ""it_gate_epsilon"": 0.0001, ""latent_projection"": ""none"", ""residual_control"": ""source_referenced_rk2""}], ""front"": 2, ""inject"": 4, ""tail_pad"": 1, ""mask_source"": ""oracle"", ""image_kv_layers"": [], ""it_gate_layers"": []}",cd /root/autodl-tmp/part-level-residual-rk2/core/third_party/FollowYourShape/src && /root/miniconda3/bin/python edit.py --source_img_dir /root/autodl-tmp/part-level-residual-rk2/core/data/partedit_subset/cases/real_0000/source.png --source_prompt 'a robot standing in a warehouse with boxes' --target_prompt 'a robot with armored torso standing in a warehouse with boxes' --guidance 2.0 --num_steps 15 --front 2 --inject 4 --seed 0 --name flux-dev --controlnet_type none --output_dir /root/autodl-tmp/part-level-residual-rk2/core/results/control_operations/residual_rk2_prefix_sweep/duration_01/real_0000/seed_000 --vis_path /root/autodl-tmp/part-level-residual-rk2/core/results/control_operations/residual_rk2_prefix_sweep/duration_01/real_0000/seed_000/tdm --feature_path /root/autodl-tmp/part-level-residual-rk2/core/results/control_operations/residual_rk2_prefix_sweep/duration_01/real_0000/seed_000/features --mask_path /root/autodl-tmp/part-level-residual-rk2/core/data/partedit_subset/cases/real_0000/gt_mask.png --tdm_mask_mode oracle --attention_part torso --attention_edit armored --control-plan-resolved /root/autodl-tmp/part-level-residual-rk2/core/results/control_operations/residual_rk2_prefix_sweep/plans/duration_01.json --offload
real_0011_seed_000,real_0011,0,residual_rk2_prefix_01,core/results/control_operations/residual_rk2_prefix_sweep/plans/duration_01.json,87d1f31933c67ec4d81185f7c7f61d1577262dda93a117b3941277363065bb84,core/data/partedit_subset/cases/real_0011/source.png,core/data/partedit_subset/cases/real_0011/gt_mask.png,a man with a smile on his face,a man with curly_hair hair with a smile on his face,hair,curly_hair,large,core/results/control_operations/residual_rk2_prefix_sweep/duration_01/real_0011/seed_000,flux-dev,2.0,15,2,4,1,True,"{""name"": ""residual_rk2_prefix_01"", ""num_steps"": 15, ""stages"": [{""name"": ""residual_prefix"", ""start"": 0, ""end"": 0, ""prompt"": ""target"", ""image_kv"": ""none"", ""it_gate"": ""none"", ""it_gate_strength"": 1.0, ""it_gate_epsilon"": 0.0001, ""latent_projection"": ""none"", ""residual_control"": ""source_referenced_rk2""}], ""front"": 2, ""inject"": 4, ""tail_pad"": 1, ""mask_source"": ""oracle"", ""image_kv_layers"": [], ""it_gate_layers"": []}",cd /root/autodl-tmp/part-level-residual-rk2/core/third_party/FollowYourShape/src && /root/miniconda3/bin/python edit.py --source_img_dir /root/autodl-tmp/part-level-residual-rk2/core/data/partedit_subset/cases/real_0011/source.png --source_prompt 'a man with a smile on his face' --target_prompt 'a man with curly_hair hair with a smile on his face' --guidance 2.0 --num_steps 15 --front 2 --inject 4 --seed 0 --name flux-dev --controlnet_type none --output_dir /root/autodl-tmp/part-level-residual-rk2/core/results/control_operations/residual_rk2_prefix_sweep/duration_01/real_0011/seed_000 --vis_path /root/autodl-tmp/part-level-residual-rk2/core/results/control_operations/residual_rk2_prefix_sweep/duration_01/real_0011/seed_000/tdm --feature_path /root/autodl-tmp/part-level-residual-rk2/core/results/control_operations/residual_rk2_prefix_sweep/duration_01/real_0011/seed_000/features --mask_path /root/autodl-tmp/part-level-residual-rk2/core/data/partedit_subset/cases/real_0011/gt_mask.png --tdm_mask_mode oracle --attention_part hair --attention_edit curly_hair --control-plan-resolved /root/autodl-tmp/part-level-residual-rk2/core/results/control_operations/residual_rk2_prefix_sweep/plans/duration_01.json --offload
real_0005_seed_000,real_0005,0,residual_rk2_prefix_01,core/results/control_operations/residual_rk2_prefix_sweep/plans/duration_01.json,87d1f31933c67ec4d81185f7c7f61d1577262dda93a117b3941277363065bb84,core/data/partedit_subset/cases/real_0005/source.png,core/data/partedit_subset/cases/real_0005/gt_mask.png,a brown bear standing on a rock,a brown bear with dog head standing on a rock,head,dog,large,core/results/control_operations/residual_rk2_prefix_sweep/duration_01/real_0005/seed_000,flux-dev,2.0,15,2,4,1,True,"{""name"": ""residual_rk2_prefix_01"", ""num_steps"": 15, ""stages"": [{""name"": ""residual_prefix"", ""start"": 0, ""end"": 0, ""prompt"": ""target"", ""image_kv"": ""none"", ""it_gate"": ""none"", ""it_gate_strength"": 1.0, ""it_gate_epsilon"": 0.0001, ""latent_projection"": ""none"", ""residual_control"": ""source_referenced_rk2""}], ""front"": 2, ""inject"": 4, ""tail_pad"": 1, ""mask_source"": ""oracle"", ""image_kv_layers"": [], ""it_gate_layers"": []}",cd /root/autodl-tmp/part-level-residual-rk2/core/third_party/FollowYourShape/src && /root/miniconda3/bin/python edit.py --source_img_dir /root/autodl-tmp/part-level-residual-rk2/core/data/partedit_subset/cases/real_0005/source.png --source_prompt 'a brown bear standing on a rock' --target_prompt 'a brown bear with dog head standing on a rock' --guidance 2.0 --num_steps 15 --front 2 --inject 4 --seed 0 --name flux-dev --controlnet_type none --output_dir /root/autodl-tmp/part-level-residual-rk2/core/results/control_operations/residual_rk2_prefix_sweep/duration_01/real_0005/seed_000 --vis_path /root/autodl-tmp/part-level-residual-rk2/core/results/control_operations/residual_rk2_prefix_sweep/duration_01/real_0005/seed_000/tdm --feature_path /root/autodl-tmp/part-level-residual-rk2/core/results/control_operations/residual_rk2_prefix_sweep/duration_01/real_0005/seed_000/features --mask_path /root/autodl-tmp/part-level-residual-rk2/core/data/partedit_subset/cases/real_0005/gt_mask.png --tdm_mask_mode oracle --attention_part head --attention_edit dog --control-plan-resolved /root/autodl-tmp/part-level-residual-rk2/core/results/control_operations/residual_rk2_prefix_sweep/plans/duration_01.json --offload
real_0009_seed_000,real_0009,0,residual_rk2_prefix_01,core/results/control_operations/residual_rk2_prefix_sweep/plans/duration_01.json,87d1f31933c67ec4d81185f7c7f61d1577262dda93a117b3941277363065bb84,core/data/partedit_subset/cases/real_0009/source.png,core/data/partedit_subset/cases/real_0009/gt_mask.png,ferrari 812 superfast by kimberly kim,ferrari with rusted carbody 812 superfast by kimberly kim,carbody,rusted,large,core/results/control_operations/residual_rk2_prefix_sweep/duration_01/real_0009/seed_000,flux-dev,2.0,15,2,4,1,True,"{""name"": ""residual_rk2_prefix_01"", ""num_steps"": 15, ""stages"": [{""name"": ""residual_prefix"", ""start"": 0, ""end"": 0, ""prompt"": ""target"", ""image_kv"": ""none"", ""it_gate"": ""none"", ""it_gate_strength"": 1.0, ""it_gate_epsilon"": 0.0001, ""latent_projection"": ""none"", ""residual_control"": ""source_referenced_rk2""}], ""front"": 2, ""inject"": 4, ""tail_pad"": 1, ""mask_source"": ""oracle"", ""image_kv_layers"": [], ""it_gate_layers"": []}",cd /root/autodl-tmp/part-level-residual-rk2/core/third_party/FollowYourShape/src && /root/miniconda3/bin/python edit.py --source_img_dir /root/autodl-tmp/part-level-residual-rk2/core/data/partedit_subset/cases/real_0009/source.png --source_prompt 'ferrari 812 superfast by kimberly kim' --target_prompt 'ferrari with rusted carbody 812 superfast by kimberly kim' --guidance 2.0 --num_steps 15 --front 2 --inject 4 --seed 0 --name flux-dev --controlnet_type none --output_dir /root/autodl-tmp/part-level-residual-rk2/core/results/control_operations/residual_rk2_prefix_sweep/duration_01/real_0009/seed_000 --vis_path /root/autodl-tmp/part-level-residual-rk2/core/results/control_operations/residual_rk2_prefix_sweep/duration_01/real_0009/seed_000/tdm --feature_path /root/autodl-tmp/part-level-residual-rk2/core/results/control_operations/residual_rk2_prefix_sweep/duration_01/real_0009/seed_000/features --mask_path /root/autodl-tmp/part-level-residual-rk2/core/data/partedit_subset/cases/real_0009/gt_mask.png --tdm_mask_mode oracle --attention_part carbody --attention_edit rusted --control-plan-resolved /root/autodl-tmp/part-level-residual-rk2/core/results/control_operations/residual_rk2_prefix_sweep/plans/duration_01.json --offload
real_0006_seed_000,real_0006,0,residual_rk2_prefix_02,core/results/control_operations/residual_rk2_prefix_sweep/plans/duration_02.json,69fbfee34598197b19ed7ccd21caf9318c57b2dfe985d1c958d90ddcb20974c6,core/data/partedit_subset/cases/real_0006/source.png,core/data/partedit_subset/cases/real_0006/gt_mask.png,a man standing in a park wearing a green shirt,a man with alien head standing in a park wearing a green shirt,head,alien,small,core/results/control_operations/residual_rk2_prefix_sweep/duration_02/real_0006/seed_000,flux-dev,2.0,15,2,4,1,True,"{""name"": ""residual_rk2_prefix_02"", ""num_steps"": 15, ""stages"": [{""name"": ""residual_prefix"", ""start"": 0, ""end"": 1, ""prompt"": ""target"", ""image_kv"": ""none"", ""it_gate"": ""none"", ""it_gate_strength"": 1.0, ""it_gate_epsilon"": 0.0001, ""latent_projection"": ""none"", ""residual_control"": ""source_referenced_rk2""}], ""front"": 2, ""inject"": 4, ""tail_pad"": 1, ""mask_source"": ""oracle"", ""image_kv_layers"": [], ""it_gate_layers"": []}",cd /root/autodl-tmp/part-level-residual-rk2/core/third_party/FollowYourShape/src && /root/miniconda3/bin/python edit.py --source_img_dir /root/autodl-tmp/part-level-residual-rk2/core/data/partedit_subset/cases/real_0006/source.png --source_prompt 'a man standing in a park wearing a green shirt' --target_prompt 'a man with alien head standing in a park wearing a green shirt' --guidance 2.0 --num_steps 15 --front 2 --inject 4 --seed 0 --name flux-dev --controlnet_type none --output_dir /root/autodl-tmp/part-level-residual-rk2/core/results/control_operations/residual_rk2_prefix_sweep/duration_02/real_0006/seed_000 --vis_path /root/autodl-tmp/part-level-residual-rk2/core/results/control_operations/residual_rk2_prefix_sweep/duration_02/real_0006/seed_000/tdm --feature_path /root/autodl-tmp/part-level-residual-rk2/core/results/control_operations/residual_rk2_prefix_sweep/duration_02/real_0006/seed_000/features --mask_path /root/autodl-tmp/part-level-residual-rk2/core/data/partedit_subset/cases/real_0006/gt_mask.png --tdm_mask_mode oracle --attention_part head --attention_edit alien --control-plan-resolved /root/autodl-tmp/part-level-residual-rk2/core/results/control_operations/residual_rk2_prefix_sweep/plans/duration_02.json --offload
real_0008_seed_000,real_0008,0,residual_rk2_prefix_02,core/results/control_operations/residual_rk2_prefix_sweep/plans/duration_02.json,69fbfee34598197b19ed7ccd21caf9318c57b2dfe985d1c958d90ddcb20974c6,core/data/partedit_subset/cases/real_0008/source.png,core/data/partedit_subset/cases/real_0008/gt_mask.png,a dog standing in a field with grass and water,a dog with bear head standing in a field with grass and water,head,bear,small,core/results/control_operations/residual_rk2_prefix_sweep/duration_02/real_0008/seed_000,flux-dev,2.0,15,2,4,1,True,"{""name"": ""residual_rk2_prefix_02"", ""num_steps"": 15, ""stages"": [{""name"": ""residual_prefix"", ""start"": 0, ""end"": 1, ""prompt"": ""target"", ""image_kv"": ""none"", ""it_gate"": ""none"", ""it_gate_strength"": 1.0, ""it_gate_epsilon"": 0.0001, ""latent_projection"": ""none"", ""residual_control"": ""source_referenced_rk2""}], ""front"": 2, ""inject"": 4, ""tail_pad"": 1, ""mask_source"": ""oracle"", ""image_kv_layers"": [], ""it_gate_layers"": []}",cd /root/autodl-tmp/part-level-residual-rk2/core/third_party/FollowYourShape/src && /root/miniconda3/bin/python edit.py --source_img_dir /root/autodl-tmp/part-level-residual-rk2/core/data/partedit_subset/cases/real_0008/source.png --source_prompt 'a dog standing in a field with grass and water' --target_prompt 'a dog with bear head standing in a field with grass and water' --guidance 2.0 --num_steps 15 --front 2 --inject 4 --seed 0 --name flux-dev --controlnet_type none --output_dir /root/autodl-tmp/part-level-residual-rk2/core/results/control_operations/residual_rk2_prefix_sweep/duration_02/real_0008/seed_000 --vis_path /root/autodl-tmp/part-level-residual-rk2/core/results/control_operations/residual_rk2_prefix_sweep/duration_02/real_0008/seed_000/tdm --feature_path /root/autodl-tmp/part-level-residual-rk2/core/results/control_operations/residual_rk2_prefix_sweep/duration_02/real_0008/seed_000/features --mask_path /root/autodl-tmp/part-level-residual-rk2/core/data/partedit_subset/cases/real_0008/gt_mask.png --tdm_mask_mode oracle --attention_part head --attention_edit bear --control-plan-resolved /root/autodl-tmp/part-level-residual-rk2/core/results/control_operations/residual_rk2_prefix_sweep/plans/duration_02.json --offload
real_0003_seed_000,real_0003,0,residual_rk2_prefix_02,core/results/control_operations/residual_rk2_prefix_sweep/plans/duration_02.json,69fbfee34598197b19ed7ccd21caf9318c57b2dfe985d1c958d90ddcb20974c6,core/data/partedit_subset/cases/real_0003/source.png,core/data/partedit_subset/cases/real_0003/gt_mask.png,a horse running in a field,a horse with cheetah head running in a field,head,cheetah,small,core/results/control_operations/residual_rk2_prefix_sweep/duration_02/real_0003/seed_000,flux-dev,2.0,15,2,4,1,True,"{""name"": ""residual_rk2_prefix_02"", ""num_steps"": 15, ""stages"": [{""name"": ""residual_prefix"", ""start"": 0, ""end"": 1, ""prompt"": ""target"", ""image_kv"": ""none"", ""it_gate"": ""none"", ""it_gate_strength"": 1.0, ""it_gate_epsilon"": 0.0001, ""latent_projection"": ""none"", ""residual_control"": ""source_referenced_rk2""}], ""front"": 2, ""inject"": 4, ""tail_pad"": 1, ""mask_source"": ""oracle"", ""image_kv_layers"": [], ""it_gate_layers"": []}",cd /root/autodl-tmp/part-level-residual-rk2/core/third_party/FollowYourShape/src && /root/miniconda3/bin/python edit.py --source_img_dir /root/autodl-tmp/part-level-residual-rk2/core/data/partedit_subset/cases/real_0003/source.png --source_prompt 'a horse running in a field' --target_prompt 'a horse with cheetah head running in a field' --guidance 2.0 --num_steps 15 --front 2 --inject 4 --seed 0 --name flux-dev --controlnet_type none --output_dir /root/autodl-tmp/part-level-residual-rk2/core/results/control_operations/residual_rk2_prefix_sweep/duration_02/real_0003/seed_000 --vis_path /root/autodl-tmp/part-level-residual-rk2/core/results/control_operations/residual_rk2_prefix_sweep/duration_02/real_0003/seed_000/tdm --feature_path /root/autodl-tmp/part-level-residual-rk2/core/results/control_operations/residual_rk2_prefix_sweep/duration_02/real_0003/seed_000/features --mask_path /root/autodl-tmp/part-level-residual-rk2/core/data/partedit_subset/cases/real_0003/gt_mask.png --tdm_mask_mode oracle --attention_part head --attention_edit cheetah --control-plan-resolved /root/autodl-tmp/part-level-residual-rk2/core/results/control_operations/residual_rk2_prefix_sweep/plans/duration_02.json --offload
real_0002_seed_000,real_0002,0,residual_rk2_prefix_02,core/results/control_operations/residual_rk2_prefix_sweep/plans/duration_02.json,69fbfee34598197b19ed7ccd21caf9318c57b2dfe985d1c958d90ddcb20974c6,core/data/partedit_subset/cases/real_0002/source.png,core/data/partedit_subset/cases/real_0002/gt_mask.png,a chair and table in front of a glass door,a chair with mesh seat and table in front of a glass door,seat,mesh,small,core/results/control_operations/residual_rk2_prefix_sweep/duration_02/real_0002/seed_000,flux-dev,2.0,15,2,4,1,True,"{""name"": ""residual_rk2_prefix_02"", ""num_steps"": 15, ""stages"": [{""name"": ""residual_prefix"", ""start"": 0, ""end"": 1, ""prompt"": ""target"", ""image_kv"": ""none"", ""it_gate"": ""none"", ""it_gate_strength"": 1.0, ""it_gate_epsilon"": 0.0001, ""latent_projection"": ""none"", ""residual_control"": ""source_referenced_rk2""}], ""front"": 2, ""inject"": 4, ""tail_pad"": 1, ""mask_source"": ""oracle"", ""image_kv_layers"": [], ""it_gate_layers"": []}",cd /root/autodl-tmp/part-level-residual-rk2/core/third_party/FollowYourShape/src && /root/miniconda3/bin/python edit.py --source_img_dir /root/autodl-tmp/part-level-residual-rk2/core/data/partedit_subset/cases/real_0002/source.png --source_prompt 'a chair and table in front of a glass door' --target_prompt 'a chair with mesh seat and table in front of a glass door' --guidance 2.0 --num_steps 15 --front 2 --inject 4 --seed 0 --name flux-dev --controlnet_type none --output_dir /root/autodl-tmp/part-level-residual-rk2/core/results/control_operations/residual_rk2_prefix_sweep/duration_02/real_0002/seed_000 --vis_path /root/autodl-tmp/part-level-residual-rk2/core/results/control_operations/residual_rk2_prefix_sweep/duration_02/real_0002/seed_000/tdm --feature_path /root/autodl-tmp/part-level-residual-rk2/core/results/control_operations/residual_rk2_prefix_sweep/duration_02/real_0002/seed_000/features --mask_path /root/autodl-tmp/part-level-residual-rk2/core/data/partedit_subset/cases/real_0002/gt_mask.png --tdm_mask_mode oracle --attention_part seat --attention_edit mesh --control-plan-resolved /root/autodl-tmp/part-level-residual-rk2/core/results/control_operations/residual_rk2_prefix_sweep/plans/duration_02.json --offload
real_0010_seed_000,real_0010,0,residual_rk2_prefix_02,core/results/control_operations/residual_rk2_prefix_sweep/plans/duration_02.json,69fbfee34598197b19ed7ccd21caf9318c57b2dfe985d1c958d90ddcb20974c6,core/data/partedit_subset/cases/real_0010/source.png,core/data/partedit_subset/cases/real_0010/gt_mask.png,a cow standing on a street,a cow with dragon head standing on a street,head,dragon,medium,core/results/control_operations/residual_rk2_prefix_sweep/duration_02/real_0010/seed_000,flux-dev,2.0,15,2,4,1,True,"{""name"": ""residual_rk2_prefix_02"", ""num_steps"": 15, ""stages"": [{""name"": ""residual_prefix"", ""start"": 0, ""end"": 1, ""prompt"": ""target"", ""image_kv"": ""none"", ""it_gate"": ""none"", ""it_gate_strength"": 1.0, ""it_gate_epsilon"": 0.0001, ""latent_projection"": ""none"", ""residual_control"": ""source_referenced_rk2""}], ""front"": 2, ""inject"": 4, ""tail_pad"": 1, ""mask_source"": ""oracle"", ""image_kv_layers"": [], ""it_gate_layers"": []}",cd /root/autodl-tmp/part-level-residual-rk2/core/third_party/FollowYourShape/src && /root/miniconda3/bin/python edit.py --source_img_dir /root/autodl-tmp/part-level-residual-rk2/core/data/partedit_subset/cases/real_0010/source.png --source_prompt 'a cow standing on a street' --target_prompt 'a cow with dragon head standing on a street' --guidance 2.0 --num_steps 15 --front 2 --inject 4 --seed 0 --name flux-dev --controlnet_type none --output_dir /root/autodl-tmp/part-level-residual-rk2/core/results/control_operations/residual_rk2_prefix_sweep/duration_02/real_0010/seed_000 --vis_path /root/autodl-tmp/part-level-residual-rk2/core/results/control_operations/residual_rk2_prefix_sweep/duration_02/real_0010/seed_000/tdm --feature_path /root/autodl-tmp/part-level-residual-rk2/core/results/control_operations/residual_rk2_prefix_sweep/duration_02/real_0010/seed_000/features --mask_path /root/autodl-tmp/part-level-residual-rk2/core/data/partedit_subset/cases/real_0010/gt_mask.png --tdm_mask_mode oracle --attention_part head --attention_edit dragon --control-plan-resolved /root/autodl-tmp/part-level-residual-rk2/core/results/control_operations/residual_rk2_prefix_sweep/plans/duration_02.json --offload
real_0004_seed_000,real_0004,0,residual_rk2_prefix_02,core/results/control_operations/residual_rk2_prefix_sweep/plans/duration_02.json,69fbfee34598197b19ed7ccd21caf9318c57b2dfe985d1c958d90ddcb20974c6,core/data/partedit_subset/cases/real_0004/source.png,core/data/partedit_subset/cases/real_0004/gt_mask.png,a white toyota avanza parked in front of a house,a white toyota with rusted carhood avanza parked in front of a house,carhood,rusted,medium,core/results/control_operations/residual_rk2_prefix_sweep/duration_02/real_0004/seed_000,flux-dev,2.0,15,2,4,1,True,"{""name"": ""residual_rk2_prefix_02"", ""num_steps"": 15, ""stages"": [{""name"": ""residual_prefix"", ""start"": 0, ""end"": 1, ""prompt"": ""target"", ""image_kv"": ""none"", ""it_gate"": ""none"", ""it_gate_strength"": 1.0, ""it_gate_epsilon"": 0.0001, ""latent_projection"": ""none"", ""residual_control"": ""source_referenced_rk2""}], ""front"": 2, ""inject"": 4, ""tail_pad"": 1, ""mask_source"": ""oracle"", ""image_kv_layers"": [], ""it_gate_layers"": []}",cd /root/autodl-tmp/part-level-residual-rk2/core/third_party/FollowYourShape/src && /root/miniconda3/bin/python edit.py --source_img_dir /root/autodl-tmp/part-level-residual-rk2/core/data/partedit_subset/cases/real_0004/source.png --source_prompt 'a white toyota avanza parked in front of a house' --target_prompt 'a white toyota with rusted carhood avanza parked in front of a house' --guidance 2.0 --num_steps 15 --front 2 --inject 4 --seed 0 --name flux-dev --controlnet_type none --output_dir /root/autodl-tmp/part-level-residual-rk2/core/results/control_operations/residual_rk2_prefix_sweep/duration_02/real_0004/seed_000 --vis_path /root/autodl-tmp/part-level-residual-rk2/core/results/control_operations/residual_rk2_prefix_sweep/duration_02/real_0004/seed_000/tdm --feature_path /root/autodl-tmp/part-level-residual-rk2/core/results/control_operations/residual_rk2_prefix_sweep/duration_02/real_0004/seed_000/features --mask_path /root/autodl-tmp/part-level-residual-rk2/core/data/partedit_subset/cases/real_0004/gt_mask.png --tdm_mask_mode oracle --attention_part carhood --attention_edit rusted --control-plan-resolved /root/autodl-tmp/part-level-residual-rk2/core/results/control_operations/residual_rk2_prefix_sweep/plans/duration_02.json --offload
real_0007_seed_000,real_0007,0,residual_rk2_prefix_02,core/results/control_operations/residual_rk2_prefix_sweep/plans/duration_02.json,69fbfee34598197b19ed7ccd21caf9318c57b2dfe985d1c958d90ddcb20974c6,core/data/partedit_subset/cases/real_0007/source.png,core/data/partedit_subset/cases/real_0007/gt_mask.png,a mahogany armchair,a mahogany armchair with leather seat,seat,leather,medium,core/results/control_operations/residual_rk2_prefix_sweep/duration_02/real_0007/seed_000,flux-dev,2.0,15,2,4,1,True,"{""name"": ""residual_rk2_prefix_02"", ""num_steps"": 15, ""stages"": [{""name"": ""residual_prefix"", ""start"": 0, ""end"": 1, ""prompt"": ""target"", ""image_kv"": ""none"", ""it_gate"": ""none"", ""it_gate_strength"": 1.0, ""it_gate_epsilon"": 0.0001, ""latent_projection"": ""none"", ""residual_control"": ""source_referenced_rk2""}], ""front"": 2, ""inject"": 4, ""tail_pad"": 1, ""mask_source"": ""oracle"", ""image_kv_layers"": [], ""it_gate_layers"": []}",cd /root/autodl-tmp/part-level-residual-rk2/core/third_party/FollowYourShape/src && /root/miniconda3/bin/python edit.py --source_img_dir /root/autodl-tmp/part-level-residual-rk2/core/data/partedit_subset/cases/real_0007/source.png --source_prompt 'a mahogany armchair' --target_prompt 'a mahogany armchair with leather seat' --guidance 2.0 --num_steps 15 --front 2 --inject 4 --seed 0 --name flux-dev --controlnet_type none --output_dir /root/autodl-tmp/part-level-residual-rk2/core/results/control_operations/residual_rk2_prefix_sweep/duration_02/real_0007/seed_000 --vis_path /root/autodl-tmp/part-level-residual-rk2/core/results/control_operations/residual_rk2_prefix_sweep/duration_02/real_0007/seed_000/tdm --feature_path /root/autodl-tmp/part-level-residual-rk2/core/results/control_operations/residual_rk2_prefix_sweep/duration_02/real_0007/seed_000/features --mask_path /root/autodl-tmp/part-level-residual-rk2/core/data/partedit_subset/cases/real_0007/gt_mask.png --tdm_mask_mode oracle --attention_part seat --attention_edit leather --control-plan-resolved /root/autodl-tmp/part-level-residual-rk2/core/results/control_operations/residual_rk2_prefix_sweep/plans/duration_02.json --offload
real_0001_seed_000,real_0001,0,residual_rk2_prefix_02,core/results/control_operations/residual_rk2_prefix_sweep/plans/duration_02.json,69fbfee34598197b19ed7ccd21caf9318c57b2dfe985d1c958d90ddcb20974c6,core/data/partedit_subset/cases/real_0001/source.png,core/data/partedit_subset/cases/real_0001/gt_mask.png,a dog running in the grass,a dog with cat head running in the grass,head,cat,medium,core/results/control_operations/residual_rk2_prefix_sweep/duration_02/real_0001/seed_000,flux-dev,2.0,15,2,4,1,True,"{""name"": ""residual_rk2_prefix_02"", ""num_steps"": 15, ""stages"": [{""name"": ""residual_prefix"", ""start"": 0, ""end"": 1, ""prompt"": ""target"", ""image_kv"": ""none"", ""it_gate"": ""none"", ""it_gate_strength"": 1.0, ""it_gate_epsilon"": 0.0001, ""latent_projection"": ""none"", ""residual_control"": ""source_referenced_rk2""}], ""front"": 2, ""inject"": 4, ""tail_pad"": 1, ""mask_source"": ""oracle"", ""image_kv_layers"": [], ""it_gate_layers"": []}",cd /root/autodl-tmp/part-level-residual-rk2/core/third_party/FollowYourShape/src && /root/miniconda3/bin/python edit.py --source_img_dir /root/autodl-tmp/part-level-residual-rk2/core/data/partedit_subset/cases/real_0001/source.png --source_prompt 'a dog running in the grass' --target_prompt 'a dog with cat head running in the grass' --guidance 2.0 --num_steps 15 --front 2 --inject 4 --seed 0 --name flux-dev --controlnet_type none --output_dir /root/autodl-tmp/part-level-residual-rk2/core/results/control_operations/residual_rk2_prefix_sweep/duration_02/real_0001/seed_000 --vis_path /root/autodl-tmp/part-level-residual-rk2/core/results/control_operations/residual_rk2_prefix_sweep/duration_02/real_0001/seed_000/tdm --feature_path /root/autodl-tmp/part-level-residual-rk2/core/results/control_operations/residual_rk2_prefix_sweep/duration_02/real_0001/seed_000/features --mask_path /root/autodl-tmp/part-level-residual-rk2/core/data/partedit_subset/cases/real_0001/gt_mask.png --tdm_mask_mode oracle --attention_part head --attention_edit cat --control-plan-resolved /root/autodl-tmp/part-level-residual-rk2/core/results/control_operations/residual_rk2_prefix_sweep/plans/duration_02.json --offload
real_0000_seed_000,real_0000,0,residual_rk2_prefix_02,core/results/control_operations/residual_rk2_prefix_sweep/plans/duration_02.json,69fbfee34598197b19ed7ccd21caf9318c57b2dfe985d1c958d90ddcb20974c6,core/data/partedit_subset/cases/real_0000/source.png,core/data/partedit_subset/cases/real_0000/gt_mask.png,a robot standing in a warehouse with boxes,a robot with armored torso standing in a warehouse with boxes,torso,armored,large,core/results/control_operations/residual_rk2_prefix_sweep/duration_02/real_0000/seed_000,flux-dev,2.0,15,2,4,1,True,"{""name"": ""residual_rk2_prefix_02"", ""num_steps"": 15, ""stages"": [{""name"": ""residual_prefix"", ""start"": 0, ""end"": 1, ""prompt"": ""target"", ""image_kv"": ""none"", ""it_gate"": ""none"", ""it_gate_strength"": 1.0, ""it_gate_epsilon"": 0.0001, ""latent_projection"": ""none"", ""residual_control"": ""source_referenced_rk2""}], ""front"": 2, ""inject"": 4, ""tail_pad"": 1, ""mask_source"": ""oracle"", ""image_kv_layers"": [], ""it_gate_layers"": []}",cd /root/autodl-tmp/part-level-residual-rk2/core/third_party/FollowYourShape/src && /root/miniconda3/bin/python edit.py --source_img_dir /root/autodl-tmp/part-level-residual-rk2/core/data/partedit_subset/cases/real_0000/source.png --source_prompt 'a robot standing in a warehouse with boxes' --target_prompt 'a robot with armored torso standing in a warehouse with boxes' --guidance 2.0 --num_steps 15 --front 2 --inject 4 --seed 0 --name flux-dev --controlnet_type none --output_dir /root/autodl-tmp/part-level-residual-rk2/core/results/control_operations/residual_rk2_prefix_sweep/duration_02/real_0000/seed_000 --vis_path /root/autodl-tmp/part-level-residual-rk2/core/results/control_operations/residual_rk2_prefix_sweep/duration_02/real_0000/seed_000/tdm --feature_path /root/autodl-tmp/part-level-residual-rk2/core/results/control_operations/residual_rk2_prefix_sweep/duration_02/real_0000/seed_000/features --mask_path /root/autodl-tmp/part-level-residual-rk2/core/data/partedit_subset/cases/real_0000/gt_mask.png --tdm_mask_mode oracle --attention_part torso --attention_edit armored --control-plan-resolved /root/autodl-tmp/part-level-residual-rk2/core/results/control_operations/residual_rk2_prefix_sweep/plans/duration_02.json --offload
real_0011_seed_000,real_0011,0,residual_rk2_prefix_02,core/results/control_operations/residual_rk2_prefix_sweep/plans/duration_02.json,69fbfee34598197b19ed7ccd21caf9318c57b2dfe985d1c958d90ddcb20974c6,core/data/partedit_subset/cases/real_0011/source.png,core/data/partedit_subset/cases/real_0011/gt_mask.png,a man with a smile on his face,a man with curly_hair hair with a smile on his face,hair,curly_hair,large,core/results/control_operations/residual_rk2_prefix_sweep/duration_02/real_0011/seed_000,flux-dev,2.0,15,2,4,1,True,"{""name"": ""residual_rk2_prefix_02"", ""num_steps"": 15, ""stages"": [{""name"": ""residual_prefix"", ""start"": 0, ""end"": 1, ""prompt"": ""target"", ""image_kv"": ""none"", ""it_gate"": ""none"", ""it_gate_strength"": 1.0, ""it_gate_epsilon"": 0.0001, ""latent_projection"": ""none"", ""residual_control"": ""source_referenced_rk2""}], ""front"": 2, ""inject"": 4, ""tail_pad"": 1, ""mask_source"": ""oracle"", ""image_kv_layers"": [], ""it_gate_layers"": []}",cd /root/autodl-tmp/part-level-residual-rk2/core/third_party/FollowYourShape/src && /root/miniconda3/bin/python edit.py --source_img_dir /root/autodl-tmp/part-level-residual-rk2/core/data/partedit_subset/cases/real_0011/source.png --source_prompt 'a man with a smile on his face' --target_prompt 'a man with curly_hair hair with a smile on his face' --guidance 2.0 --num_steps 15 --front 2 --inject 4 --seed 0 --name flux-dev --controlnet_type none --output_dir /root/autodl-tmp/part-level-residual-rk2/core/results/control_operations/residual_rk2_prefix_sweep/duration_02/real_0011/seed_000 --vis_path /root/autodl-tmp/part-level-residual-rk2/core/results/control_operations/residual_rk2_prefix_sweep/duration_02/real_0011/seed_000/tdm --feature_path /root/autodl-tmp/part-level-residual-rk2/core/results/control_operations/residual_rk2_prefix_sweep/duration_02/real_0011/seed_000/features --mask_path /root/autodl-tmp/part-level-residual-rk2/core/data/partedit_subset/cases/real_0011/gt_mask.png --tdm_mask_mode oracle --attention_part hair --attention_edit curly_hair --control-plan-resolved /root/autodl-tmp/part-level-residual-rk2/core/results/control_operations/residual_rk2_prefix_sweep/plans/duration_02.json --offload
real_0005_seed_000,real_0005,0,residual_rk2_prefix_02,core/results/control_operations/residual_rk2_prefix_sweep/plans/duration_02.json,69fbfee34598197b19ed7ccd21caf9318c57b2dfe985d1c958d90ddcb20974c6,core/data/partedit_subset/cases/real_0005/source.png,core/data/partedit_subset/cases/real_0005/gt_mask.png,a brown bear standing on a rock,a brown bear with dog head standing on a rock,head,dog,large,core/results/control_operations/residual_rk2_prefix_sweep/duration_02/real_0005/seed_000,flux-dev,2.0,15,2,4,1,True,"{""name"": ""residual_rk2_prefix_02"", ""num_steps"": 15, ""stages"": [{""name"": ""residual_prefix"", ""start"": 0, ""end"": 1, ""prompt"": ""target"", ""image_kv"": ""none"", ""it_gate"": ""none"", ""it_gate_strength"": 1.0, ""it_gate_epsilon"": 0.0001, ""latent_projection"": ""none"", ""residual_control"": ""source_referenced_rk2""}], ""front"": 2, ""inject"": 4, ""tail_pad"": 1, ""mask_source"": ""oracle"", ""image_kv_layers"": [], ""it_gate_layers"": []}",cd /root/autodl-tmp/part-level-residual-rk2/core/third_party/FollowYourShape/src && /root/miniconda3/bin/python edit.py --source_img_dir /root/autodl-tmp/part-level-residual-rk2/core/data/partedit_subset/cases/real_0005/source.png --source_prompt 'a brown bear standing on a rock' --target_prompt 'a brown bear with dog head standing on a rock' --guidance 2.0 --num_steps 15 --front 2 --inject 4 --seed 0 --name flux-dev --controlnet_type none --output_dir /root/autodl-tmp/part-level-residual-rk2/core/results/control_operations/residual_rk2_prefix_sweep/duration_02/real_0005/seed_000 --vis_path /root/autodl-tmp/part-level-residual-rk2/core/results/control_operations/residual_rk2_prefix_sweep/duration_02/real_0005/seed_000/tdm --feature_path /root/autodl-tmp/part-level-residual-rk2/core/results/control_operations/residual_rk2_prefix_sweep/duration_02/real_0005/seed_000/features --mask_path /root/autodl-tmp/part-level-residual-rk2/core/data/partedit_subset/cases/real_0005/gt_mask.png --tdm_mask_mode oracle --attention_part head --attention_edit dog --control-plan-resolved /root/autodl-tmp/part-level-residual-rk2/core/results/control_operations/residual_rk2_prefix_sweep/plans/duration_02.json --offload
real_0009_seed_000,real_0009,0,residual_rk2_prefix_02,core/results/control_operations/residual_rk2_prefix_sweep/plans/duration_02.json,69fbfee34598197b19ed7ccd21caf9318c57b2dfe985d1c958d90ddcb20974c6,core/data/partedit_subset/cases/real_0009/source.png,core/data/partedit_subset/cases/real_0009/gt_mask.png,ferrari 812 superfast by kimberly kim,ferrari with rusted carbody 812 superfast by kimberly kim,carbody,rusted,large,core/results/control_operations/residual_rk2_prefix_sweep/duration_02/real_0009/seed_000,flux-dev,2.0,15,2,4,1,True,"{""name"": ""residual_rk2_prefix_02"", ""num_steps"": 15, ""stages"": [{""name"": ""residual_prefix"", ""start"": 0, ""end"": 1, ""prompt"": ""target"", ""image_kv"": ""none"", ""it_gate"": ""none"", ""it_gate_strength"": 1.0, ""it_gate_epsilon"": 0.0001, ""latent_projection"": ""none"", ""residual_control"": ""source_referenced_rk2""}], ""front"": 2, ""inject"": 4, ""tail_pad"": 1, ""mask_source"": ""oracle"", ""image_kv_layers"": [], ""it_gate_layers"": []}",cd /root/autodl-tmp/part-level-residual-rk2/core/third_party/FollowYourShape/src && /root/miniconda3/bin/python edit.py --source_img_dir /root/autodl-tmp/part-level-residual-rk2/core/data/partedit_subset/cases/real_0009/source.png --source_prompt 'ferrari 812 superfast by kimberly kim' --target_prompt 'ferrari with rusted carbody 812 superfast by kimberly kim' --guidance 2.0 --num_steps 15 --front 2 --inject 4 --seed 0 --name flux-dev --controlnet_type none --output_dir /root/autodl-tmp/part-level-residual-rk2/core/results/control_operations/residual_rk2_prefix_sweep/duration_02/real_0009/seed_000 --vis_path /root/autodl-tmp/part-level-residual-rk2/core/results/control_operations/residual_rk2_prefix_sweep/duration_02/real_0009/seed_000/tdm --feature_path /root/autodl-tmp/part-level-residual-rk2/core/results/control_operations/residual_rk2_prefix_sweep/duration_02/real_0009/seed_000/features --mask_path /root/autodl-tmp/part-level-residual-rk2/core/data/partedit_subset/cases/real_0009/gt_mask.png --tdm_mask_mode oracle --attention_part carbody --attention_edit rusted --control-plan-resolved /root/autodl-tmp/part-level-residual-rk2/core/results/control_operations/residual_rk2_prefix_sweep/plans/duration_02.json --offload
real_0006_seed_000,real_0006,0,residual_rk2_prefix_03,core/results/control_operations/residual_rk2_prefix_sweep/plans/duration_03.json,d19bc4d539b75cce89bc76151f2e785db0a57df5476f30678f36cccbf72fed65,core/data/partedit_subset/cases/real_0006/source.png,core/data/partedit_subset/cases/real_0006/gt_mask.png,a man standing in a park wearing a green shirt,a man with alien head standing in a park wearing a green shirt,head,alien,small,core/results/control_operations/residual_rk2_prefix_sweep/duration_03/real_0006/seed_000,flux-dev,2.0,15,2,4,1,True,"{""name"": ""residual_rk2_prefix_03"", ""num_steps"": 15, ""stages"": [{""name"": ""residual_prefix"", ""start"": 0, ""end"": 2, ""prompt"": ""target"", ""image_kv"": ""none"", ""it_gate"": ""none"", ""it_gate_strength"": 1.0, ""it_gate_epsilon"": 0.0001, ""latent_projection"": ""none"", ""residual_control"": ""source_referenced_rk2""}], ""front"": 2, ""inject"": 4, ""tail_pad"": 1, ""mask_source"": ""oracle"", ""image_kv_layers"": [], ""it_gate_layers"": []}",cd /root/autodl-tmp/part-level-residual-rk2/core/third_party/FollowYourShape/src && /root/miniconda3/bin/python edit.py --source_img_dir /root/autodl-tmp/part-level-residual-rk2/core/data/partedit_subset/cases/real_0006/source.png --source_prompt 'a man standing in a park wearing a green shirt' --target_prompt 'a man with alien head standing in a park wearing a green shirt' --guidance 2.0 --num_steps 15 --front 2 --inject 4 --seed 0 --name flux-dev --controlnet_type none --output_dir /root/autodl-tmp/part-level-residual-rk2/core/results/control_operations/residual_rk2_prefix_sweep/duration_03/real_0006/seed_000 --vis_path /root/autodl-tmp/part-level-residual-rk2/core/results/control_operations/residual_rk2_prefix_sweep/duration_03/real_0006/seed_000/tdm --feature_path /root/autodl-tmp/part-level-residual-rk2/core/results/control_operations/residual_rk2_prefix_sweep/duration_03/real_0006/seed_000/features --mask_path /root/autodl-tmp/part-level-residual-rk2/core/data/partedit_subset/cases/real_0006/gt_mask.png --tdm_mask_mode oracle --attention_part head --attention_edit alien --control-plan-resolved /root/autodl-tmp/part-level-residual-rk2/core/results/control_operations/residual_rk2_prefix_sweep/plans/duration_03.json --offload
real_0008_seed_000,real_0008,0,residual_rk2_prefix_03,core/results/control_operations/residual_rk2_prefix_sweep/plans/duration_03.json,d19bc4d539b75cce89bc76151f2e785db0a57df5476f30678f36cccbf72fed65,core/data/partedit_subset/cases/real_0008/source.png,core/data/partedit_subset/cases/real_0008/gt_mask.png,a dog standing in a field with grass and water,a dog with bear head standing in a field with grass and water,head,bear,small,core/results/control_operations/residual_rk2_prefix_sweep/duration_03/real_0008/seed_000,flux-dev,2.0,15,2,4,1,True,"{""name"": ""residual_rk2_prefix_03"", ""num_steps"": 15, ""stages"": [{""name"": ""residual_prefix"", ""start"": 0, ""end"": 2, ""prompt"": ""target"", ""image_kv"": ""none"", ""it_gate"": ""none"", ""it_gate_strength"": 1.0, ""it_gate_epsilon"": 0.0001, ""latent_projection"": ""none"", ""residual_control"": ""source_referenced_rk2""}], ""front"": 2, ""inject"": 4, ""tail_pad"": 1, ""mask_source"": ""oracle"", ""image_kv_layers"": [], ""it_gate_layers"": []}",cd /root/autodl-tmp/part-level-residual-rk2/core/third_party/FollowYourShape/src && /root/miniconda3/bin/python edit.py --source_img_dir /root/autodl-tmp/part-level-residual-rk2/core/data/partedit_subset/cases/real_0008/source.png --source_prompt 'a dog standing in a field with grass and water' --target_prompt 'a dog with bear head standing in a field with grass and water' --guidance 2.0 --num_steps 15 --front 2 --inject 4 --seed 0 --name flux-dev --controlnet_type none --output_dir /root/autodl-tmp/part-level-residual-rk2/core/results/control_operations/residual_rk2_prefix_sweep/duration_03/real_0008/seed_000 --vis_path /root/autodl-tmp/part-level-residual-rk2/core/results/control_operations/residual_rk2_prefix_sweep/duration_03/real_0008/seed_000/tdm --feature_path /root/autodl-tmp/part-level-residual-rk2/core/results/control_operations/residual_rk2_prefix_sweep/duration_03/real_0008/seed_000/features --mask_path /root/autodl-tmp/part-level-residual-rk2/core/data/partedit_subset/cases/real_0008/gt_mask.png --tdm_mask_mode oracle --attention_part head --attention_edit bear --control-plan-resolved /root/autodl-tmp/part-level-residual-rk2/core/results/control_operations/residual_rk2_prefix_sweep/plans/duration_03.json --offload
real_0003_seed_000,real_0003,0,residual_rk2_prefix_03,core/results/control_operations/residual_rk2_prefix_sweep/plans/duration_03.json,d19bc4d539b75cce89bc76151f2e785db0a57df5476f30678f36cccbf72fed65,core/data/partedit_subset/cases/real_0003/source.png,core/data/partedit_subset/cases/real_0003/gt_mask.png,a horse running in a field,a horse with cheetah head running in a field,head,cheetah,small,core/results/control_operations/residual_rk2_prefix_sweep/duration_03/real_0003/seed_000,flux-dev,2.0,15,2,4,1,True,"{""name"": ""residual_rk2_prefix_03"", ""num_steps"": 15, ""stages"": [{""name"": ""residual_prefix"", ""start"": 0, ""end"": 2, ""prompt"": ""target"", ""image_kv"": ""none"", ""it_gate"": ""none"", ""it_gate_strength"": 1.0, ""it_gate_epsilon"": 0.0001, ""latent_projection"": ""none"", ""residual_control"": ""source_referenced_rk2""}], ""front"": 2, ""inject"": 4, ""tail_pad"": 1, ""mask_source"": ""oracle"", ""image_kv_layers"": [], ""it_gate_layers"": []}",cd /root/autodl-tmp/part-level-residual-rk2/core/third_party/FollowYourShape/src && /root/miniconda3/bin/python edit.py --source_img_dir /root/autodl-tmp/part-level-residual-rk2/core/data/partedit_subset/cases/real_0003/source.png --source_prompt 'a horse running in a field' --target_prompt 'a horse with cheetah head running in a field' --guidance 2.0 --num_steps 15 --front 2 --inject 4 --seed 0 --name flux-dev --controlnet_type none --output_dir /root/autodl-tmp/part-level-residual-rk2/core/results/control_operations/residual_rk2_prefix_sweep/duration_03/real_0003/seed_000 --vis_path /root/autodl-tmp/part-level-residual-rk2/core/results/control_operations/residual_rk2_prefix_sweep/duration_03/real_0003/seed_000/tdm --feature_path /root/autodl-tmp/part-level-residual-rk2/core/results/control_operations/residual_rk2_prefix_sweep/duration_03/real_0003/seed_000/features --mask_path /root/autodl-tmp/part-level-residual-rk2/core/data/partedit_subset/cases/real_0003/gt_mask.png --tdm_mask_mode oracle --attention_part head --attention_edit cheetah --control-plan-resolved /root/autodl-tmp/part-level-residual-rk2/core/results/control_operations/residual_rk2_prefix_sweep/plans/duration_03.json --offload
real_0002_seed_000,real_0002,0,residual_rk2_prefix_03,core/results/control_operations/residual_rk2_prefix_sweep/plans/duration_03.json,d19bc4d539b75cce89bc76151f2e785db0a57df5476f30678f36cccbf72fed65,core/data/partedit_subset/cases/real_0002/source.png,core/data/partedit_subset/cases/real_0002/gt_mask.png,a chair and table in front of a glass door,a chair with mesh seat and table in front of a glass door,seat,mesh,small,core/results/control_operations/residual_rk2_prefix_sweep/duration_03/real_0002/seed_000,flux-dev,2.0,15,2,4,1,True,"{""name"": ""residual_rk2_prefix_03"", ""num_steps"": 15, ""stages"": [{""name"": ""residual_prefix"", ""start"": 0, ""end"": 2, ""prompt"": ""target"", ""image_kv"": ""none"", ""it_gate"": ""none"", ""it_gate_strength"": 1.0, ""it_gate_epsilon"": 0.0001, ""latent_projection"": ""none"", ""residual_control"": ""source_referenced_rk2""}], ""front"": 2, ""inject"": 4, ""tail_pad"": 1, ""mask_source"": ""oracle"", ""image_kv_layers"": [], ""it_gate_layers"": []}",cd /root/autodl-tmp/part-level-residual-rk2/core/third_party/FollowYourShape/src && /root/miniconda3/bin/python edit.py --source_img_dir /root/autodl-tmp/part-level-residual-rk2/core/data/partedit_subset/cases/real_0002/source.png --source_prompt 'a chair and table in front of a glass door' --target_prompt 'a chair with mesh seat and table in front of a glass door' --guidance 2.0 --num_steps 15 --front 2 --inject 4 --seed 0 --name flux-dev --controlnet_type none --output_dir /root/autodl-tmp/part-level-residual-rk2/core/results/control_operations/residual_rk2_prefix_sweep/duration_03/real_0002/seed_000 --vis_path /root/autodl-tmp/part-level-residual-rk2/core/results/control_operations/residual_rk2_prefix_sweep/duration_03/real_0002/seed_000/tdm --feature_path /root/autodl-tmp/part-level-residual-rk2/core/results/control_operations/residual_rk2_prefix_sweep/duration_03/real_0002/seed_000/features --mask_path /root/autodl-tmp/part-level-residual-rk2/core/data/partedit_subset/cases/real_0002/gt_mask.png --tdm_mask_mode oracle --attention_part seat --attention_edit mesh --control-plan-resolved /root/autodl-tmp/part-level-residual-rk2/core/results/control_operations/residual_rk2_prefix_sweep/plans/duration_03.json --offload
real_0010_seed_000,real_0010,0,residual_rk2_prefix_03,core/results/control_operations/residual_rk2_prefix_sweep/plans/duration_03.json,d19bc4d539b75cce89bc76151f2e785db0a57df5476f30678f36cccbf72fed65,core/data/partedit_subset/cases/real_0010/source.png,core/data/partedit_subset/cases/real_0010/gt_mask.png,a cow standing on a street,a cow with dragon head standing on a street,head,dragon,medium,core/results/control_operations/residual_rk2_prefix_sweep/duration_03/real_0010/seed_000,flux-dev,2.0,15,2,4,1,True,"{""name"": ""residual_rk2_prefix_03"", ""num_steps"": 15, ""stages"": [{""name"": ""residual_prefix"", ""start"": 0, ""end"": 2, ""prompt"": ""target"", ""image_kv"": ""none"", ""it_gate"": ""none"", ""it_gate_strength"": 1.0, ""it_gate_epsilon"": 0.0001, ""latent_projection"": ""none"", ""residual_control"": ""source_referenced_rk2""}], ""front"": 2, ""inject"": 4, ""tail_pad"": 1, ""mask_source"": ""oracle"", ""image_kv_layers"": [], ""it_gate_layers"": []}",cd /root/autodl-tmp/part-level-residual-rk2/core/third_party/FollowYourShape/src && /root/miniconda3/bin/python edit.py --source_img_dir /root/autodl-tmp/part-level-residual-rk2/core/data/partedit_subset/cases/real_0010/source.png --source_prompt 'a cow standing on a street' --target_prompt 'a cow with dragon head standing on a street' --guidance 2.0 --num_steps 15 --front 2 --inject 4 --seed 0 --name flux-dev --controlnet_type none --output_dir /root/autodl-tmp/part-level-residual-rk2/core/results/control_operations/residual_rk2_prefix_sweep/duration_03/real_0010/seed_000 --vis_path /root/autodl-tmp/part-level-residual-rk2/core/results/control_operations/residual_rk2_prefix_sweep/duration_03/real_0010/seed_000/tdm --feature_path /root/autodl-tmp/part-level-residual-rk2/core/results/control_operations/residual_rk2_prefix_sweep/duration_03/real_0010/seed_000/features --mask_path /root/autodl-tmp/part-level-residual-rk2/core/data/partedit_subset/cases/real_0010/gt_mask.png --tdm_mask_mode oracle --attention_part head --attention_edit dragon --control-plan-resolved /root/autodl-tmp/part-level-residual-rk2/core/results/control_operations/residual_rk2_prefix_sweep/plans/duration_03.json --offload
real_0004_seed_000,real_0004,0,residual_rk2_prefix_03,core/results/control_operations/residual_rk2_prefix_sweep/plans/duration_03.json,d19bc4d539b75cce89bc76151f2e785db0a57df5476f30678f36cccbf72fed65,core/data/partedit_subset/cases/real_0004/source.png,core/data/partedit_subset/cases/real_0004/gt_mask.png,a white toyota avanza parked in front of a house,a white toyota with rusted carhood avanza parked in front of a house,carhood,rusted,medium,core/results/control_operations/residual_rk2_prefix_sweep/duration_03/real_0004/seed_000,flux-dev,2.0,15,2,4,1,True,"{""name"": ""residual_rk2_prefix_03"", ""num_steps"": 15, ""stages"": [{""name"": ""residual_prefix"", ""start"": 0, ""end"": 2, ""prompt"": ""target"", ""image_kv"": ""none"", ""it_gate"": ""none"", ""it_gate_strength"": 1.0, ""it_gate_epsilon"": 0.0001, ""latent_projection"": ""none"", ""residual_control"": ""source_referenced_rk2""}], ""front"": 2, ""inject"": 4, ""tail_pad"": 1, ""mask_source"": ""oracle"", ""image_kv_layers"": [], ""it_gate_layers"": []}",cd /root/autodl-tmp/part-level-residual-rk2/core/third_party/FollowYourShape/src && /root/miniconda3/bin/python edit.py --source_img_dir /root/autodl-tmp/part-level-residual-rk2/core/data/partedit_subset/cases/real_0004/source.png --source_prompt 'a white toyota avanza parked in front of a house' --target_prompt 'a white toyota with rusted carhood avanza parked in front of a house' --guidance 2.0 --num_steps 15 --front 2 --inject 4 --seed 0 --name flux-dev --controlnet_type none --output_dir /root/autodl-tmp/part-level-residual-rk2/core/results/control_operations/residual_rk2_prefix_sweep/duration_03/real_0004/seed_000 --vis_path /root/autodl-tmp/part-level-residual-rk2/core/results/control_operations/residual_rk2_prefix_sweep/duration_03/real_0004/seed_000/tdm --feature_path /root/autodl-tmp/part-level-residual-rk2/core/results/control_operations/residual_rk2_prefix_sweep/duration_03/real_0004/seed_000/features --mask_path /root/autodl-tmp/part-level-residual-rk2/core/data/partedit_subset/cases/real_0004/gt_mask.png --tdm_mask_mode oracle --attention_part carhood --attention_edit rusted --control-plan-resolved /root/autodl-tmp/part-level-residual-rk2/core/results/control_operations/residual_rk2_prefix_sweep/plans/duration_03.json --offload
real_0007_seed_000,real_0007,0,residual_rk2_prefix_03,core/results/control_operations/residual_rk2_prefix_sweep/plans/duration_03.json,d19bc4d539b75cce89bc76151f2e785db0a57df5476f30678f36cccbf72fed65,core/data/partedit_subset/cases/real_0007/source.png,core/data/partedit_subset/cases/real_0007/gt_mask.png,a mahogany armchair,a mahogany armchair with leather seat,seat,leather,medium,core/results/control_operations/residual_rk2_prefix_sweep/duration_03/real_0007/seed_000,flux-dev,2.0,15,2,4,1,True,"{""name"": ""residual_rk2_prefix_03"", ""num_steps"": 15, ""stages"": [{""name"": ""residual_prefix"", ""start"": 0, ""end"": 2, ""prompt"": ""target"", ""image_kv"": ""none"", ""it_gate"": ""none"", ""it_gate_strength"": 1.0, ""it_gate_epsilon"": 0.0001, ""latent_projection"": ""none"", ""residual_control"": ""source_referenced_rk2""}], ""front"": 2, ""inject"": 4, ""tail_pad"": 1, ""mask_source"": ""oracle"", ""image_kv_layers"": [], ""it_gate_layers"": []}",cd /root/autodl-tmp/part-level-residual-rk2/core/third_party/FollowYourShape/src && /root/miniconda3/bin/python edit.py --source_img_dir /root/autodl-tmp/part-level-residual-rk2/core/data/partedit_subset/cases/real_0007/source.png --source_prompt 'a mahogany armchair' --target_prompt 'a mahogany armchair with leather seat' --guidance 2.0 --num_steps 15 --front 2 --inject 4 --seed 0 --name flux-dev --controlnet_type none --output_dir /root/autodl-tmp/part-level-residual-rk2/core/results/control_operations/residual_rk2_prefix_sweep/duration_03/real_0007/seed_000 --vis_path /root/autodl-tmp/part-level-residual-rk2/core/results/control_operations/residual_rk2_prefix_sweep/duration_03/real_0007/seed_000/tdm --feature_path /root/autodl-tmp/part-level-residual-rk2/core/results/control_operations/residual_rk2_prefix_sweep/duration_03/real_0007/seed_000/features --mask_path /root/autodl-tmp/part-level-residual-rk2/core/data/partedit_subset/cases/real_0007/gt_mask.png --tdm_mask_mode oracle --attention_part seat --attention_edit leather --control-plan-resolved /root/autodl-tmp/part-level-residual-rk2/core/results/control_operations/residual_rk2_prefix_sweep/plans/duration_03.json --offload
real_0001_seed_000,real_0001,0,residual_rk2_prefix_03,core/results/control_operations/residual_rk2_prefix_sweep/plans/duration_03.json,d19bc4d539b75cce89bc76151f2e785db0a57df5476f30678f36cccbf72fed65,core/data/partedit_subset/cases/real_0001/source.png,core/data/partedit_subset/cases/real_0001/gt_mask.png,a dog running in the grass,a dog with cat head running in the grass,head,cat,medium,core/results/control_operations/residual_rk2_prefix_sweep/duration_03/real_0001/seed_000,flux-dev,2.0,15,2,4,1,True,"{""name"": ""residual_rk2_prefix_03"", ""num_steps"": 15, ""stages"": [{""name"": ""residual_prefix"", ""start"": 0, ""end"": 2, ""prompt"": ""target"", ""image_kv"": ""none"", ""it_gate"": ""none"", ""it_gate_strength"": 1.0, ""it_gate_epsilon"": 0.0001, ""latent_projection"": ""none"", ""residual_control"": ""source_referenced_rk2""}], ""front"": 2, ""inject"": 4, ""tail_pad"": 1, ""mask_source"": ""oracle"", ""image_kv_layers"": [], ""it_gate_layers"": []}",cd /root/autodl-tmp/part-level-residual-rk2/core/third_party/FollowYourShape/src && /root/miniconda3/bin/python edit.py --source_img_dir /root/autodl-tmp/part-level-residual-rk2/core/data/partedit_subset/cases/real_0001/source.png --source_prompt 'a dog running in the grass' --target_prompt 'a dog with cat head running in the grass' --guidance 2.0 --num_steps 15 --front 2 --inject 4 --seed 0 --name flux-dev --controlnet_type none --output_dir /root/autodl-tmp/part-level-residual-rk2/core/results/control_operations/residual_rk2_prefix_sweep/duration_03/real_0001/seed_000 --vis_path /root/autodl-tmp/part-level-residual-rk2/core/results/control_operations/residual_rk2_prefix_sweep/duration_03/real_0001/seed_000/tdm --feature_path /root/autodl-tmp/part-level-residual-rk2/core/results/control_operations/residual_rk2_prefix_sweep/duration_03/real_0001/seed_000/features --mask_path /root/autodl-tmp/part-level-residual-rk2/core/data/partedit_subset/cases/real_0001/gt_mask.png --tdm_mask_mode oracle --attention_part head --attention_edit cat --control-plan-resolved /root/autodl-tmp/part-level-residual-rk2/core/results/control_operations/residual_rk2_prefix_sweep/plans/duration_03.json --offload
real_0000_seed_000,real_0000,0,residual_rk2_prefix_03,core/results/control_operations/residual_rk2_prefix_sweep/plans/duration_03.json,d19bc4d539b75cce89bc76151f2e785db0a57df5476f30678f36cccbf72fed65,core/data/partedit_subset/cases/real_0000/source.png,core/data/partedit_subset/cases/real_0000/gt_mask.png,a robot standing in a warehouse with boxes,a robot with armored torso standing in a warehouse with boxes,torso,armored,large,core/results/control_operations/residual_rk2_prefix_sweep/duration_03/real_0000/seed_000,flux-dev,2.0,15,2,4,1,True,"{""name"": ""residual_rk2_prefix_03"", ""num_steps"": 15, ""stages"": [{""name"": ""residual_prefix"", ""start"": 0, ""end"": 2, ""prompt"": ""target"", ""image_kv"": ""none"", ""it_gate"": ""none"", ""it_gate_strength"": 1.0, ""it_gate_epsilon"": 0.0001, ""latent_projection"": ""none"", ""residual_control"": ""source_referenced_rk2""}], ""front"": 2, ""inject"": 4, ""tail_pad"": 1, ""mask_source"": ""oracle"", ""image_kv_layers"": [], ""it_gate_layers"": []}",cd /root/autodl-tmp/part-level-residual-rk2/core/third_party/FollowYourShape/src && /root/miniconda3/bin/python edit.py --source_img_dir /root/autodl-tmp/part-level-residual-rk2/core/data/partedit_subset/cases/real_0000/source.png --source_prompt 'a robot standing in a warehouse with boxes' --target_prompt 'a robot with armored torso standing in a warehouse with boxes' --guidance 2.0 --num_steps 15 --front 2 --inject 4 --seed 0 --name flux-dev --controlnet_type none --output_dir /root/autodl-tmp/part-level-residual-rk2/core/results/control_operations/residual_rk2_prefix_sweep/duration_03/real_0000/seed_000 --vis_path /root/autodl-tmp/part-level-residual-rk2/core/results/control_operations/residual_rk2_prefix_sweep/duration_03/real_0000/seed_000/tdm --feature_path /root/autodl-tmp/part-level-residual-rk2/core/results/control_operations/residual_rk2_prefix_sweep/duration_03/real_0000/seed_000/features --mask_path /root/autodl-tmp/part-level-residual-rk2/core/data/partedit_subset/cases/real_0000/gt_mask.png --tdm_mask_mode oracle --attention_part torso --attention_edit armored --control-plan-resolved /root/autodl-tmp/part-level-residual-rk2/core/results/control_operations/residual_rk2_prefix_sweep/plans/duration_03.json --offload
real_0011_seed_000,real_0011,0,residual_rk2_prefix_03,core/results/control_operations/residual_rk2_prefix_sweep/plans/duration_03.json,d19bc4d539b75cce89bc76151f2e785db0a57df5476f30678f36cccbf72fed65,core/data/partedit_subset/cases/real_0011/source.png,core/data/partedit_subset/cases/real_0011/gt_mask.png,a man with a smile on his face,a man with curly_hair hair with a smile on his face,hair,curly_hair,large,core/results/control_operations/residual_rk2_prefix_sweep/duration_03/real_0011/seed_000,flux-dev,2.0,15,2,4,1,True,"{""name"": ""residual_rk2_prefix_03"", ""num_steps"": 15, ""stages"": [{""name"": ""residual_prefix"", ""start"": 0, ""end"": 2, ""prompt"": ""target"", ""image_kv"": ""none"", ""it_gate"": ""none"", ""it_gate_strength"": 1.0, ""it_gate_epsilon"": 0.0001, ""latent_projection"": ""none"", ""residual_control"": ""source_referenced_rk2""}], ""front"": 2, ""inject"": 4, ""tail_pad"": 1, ""mask_source"": ""oracle"", ""image_kv_layers"": [], ""it_gate_layers"": []}",cd /root/autodl-tmp/part-level-residual-rk2/core/third_party/FollowYourShape/src && /root/miniconda3/bin/python edit.py --source_img_dir /root/autodl-tmp/part-level-residual-rk2/core/data/partedit_subset/cases/real_0011/source.png --source_prompt 'a man with a smile on his face' --target_prompt 'a man with curly_hair hair with a smile on his face' --guidance 2.0 --num_steps 15 --front 2 --inject 4 --seed 0 --name flux-dev --controlnet_type none --output_dir /root/autodl-tmp/part-level-residual-rk2/core/results/control_operations/residual_rk2_prefix_sweep/duration_03/real_0011/seed_000 --vis_path /root/autodl-tmp/part-level-residual-rk2/core/results/control_operations/residual_rk2_prefix_sweep/duration_03/real_0011/seed_000/tdm --feature_path /root/autodl-tmp/part-level-residual-rk2/core/results/control_operations/residual_rk2_prefix_sweep/duration_03/real_0011/seed_000/features --mask_path /root/autodl-tmp/part-level-residual-rk2/core/data/partedit_subset/cases/real_0011/gt_mask.png --tdm_mask_mode oracle --attention_part hair --attention_edit curly_hair --control-plan-resolved /root/autodl-tmp/part-level-residual-rk2/core/results/control_operations/residual_rk2_prefix_sweep/plans/duration_03.json --offload
real_0005_seed_000,real_0005,0,residual_rk2_prefix_03,core/results/control_operations/residual_rk2_prefix_sweep/plans/duration_03.json,d19bc4d539b75cce89bc76151f2e785db0a57df5476f30678f36cccbf72fed65,core/data/partedit_subset/cases/real_0005/source.png,core/data/partedit_subset/cases/real_0005/gt_mask.png,a brown bear standing on a rock,a brown bear with dog head standing on a rock,head,dog,large,core/results/control_operations/residual_rk2_prefix_sweep/duration_03/real_0005/seed_000,flux-dev,2.0,15,2,4,1,True,"{""name"": ""residual_rk2_prefix_03"", ""num_steps"": 15, ""stages"": [{""name"": ""residual_prefix"", ""start"": 0, ""end"": 2, ""prompt"": ""target"", ""image_kv"": ""none"", ""it_gate"": ""none"", ""it_gate_strength"": 1.0, ""it_gate_epsilon"": 0.0001, ""latent_projection"": ""none"", ""residual_control"": ""source_referenced_rk2""}], ""front"": 2, ""inject"": 4, ""tail_pad"": 1, ""mask_source"": ""oracle"", ""image_kv_layers"": [], ""it_gate_layers"": []}",cd /root/autodl-tmp/part-level-residual-rk2/core/third_party/FollowYourShape/src && /root/miniconda3/bin/python edit.py --source_img_dir /root/autodl-tmp/part-level-residual-rk2/core/data/partedit_subset/cases/real_0005/source.png --source_prompt 'a brown bear standing on a rock' --target_prompt 'a brown bear with dog head standing on a rock' --guidance 2.0 --num_steps 15 --front 2 --inject 4 --seed 0 --name flux-dev --controlnet_type none --output_dir /root/autodl-tmp/part-level-residual-rk2/core/results/control_operations/residual_rk2_prefix_sweep/duration_03/real_0005/seed_000 --vis_path /root/autodl-tmp/part-level-residual-rk2/core/results/control_operations/residual_rk2_prefix_sweep/duration_03/real_0005/seed_000/tdm --feature_path /root/autodl-tmp/part-level-residual-rk2/core/results/control_operations/residual_rk2_prefix_sweep/duration_03/real_0005/seed_000/features --mask_path /root/autodl-tmp/part-level-residual-rk2/core/data/partedit_subset/cases/real_0005/gt_mask.png --tdm_mask_mode oracle --attention_part head --attention_edit dog --control-plan-resolved /root/autodl-tmp/part-level-residual-rk2/core/results/control_operations/residual_rk2_prefix_sweep/plans/duration_03.json --offload
real_0009_seed_000,real_0009,0,residual_rk2_prefix_03,core/results/control_operations/residual_rk2_prefix_sweep/plans/duration_03.json,d19bc4d539b75cce89bc76151f2e785db0a57df5476f30678f36cccbf72fed65,core/data/partedit_subset/cases/real_0009/source.png,core/data/partedit_subset/cases/real_0009/gt_mask.png,ferrari 812 superfast by kimberly kim,ferrari with rusted carbody 812 superfast by kimberly kim,carbody,rusted,large,core/results/control_operations/residual_rk2_prefix_sweep/duration_03/real_0009/seed_000,flux-dev,2.0,15,2,4,1,True,"{""name"": ""residual_rk2_prefix_03"", ""num_steps"": 15, ""stages"": [{""name"": ""residual_prefix"", ""start"": 0, ""end"": 2, ""prompt"": ""target"", ""image_kv"": ""none"", ""it_gate"": ""none"", ""it_gate_strength"": 1.0, ""it_gate_epsilon"": 0.0001, ""latent_projection"": ""none"", ""residual_control"": ""source_referenced_rk2""}], ""front"": 2, ""inject"": 4, ""tail_pad"": 1, ""mask_source"": ""oracle"", ""image_kv_layers"": [], ""it_gate_layers"": []}",cd /root/autodl-tmp/part-level-residual-rk2/core/third_party/FollowYourShape/src && /root/miniconda3/bin/python edit.py --source_img_dir /root/autodl-tmp/part-level-residual-rk2/core/data/partedit_subset/cases/real_0009/source.png --source_prompt 'ferrari 812 superfast by kimberly kim' --target_prompt 'ferrari with rusted carbody 812 superfast by kimberly kim' --guidance 2.0 --num_steps 15 --front 2 --inject 4 --seed 0 --name flux-dev --controlnet_type none --output_dir /root/autodl-tmp/part-level-residual-rk2/core/results/control_operations/residual_rk2_prefix_sweep/duration_03/real_0009/seed_000 --vis_path /root/autodl-tmp/part-level-residual-rk2/core/results/control_operations/residual_rk2_prefix_sweep/duration_03/real_0009/seed_000/tdm --feature_path /root/autodl-tmp/part-level-residual-rk2/core/results/control_operations/residual_rk2_prefix_sweep/duration_03/real_0009/seed_000/features --mask_path /root/autodl-tmp/part-level-residual-rk2/core/data/partedit_subset/cases/real_0009/gt_mask.png --tdm_mask_mode oracle --attention_part carbody --attention_edit rusted --control-plan-resolved /root/autodl-tmp/part-level-residual-rk2/core/results/control_operations/residual_rk2_prefix_sweep/plans/duration_03.json --offload
real_0006_seed_000,real_0006,0,residual_rk2_prefix_04,core/results/control_operations/residual_rk2_prefix_sweep/plans/duration_04.json,ffe5bc999cafa4cc80f0a4ea16d204b1c6ef199780bf8883d02668661007b97a,core/data/partedit_subset/cases/real_0006/source.png,core/data/partedit_subset/cases/real_0006/gt_mask.png,a man standing in a park wearing a green shirt,a man with alien head standing in a park wearing a green shirt,head,alien,small,core/results/control_operations/residual_rk2_prefix_sweep/duration_04/real_0006/seed_000,flux-dev,2.0,15,2,4,1,True,"{""name"": ""residual_rk2_prefix_04"", ""num_steps"": 15, ""stages"": [{""name"": ""residual_prefix"", ""start"": 0, ""end"": 3, ""prompt"": ""target"", ""image_kv"": ""none"", ""it_gate"": ""none"", ""it_gate_strength"": 1.0, ""it_gate_epsilon"": 0.0001, ""latent_projection"": ""none"", ""residual_control"": ""source_referenced_rk2""}], ""front"": 2, ""inject"": 4, ""tail_pad"": 1, ""mask_source"": ""oracle"", ""image_kv_layers"": [], ""it_gate_layers"": []}",cd /root/autodl-tmp/part-level-residual-rk2/core/third_party/FollowYourShape/src && /root/miniconda3/bin/python edit.py --source_img_dir /root/autodl-tmp/part-level-residual-rk2/core/data/partedit_subset/cases/real_0006/source.png --source_prompt 'a man standing in a park wearing a green shirt' --target_prompt 'a man with alien head standing in a park wearing a green shirt' --guidance 2.0 --num_steps 15 --front 2 --inject 4 --seed 0 --name flux-dev --controlnet_type none --output_dir /root/autodl-tmp/part-level-residual-rk2/core/results/control_operations/residual_rk2_prefix_sweep/duration_04/real_0006/seed_000 --vis_path /root/autodl-tmp/part-level-residual-rk2/core/results/control_operations/residual_rk2_prefix_sweep/duration_04/real_0006/seed_000/tdm --feature_path /root/autodl-tmp/part-level-residual-rk2/core/results/control_operations/residual_rk2_prefix_sweep/duration_04/real_0006/seed_000/features --mask_path /root/autodl-tmp/part-level-residual-rk2/core/data/partedit_subset/cases/real_0006/gt_mask.png --tdm_mask_mode oracle --attention_part head --attention_edit alien --control-plan-resolved /root/autodl-tmp/part-level-residual-rk2/core/results/control_operations/residual_rk2_prefix_sweep/plans/duration_04.json --offload
real_0008_seed_000,real_0008,0,residual_rk2_prefix_04,core/results/control_operations/residual_rk2_prefix_sweep/plans/duration_04.json,ffe5bc999cafa4cc80f0a4ea16d204b1c6ef199780bf8883d02668661007b97a,core/data/partedit_subset/cases/real_0008/source.png,core/data/partedit_subset/cases/real_0008/gt_mask.png,a dog standing in a field with grass and water,a dog with bear head standing in a field with grass and water,head,bear,small,core/results/control_operations/residual_rk2_prefix_sweep/duration_04/real_0008/seed_000,flux-dev,2.0,15,2,4,1,True,"{""name"": ""residual_rk2_prefix_04"", ""num_steps"": 15, ""stages"": [{""name"": ""residual_prefix"", ""start"": 0, ""end"": 3, ""prompt"": ""target"", ""image_kv"": ""none"", ""it_gate"": ""none"", ""it_gate_strength"": 1.0, ""it_gate_epsilon"": 0.0001, ""latent_projection"": ""none"", ""residual_control"": ""source_referenced_rk2""}], ""front"": 2, ""inject"": 4, ""tail_pad"": 1, ""mask_source"": ""oracle"", ""image_kv_layers"": [], ""it_gate_layers"": []}",cd /root/autodl-tmp/part-level-residual-rk2/core/third_party/FollowYourShape/src && /root/miniconda3/bin/python edit.py --source_img_dir /root/autodl-tmp/part-level-residual-rk2/core/data/partedit_subset/cases/real_0008/source.png --source_prompt 'a dog standing in a field with grass and water' --target_prompt 'a dog with bear head standing in a field with grass and water' --guidance 2.0 --num_steps 15 --front 2 --inject 4 --seed 0 --name flux-dev --controlnet_type none --output_dir /root/autodl-tmp/part-level-residual-rk2/core/results/control_operations/residual_rk2_prefix_sweep/duration_04/real_0008/seed_000 --vis_path /root/autodl-tmp/part-level-residual-rk2/core/results/control_operations/residual_rk2_prefix_sweep/duration_04/real_0008/seed_000/tdm --feature_path /root/autodl-tmp/part-level-residual-rk2/core/results/control_operations/residual_rk2_prefix_sweep/duration_04/real_0008/seed_000/features --mask_path /root/autodl-tmp/part-level-residual-rk2/core/data/partedit_subset/cases/real_0008/gt_mask.png --tdm_mask_mode oracle --attention_part head --attention_edit bear --control-plan-resolved /root/autodl-tmp/part-level-residual-rk2/core/results/control_operations/residual_rk2_prefix_sweep/plans/duration_04.json --offload
real_0003_seed_000,real_0003,0,residual_rk2_prefix_04,core/results/control_operations/residual_rk2_prefix_sweep/plans/duration_04.json,ffe5bc999cafa4cc80f0a4ea16d204b1c6ef199780bf8883d02668661007b97a,core/data/partedit_subset/cases/real_0003/source.png,core/data/partedit_subset/cases/real_0003/gt_mask.png,a horse running in a field,a horse with cheetah head running in a field,head,cheetah,small,core/results/control_operations/residual_rk2_prefix_sweep/duration_04/real_0003/seed_000,flux-dev,2.0,15,2,4,1,True,"{""name"": ""residual_rk2_prefix_04"", ""num_steps"": 15, ""stages"": [{""name"": ""residual_prefix"", ""start"": 0, ""end"": 3, ""prompt"": ""target"", ""image_kv"": ""none"", ""it_gate"": ""none"", ""it_gate_strength"": 1.0, ""it_gate_epsilon"": 0.0001, ""latent_projection"": ""none"", ""residual_control"": ""source_referenced_rk2""}], ""front"": 2, ""inject"": 4, ""tail_pad"": 1, ""mask_source"": ""oracle"", ""image_kv_layers"": [], ""it_gate_layers"": []}",cd /root/autodl-tmp/part-level-residual-rk2/core/third_party/FollowYourShape/src && /root/miniconda3/bin/python edit.py --source_img_dir /root/autodl-tmp/part-level-residual-rk2/core/data/partedit_subset/cases/real_0003/source.png --source_prompt 'a horse running in a field' --target_prompt 'a horse with cheetah head running in a field' --guidance 2.0 --num_steps 15 --front 2 --inject 4 --seed 0 --name flux-dev --controlnet_type none --output_dir /root/autodl-tmp/part-level-residual-rk2/core/results/control_operations/residual_rk2_prefix_sweep/duration_04/real_0003/seed_000 --vis_path /root/autodl-tmp/part-level-residual-rk2/core/results/control_operations/residual_rk2_prefix_sweep/duration_04/real_0003/seed_000/tdm --feature_path /root/autodl-tmp/part-level-residual-rk2/core/results/control_operations/residual_rk2_prefix_sweep/duration_04/real_0003/seed_000/features --mask_path /root/autodl-tmp/part-level-residual-rk2/core/data/partedit_subset/cases/real_0003/gt_mask.png --tdm_mask_mode oracle --attention_part head --attention_edit cheetah --control-plan-resolved /root/autodl-tmp/part-level-residual-rk2/core/results/control_operations/residual_rk2_prefix_sweep/plans/duration_04.json --offload
real_0002_seed_000,real_0002,0,residual_rk2_prefix_04,core/results/control_operations/residual_rk2_prefix_sweep/plans/duration_04.json,ffe5bc999cafa4cc80f0a4ea16d204b1c6ef199780bf8883d02668661007b97a,core/data/partedit_subset/cases/real_0002/source.png,core/data/partedit_subset/cases/real_0002/gt_mask.png,a chair and table in front of a glass door,a chair with mesh seat and table in front of a glass door,seat,mesh,small,core/results/control_operations/residual_rk2_prefix_sweep/duration_04/real_0002/seed_000,flux-dev,2.0,15,2,4,1,True,"{""name"": ""residual_rk2_prefix_04"", ""num_steps"": 15, ""stages"": [{""name"": ""residual_prefix"", ""start"": 0, ""end"": 3, ""prompt"": ""target"", ""image_kv"": ""none"", ""it_gate"": ""none"", ""it_gate_strength"": 1.0, ""it_gate_epsilon"": 0.0001, ""latent_projection"": ""none"", ""residual_control"": ""source_referenced_rk2""}], ""front"": 2, ""inject"": 4, ""tail_pad"": 1, ""mask_source"": ""oracle"", ""image_kv_layers"": [], ""it_gate_layers"": []}",cd /root/autodl-tmp/part-level-residual-rk2/core/third_party/FollowYourShape/src && /root/miniconda3/bin/python edit.py --source_img_dir /root/autodl-tmp/part-level-residual-rk2/core/data/partedit_subset/cases/real_0002/source.png --source_prompt 'a chair and table in front of a glass door' --target_prompt 'a chair with mesh seat and table in front of a glass door' --guidance 2.0 --num_steps 15 --front 2 --inject 4 --seed 0 --name flux-dev --controlnet_type none --output_dir /root/autodl-tmp/part-level-residual-rk2/core/results/control_operations/residual_rk2_prefix_sweep/duration_04/real_0002/seed_000 --vis_path /root/autodl-tmp/part-level-residual-rk2/core/results/control_operations/residual_rk2_prefix_sweep/duration_04/real_0002/seed_000/tdm --feature_path /root/autodl-tmp/part-level-residual-rk2/core/results/control_operations/residual_rk2_prefix_sweep/duration_04/real_0002/seed_000/features --mask_path /root/autodl-tmp/part-level-residual-rk2/core/data/partedit_subset/cases/real_0002/gt_mask.png --tdm_mask_mode oracle --attention_part seat --attention_edit mesh --control-plan-resolved /root/autodl-tmp/part-level-residual-rk2/core/results/control_operations/residual_rk2_prefix_sweep/plans/duration_04.json --offload
real_0010_seed_000,real_0010,0,residual_rk2_prefix_04,core/results/control_operations/residual_rk2_prefix_sweep/plans/duration_04.json,ffe5bc999cafa4cc80f0a4ea16d204b1c6ef199780bf8883d02668661007b97a,core/data/partedit_subset/cases/real_0010/source.png,core/data/partedit_subset/cases/real_0010/gt_mask.png,a cow standing on a street,a cow with dragon head standing on a street,head,dragon,medium,core/results/control_operations/residual_rk2_prefix_sweep/duration_04/real_0010/seed_000,flux-dev,2.0,15,2,4,1,True,"{""name"": ""residual_rk2_prefix_04"", ""num_steps"": 15, ""stages"": [{""name"": ""residual_prefix"", ""start"": 0, ""end"": 3, ""prompt"": ""target"", ""image_kv"": ""none"", ""it_gate"": ""none"", ""it_gate_strength"": 1.0, ""it_gate_epsilon"": 0.0001, ""latent_projection"": ""none"", ""residual_control"": ""source_referenced_rk2""}], ""front"": 2, ""inject"": 4, ""tail_pad"": 1, ""mask_source"": ""oracle"", ""image_kv_layers"": [], ""it_gate_layers"": []}",cd /root/autodl-tmp/part-level-residual-rk2/core/third_party/FollowYourShape/src && /root/miniconda3/bin/python edit.py --source_img_dir /root/autodl-tmp/part-level-residual-rk2/core/data/partedit_subset/cases/real_0010/source.png --source_prompt 'a cow standing on a street' --target_prompt 'a cow with dragon head standing on a street' --guidance 2.0 --num_steps 15 --front 2 --inject 4 --seed 0 --name flux-dev --controlnet_type none --output_dir /root/autodl-tmp/part-level-residual-rk2/core/results/control_operations/residual_rk2_prefix_sweep/duration_04/real_0010/seed_000 --vis_path /root/autodl-tmp/part-level-residual-rk2/core/results/control_operations/residual_rk2_prefix_sweep/duration_04/real_0010/seed_000/tdm --feature_path /root/autodl-tmp/part-level-residual-rk2/core/results/control_operations/residual_rk2_prefix_sweep/duration_04/real_0010/seed_000/features --mask_path /root/autodl-tmp/part-level-residual-rk2/core/data/partedit_subset/cases/real_0010/gt_mask.png --tdm_mask_mode oracle --attention_part head --attention_edit dragon --control-plan-resolved /root/autodl-tmp/part-level-residual-rk2/core/results/control_operations/residual_rk2_prefix_sweep/plans/duration_04.json --offload
real_0004_seed_000,real_0004,0,residual_rk2_prefix_04,core/results/control_operations/residual_rk2_prefix_sweep/plans/duration_04.json,ffe5bc999cafa4cc80f0a4ea16d204b1c6ef199780bf8883d02668661007b97a,core/data/partedit_subset/cases/real_0004/source.png,core/data/partedit_subset/cases/real_0004/gt_mask.png,a white toyota avanza parked in front of a house,a white toyota with rusted carhood avanza parked in front of a house,carhood,rusted,medium,core/results/control_operations/residual_rk2_prefix_sweep/duration_04/real_0004/seed_000,flux-dev,2.0,15,2,4,1,True,"{""name"": ""residual_rk2_prefix_04"", ""num_steps"": 15, ""stages"": [{""name"": ""residual_prefix"", ""start"": 0, ""end"": 3, ""prompt"": ""target"", ""image_kv"": ""none"", ""it_gate"": ""none"", ""it_gate_strength"": 1.0, ""it_gate_epsilon"": 0.0001, ""latent_projection"": ""none"", ""residual_control"": ""source_referenced_rk2""}], ""front"": 2, ""inject"": 4, ""tail_pad"": 1, ""mask_source"": ""oracle"", ""image_kv_layers"": [], ""it_gate_layers"": []}",cd /root/autodl-tmp/part-level-residual-rk2/core/third_party/FollowYourShape/src && /root/miniconda3/bin/python edit.py --source_img_dir /root/autodl-tmp/part-level-residual-rk2/core/data/partedit_subset/cases/real_0004/source.png --source_prompt 'a white toyota avanza parked in front of a house' --target_prompt 'a white toyota with rusted carhood avanza parked in front of a house' --guidance 2.0 --num_steps 15 --front 2 --inject 4 --seed 0 --name flux-dev --controlnet_type none --output_dir /root/autodl-tmp/part-level-residual-rk2/core/results/control_operations/residual_rk2_prefix_sweep/duration_04/real_0004/seed_000 --vis_path /root/autodl-tmp/part-level-residual-rk2/core/results/control_operations/residual_rk2_prefix_sweep/duration_04/real_0004/seed_000/tdm --feature_path /root/autodl-tmp/part-level-residual-rk2/core/results/control_operations/residual_rk2_prefix_sweep/duration_04/real_0004/seed_000/features --mask_path /root/autodl-tmp/part-level-residual-rk2/core/data/partedit_subset/cases/real_0004/gt_mask.png --tdm_mask_mode oracle --attention_part carhood --attention_edit rusted --control-plan-resolved /root/autodl-tmp/part-level-residual-rk2/core/results/control_operations/residual_rk2_prefix_sweep/plans/duration_04.json --offload
real_0007_seed_000,real_0007,0,residual_rk2_prefix_04,core/results/control_operations/residual_rk2_prefix_sweep/plans/duration_04.json,ffe5bc999cafa4cc80f0a4ea16d204b1c6ef199780bf8883d02668661007b97a,core/data/partedit_subset/cases/real_0007/source.png,core/data/partedit_subset/cases/real_0007/gt_mask.png,a mahogany armchair,a mahogany armchair with leather seat,seat,leather,medium,core/results/control_operations/residual_rk2_prefix_sweep/duration_04/real_0007/seed_000,flux-dev,2.0,15,2,4,1,True,"{""name"": ""residual_rk2_prefix_04"", ""num_steps"": 15, ""stages"": [{""name"": ""residual_prefix"", ""start"": 0, ""end"": 3, ""prompt"": ""target"", ""image_kv"": ""none"", ""it_gate"": ""none"", ""it_gate_strength"": 1.0, ""it_gate_epsilon"": 0.0001, ""latent_projection"": ""none"", ""residual_control"": ""source_referenced_rk2""}], ""front"": 2, ""inject"": 4, ""tail_pad"": 1, ""mask_source"": ""oracle"", ""image_kv_layers"": [], ""it_gate_layers"": []}",cd /root/autodl-tmp/part-level-residual-rk2/core/third_party/FollowYourShape/src && /root/miniconda3/bin/python edit.py --source_img_dir /root/autodl-tmp/part-level-residual-rk2/core/data/partedit_subset/cases/real_0007/source.png --source_prompt 'a mahogany armchair' --target_prompt 'a mahogany armchair with leather seat' --guidance 2.0 --num_steps 15 --front 2 --inject 4 --seed 0 --name flux-dev --controlnet_type none --output_dir /root/autodl-tmp/part-level-residual-rk2/core/results/control_operations/residual_rk2_prefix_sweep/duration_04/real_0007/seed_000 --vis_path /root/autodl-tmp/part-level-residual-rk2/core/results/control_operations/residual_rk2_prefix_sweep/duration_04/real_0007/seed_000/tdm --feature_path /root/autodl-tmp/part-level-residual-rk2/core/results/control_operations/residual_rk2_prefix_sweep/duration_04/real_0007/seed_000/features --mask_path /root/autodl-tmp/part-level-residual-rk2/core/data/partedit_subset/cases/real_0007/gt_mask.png --tdm_mask_mode oracle --attention_part seat --attention_edit leather --control-plan-resolved /root/autodl-tmp/part-level-residual-rk2/core/results/control_operations/residual_rk2_prefix_sweep/plans/duration_04.json --offload
real_0001_seed_000,real_0001,0,residual_rk2_prefix_04,core/results/control_operations/residual_rk2_prefix_sweep/plans/duration_04.json,ffe5bc999cafa4cc80f0a4ea16d204b1c6ef199780bf8883d02668661007b97a,core/data/partedit_subset/cases/real_0001/source.png,core/data/partedit_subset/cases/real_0001/gt_mask.png,a dog running in the grass,a dog with cat head running in the grass,head,cat,medium,core/results/control_operations/residual_rk2_prefix_sweep/duration_04/real_0001/seed_000,flux-dev,2.0,15,2,4,1,True,"{""name"": ""residual_rk2_prefix_04"", ""num_steps"": 15, ""stages"": [{""name"": ""residual_prefix"", ""start"": 0, ""end"": 3, ""prompt"": ""target"", ""image_kv"": ""none"", ""it_gate"": ""none"", ""it_gate_strength"": 1.0, ""it_gate_epsilon"": 0.0001, ""latent_projection"": ""none"", ""residual_control"": ""source_referenced_rk2""}], ""front"": 2, ""inject"": 4, ""tail_pad"": 1, ""mask_source"": ""oracle"", ""image_kv_layers"": [], ""it_gate_layers"": []}",cd /root/autodl-tmp/part-level-residual-rk2/core/third_party/FollowYourShape/src && /root/miniconda3/bin/python edit.py --source_img_dir /root/autodl-tmp/part-level-residual-rk2/core/data/partedit_subset/cases/real_0001/source.png --source_prompt 'a dog running in the grass' --target_prompt 'a dog with cat head running in the grass' --guidance 2.0 --num_steps 15 --front 2 --inject 4 --seed 0 --name flux-dev --controlnet_type none --output_dir /root/autodl-tmp/part-level-residual-rk2/core/results/control_operations/residual_rk2_prefix_sweep/duration_04/real_0001/seed_000 --vis_path /root/autodl-tmp/part-level-residual-rk2/core/results/control_operations/residual_rk2_prefix_sweep/duration_04/real_0001/seed_000/tdm --feature_path /root/autodl-tmp/part-level-residual-rk2/core/results/control_operations/residual_rk2_prefix_sweep/duration_04/real_0001/seed_000/features --mask_path /root/autodl-tmp/part-level-residual-rk2/core/data/partedit_subset/cases/real_0001/gt_mask.png --tdm_mask_mode oracle --attention_part head --attention_edit cat --control-plan-resolved /root/autodl-tmp/part-level-residual-rk2/core/results/control_operations/residual_rk2_prefix_sweep/plans/duration_04.json --offload
real_0000_seed_000,real_0000,0,residual_rk2_prefix_04,core/results/control_operations/residual_rk2_prefix_sweep/plans/duration_04.json,ffe5bc999cafa4cc80f0a4ea16d204b1c6ef199780bf8883d02668661007b97a,core/data/partedit_subset/cases/real_0000/source.png,core/data/partedit_subset/cases/real_0000/gt_mask.png,a robot standing in a warehouse with boxes,a robot with armored torso standing in a warehouse with boxes,torso,armored,large,core/results/control_operations/residual_rk2_prefix_sweep/duration_04/real_0000/seed_000,flux-dev,2.0,15,2,4,1,True,"{""name"": ""residual_rk2_prefix_04"", ""num_steps"": 15, ""stages"": [{""name"": ""residual_prefix"", ""start"": 0, ""end"": 3, ""prompt"": ""target"", ""image_kv"": ""none"", ""it_gate"": ""none"", ""it_gate_strength"": 1.0, ""it_gate_epsilon"": 0.0001, ""latent_projection"": ""none"", ""residual_control"": ""source_referenced_rk2""}], ""front"": 2, ""inject"": 4, ""tail_pad"": 1, ""mask_source"": ""oracle"", ""image_kv_layers"": [], ""it_gate_layers"": []}",cd /root/autodl-tmp/part-level-residual-rk2/core/third_party/FollowYourShape/src && /root/miniconda3/bin/python edit.py --source_img_dir /root/autodl-tmp/part-level-residual-rk2/core/data/partedit_subset/cases/real_0000/source.png --source_prompt 'a robot standing in a warehouse with boxes' --target_prompt 'a robot with armored torso standing in a warehouse with boxes' --guidance 2.0 --num_steps 15 --front 2 --inject 4 --seed 0 --name flux-dev --controlnet_type none --output_dir /root/autodl-tmp/part-level-residual-rk2/core/results/control_operations/residual_rk2_prefix_sweep/duration_04/real_0000/seed_000 --vis_path /root/autodl-tmp/part-level-residual-rk2/core/results/control_operations/residual_rk2_prefix_sweep/duration_04/real_0000/seed_000/tdm --feature_path /root/autodl-tmp/part-level-residual-rk2/core/results/control_operations/residual_rk2_prefix_sweep/duration_04/real_0000/seed_000/features --mask_path /root/autodl-tmp/part-level-residual-rk2/core/data/partedit_subset/cases/real_0000/gt_mask.png --tdm_mask_mode oracle --attention_part torso --attention_edit armored --control-plan-resolved /root/autodl-tmp/part-level-residual-rk2/core/results/control_operations/residual_rk2_prefix_sweep/plans/duration_04.json --offload
real_0011_seed_000,real_0011,0,residual_rk2_prefix_04,core/results/control_operations/residual_rk2_prefix_sweep/plans/duration_04.json,ffe5bc999cafa4cc80f0a4ea16d204b1c6ef199780bf8883d02668661007b97a,core/data/partedit_subset/cases/real_0011/source.png,core/data/partedit_subset/cases/real_0011/gt_mask.png,a man with a smile on his face,a man with curly_hair hair with a smile on his face,hair,curly_hair,large,core/results/control_operations/residual_rk2_prefix_sweep/duration_04/real_0011/seed_000,flux-dev,2.0,15,2,4,1,True,"{""name"": ""residual_rk2_prefix_04"", ""num_steps"": 15, ""stages"": [{""name"": ""residual_prefix"", ""start"": 0, ""end"": 3, ""prompt"": ""target"", ""image_kv"": ""none"", ""it_gate"": ""none"", ""it_gate_strength"": 1.0, ""it_gate_epsilon"": 0.0001, ""latent_projection"": ""none"", ""residual_control"": ""source_referenced_rk2""}], ""front"": 2, ""inject"": 4, ""tail_pad"": 1, ""mask_source"": ""oracle"", ""image_kv_layers"": [], ""it_gate_layers"": []}",cd /root/autodl-tmp/part-level-residual-rk2/core/third_party/FollowYourShape/src && /root/miniconda3/bin/python edit.py --source_img_dir /root/autodl-tmp/part-level-residual-rk2/core/data/partedit_subset/cases/real_0011/source.png --source_prompt 'a man with a smile on his face' --target_prompt 'a man with curly_hair hair with a smile on his face' --guidance 2.0 --num_steps 15 --front 2 --inject 4 --seed 0 --name flux-dev --controlnet_type none --output_dir /root/autodl-tmp/part-level-residual-rk2/core/results/control_operations/residual_rk2_prefix_sweep/duration_04/real_0011/seed_000 --vis_path /root/autodl-tmp/part-level-residual-rk2/core/results/control_operations/residual_rk2_prefix_sweep/duration_04/real_0011/seed_000/tdm --feature_path /root/autodl-tmp/part-level-residual-rk2/core/results/control_operations/residual_rk2_prefix_sweep/duration_04/real_0011/seed_000/features --mask_path /root/autodl-tmp/part-level-residual-rk2/core/data/partedit_subset/cases/real_0011/gt_mask.png --tdm_mask_mode oracle --attention_part hair --attention_edit curly_hair --control-plan-resolved /root/autodl-tmp/part-level-residual-rk2/core/results/control_operations/residual_rk2_prefix_sweep/plans/duration_04.json --offload
real_0005_seed_000,real_0005,0,residual_rk2_prefix_04,core/results/control_operations/residual_rk2_prefix_sweep/plans/duration_04.json,ffe5bc999cafa4cc80f0a4ea16d204b1c6ef199780bf8883d02668661007b97a,core/data/partedit_subset/cases/real_0005/source.png,core/data/partedit_subset/cases/real_0005/gt_mask.png,a brown bear standing on a rock,a brown bear with dog head standing on a rock,head,dog,large,core/results/control_operations/residual_rk2_prefix_sweep/duration_04/real_0005/seed_000,flux-dev,2.0,15,2,4,1,True,"{""name"": ""residual_rk2_prefix_04"", ""num_steps"": 15, ""stages"": [{""name"": ""residual_prefix"", ""start"": 0, ""end"": 3, ""prompt"": ""target"", ""image_kv"": ""none"", ""it_gate"": ""none"", ""it_gate_strength"": 1.0, ""it_gate_epsilon"": 0.0001, ""latent_projection"": ""none"", ""residual_control"": ""source_referenced_rk2""}], ""front"": 2, ""inject"": 4, ""tail_pad"": 1, ""mask_source"": ""oracle"", ""image_kv_layers"": [], ""it_gate_layers"": []}",cd /root/autodl-tmp/part-level-residual-rk2/core/third_party/FollowYourShape/src && /root/miniconda3/bin/python edit.py --source_img_dir /root/autodl-tmp/part-level-residual-rk2/core/data/partedit_subset/cases/real_0005/source.png --source_prompt 'a brown bear standing on a rock' --target_prompt 'a brown bear with dog head standing on a rock' --guidance 2.0 --num_steps 15 --front 2 --inject 4 --seed 0 --name flux-dev --controlnet_type none --output_dir /root/autodl-tmp/part-level-residual-rk2/core/results/control_operations/residual_rk2_prefix_sweep/duration_04/real_0005/seed_000 --vis_path /root/autodl-tmp/part-level-residual-rk2/core/results/control_operations/residual_rk2_prefix_sweep/duration_04/real_0005/seed_000/tdm --feature_path /root/autodl-tmp/part-level-residual-rk2/core/results/control_operations/residual_rk2_prefix_sweep/duration_04/real_0005/seed_000/features --mask_path /root/autodl-tmp/part-level-residual-rk2/core/data/partedit_subset/cases/real_0005/gt_mask.png --tdm_mask_mode oracle --attention_part head --attention_edit dog --control-plan-resolved /root/autodl-tmp/part-level-residual-rk2/core/results/control_operations/residual_rk2_prefix_sweep/plans/duration_04.json --offload
real_0009_seed_000,real_0009,0,residual_rk2_prefix_04,core/results/control_operations/residual_rk2_prefix_sweep/plans/duration_04.json,ffe5bc999cafa4cc80f0a4ea16d204b1c6ef199780bf8883d02668661007b97a,core/data/partedit_subset/cases/real_0009/source.png,core/data/partedit_subset/cases/real_0009/gt_mask.png,ferrari 812 superfast by kimberly kim,ferrari with rusted carbody 812 superfast by kimberly kim,carbody,rusted,large,core/results/control_operations/residual_rk2_prefix_sweep/duration_04/real_0009/seed_000,flux-dev,2.0,15,2,4,1,True,"{""name"": ""residual_rk2_prefix_04"", ""num_steps"": 15, ""stages"": [{""name"": ""residual_prefix"", ""start"": 0, ""end"": 3, ""prompt"": ""target"", ""image_kv"": ""none"", ""it_gate"": ""none"", ""it_gate_strength"": 1.0, ""it_gate_epsilon"": 0.0001, ""latent_projection"": ""none"", ""residual_control"": ""source_referenced_rk2""}], ""front"": 2, ""inject"": 4, ""tail_pad"": 1, ""mask_source"": ""oracle"", ""image_kv_layers"": [], ""it_gate_layers"": []}",cd /root/autodl-tmp/part-level-residual-rk2/core/third_party/FollowYourShape/src && /root/miniconda3/bin/python edit.py --source_img_dir /root/autodl-tmp/part-level-residual-rk2/core/data/partedit_subset/cases/real_0009/source.png --source_prompt 'ferrari 812 superfast by kimberly kim' --target_prompt 'ferrari with rusted carbody 812 superfast by kimberly kim' --guidance 2.0 --num_steps 15 --front 2 --inject 4 --seed 0 --name flux-dev --controlnet_type none --output_dir /root/autodl-tmp/part-level-residual-rk2/core/results/control_operations/residual_rk2_prefix_sweep/duration_04/real_0009/seed_000 --vis_path /root/autodl-tmp/part-level-residual-rk2/core/results/control_operations/residual_rk2_prefix_sweep/duration_04/real_0009/seed_000/tdm --feature_path /root/autodl-tmp/part-level-residual-rk2/core/results/control_operations/residual_rk2_prefix_sweep/duration_04/real_0009/seed_000/features --mask_path /root/autodl-tmp/part-level-residual-rk2/core/data/partedit_subset/cases/real_0009/gt_mask.png --tdm_mask_mode oracle --attention_part carbody --attention_edit rusted --control-plan-resolved /root/autodl-tmp/part-level-residual-rk2/core/results/control_operations/residual_rk2_prefix_sweep/plans/duration_04.json --offload
real_0006_seed_000,real_0006,0,residual_rk2_prefix_05,core/results/control_operations/residual_rk2_prefix_sweep/plans/duration_05.json,0d784ee3b799bbe6b4e9a08aaeb0fcb9c20f543801eaf3b4713b129e030170b6,core/data/partedit_subset/cases/real_0006/source.png,core/data/partedit_subset/cases/real_0006/gt_mask.png,a man standing in a park wearing a green shirt,a man with alien head standing in a park wearing a green shirt,head,alien,small,core/results/control_operations/residual_rk2_prefix_sweep/duration_05/real_0006/seed_000,flux-dev,2.0,15,2,4,1,True,"{""name"": ""residual_rk2_prefix_05"", ""num_steps"": 15, ""stages"": [{""name"": ""residual_prefix"", ""start"": 0, ""end"": 4, ""prompt"": ""target"", ""image_kv"": ""none"", ""it_gate"": ""none"", ""it_gate_strength"": 1.0, ""it_gate_epsilon"": 0.0001, ""latent_projection"": ""none"", ""residual_control"": ""source_referenced_rk2""}], ""front"": 2, ""inject"": 4, ""tail_pad"": 1, ""mask_source"": ""oracle"", ""image_kv_layers"": [], ""it_gate_layers"": []}",cd /root/autodl-tmp/part-level-residual-rk2/core/third_party/FollowYourShape/src && /root/miniconda3/bin/python edit.py --source_img_dir /root/autodl-tmp/part-level-residual-rk2/core/data/partedit_subset/cases/real_0006/source.png --source_prompt 'a man standing in a park wearing a green shirt' --target_prompt 'a man with alien head standing in a park wearing a green shirt' --guidance 2.0 --num_steps 15 --front 2 --inject 4 --seed 0 --name flux-dev --controlnet_type none --output_dir /root/autodl-tmp/part-level-residual-rk2/core/results/control_operations/residual_rk2_prefix_sweep/duration_05/real_0006/seed_000 --vis_path /root/autodl-tmp/part-level-residual-rk2/core/results/control_operations/residual_rk2_prefix_sweep/duration_05/real_0006/seed_000/tdm --feature_path /root/autodl-tmp/part-level-residual-rk2/core/results/control_operations/residual_rk2_prefix_sweep/duration_05/real_0006/seed_000/features --mask_path /root/autodl-tmp/part-level-residual-rk2/core/data/partedit_subset/cases/real_0006/gt_mask.png --tdm_mask_mode oracle --attention_part head --attention_edit alien --control-plan-resolved /root/autodl-tmp/part-level-residual-rk2/core/results/control_operations/residual_rk2_prefix_sweep/plans/duration_05.json --offload
real_0008_seed_000,real_0008,0,residual_rk2_prefix_05,core/results/control_operations/residual_rk2_prefix_sweep/plans/duration_05.json,0d784ee3b799bbe6b4e9a08aaeb0fcb9c20f543801eaf3b4713b129e030170b6,core/data/partedit_subset/cases/real_0008/source.png,core/data/partedit_subset/cases/real_0008/gt_mask.png,a dog standing in a field with grass and water,a dog with bear head standing in a field with grass and water,head,bear,small,core/results/control_operations/residual_rk2_prefix_sweep/duration_05/real_0008/seed_000,flux-dev,2.0,15,2,4,1,True,"{""name"": ""residual_rk2_prefix_05"", ""num_steps"": 15, ""stages"": [{""name"": ""residual_prefix"", ""start"": 0, ""end"": 4, ""prompt"": ""target"", ""image_kv"": ""none"", ""it_gate"": ""none"", ""it_gate_strength"": 1.0, ""it_gate_epsilon"": 0.0001, ""latent_projection"": ""none"", ""residual_control"": ""source_referenced_rk2""}], ""front"": 2, ""inject"": 4, ""tail_pad"": 1, ""mask_source"": ""oracle"", ""image_kv_layers"": [], ""it_gate_layers"": []}",cd /root/autodl-tmp/part-level-residual-rk2/core/third_party/FollowYourShape/src && /root/miniconda3/bin/python edit.py --source_img_dir /root/autodl-tmp/part-level-residual-rk2/core/data/partedit_subset/cases/real_0008/source.png --source_prompt 'a dog standing in a field with grass and water' --target_prompt 'a dog with bear head standing in a field with grass and water' --guidance 2.0 --num_steps 15 --front 2 --inject 4 --seed 0 --name flux-dev --controlnet_type none --output_dir /root/autodl-tmp/part-level-residual-rk2/core/results/control_operations/residual_rk2_prefix_sweep/duration_05/real_0008/seed_000 --vis_path /root/autodl-tmp/part-level-residual-rk2/core/results/control_operations/residual_rk2_prefix_sweep/duration_05/real_0008/seed_000/tdm --feature_path /root/autodl-tmp/part-level-residual-rk2/core/results/control_operations/residual_rk2_prefix_sweep/duration_05/real_0008/seed_000/features --mask_path /root/autodl-tmp/part-level-residual-rk2/core/data/partedit_subset/cases/real_0008/gt_mask.png --tdm_mask_mode oracle --attention_part head --attention_edit bear --control-plan-resolved /root/autodl-tmp/part-level-residual-rk2/core/results/control_operations/residual_rk2_prefix_sweep/plans/duration_05.json --offload
real_0003_seed_000,real_0003,0,residual_rk2_prefix_05,core/results/control_operations/residual_rk2_prefix_sweep/plans/duration_05.json,0d784ee3b799bbe6b4e9a08aaeb0fcb9c20f543801eaf3b4713b129e030170b6,core/data/partedit_subset/cases/real_0003/source.png,core/data/partedit_subset/cases/real_0003/gt_mask.png,a horse running in a field,a horse with cheetah head running in a field,head,cheetah,small,core/results/control_operations/residual_rk2_prefix_sweep/duration_05/real_0003/seed_000,flux-dev,2.0,15,2,4,1,True,"{""name"": ""residual_rk2_prefix_05"", ""num_steps"": 15, ""stages"": [{""name"": ""residual_prefix"", ""start"": 0, ""end"": 4, ""prompt"": ""target"", ""image_kv"": ""none"", ""it_gate"": ""none"", ""it_gate_strength"": 1.0, ""it_gate_epsilon"": 0.0001, ""latent_projection"": ""none"", ""residual_control"": ""source_referenced_rk2""}], ""front"": 2, ""inject"": 4, ""tail_pad"": 1, ""mask_source"": ""oracle"", ""image_kv_layers"": [], ""it_gate_layers"": []}",cd /root/autodl-tmp/part-level-residual-rk2/core/third_party/FollowYourShape/src && /root/miniconda3/bin/python edit.py --source_img_dir /root/autodl-tmp/part-level-residual-rk2/core/data/partedit_subset/cases/real_0003/source.png --source_prompt 'a horse running in a field' --target_prompt 'a horse with cheetah head running in a field' --guidance 2.0 --num_steps 15 --front 2 --inject 4 --seed 0 --name flux-dev --controlnet_type none --output_dir /root/autodl-tmp/part-level-residual-rk2/core/results/control_operations/residual_rk2_prefix_sweep/duration_05/real_0003/seed_000 --vis_path /root/autodl-tmp/part-level-residual-rk2/core/results/control_operations/residual_rk2_prefix_sweep/duration_05/real_0003/seed_000/tdm --feature_path /root/autodl-tmp/part-level-residual-rk2/core/results/control_operations/residual_rk2_prefix_sweep/duration_05/real_0003/seed_000/features --mask_path /root/autodl-tmp/part-level-residual-rk2/core/data/partedit_subset/cases/real_0003/gt_mask.png --tdm_mask_mode oracle --attention_part head --attention_edit cheetah --control-plan-resolved /root/autodl-tmp/part-level-residual-rk2/core/results/control_operations/residual_rk2_prefix_sweep/plans/duration_05.json --offload
real_0002_seed_000,real_0002,0,residual_rk2_prefix_05,core/results/control_operations/residual_rk2_prefix_sweep/plans/duration_05.json,0d784ee3b799bbe6b4e9a08aaeb0fcb9c20f543801eaf3b4713b129e030170b6,core/data/partedit_subset/cases/real_0002/source.png,core/data/partedit_subset/cases/real_0002/gt_mask.png,a chair and table in front of a glass door,a chair with mesh seat and table in front of a glass door,seat,mesh,small,core/results/control_operations/residual_rk2_prefix_sweep/duration_05/real_0002/seed_000,flux-dev,2.0,15,2,4,1,True,"{""name"": ""residual_rk2_prefix_05"", ""num_steps"": 15, ""stages"": [{""name"": ""residual_prefix"", ""start"": 0, ""end"": 4, ""prompt"": ""target"", ""image_kv"": ""none"", ""it_gate"": ""none"", ""it_gate_strength"": 1.0, ""it_gate_epsilon"": 0.0001, ""latent_projection"": ""none"", ""residual_control"": ""source_referenced_rk2""}], ""front"": 2, ""inject"": 4, ""tail_pad"": 1, ""mask_source"": ""oracle"", ""image_kv_layers"": [], ""it_gate_layers"": []}",cd /root/autodl-tmp/part-level-residual-rk2/core/third_party/FollowYourShape/src && /root/miniconda3/bin/python edit.py --source_img_dir /root/autodl-tmp/part-level-residual-rk2/core/data/partedit_subset/cases/real_0002/source.png --source_prompt 'a chair and table in front of a glass door' --target_prompt 'a chair with mesh seat and table in front of a glass door' --guidance 2.0 --num_steps 15 --front 2 --inject 4 --seed 0 --name flux-dev --controlnet_type none --output_dir /root/autodl-tmp/part-level-residual-rk2/core/results/control_operations/residual_rk2_prefix_sweep/duration_05/real_0002/seed_000 --vis_path /root/autodl-tmp/part-level-residual-rk2/core/results/control_operations/residual_rk2_prefix_sweep/duration_05/real_0002/seed_000/tdm --feature_path /root/autodl-tmp/part-level-residual-rk2/core/results/control_operations/residual_rk2_prefix_sweep/duration_05/real_0002/seed_000/features --mask_path /root/autodl-tmp/part-level-residual-rk2/core/data/partedit_subset/cases/real_0002/gt_mask.png --tdm_mask_mode oracle --attention_part seat --attention_edit mesh --control-plan-resolved /root/autodl-tmp/part-level-residual-rk2/core/results/control_operations/residual_rk2_prefix_sweep/plans/duration_05.json --offload
real_0010_seed_000,real_0010,0,residual_rk2_prefix_05,core/results/control_operations/residual_rk2_prefix_sweep/plans/duration_05.json,0d784ee3b799bbe6b4e9a08aaeb0fcb9c20f543801eaf3b4713b129e030170b6,core/data/partedit_subset/cases/real_0010/source.png,core/data/partedit_subset/cases/real_0010/gt_mask.png,a cow standing on a street,a cow with dragon head standing on a street,head,dragon,medium,core/results/control_operations/residual_rk2_prefix_sweep/duration_05/real_0010/seed_000,flux-dev,2.0,15,2,4,1,True,"{""name"": ""residual_rk2_prefix_05"", ""num_steps"": 15, ""stages"": [{""name"": ""residual_prefix"", ""start"": 0, ""end"": 4, ""prompt"": ""target"", ""image_kv"": ""none"", ""it_gate"": ""none"", ""it_gate_strength"": 1.0, ""it_gate_epsilon"": 0.0001, ""latent_projection"": ""none"", ""residual_control"": ""source_referenced_rk2""}], ""front"": 2, ""inject"": 4, ""tail_pad"": 1, ""mask_source"": ""oracle"", ""image_kv_layers"": [], ""it_gate_layers"": []}",cd /root/autodl-tmp/part-level-residual-rk2/core/third_party/FollowYourShape/src && /root/miniconda3/bin/python edit.py --source_img_dir /root/autodl-tmp/part-level-residual-rk2/core/data/partedit_subset/cases/real_0010/source.png --source_prompt 'a cow standing on a street' --target_prompt 'a cow with dragon head standing on a street' --guidance 2.0 --num_steps 15 --front 2 --inject 4 --seed 0 --name flux-dev --controlnet_type none --output_dir /root/autodl-tmp/part-level-residual-rk2/core/results/control_operations/residual_rk2_prefix_sweep/duration_05/real_0010/seed_000 --vis_path /root/autodl-tmp/part-level-residual-rk2/core/results/control_operations/residual_rk2_prefix_sweep/duration_05/real_0010/seed_000/tdm --feature_path /root/autodl-tmp/part-level-residual-rk2/core/results/control_operations/residual_rk2_prefix_sweep/duration_05/real_0010/seed_000/features --mask_path /root/autodl-tmp/part-level-residual-rk2/core/data/partedit_subset/cases/real_0010/gt_mask.png --tdm_mask_mode oracle --attention_part head --attention_edit dragon --control-plan-resolved /root/autodl-tmp/part-level-residual-rk2/core/results/control_operations/residual_rk2_prefix_sweep/plans/duration_05.json --offload
real_0004_seed_000,real_0004,0,residual_rk2_prefix_05,core/results/control_operations/residual_rk2_prefix_sweep/plans/duration_05.json,0d784ee3b799bbe6b4e9a08aaeb0fcb9c20f543801eaf3b4713b129e030170b6,core/data/partedit_subset/cases/real_0004/source.png,core/data/partedit_subset/cases/real_0004/gt_mask.png,a white toyota avanza parked in front of a house,a white toyota with rusted carhood avanza parked in front of a house,carhood,rusted,medium,core/results/control_operations/residual_rk2_prefix_sweep/duration_05/real_0004/seed_000,flux-dev,2.0,15,2,4,1,True,"{""name"": ""residual_rk2_prefix_05"", ""num_steps"": 15, ""stages"": [{""name"": ""residual_prefix"", ""start"": 0, ""end"": 4, ""prompt"": ""target"", ""image_kv"": ""none"", ""it_gate"": ""none"", ""it_gate_strength"": 1.0, ""it_gate_epsilon"": 0.0001, ""latent_projection"": ""none"", ""residual_control"": ""source_referenced_rk2""}], ""front"": 2, ""inject"": 4, ""tail_pad"": 1, ""mask_source"": ""oracle"", ""image_kv_layers"": [], ""it_gate_layers"": []}",cd /root/autodl-tmp/part-level-residual-rk2/core/third_party/FollowYourShape/src && /root/miniconda3/bin/python edit.py --source_img_dir /root/autodl-tmp/part-level-residual-rk2/core/data/partedit_subset/cases/real_0004/source.png --source_prompt 'a white toyota avanza parked in front of a house' --target_prompt 'a white toyota with rusted carhood avanza parked in front of a house' --guidance 2.0 --num_steps 15 --front 2 --inject 4 --seed 0 --name flux-dev --controlnet_type none --output_dir /root/autodl-tmp/part-level-residual-rk2/core/results/control_operations/residual_rk2_prefix_sweep/duration_05/real_0004/seed_000 --vis_path /root/autodl-tmp/part-level-residual-rk2/core/results/control_operations/residual_rk2_prefix_sweep/duration_05/real_0004/seed_000/tdm --feature_path /root/autodl-tmp/part-level-residual-rk2/core/results/control_operations/residual_rk2_prefix_sweep/duration_05/real_0004/seed_000/features --mask_path /root/autodl-tmp/part-level-residual-rk2/core/data/partedit_subset/cases/real_0004/gt_mask.png --tdm_mask_mode oracle --attention_part carhood --attention_edit rusted --control-plan-resolved /root/autodl-tmp/part-level-residual-rk2/core/results/control_operations/residual_rk2_prefix_sweep/plans/duration_05.json --offload
real_0007_seed_000,real_0007,0,residual_rk2_prefix_05,core/results/control_operations/residual_rk2_prefix_sweep/plans/duration_05.json,0d784ee3b799bbe6b4e9a08aaeb0fcb9c20f543801eaf3b4713b129e030170b6,core/data/partedit_subset/cases/real_0007/source.png,core/data/partedit_subset/cases/real_0007/gt_mask.png,a mahogany armchair,a mahogany armchair with leather seat,seat,leather,medium,core/results/control_operations/residual_rk2_prefix_sweep/duration_05/real_0007/seed_000,flux-dev,2.0,15,2,4,1,True,"{""name"": ""residual_rk2_prefix_05"", ""num_steps"": 15, ""stages"": [{""name"": ""residual_prefix"", ""start"": 0, ""end"": 4, ""prompt"": ""target"", ""image_kv"": ""none"", ""it_gate"": ""none"", ""it_gate_strength"": 1.0, ""it_gate_epsilon"": 0.0001, ""latent_projection"": ""none"", ""residual_control"": ""source_referenced_rk2""}], ""front"": 2, ""inject"": 4, ""tail_pad"": 1, ""mask_source"": ""oracle"", ""image_kv_layers"": [], ""it_gate_layers"": []}",cd /root/autodl-tmp/part-level-residual-rk2/core/third_party/FollowYourShape/src && /root/miniconda3/bin/python edit.py --source_img_dir /root/autodl-tmp/part-level-residual-rk2/core/data/partedit_subset/cases/real_0007/source.png --source_prompt 'a mahogany armchair' --target_prompt 'a mahogany armchair with leather seat' --guidance 2.0 --num_steps 15 --front 2 --inject 4 --seed 0 --name flux-dev --controlnet_type none --output_dir /root/autodl-tmp/part-level-residual-rk2/core/results/control_operations/residual_rk2_prefix_sweep/duration_05/real_0007/seed_000 --vis_path /root/autodl-tmp/part-level-residual-rk2/core/results/control_operations/residual_rk2_prefix_sweep/duration_05/real_0007/seed_000/tdm --feature_path /root/autodl-tmp/part-level-residual-rk2/core/results/control_operations/residual_rk2_prefix_sweep/duration_05/real_0007/seed_000/features --mask_path /root/autodl-tmp/part-level-residual-rk2/core/data/partedit_subset/cases/real_0007/gt_mask.png --tdm_mask_mode oracle --attention_part seat --attention_edit leather --control-plan-resolved /root/autodl-tmp/part-level-residual-rk2/core/results/control_operations/residual_rk2_prefix_sweep/plans/duration_05.json --offload
real_0001_seed_000,real_0001,0,residual_rk2_prefix_05,core/results/control_operations/residual_rk2_prefix_sweep/plans/duration_05.json,0d784ee3b799bbe6b4e9a08aaeb0fcb9c20f543801eaf3b4713b129e030170b6,core/data/partedit_subset/cases/real_0001/source.png,core/data/partedit_subset/cases/real_0001/gt_mask.png,a dog running in the grass,a dog with cat head running in the grass,head,cat,medium,core/results/control_operations/residual_rk2_prefix_sweep/duration_05/real_0001/seed_000,flux-dev,2.0,15,2,4,1,True,"{""name"": ""residual_rk2_prefix_05"", ""num_steps"": 15, ""stages"": [{""name"": ""residual_prefix"", ""start"": 0, ""end"": 4, ""prompt"": ""target"", ""image_kv"": ""none"", ""it_gate"": ""none"", ""it_gate_strength"": 1.0, ""it_gate_epsilon"": 0.0001, ""latent_projection"": ""none"", ""residual_control"": ""source_referenced_rk2""}], ""front"": 2, ""inject"": 4, ""tail_pad"": 1, ""mask_source"": ""oracle"", ""image_kv_layers"": [], ""it_gate_layers"": []}",cd /root/autodl-tmp/part-level-residual-rk2/core/third_party/FollowYourShape/src && /root/miniconda3/bin/python edit.py --source_img_dir /root/autodl-tmp/part-level-residual-rk2/core/data/partedit_subset/cases/real_0001/source.png --source_prompt 'a dog running in the grass' --target_prompt 'a dog with cat head running in the grass' --guidance 2.0 --num_steps 15 --front 2 --inject 4 --seed 0 --name flux-dev --controlnet_type none --output_dir /root/autodl-tmp/part-level-residual-rk2/core/results/control_operations/residual_rk2_prefix_sweep/duration_05/real_0001/seed_000 --vis_path /root/autodl-tmp/part-level-residual-rk2/core/results/control_operations/residual_rk2_prefix_sweep/duration_05/real_0001/seed_000/tdm --feature_path /root/autodl-tmp/part-level-residual-rk2/core/results/control_operations/residual_rk2_prefix_sweep/duration_05/real_0001/seed_000/features --mask_path /root/autodl-tmp/part-level-residual-rk2/core/data/partedit_subset/cases/real_0001/gt_mask.png --tdm_mask_mode oracle --attention_part head --attention_edit cat --control-plan-resolved /root/autodl-tmp/part-level-residual-rk2/core/results/control_operations/residual_rk2_prefix_sweep/plans/duration_05.json --offload
real_0000_seed_000,real_0000,0,residual_rk2_prefix_05,core/results/control_operations/residual_rk2_prefix_sweep/plans/duration_05.json,0d784ee3b799bbe6b4e9a08aaeb0fcb9c20f543801eaf3b4713b129e030170b6,core/data/partedit_subset/cases/real_0000/source.png,core/data/partedit_subset/cases/real_0000/gt_mask.png,a robot standing in a warehouse with boxes,a robot with armored torso standing in a warehouse with boxes,torso,armored,large,core/results/control_operations/residual_rk2_prefix_sweep/duration_05/real_0000/seed_000,flux-dev,2.0,15,2,4,1,True,"{""name"": ""residual_rk2_prefix_05"", ""num_steps"": 15, ""stages"": [{""name"": ""residual_prefix"", ""start"": 0, ""end"": 4, ""prompt"": ""target"", ""image_kv"": ""none"", ""it_gate"": ""none"", ""it_gate_strength"": 1.0, ""it_gate_epsilon"": 0.0001, ""latent_projection"": ""none"", ""residual_control"": ""source_referenced_rk2""}], ""front"": 2, ""inject"": 4, ""tail_pad"": 1, ""mask_source"": ""oracle"", ""image_kv_layers"": [], ""it_gate_layers"": []}",cd /root/autodl-tmp/part-level-residual-rk2/core/third_party/FollowYourShape/src && /root/miniconda3/bin/python edit.py --source_img_dir /root/autodl-tmp/part-level-residual-rk2/core/data/partedit_subset/cases/real_0000/source.png --source_prompt 'a robot standing in a warehouse with boxes' --target_prompt 'a robot with armored torso standing in a warehouse with boxes' --guidance 2.0 --num_steps 15 --front 2 --inject 4 --seed 0 --name flux-dev --controlnet_type none --output_dir /root/autodl-tmp/part-level-residual-rk2/core/results/control_operations/residual_rk2_prefix_sweep/duration_05/real_0000/seed_000 --vis_path /root/autodl-tmp/part-level-residual-rk2/core/results/control_operations/residual_rk2_prefix_sweep/duration_05/real_0000/seed_000/tdm --feature_path /root/autodl-tmp/part-level-residual-rk2/core/results/control_operations/residual_rk2_prefix_sweep/duration_05/real_0000/seed_000/features --mask_path /root/autodl-tmp/part-level-residual-rk2/core/data/partedit_subset/cases/real_0000/gt_mask.png --tdm_mask_mode oracle --attention_part torso --attention_edit armored --control-plan-resolved /root/autodl-tmp/part-level-residual-rk2/core/results/control_operations/residual_rk2_prefix_sweep/plans/duration_05.json --offload
real_0011_seed_000,real_0011,0,residual_rk2_prefix_05,core/results/control_operations/residual_rk2_prefix_sweep/plans/duration_05.json,0d784ee3b799bbe6b4e9a08aaeb0fcb9c20f543801eaf3b4713b129e030170b6,core/data/partedit_subset/cases/real_0011/source.png,core/data/partedit_subset/cases/real_0011/gt_mask.png,a man with a smile on his face,a man with curly_hair hair with a smile on his face,hair,curly_hair,large,core/results/control_operations/residual_rk2_prefix_sweep/duration_05/real_0011/seed_000,flux-dev,2.0,15,2,4,1,True,"{""name"": ""residual_rk2_prefix_05"", ""num_steps"": 15, ""stages"": [{""name"": ""residual_prefix"", ""start"": 0, ""end"": 4, ""prompt"": ""target"", ""image_kv"": ""none"", ""it_gate"": ""none"", ""it_gate_strength"": 1.0, ""it_gate_epsilon"": 0.0001, ""latent_projection"": ""none"", ""residual_control"": ""source_referenced_rk2""}], ""front"": 2, ""inject"": 4, ""tail_pad"": 1, ""mask_source"": ""oracle"", ""image_kv_layers"": [], ""it_gate_layers"": []}",cd /root/autodl-tmp/part-level-residual-rk2/core/third_party/FollowYourShape/src && /root/miniconda3/bin/python edit.py --source_img_dir /root/autodl-tmp/part-level-residual-rk2/core/data/partedit_subset/cases/real_0011/source.png --source_prompt 'a man with a smile on his face' --target_prompt 'a man with curly_hair hair with a smile on his face' --guidance 2.0 --num_steps 15 --front 2 --inject 4 --seed 0 --name flux-dev --controlnet_type none --output_dir /root/autodl-tmp/part-level-residual-rk2/core/results/control_operations/residual_rk2_prefix_sweep/duration_05/real_0011/seed_000 --vis_path /root/autodl-tmp/part-level-residual-rk2/core/results/control_operations/residual_rk2_prefix_sweep/duration_05/real_0011/seed_000/tdm --feature_path /root/autodl-tmp/part-level-residual-rk2/core/results/control_operations/residual_rk2_prefix_sweep/duration_05/real_0011/seed_000/features --mask_path /root/autodl-tmp/part-level-residual-rk2/core/data/partedit_subset/cases/real_0011/gt_mask.png --tdm_mask_mode oracle --attention_part hair --attention_edit curly_hair --control-plan-resolved /root/autodl-tmp/part-level-residual-rk2/core/results/control_operations/residual_rk2_prefix_sweep/plans/duration_05.json --offload
real_0005_seed_000,real_0005,0,residual_rk2_prefix_05,core/results/control_operations/residual_rk2_prefix_sweep/plans/duration_05.json,0d784ee3b799bbe6b4e9a08aaeb0fcb9c20f543801eaf3b4713b129e030170b6,core/data/partedit_subset/cases/real_0005/source.png,core/data/partedit_subset/cases/real_0005/gt_mask.png,a brown bear standing on a rock,a brown bear with dog head standing on a rock,head,dog,large,core/results/control_operations/residual_rk2_prefix_sweep/duration_05/real_0005/seed_000,flux-dev,2.0,15,2,4,1,True,"{""name"": ""residual_rk2_prefix_05"", ""num_steps"": 15, ""stages"": [{""name"": ""residual_prefix"", ""start"": 0, ""end"": 4, ""prompt"": ""target"", ""image_kv"": ""none"", ""it_gate"": ""none"", ""it_gate_strength"": 1.0, ""it_gate_epsilon"": 0.0001, ""latent_projection"": ""none"", ""residual_control"": ""source_referenced_rk2""}], ""front"": 2, ""inject"": 4, ""tail_pad"": 1, ""mask_source"": ""oracle"", ""image_kv_layers"": [], ""it_gate_layers"": []}",cd /root/autodl-tmp/part-level-residual-rk2/core/third_party/FollowYourShape/src && /root/miniconda3/bin/python edit.py --source_img_dir /root/autodl-tmp/part-level-residual-rk2/core/data/partedit_subset/cases/real_0005/source.png --source_prompt 'a brown bear standing on a rock' --target_prompt 'a brown bear with dog head standing on a rock' --guidance 2.0 --num_steps 15 --front 2 --inject 4 --seed 0 --name flux-dev --controlnet_type none --output_dir /root/autodl-tmp/part-level-residual-rk2/core/results/control_operations/residual_rk2_prefix_sweep/duration_05/real_0005/seed_000 --vis_path /root/autodl-tmp/part-level-residual-rk2/core/results/control_operations/residual_rk2_prefix_sweep/duration_05/real_0005/seed_000/tdm --feature_path /root/autodl-tmp/part-level-residual-rk2/core/results/control_operations/residual_rk2_prefix_sweep/duration_05/real_0005/seed_000/features --mask_path /root/autodl-tmp/part-level-residual-rk2/core/data/partedit_subset/cases/real_0005/gt_mask.png --tdm_mask_mode oracle --attention_part head --attention_edit dog --control-plan-resolved /root/autodl-tmp/part-level-residual-rk2/core/results/control_operations/residual_rk2_prefix_sweep/plans/duration_05.json --offload
real_0009_seed_000,real_0009,0,residual_rk2_prefix_05,core/results/control_operations/residual_rk2_prefix_sweep/plans/duration_05.json,0d784ee3b799bbe6b4e9a08aaeb0fcb9c20f543801eaf3b4713b129e030170b6,core/data/partedit_subset/cases/real_0009/source.png,core/data/partedit_subset/cases/real_0009/gt_mask.png,ferrari 812 superfast by kimberly kim,ferrari with rusted carbody 812 superfast by kimberly kim,carbody,rusted,large,core/results/control_operations/residual_rk2_prefix_sweep/duration_05/real_0009/seed_000,flux-dev,2.0,15,2,4,1,True,"{""name"": ""residual_rk2_prefix_05"", ""num_steps"": 15, ""stages"": [{""name"": ""residual_prefix"", ""start"": 0, ""end"": 4, ""prompt"": ""target"", ""image_kv"": ""none"", ""it_gate"": ""none"", ""it_gate_strength"": 1.0, ""it_gate_epsilon"": 0.0001, ""latent_projection"": ""none"", ""residual_control"": ""source_referenced_rk2""}], ""front"": 2, ""inject"": 4, ""tail_pad"": 1, ""mask_source"": ""oracle"", ""image_kv_layers"": [], ""it_gate_layers"": []}",cd /root/autodl-tmp/part-level-residual-rk2/core/third_party/FollowYourShape/src && /root/miniconda3/bin/python edit.py --source_img_dir /root/autodl-tmp/part-level-residual-rk2/core/data/partedit_subset/cases/real_0009/source.png --source_prompt 'ferrari 812 superfast by kimberly kim' --target_prompt 'ferrari with rusted carbody 812 superfast by kimberly kim' --guidance 2.0 --num_steps 15 --front 2 --inject 4 --seed 0 --name flux-dev --controlnet_type none --output_dir /root/autodl-tmp/part-level-residual-rk2/core/results/control_operations/residual_rk2_prefix_sweep/duration_05/real_0009/seed_000 --vis_path /root/autodl-tmp/part-level-residual-rk2/core/results/control_operations/residual_rk2_prefix_sweep/duration_05/real_0009/seed_000/tdm --feature_path /root/autodl-tmp/part-level-residual-rk2/core/results/control_operations/residual_rk2_prefix_sweep/duration_05/real_0009/seed_000/features --mask_path /root/autodl-tmp/part-level-residual-rk2/core/data/partedit_subset/cases/real_0009/gt_mask.png --tdm_mask_mode oracle --attention_part carbody --attention_edit rusted --control-plan-resolved /root/autodl-tmp/part-level-residual-rk2/core/results/control_operations/residual_rk2_prefix_sweep/plans/duration_05.json --offload
real_0006_seed_000,real_0006,0,residual_rk2_prefix_06,core/results/control_operations/residual_rk2_prefix_sweep/plans/duration_06.json,b58d097adf25f4b60b3c4decba0c6e56cee674ba713e65824f9cea094cfbb452,core/data/partedit_subset/cases/real_0006/source.png,core/data/partedit_subset/cases/real_0006/gt_mask.png,a man standing in a park wearing a green shirt,a man with alien head standing in a park wearing a green shirt,head,alien,small,core/results/control_operations/residual_rk2_prefix_sweep/duration_06/real_0006/seed_000,flux-dev,2.0,15,2,4,1,True,"{""name"": ""residual_rk2_prefix_06"", ""num_steps"": 15, ""stages"": [{""name"": ""residual_prefix"", ""start"": 0, ""end"": 5, ""prompt"": ""target"", ""image_kv"": ""none"", ""it_gate"": ""none"", ""it_gate_strength"": 1.0, ""it_gate_epsilon"": 0.0001, ""latent_projection"": ""none"", ""residual_control"": ""source_referenced_rk2""}], ""front"": 2, ""inject"": 4, ""tail_pad"": 1, ""mask_source"": ""oracle"", ""image_kv_layers"": [], ""it_gate_layers"": []}",cd /root/autodl-tmp/part-level-residual-rk2/core/third_party/FollowYourShape/src && /root/miniconda3/bin/python edit.py --source_img_dir /root/autodl-tmp/part-level-residual-rk2/core/data/partedit_subset/cases/real_0006/source.png --source_prompt 'a man standing in a park wearing a green shirt' --target_prompt 'a man with alien head standing in a park wearing a green shirt' --guidance 2.0 --num_steps 15 --front 2 --inject 4 --seed 0 --name flux-dev --controlnet_type none --output_dir /root/autodl-tmp/part-level-residual-rk2/core/results/control_operations/residual_rk2_prefix_sweep/duration_06/real_0006/seed_000 --vis_path /root/autodl-tmp/part-level-residual-rk2/core/results/control_operations/residual_rk2_prefix_sweep/duration_06/real_0006/seed_000/tdm --feature_path /root/autodl-tmp/part-level-residual-rk2/core/results/control_operations/residual_rk2_prefix_sweep/duration_06/real_0006/seed_000/features --mask_path /root/autodl-tmp/part-level-residual-rk2/core/data/partedit_subset/cases/real_0006/gt_mask.png --tdm_mask_mode oracle --attention_part head --attention_edit alien --control-plan-resolved /root/autodl-tmp/part-level-residual-rk2/core/results/control_operations/residual_rk2_prefix_sweep/plans/duration_06.json --offload
real_0008_seed_000,real_0008,0,residual_rk2_prefix_06,core/results/control_operations/residual_rk2_prefix_sweep/plans/duration_06.json,b58d097adf25f4b60b3c4decba0c6e56cee674ba713e65824f9cea094cfbb452,core/data/partedit_subset/cases/real_0008/source.png,core/data/partedit_subset/cases/real_0008/gt_mask.png,a dog standing in a field with grass and water,a dog with bear head standing in a field with grass and water,head,bear,small,core/results/control_operations/residual_rk2_prefix_sweep/duration_06/real_0008/seed_000,flux-dev,2.0,15,2,4,1,True,"{""name"": ""residual_rk2_prefix_06"", ""num_steps"": 15, ""stages"": [{""name"": ""residual_prefix"", ""start"": 0, ""end"": 5, ""prompt"": ""target"", ""image_kv"": ""none"", ""it_gate"": ""none"", ""it_gate_strength"": 1.0, ""it_gate_epsilon"": 0.0001, ""latent_projection"": ""none"", ""residual_control"": ""source_referenced_rk2""}], ""front"": 2, ""inject"": 4, ""tail_pad"": 1, ""mask_source"": ""oracle"", ""image_kv_layers"": [], ""it_gate_layers"": []}",cd /root/autodl-tmp/part-level-residual-rk2/core/third_party/FollowYourShape/src && /root/miniconda3/bin/python edit.py --source_img_dir /root/autodl-tmp/part-level-residual-rk2/core/data/partedit_subset/cases/real_0008/source.png --source_prompt 'a dog standing in a field with grass and water' --target_prompt 'a dog with bear head standing in a field with grass and water' --guidance 2.0 --num_steps 15 --front 2 --inject 4 --seed 0 --name flux-dev --controlnet_type none --output_dir /root/autodl-tmp/part-level-residual-rk2/core/results/control_operations/residual_rk2_prefix_sweep/duration_06/real_0008/seed_000 --vis_path /root/autodl-tmp/part-level-residual-rk2/core/results/control_operations/residual_rk2_prefix_sweep/duration_06/real_0008/seed_000/tdm --feature_path /root/autodl-tmp/part-level-residual-rk2/core/results/control_operations/residual_rk2_prefix_sweep/duration_06/real_0008/seed_000/features --mask_path /root/autodl-tmp/part-level-residual-rk2/core/data/partedit_subset/cases/real_0008/gt_mask.png --tdm_mask_mode oracle --attention_part head --attention_edit bear --control-plan-resolved /root/autodl-tmp/part-level-residual-rk2/core/results/control_operations/residual_rk2_prefix_sweep/plans/duration_06.json --offload
real_0003_seed_000,real_0003,0,residual_rk2_prefix_06,core/results/control_operations/residual_rk2_prefix_sweep/plans/duration_06.json,b58d097adf25f4b60b3c4decba0c6e56cee674ba713e65824f9cea094cfbb452,core/data/partedit_subset/cases/real_0003/source.png,core/data/partedit_subset/cases/real_0003/gt_mask.png,a horse running in a field,a horse with cheetah head running in a field,head,cheetah,small,core/results/control_operations/residual_rk2_prefix_sweep/duration_06/real_0003/seed_000,flux-dev,2.0,15,2,4,1,True,"{""name"": ""residual_rk2_prefix_06"", ""num_steps"": 15, ""stages"": [{""name"": ""residual_prefix"", ""start"": 0, ""end"": 5, ""prompt"": ""target"", ""image_kv"": ""none"", ""it_gate"": ""none"", ""it_gate_strength"": 1.0, ""it_gate_epsilon"": 0.0001, ""latent_projection"": ""none"", ""residual_control"": ""source_referenced_rk2""}], ""front"": 2, ""inject"": 4, ""tail_pad"": 1, ""mask_source"": ""oracle"", ""image_kv_layers"": [], ""it_gate_layers"": []}",cd /root/autodl-tmp/part-level-residual-rk2/core/third_party/FollowYourShape/src && /root/miniconda3/bin/python edit.py --source_img_dir /root/autodl-tmp/part-level-residual-rk2/core/data/partedit_subset/cases/real_0003/source.png --source_prompt 'a horse running in a field' --target_prompt 'a horse with cheetah head running in a field' --guidance 2.0 --num_steps 15 --front 2 --inject 4 --seed 0 --name flux-dev --controlnet_type none --output_dir /root/autodl-tmp/part-level-residual-rk2/core/results/control_operations/residual_rk2_prefix_sweep/duration_06/real_0003/seed_000 --vis_path /root/autodl-tmp/part-level-residual-rk2/core/results/control_operations/residual_rk2_prefix_sweep/duration_06/real_0003/seed_000/tdm --feature_path /root/autodl-tmp/part-level-residual-rk2/core/results/control_operations/residual_rk2_prefix_sweep/duration_06/real_0003/seed_000/features --mask_path /root/autodl-tmp/part-level-residual-rk2/core/data/partedit_subset/cases/real_0003/gt_mask.png --tdm_mask_mode oracle --attention_part head --attention_edit cheetah --control-plan-resolved /root/autodl-tmp/part-level-residual-rk2/core/results/control_operations/residual_rk2_prefix_sweep/plans/duration_06.json --offload
real_0002_seed_000,real_0002,0,residual_rk2_prefix_06,core/results/control_operations/residual_rk2_prefix_sweep/plans/duration_06.json,b58d097adf25f4b60b3c4decba0c6e56cee674ba713e65824f9cea094cfbb452,core/data/partedit_subset/cases/real_0002/source.png,core/data/partedit_subset/cases/real_0002/gt_mask.png,a chair and table in front of a glass door,a chair with mesh seat and table in front of a glass door,seat,mesh,small,core/results/control_operations/residual_rk2_prefix_sweep/duration_06/real_0002/seed_000,flux-dev,2.0,15,2,4,1,True,"{""name"": ""residual_rk2_prefix_06"", ""num_steps"": 15, ""stages"": [{""name"": ""residual_prefix"", ""start"": 0, ""end"": 5, ""prompt"": ""target"", ""image_kv"": ""none"", ""it_gate"": ""none"", ""it_gate_strength"": 1.0, ""it_gate_epsilon"": 0.0001, ""latent_projection"": ""none"", ""residual_control"": ""source_referenced_rk2""}], ""front"": 2, ""inject"": 4, ""tail_pad"": 1, ""mask_source"": ""oracle"", ""image_kv_layers"": [], ""it_gate_layers"": []}",cd /root/autodl-tmp/part-level-residual-rk2/core/third_party/FollowYourShape/src && /root/miniconda3/bin/python edit.py --source_img_dir /root/autodl-tmp/part-level-residual-rk2/core/data/partedit_subset/cases/real_0002/source.png --source_prompt 'a chair and table in front of a glass door' --target_prompt 'a chair with mesh seat and table in front of a glass door' --guidance 2.0 --num_steps 15 --front 2 --inject 4 --seed 0 --name flux-dev --controlnet_type none --output_dir /root/autodl-tmp/part-level-residual-rk2/core/results/control_operations/residual_rk2_prefix_sweep/duration_06/real_0002/seed_000 --vis_path /root/autodl-tmp/part-level-residual-rk2/core/results/control_operations/residual_rk2_prefix_sweep/duration_06/real_0002/seed_000/tdm --feature_path /root/autodl-tmp/part-level-residual-rk2/core/results/control_operations/residual_rk2_prefix_sweep/duration_06/real_0002/seed_000/features --mask_path /root/autodl-tmp/part-level-residual-rk2/core/data/partedit_subset/cases/real_0002/gt_mask.png --tdm_mask_mode oracle --attention_part seat --attention_edit mesh --control-plan-resolved /root/autodl-tmp/part-level-residual-rk2/core/results/control_operations/residual_rk2_prefix_sweep/plans/duration_06.json --offload
real_0010_seed_000,real_0010,0,residual_rk2_prefix_06,core/results/control_operations/residual_rk2_prefix_sweep/plans/duration_06.json,b58d097adf25f4b60b3c4decba0c6e56cee674ba713e65824f9cea094cfbb452,core/data/partedit_subset/cases/real_0010/source.png,core/data/partedit_subset/cases/real_0010/gt_mask.png,a cow standing on a street,a cow with dragon head standing on a street,head,dragon,medium,core/results/control_operations/residual_rk2_prefix_sweep/duration_06/real_0010/seed_000,flux-dev,2.0,15,2,4,1,True,"{""name"": ""residual_rk2_prefix_06"", ""num_steps"": 15, ""stages"": [{""name"": ""residual_prefix"", ""start"": 0, ""end"": 5, ""prompt"": ""target"", ""image_kv"": ""none"", ""it_gate"": ""none"", ""it_gate_strength"": 1.0, ""it_gate_epsilon"": 0.0001, ""latent_projection"": ""none"", ""residual_control"": ""source_referenced_rk2""}], ""front"": 2, ""inject"": 4, ""tail_pad"": 1, ""mask_source"": ""oracle"", ""image_kv_layers"": [], ""it_gate_layers"": []}",cd /root/autodl-tmp/part-level-residual-rk2/core/third_party/FollowYourShape/src && /root/miniconda3/bin/python edit.py --source_img_dir /root/autodl-tmp/part-level-residual-rk2/core/data/partedit_subset/cases/real_0010/source.png --source_prompt 'a cow standing on a street' --target_prompt 'a cow with dragon head standing on a street' --guidance 2.0 --num_steps 15 --front 2 --inject 4 --seed 0 --name flux-dev --controlnet_type none --output_dir /root/autodl-tmp/part-level-residual-rk2/core/results/control_operations/residual_rk2_prefix_sweep/duration_06/real_0010/seed_000 --vis_path /root/autodl-tmp/part-level-residual-rk2/core/results/control_operations/residual_rk2_prefix_sweep/duration_06/real_0010/seed_000/tdm --feature_path /root/autodl-tmp/part-level-residual-rk2/core/results/control_operations/residual_rk2_prefix_sweep/duration_06/real_0010/seed_000/features --mask_path /root/autodl-tmp/part-level-residual-rk2/core/data/partedit_subset/cases/real_0010/gt_mask.png --tdm_mask_mode oracle --attention_part head --attention_edit dragon --control-plan-resolved /root/autodl-tmp/part-level-residual-rk2/core/results/control_operations/residual_rk2_prefix_sweep/plans/duration_06.json --offload
real_0004_seed_000,real_0004,0,residual_rk2_prefix_06,core/results/control_operations/residual_rk2_prefix_sweep/plans/duration_06.json,b58d097adf25f4b60b3c4decba0c6e56cee674ba713e65824f9cea094cfbb452,core/data/partedit_subset/cases/real_0004/source.png,core/data/partedit_subset/cases/real_0004/gt_mask.png,a white toyota avanza parked in front of a house,a white toyota with rusted carhood avanza parked in front of a house,carhood,rusted,medium,core/results/control_operations/residual_rk2_prefix_sweep/duration_06/real_0004/seed_000,flux-dev,2.0,15,2,4,1,True,"{""name"": ""residual_rk2_prefix_06"", ""num_steps"": 15, ""stages"": [{""name"": ""residual_prefix"", ""start"": 0, ""end"": 5, ""prompt"": ""target"", ""image_kv"": ""none"", ""it_gate"": ""none"", ""it_gate_strength"": 1.0, ""it_gate_epsilon"": 0.0001, ""latent_projection"": ""none"", ""residual_control"": ""source_referenced_rk2""}], ""front"": 2, ""inject"": 4, ""tail_pad"": 1, ""mask_source"": ""oracle"", ""image_kv_layers"": [], ""it_gate_layers"": []}",cd /root/autodl-tmp/part-level-residual-rk2/core/third_party/FollowYourShape/src && /root/miniconda3/bin/python edit.py --source_img_dir /root/autodl-tmp/part-level-residual-rk2/core/data/partedit_subset/cases/real_0004/source.png --source_prompt 'a white toyota avanza parked in front of a house' --target_prompt 'a white toyota with rusted carhood avanza parked in front of a house' --guidance 2.0 --num_steps 15 --front 2 --inject 4 --seed 0 --name flux-dev --controlnet_type none --output_dir /root/autodl-tmp/part-level-residual-rk2/core/results/control_operations/residual_rk2_prefix_sweep/duration_06/real_0004/seed_000 --vis_path /root/autodl-tmp/part-level-residual-rk2/core/results/control_operations/residual_rk2_prefix_sweep/duration_06/real_0004/seed_000/tdm --feature_path /root/autodl-tmp/part-level-residual-rk2/core/results/control_operations/residual_rk2_prefix_sweep/duration_06/real_0004/seed_000/features --mask_path /root/autodl-tmp/part-level-residual-rk2/core/data/partedit_subset/cases/real_0004/gt_mask.png --tdm_mask_mode oracle --attention_part carhood --attention_edit rusted --control-plan-resolved /root/autodl-tmp/part-level-residual-rk2/core/results/control_operations/residual_rk2_prefix_sweep/plans/duration_06.json --offload
real_0007_seed_000,real_0007,0,residual_rk2_prefix_06,core/results/control_operations/residual_rk2_prefix_sweep/plans/duration_06.json,b58d097adf25f4b60b3c4decba0c6e56cee674ba713e65824f9cea094cfbb452,core/data/partedit_subset/cases/real_0007/source.png,core/data/partedit_subset/cases/real_0007/gt_mask.png,a mahogany armchair,a mahogany armchair with leather seat,seat,leather,medium,core/results/control_operations/residual_rk2_prefix_sweep/duration_06/real_0007/seed_000,flux-dev,2.0,15,2,4,1,True,"{""name"": ""residual_rk2_prefix_06"", ""num_steps"": 15, ""stages"": [{""name"": ""residual_prefix"", ""start"": 0, ""end"": 5, ""prompt"": ""target"", ""image_kv"": ""none"", ""it_gate"": ""none"", ""it_gate_strength"": 1.0, ""it_gate_epsilon"": 0.0001, ""latent_projection"": ""none"", ""residual_control"": ""source_referenced_rk2""}], ""front"": 2, ""inject"": 4, ""tail_pad"": 1, ""mask_source"": ""oracle"", ""image_kv_layers"": [], ""it_gate_layers"": []}",cd /root/autodl-tmp/part-level-residual-rk2/core/third_party/FollowYourShape/src && /root/miniconda3/bin/python edit.py --source_img_dir /root/autodl-tmp/part-level-residual-rk2/core/data/partedit_subset/cases/real_0007/source.png --source_prompt 'a mahogany armchair' --target_prompt 'a mahogany armchair with leather seat' --guidance 2.0 --num_steps 15 --front 2 --inject 4 --seed 0 --name flux-dev --controlnet_type none --output_dir /root/autodl-tmp/part-level-residual-rk2/core/results/control_operations/residual_rk2_prefix_sweep/duration_06/real_0007/seed_000 --vis_path /root/autodl-tmp/part-level-residual-rk2/core/results/control_operations/residual_rk2_prefix_sweep/duration_06/real_0007/seed_000/tdm --feature_path /root/autodl-tmp/part-level-residual-rk2/core/results/control_operations/residual_rk2_prefix_sweep/duration_06/real_0007/seed_000/features --mask_path /root/autodl-tmp/part-level-residual-rk2/core/data/partedit_subset/cases/real_0007/gt_mask.png --tdm_mask_mode oracle --attention_part seat --attention_edit leather --control-plan-resolved /root/autodl-tmp/part-level-residual-rk2/core/results/control_operations/residual_rk2_prefix_sweep/plans/duration_06.json --offload
real_0001_seed_000,real_0001,0,residual_rk2_prefix_06,core/results/control_operations/residual_rk2_prefix_sweep/plans/duration_06.json,b58d097adf25f4b60b3c4decba0c6e56cee674ba713e65824f9cea094cfbb452,core/data/partedit_subset/cases/real_0001/source.png,core/data/partedit_subset/cases/real_0001/gt_mask.png,a dog running in the grass,a dog with cat head running in the grass,head,cat,medium,core/results/control_operations/residual_rk2_prefix_sweep/duration_06/real_0001/seed_000,flux-dev,2.0,15,2,4,1,True,"{""name"": ""residual_rk2_prefix_06"", ""num_steps"": 15, ""stages"": [{""name"": ""residual_prefix"", ""start"": 0, ""end"": 5, ""prompt"": ""target"", ""image_kv"": ""none"", ""it_gate"": ""none"", ""it_gate_strength"": 1.0, ""it_gate_epsilon"": 0.0001, ""latent_projection"": ""none"", ""residual_control"": ""source_referenced_rk2""}], ""front"": 2, ""inject"": 4, ""tail_pad"": 1, ""mask_source"": ""oracle"", ""image_kv_layers"": [], ""it_gate_layers"": []}",cd /root/autodl-tmp/part-level-residual-rk2/core/third_party/FollowYourShape/src && /root/miniconda3/bin/python edit.py --source_img_dir /root/autodl-tmp/part-level-residual-rk2/core/data/partedit_subset/cases/real_0001/source.png --source_prompt 'a dog running in the grass' --target_prompt 'a dog with cat head running in the grass' --guidance 2.0 --num_steps 15 --front 2 --inject 4 --seed 0 --name flux-dev --controlnet_type none --output_dir /root/autodl-tmp/part-level-residual-rk2/core/results/control_operations/residual_rk2_prefix_sweep/duration_06/real_0001/seed_000 --vis_path /root/autodl-tmp/part-level-residual-rk2/core/results/control_operations/residual_rk2_prefix_sweep/duration_06/real_0001/seed_000/tdm --feature_path /root/autodl-tmp/part-level-residual-rk2/core/results/control_operations/residual_rk2_prefix_sweep/duration_06/real_0001/seed_000/features --mask_path /root/autodl-tmp/part-level-residual-rk2/core/data/partedit_subset/cases/real_0001/gt_mask.png --tdm_mask_mode oracle --attention_part head --attention_edit cat --control-plan-resolved /root/autodl-tmp/part-level-residual-rk2/core/results/control_operations/residual_rk2_prefix_sweep/plans/duration_06.json --offload
real_0000_seed_000,real_0000,0,residual_rk2_prefix_06,core/results/control_operations/residual_rk2_prefix_sweep/plans/duration_06.json,b58d097adf25f4b60b3c4decba0c6e56cee674ba713e65824f9cea094cfbb452,core/data/partedit_subset/cases/real_0000/source.png,core/data/partedit_subset/cases/real_0000/gt_mask.png,a robot standing in a warehouse with boxes,a robot with armored torso standing in a warehouse with boxes,torso,armored,large,core/results/control_operations/residual_rk2_prefix_sweep/duration_06/real_0000/seed_000,flux-dev,2.0,15,2,4,1,True,"{""name"": ""residual_rk2_prefix_06"", ""num_steps"": 15, ""stages"": [{""name"": ""residual_prefix"", ""start"": 0, ""end"": 5, ""prompt"": ""target"", ""image_kv"": ""none"", ""it_gate"": ""none"", ""it_gate_strength"": 1.0, ""it_gate_epsilon"": 0.0001, ""latent_projection"": ""none"", ""residual_control"": ""source_referenced_rk2""}], ""front"": 2, ""inject"": 4, ""tail_pad"": 1, ""mask_source"": ""oracle"", ""image_kv_layers"": [], ""it_gate_layers"": []}",cd /root/autodl-tmp/part-level-residual-rk2/core/third_party/FollowYourShape/src && /root/miniconda3/bin/python edit.py --source_img_dir /root/autodl-tmp/part-level-residual-rk2/core/data/partedit_subset/cases/real_0000/source.png --source_prompt 'a robot standing in a warehouse with boxes' --target_prompt 'a robot with armored torso standing in a warehouse with boxes' --guidance 2.0 --num_steps 15 --front 2 --inject 4 --seed 0 --name flux-dev --controlnet_type none --output_dir /root/autodl-tmp/part-level-residual-rk2/core/results/control_operations/residual_rk2_prefix_sweep/duration_06/real_0000/seed_000 --vis_path /root/autodl-tmp/part-level-residual-rk2/core/results/control_operations/residual_rk2_prefix_sweep/duration_06/real_0000/seed_000/tdm --feature_path /root/autodl-tmp/part-level-residual-rk2/core/results/control_operations/residual_rk2_prefix_sweep/duration_06/real_0000/seed_000/features --mask_path /root/autodl-tmp/part-level-residual-rk2/core/data/partedit_subset/cases/real_0000/gt_mask.png --tdm_mask_mode oracle --attention_part torso --attention_edit armored --control-plan-resolved /root/autodl-tmp/part-level-residual-rk2/core/results/control_operations/residual_rk2_prefix_sweep/plans/duration_06.json --offload
real_0011_seed_000,real_0011,0,residual_rk2_prefix_06,core/results/control_operations/residual_rk2_prefix_sweep/plans/duration_06.json,b58d097adf25f4b60b3c4decba0c6e56cee674ba713e65824f9cea094cfbb452,core/data/partedit_subset/cases/real_0011/source.png,core/data/partedit_subset/cases/real_0011/gt_mask.png,a man with a smile on his face,a man with curly_hair hair with a smile on his face,hair,curly_hair,large,core/results/control_operations/residual_rk2_prefix_sweep/duration_06/real_0011/seed_000,flux-dev,2.0,15,2,4,1,True,"{""name"": ""residual_rk2_prefix_06"", ""num_steps"": 15, ""stages"": [{""name"": ""residual_prefix"", ""start"": 0, ""end"": 5, ""prompt"": ""target"", ""image_kv"": ""none"", ""it_gate"": ""none"", ""it_gate_strength"": 1.0, ""it_gate_epsilon"": 0.0001, ""latent_projection"": ""none"", ""residual_control"": ""source_referenced_rk2""}], ""front"": 2, ""inject"": 4, ""tail_pad"": 1, ""mask_source"": ""oracle"", ""image_kv_layers"": [], ""it_gate_layers"": []}",cd /root/autodl-tmp/part-level-residual-rk2/core/third_party/FollowYourShape/src && /root/miniconda3/bin/python edit.py --source_img_dir /root/autodl-tmp/part-level-residual-rk2/core/data/partedit_subset/cases/real_0011/source.png --source_prompt 'a man with a smile on his face' --target_prompt 'a man with curly_hair hair with a smile on his face' --guidance 2.0 --num_steps 15 --front 2 --inject 4 --seed 0 --name flux-dev --controlnet_type none --output_dir /root/autodl-tmp/part-level-residual-rk2/core/results/control_operations/residual_rk2_prefix_sweep/duration_06/real_0011/seed_000 --vis_path /root/autodl-tmp/part-level-residual-rk2/core/results/control_operations/residual_rk2_prefix_sweep/duration_06/real_0011/seed_000/tdm --feature_path /root/autodl-tmp/part-level-residual-rk2/core/results/control_operations/residual_rk2_prefix_sweep/duration_06/real_0011/seed_000/features --mask_path /root/autodl-tmp/part-level-residual-rk2/core/data/partedit_subset/cases/real_0011/gt_mask.png --tdm_mask_mode oracle --attention_part hair --attention_edit curly_hair --control-plan-resolved /root/autodl-tmp/part-level-residual-rk2/core/results/control_operations/residual_rk2_prefix_sweep/plans/duration_06.json --offload
real_0005_seed_000,real_0005,0,residual_rk2_prefix_06,core/results/control_operations/residual_rk2_prefix_sweep/plans/duration_06.json,b58d097adf25f4b60b3c4decba0c6e56cee674ba713e65824f9cea094cfbb452,core/data/partedit_subset/cases/real_0005/source.png,core/data/partedit_subset/cases/real_0005/gt_mask.png,a brown bear standing on a rock,a brown bear with dog head standing on a rock,head,dog,large,core/results/control_operations/residual_rk2_prefix_sweep/duration_06/real_0005/seed_000,flux-dev,2.0,15,2,4,1,True,"{""name"": ""residual_rk2_prefix_06"", ""num_steps"": 15, ""stages"": [{""name"": ""residual_prefix"", ""start"": 0, ""end"": 5, ""prompt"": ""target"", ""image_kv"": ""none"", ""it_gate"": ""none"", ""it_gate_strength"": 1.0, ""it_gate_epsilon"": 0.0001, ""latent_projection"": ""none"", ""residual_control"": ""source_referenced_rk2""}], ""front"": 2, ""inject"": 4, ""tail_pad"": 1, ""mask_source"": ""oracle"", ""image_kv_layers"": [], ""it_gate_layers"": []}",cd /root/autodl-tmp/part-level-residual-rk2/core/third_party/FollowYourShape/src && /root/miniconda3/bin/python edit.py --source_img_dir /root/autodl-tmp/part-level-residual-rk2/core/data/partedit_subset/cases/real_0005/source.png --source_prompt 'a brown bear standing on a rock' --target_prompt 'a brown bear with dog head standing on a rock' --guidance 2.0 --num_steps 15 --front 2 --inject 4 --seed 0 --name flux-dev --controlnet_type none --output_dir /root/autodl-tmp/part-level-residual-rk2/core/results/control_operations/residual_rk2_prefix_sweep/duration_06/real_0005/seed_000 --vis_path /root/autodl-tmp/part-level-residual-rk2/core/results/control_operations/residual_rk2_prefix_sweep/duration_06/real_0005/seed_000/tdm --feature_path /root/autodl-tmp/part-level-residual-rk2/core/results/control_operations/residual_rk2_prefix_sweep/duration_06/real_0005/seed_000/features --mask_path /root/autodl-tmp/part-level-residual-rk2/core/data/partedit_subset/cases/real_0005/gt_mask.png --tdm_mask_mode oracle --attention_part head --attention_edit dog --control-plan-resolved /root/autodl-tmp/part-level-residual-rk2/core/results/control_operations/residual_rk2_prefix_sweep/plans/duration_06.json --offload
real_0009_seed_000,real_0009,0,residual_rk2_prefix_06,core/results/control_operations/residual_rk2_prefix_sweep/plans/duration_06.json,b58d097adf25f4b60b3c4decba0c6e56cee674ba713e65824f9cea094cfbb452,core/data/partedit_subset/cases/real_0009/source.png,core/data/partedit_subset/cases/real_0009/gt_mask.png,ferrari 812 superfast by kimberly kim,ferrari with rusted carbody 812 superfast by kimberly kim,carbody,rusted,large,core/results/control_operations/residual_rk2_prefix_sweep/duration_06/real_0009/seed_000,flux-dev,2.0,15,2,4,1,True,"{""name"": ""residual_rk2_prefix_06"", ""num_steps"": 15, ""stages"": [{""name"": ""residual_prefix"", ""start"": 0, ""end"": 5, ""prompt"": ""target"", ""image_kv"": ""none"", ""it_gate"": ""none"", ""it_gate_strength"": 1.0, ""it_gate_epsilon"": 0.0001, ""latent_projection"": ""none"", ""residual_control"": ""source_referenced_rk2""}], ""front"": 2, ""inject"": 4, ""tail_pad"": 1, ""mask_source"": ""oracle"", ""image_kv_layers"": [], ""it_gate_layers"": []}",cd /root/autodl-tmp/part-level-residual-rk2/core/third_party/FollowYourShape/src && /root/miniconda3/bin/python edit.py --source_img_dir /root/autodl-tmp/part-level-residual-rk2/core/data/partedit_subset/cases/real_0009/source.png --source_prompt 'ferrari 812 superfast by kimberly kim' --target_prompt 'ferrari with rusted carbody 812 superfast by kimberly kim' --guidance 2.0 --num_steps 15 --front 2 --inject 4 --seed 0 --name flux-dev --controlnet_type none --output_dir /root/autodl-tmp/part-level-residual-rk2/core/results/control_operations/residual_rk2_prefix_sweep/duration_06/real_0009/seed_000 --vis_path /root/autodl-tmp/part-level-residual-rk2/core/results/control_operations/residual_rk2_prefix_sweep/duration_06/real_0009/seed_000/tdm --feature_path /root/autodl-tmp/part-level-residual-rk2/core/results/control_operations/residual_rk2_prefix_sweep/duration_06/real_0009/seed_000/features --mask_path /root/autodl-tmp/part-level-residual-rk2/core/data/partedit_subset/cases/real_0009/gt_mask.png --tdm_mask_mode oracle --attention_part carbody --attention_edit rusted --control-plan-resolved /root/autodl-tmp/part-level-residual-rk2/core/results/control_operations/residual_rk2_prefix_sweep/plans/duration_06.json --offload
real_0006_seed_000,real_0006,0,residual_rk2_prefix_07,core/results/control_operations/residual_rk2_prefix_sweep/plans/duration_07.json,70017988f10bd8358422c59a596f75e36c0c662e756909d56723a2670ea8b3f7,core/data/partedit_subset/cases/real_0006/source.png,core/data/partedit_subset/cases/real_0006/gt_mask.png,a man standing in a park wearing a green shirt,a man with alien head standing in a park wearing a green shirt,head,alien,small,core/results/control_operations/residual_rk2_prefix_sweep/duration_07/real_0006/seed_000,flux-dev,2.0,15,2,4,1,True,"{""name"": ""residual_rk2_prefix_07"", ""num_steps"": 15, ""stages"": [{""name"": ""residual_prefix"", ""start"": 0, ""end"": 6, ""prompt"": ""target"", ""image_kv"": ""none"", ""it_gate"": ""none"", ""it_gate_strength"": 1.0, ""it_gate_epsilon"": 0.0001, ""latent_projection"": ""none"", ""residual_control"": ""source_referenced_rk2""}], ""front"": 2, ""inject"": 4, ""tail_pad"": 1, ""mask_source"": ""oracle"", ""image_kv_layers"": [], ""it_gate_layers"": []}",cd /root/autodl-tmp/part-level-residual-rk2/core/third_party/FollowYourShape/src && /root/miniconda3/bin/python edit.py --source_img_dir /root/autodl-tmp/part-level-residual-rk2/core/data/partedit_subset/cases/real_0006/source.png --source_prompt 'a man standing in a park wearing a green shirt' --target_prompt 'a man with alien head standing in a park wearing a green shirt' --guidance 2.0 --num_steps 15 --front 2 --inject 4 --seed 0 --name flux-dev --controlnet_type none --output_dir /root/autodl-tmp/part-level-residual-rk2/core/results/control_operations/residual_rk2_prefix_sweep/duration_07/real_0006/seed_000 --vis_path /root/autodl-tmp/part-level-residual-rk2/core/results/control_operations/residual_rk2_prefix_sweep/duration_07/real_0006/seed_000/tdm --feature_path /root/autodl-tmp/part-level-residual-rk2/core/results/control_operations/residual_rk2_prefix_sweep/duration_07/real_0006/seed_000/features --mask_path /root/autodl-tmp/part-level-residual-rk2/core/data/partedit_subset/cases/real_0006/gt_mask.png --tdm_mask_mode oracle --attention_part head --attention_edit alien --control-plan-resolved /root/autodl-tmp/part-level-residual-rk2/core/results/control_operations/residual_rk2_prefix_sweep/plans/duration_07.json --offload
real_0008_seed_000,real_0008,0,residual_rk2_prefix_07,core/results/control_operations/residual_rk2_prefix_sweep/plans/duration_07.json,70017988f10bd8358422c59a596f75e36c0c662e756909d56723a2670ea8b3f7,core/data/partedit_subset/cases/real_0008/source.png,core/data/partedit_subset/cases/real_0008/gt_mask.png,a dog standing in a field with grass and water,a dog with bear head standing in a field with grass and water,head,bear,small,core/results/control_operations/residual_rk2_prefix_sweep/duration_07/real_0008/seed_000,flux-dev,2.0,15,2,4,1,True,"{""name"": ""residual_rk2_prefix_07"", ""num_steps"": 15, ""stages"": [{""name"": ""residual_prefix"", ""start"": 0, ""end"": 6, ""prompt"": ""target"", ""image_kv"": ""none"", ""it_gate"": ""none"", ""it_gate_strength"": 1.0, ""it_gate_epsilon"": 0.0001, ""latent_projection"": ""none"", ""residual_control"": ""source_referenced_rk2""}], ""front"": 2, ""inject"": 4, ""tail_pad"": 1, ""mask_source"": ""oracle"", ""image_kv_layers"": [], ""it_gate_layers"": []}",cd /root/autodl-tmp/part-level-residual-rk2/core/third_party/FollowYourShape/src && /root/miniconda3/bin/python edit.py --source_img_dir /root/autodl-tmp/part-level-residual-rk2/core/data/partedit_subset/cases/real_0008/source.png --source_prompt 'a dog standing in a field with grass and water' --target_prompt 'a dog with bear head standing in a field with grass and water' --guidance 2.0 --num_steps 15 --front 2 --inject 4 --seed 0 --name flux-dev --controlnet_type none --output_dir /root/autodl-tmp/part-level-residual-rk2/core/results/control_operations/residual_rk2_prefix_sweep/duration_07/real_0008/seed_000 --vis_path /root/autodl-tmp/part-level-residual-rk2/core/results/control_operations/residual_rk2_prefix_sweep/duration_07/real_0008/seed_000/tdm --feature_path /root/autodl-tmp/part-level-residual-rk2/core/results/control_operations/residual_rk2_prefix_sweep/duration_07/real_0008/seed_000/features --mask_path /root/autodl-tmp/part-level-residual-rk2/core/data/partedit_subset/cases/real_0008/gt_mask.png --tdm_mask_mode oracle --attention_part head --attention_edit bear --control-plan-resolved /root/autodl-tmp/part-level-residual-rk2/core/results/control_operations/residual_rk2_prefix_sweep/plans/duration_07.json --offload
real_0003_seed_000,real_0003,0,residual_rk2_prefix_07,core/results/control_operations/residual_rk2_prefix_sweep/plans/duration_07.json,70017988f10bd8358422c59a596f75e36c0c662e756909d56723a2670ea8b3f7,core/data/partedit_subset/cases/real_0003/source.png,core/data/partedit_subset/cases/real_0003/gt_mask.png,a horse running in a field,a horse with cheetah head running in a field,head,cheetah,small,core/results/control_operations/residual_rk2_prefix_sweep/duration_07/real_0003/seed_000,flux-dev,2.0,15,2,4,1,True,"{""name"": ""residual_rk2_prefix_07"", ""num_steps"": 15, ""stages"": [{""name"": ""residual_prefix"", ""start"": 0, ""end"": 6, ""prompt"": ""target"", ""image_kv"": ""none"", ""it_gate"": ""none"", ""it_gate_strength"": 1.0, ""it_gate_epsilon"": 0.0001, ""latent_projection"": ""none"", ""residual_control"": ""source_referenced_rk2""}], ""front"": 2, ""inject"": 4, ""tail_pad"": 1, ""mask_source"": ""oracle"", ""image_kv_layers"": [], ""it_gate_layers"": []}",cd /root/autodl-tmp/part-level-residual-rk2/core/third_party/FollowYourShape/src && /root/miniconda3/bin/python edit.py --source_img_dir /root/autodl-tmp/part-level-residual-rk2/core/data/partedit_subset/cases/real_0003/source.png --source_prompt 'a horse running in a field' --target_prompt 'a horse with cheetah head running in a field' --guidance 2.0 --num_steps 15 --front 2 --inject 4 --seed 0 --name flux-dev --controlnet_type none --output_dir /root/autodl-tmp/part-level-residual-rk2/core/results/control_operations/residual_rk2_prefix_sweep/duration_07/real_0003/seed_000 --vis_path /root/autodl-tmp/part-level-residual-rk2/core/results/control_operations/residual_rk2_prefix_sweep/duration_07/real_0003/seed_000/tdm --feature_path /root/autodl-tmp/part-level-residual-rk2/core/results/control_operations/residual_rk2_prefix_sweep/duration_07/real_0003/seed_000/features --mask_path /root/autodl-tmp/part-level-residual-rk2/core/data/partedit_subset/cases/real_0003/gt_mask.png --tdm_mask_mode oracle --attention_part head --attention_edit cheetah --control-plan-resolved /root/autodl-tmp/part-level-residual-rk2/core/results/control_operations/residual_rk2_prefix_sweep/plans/duration_07.json --offload
real_0002_seed_000,real_0002,0,residual_rk2_prefix_07,core/results/control_operations/residual_rk2_prefix_sweep/plans/duration_07.json,70017988f10bd8358422c59a596f75e36c0c662e756909d56723a2670ea8b3f7,core/data/partedit_subset/cases/real_0002/source.png,core/data/partedit_subset/cases/real_0002/gt_mask.png,a chair and table in front of a glass door,a chair with mesh seat and table in front of a glass door,seat,mesh,small,core/results/control_operations/residual_rk2_prefix_sweep/duration_07/real_0002/seed_000,flux-dev,2.0,15,2,4,1,True,"{""name"": ""residual_rk2_prefix_07"", ""num_steps"": 15, ""stages"": [{""name"": ""residual_prefix"", ""start"": 0, ""end"": 6, ""prompt"": ""target"", ""image_kv"": ""none"", ""it_gate"": ""none"", ""it_gate_strength"": 1.0, ""it_gate_epsilon"": 0.0001, ""latent_projection"": ""none"", ""residual_control"": ""source_referenced_rk2""}], ""front"": 2, ""inject"": 4, ""tail_pad"": 1, ""mask_source"": ""oracle"", ""image_kv_layers"": [], ""it_gate_layers"": []}",cd /root/autodl-tmp/part-level-residual-rk2/core/third_party/FollowYourShape/src && /root/miniconda3/bin/python edit.py --source_img_dir /root/autodl-tmp/part-level-residual-rk2/core/data/partedit_subset/cases/real_0002/source.png --source_prompt 'a chair and table in front of a glass door' --target_prompt 'a chair with mesh seat and table in front of a glass door' --guidance 2.0 --num_steps 15 --front 2 --inject 4 --seed 0 --name flux-dev --controlnet_type none --output_dir /root/autodl-tmp/part-level-residual-rk2/core/results/control_operations/residual_rk2_prefix_sweep/duration_07/real_0002/seed_000 --vis_path /root/autodl-tmp/part-level-residual-rk2/core/results/control_operations/residual_rk2_prefix_sweep/duration_07/real_0002/seed_000/tdm --feature_path /root/autodl-tmp/part-level-residual-rk2/core/results/control_operations/residual_rk2_prefix_sweep/duration_07/real_0002/seed_000/features --mask_path /root/autodl-tmp/part-level-residual-rk2/core/data/partedit_subset/cases/real_0002/gt_mask.png --tdm_mask_mode oracle --attention_part seat --attention_edit mesh --control-plan-resolved /root/autodl-tmp/part-level-residual-rk2/core/results/control_operations/residual_rk2_prefix_sweep/plans/duration_07.json --offload
real_0010_seed_000,real_0010,0,residual_rk2_prefix_07,core/results/control_operations/residual_rk2_prefix_sweep/plans/duration_07.json,70017988f10bd8358422c59a596f75e36c0c662e756909d56723a2670ea8b3f7,core/data/partedit_subset/cases/real_0010/source.png,core/data/partedit_subset/cases/real_0010/gt_mask.png,a cow standing on a street,a cow with dragon head standing on a street,head,dragon,medium,core/results/control_operations/residual_rk2_prefix_sweep/duration_07/real_0010/seed_000,flux-dev,2.0,15,2,4,1,True,"{""name"": ""residual_rk2_prefix_07"", ""num_steps"": 15, ""stages"": [{""name"": ""residual_prefix"", ""start"": 0, ""end"": 6, ""prompt"": ""target"", ""image_kv"": ""none"", ""it_gate"": ""none"", ""it_gate_strength"": 1.0, ""it_gate_epsilon"": 0.0001, ""latent_projection"": ""none"", ""residual_control"": ""source_referenced_rk2""}], ""front"": 2, ""inject"": 4, ""tail_pad"": 1, ""mask_source"": ""oracle"", ""image_kv_layers"": [], ""it_gate_layers"": []}",cd /root/autodl-tmp/part-level-residual-rk2/core/third_party/FollowYourShape/src && /root/miniconda3/bin/python edit.py --source_img_dir /root/autodl-tmp/part-level-residual-rk2/core/data/partedit_subset/cases/real_0010/source.png --source_prompt 'a cow standing on a street' --target_prompt 'a cow with dragon head standing on a street' --guidance 2.0 --num_steps 15 --front 2 --inject 4 --seed 0 --name flux-dev --controlnet_type none --output_dir /root/autodl-tmp/part-level-residual-rk2/core/results/control_operations/residual_rk2_prefix_sweep/duration_07/real_0010/seed_000 --vis_path /root/autodl-tmp/part-level-residual-rk2/core/results/control_operations/residual_rk2_prefix_sweep/duration_07/real_0010/seed_000/tdm --feature_path /root/autodl-tmp/part-level-residual-rk2/core/results/control_operations/residual_rk2_prefix_sweep/duration_07/real_0010/seed_000/features --mask_path /root/autodl-tmp/part-level-residual-rk2/core/data/partedit_subset/cases/real_0010/gt_mask.png --tdm_mask_mode oracle --attention_part head --attention_edit dragon --control-plan-resolved /root/autodl-tmp/part-level-residual-rk2/core/results/control_operations/residual_rk2_prefix_sweep/plans/duration_07.json --offload
real_0004_seed_000,real_0004,0,residual_rk2_prefix_07,core/results/control_operations/residual_rk2_prefix_sweep/plans/duration_07.json,70017988f10bd8358422c59a596f75e36c0c662e756909d56723a2670ea8b3f7,core/data/partedit_subset/cases/real_0004/source.png,core/data/partedit_subset/cases/real_0004/gt_mask.png,a white toyota avanza parked in front of a house,a white toyota with rusted carhood avanza parked in front of a house,carhood,rusted,medium,core/results/control_operations/residual_rk2_prefix_sweep/duration_07/real_0004/seed_000,flux-dev,2.0,15,2,4,1,True,"{""name"": ""residual_rk2_prefix_07"", ""num_steps"": 15, ""stages"": [{""name"": ""residual_prefix"", ""start"": 0, ""end"": 6, ""prompt"": ""target"", ""image_kv"": ""none"", ""it_gate"": ""none"", ""it_gate_strength"": 1.0, ""it_gate_epsilon"": 0.0001, ""latent_projection"": ""none"", ""residual_control"": ""source_referenced_rk2""}], ""front"": 2, ""inject"": 4, ""tail_pad"": 1, ""mask_source"": ""oracle"", ""image_kv_layers"": [], ""it_gate_layers"": []}",cd /root/autodl-tmp/part-level-residual-rk2/core/third_party/FollowYourShape/src && /root/miniconda3/bin/python edit.py --source_img_dir /root/autodl-tmp/part-level-residual-rk2/core/data/partedit_subset/cases/real_0004/source.png --source_prompt 'a white toyota avanza parked in front of a house' --target_prompt 'a white toyota with rusted carhood avanza parked in front of a house' --guidance 2.0 --num_steps 15 --front 2 --inject 4 --seed 0 --name flux-dev --controlnet_type none --output_dir /root/autodl-tmp/part-level-residual-rk2/core/results/control_operations/residual_rk2_prefix_sweep/duration_07/real_0004/seed_000 --vis_path /root/autodl-tmp/part-level-residual-rk2/core/results/control_operations/residual_rk2_prefix_sweep/duration_07/real_0004/seed_000/tdm --feature_path /root/autodl-tmp/part-level-residual-rk2/core/results/control_operations/residual_rk2_prefix_sweep/duration_07/real_0004/seed_000/features --mask_path /root/autodl-tmp/part-level-residual-rk2/core/data/partedit_subset/cases/real_0004/gt_mask.png --tdm_mask_mode oracle --attention_part carhood --attention_edit rusted --control-plan-resolved /root/autodl-tmp/part-level-residual-rk2/core/results/control_operations/residual_rk2_prefix_sweep/plans/duration_07.json --offload
real_0007_seed_000,real_0007,0,residual_rk2_prefix_07,core/results/control_operations/residual_rk2_prefix_sweep/plans/duration_07.json,70017988f10bd8358422c59a596f75e36c0c662e756909d56723a2670ea8b3f7,core/data/partedit_subset/cases/real_0007/source.png,core/data/partedit_subset/cases/real_0007/gt_mask.png,a mahogany armchair,a mahogany armchair with leather seat,seat,leather,medium,core/results/control_operations/residual_rk2_prefix_sweep/duration_07/real_0007/seed_000,flux-dev,2.0,15,2,4,1,True,"{""name"": ""residual_rk2_prefix_07"", ""num_steps"": 15, ""stages"": [{""name"": ""residual_prefix"", ""start"": 0, ""end"": 6, ""prompt"": ""target"", ""image_kv"": ""none"", ""it_gate"": ""none"", ""it_gate_strength"": 1.0, ""it_gate_epsilon"": 0.0001, ""latent_projection"": ""none"", ""residual_control"": ""source_referenced_rk2""}], ""front"": 2, ""inject"": 4, ""tail_pad"": 1, ""mask_source"": ""oracle"", ""image_kv_layers"": [], ""it_gate_layers"": []}",cd /root/autodl-tmp/part-level-residual-rk2/core/third_party/FollowYourShape/src && /root/miniconda3/bin/python edit.py --source_img_dir /root/autodl-tmp/part-level-residual-rk2/core/data/partedit_subset/cases/real_0007/source.png --source_prompt 'a mahogany armchair' --target_prompt 'a mahogany armchair with leather seat' --guidance 2.0 --num_steps 15 --front 2 --inject 4 --seed 0 --name flux-dev --controlnet_type none --output_dir /root/autodl-tmp/part-level-residual-rk2/core/results/control_operations/residual_rk2_prefix_sweep/duration_07/real_0007/seed_000 --vis_path /root/autodl-tmp/part-level-residual-rk2/core/results/control_operations/residual_rk2_prefix_sweep/duration_07/real_0007/seed_000/tdm --feature_path /root/autodl-tmp/part-level-residual-rk2/core/results/control_operations/residual_rk2_prefix_sweep/duration_07/real_0007/seed_000/features --mask_path /root/autodl-tmp/part-level-residual-rk2/core/data/partedit_subset/cases/real_0007/gt_mask.png --tdm_mask_mode oracle --attention_part seat --attention_edit leather --control-plan-resolved /root/autodl-tmp/part-level-residual-rk2/core/results/control_operations/residual_rk2_prefix_sweep/plans/duration_07.json --offload
real_0001_seed_000,real_0001,0,residual_rk2_prefix_07,core/results/control_operations/residual_rk2_prefix_sweep/plans/duration_07.json,70017988f10bd8358422c59a596f75e36c0c662e756909d56723a2670ea8b3f7,core/data/partedit_subset/cases/real_0001/source.png,core/data/partedit_subset/cases/real_0001/gt_mask.png,a dog running in the grass,a dog with cat head running in the grass,head,cat,medium,core/results/control_operations/residual_rk2_prefix_sweep/duration_07/real_0001/seed_000,flux-dev,2.0,15,2,4,1,True,"{""name"": ""residual_rk2_prefix_07"", ""num_steps"": 15, ""stages"": [{""name"": ""residual_prefix"", ""start"": 0, ""end"": 6, ""prompt"": ""target"", ""image_kv"": ""none"", ""it_gate"": ""none"", ""it_gate_strength"": 1.0, ""it_gate_epsilon"": 0.0001, ""latent_projection"": ""none"", ""residual_control"": ""source_referenced_rk2""}], ""front"": 2, ""inject"": 4, ""tail_pad"": 1, ""mask_source"": ""oracle"", ""image_kv_layers"": [], ""it_gate_layers"": []}",cd /root/autodl-tmp/part-level-residual-rk2/core/third_party/FollowYourShape/src && /root/miniconda3/bin/python edit.py --source_img_dir /root/autodl-tmp/part-level-residual-rk2/core/data/partedit_subset/cases/real_0001/source.png --source_prompt 'a dog running in the grass' --target_prompt 'a dog with cat head running in the grass' --guidance 2.0 --num_steps 15 --front 2 --inject 4 --seed 0 --name flux-dev --controlnet_type none --output_dir /root/autodl-tmp/part-level-residual-rk2/core/results/control_operations/residual_rk2_prefix_sweep/duration_07/real_0001/seed_000 --vis_path /root/autodl-tmp/part-level-residual-rk2/core/results/control_operations/residual_rk2_prefix_sweep/duration_07/real_0001/seed_000/tdm --feature_path /root/autodl-tmp/part-level-residual-rk2/core/results/control_operations/residual_rk2_prefix_sweep/duration_07/real_0001/seed_000/features --mask_path /root/autodl-tmp/part-level-residual-rk2/core/data/partedit_subset/cases/real_0001/gt_mask.png --tdm_mask_mode oracle --attention_part head --attention_edit cat --control-plan-resolved /root/autodl-tmp/part-level-residual-rk2/core/results/control_operations/residual_rk2_prefix_sweep/plans/duration_07.json --offload
real_0000_seed_000,real_0000,0,residual_rk2_prefix_07,core/results/control_operations/residual_rk2_prefix_sweep/plans/duration_07.json,70017988f10bd8358422c59a596f75e36c0c662e756909d56723a2670ea8b3f7,core/data/partedit_subset/cases/real_0000/source.png,core/data/partedit_subset/cases/real_0000/gt_mask.png,a robot standing in a warehouse with boxes,a robot with armored torso standing in a warehouse with boxes,torso,armored,large,core/results/control_operations/residual_rk2_prefix_sweep/duration_07/real_0000/seed_000,flux-dev,2.0,15,2,4,1,True,"{""name"": ""residual_rk2_prefix_07"", ""num_steps"": 15, ""stages"": [{""name"": ""residual_prefix"", ""start"": 0, ""end"": 6, ""prompt"": ""target"", ""image_kv"": ""none"", ""it_gate"": ""none"", ""it_gate_strength"": 1.0, ""it_gate_epsilon"": 0.0001, ""latent_projection"": ""none"", ""residual_control"": ""source_referenced_rk2""}], ""front"": 2, ""inject"": 4, ""tail_pad"": 1, ""mask_source"": ""oracle"", ""image_kv_layers"": [], ""it_gate_layers"": []}",cd /root/autodl-tmp/part-level-residual-rk2/core/third_party/FollowYourShape/src && /root/miniconda3/bin/python edit.py --source_img_dir /root/autodl-tmp/part-level-residual-rk2/core/data/partedit_subset/cases/real_0000/source.png --source_prompt 'a robot standing in a warehouse with boxes' --target_prompt 'a robot with armored torso standing in a warehouse with boxes' --guidance 2.0 --num_steps 15 --front 2 --inject 4 --seed 0 --name flux-dev --controlnet_type none --output_dir /root/autodl-tmp/part-level-residual-rk2/core/results/control_operations/residual_rk2_prefix_sweep/duration_07/real_0000/seed_000 --vis_path /root/autodl-tmp/part-level-residual-rk2/core/results/control_operations/residual_rk2_prefix_sweep/duration_07/real_0000/seed_000/tdm --feature_path /root/autodl-tmp/part-level-residual-rk2/core/results/control_operations/residual_rk2_prefix_sweep/duration_07/real_0000/seed_000/features --mask_path /root/autodl-tmp/part-level-residual-rk2/core/data/partedit_subset/cases/real_0000/gt_mask.png --tdm_mask_mode oracle --attention_part torso --attention_edit armored --control-plan-resolved /root/autodl-tmp/part-level-residual-rk2/core/results/control_operations/residual_rk2_prefix_sweep/plans/duration_07.json --offload
real_0011_seed_000,real_0011,0,residual_rk2_prefix_07,core/results/control_operations/residual_rk2_prefix_sweep/plans/duration_07.json,70017988f10bd8358422c59a596f75e36c0c662e756909d56723a2670ea8b3f7,core/data/partedit_subset/cases/real_0011/source.png,core/data/partedit_subset/cases/real_0011/gt_mask.png,a man with a smile on his face,a man with curly_hair hair with a smile on his face,hair,curly_hair,large,core/results/control_operations/residual_rk2_prefix_sweep/duration_07/real_0011/seed_000,flux-dev,2.0,15,2,4,1,True,"{""name"": ""residual_rk2_prefix_07"", ""num_steps"": 15, ""stages"": [{""name"": ""residual_prefix"", ""start"": 0, ""end"": 6, ""prompt"": ""target"", ""image_kv"": ""none"", ""it_gate"": ""none"", ""it_gate_strength"": 1.0, ""it_gate_epsilon"": 0.0001, ""latent_projection"": ""none"", ""residual_control"": ""source_referenced_rk2""}], ""front"": 2, ""inject"": 4, ""tail_pad"": 1, ""mask_source"": ""oracle"", ""image_kv_layers"": [], ""it_gate_layers"": []}",cd /root/autodl-tmp/part-level-residual-rk2/core/third_party/FollowYourShape/src && /root/miniconda3/bin/python edit.py --source_img_dir /root/autodl-tmp/part-level-residual-rk2/core/data/partedit_subset/cases/real_0011/source.png --source_prompt 'a man with a smile on his face' --target_prompt 'a man with curly_hair hair with a smile on his face' --guidance 2.0 --num_steps 15 --front 2 --inject 4 --seed 0 --name flux-dev --controlnet_type none --output_dir /root/autodl-tmp/part-level-residual-rk2/core/results/control_operations/residual_rk2_prefix_sweep/duration_07/real_0011/seed_000 --vis_path /root/autodl-tmp/part-level-residual-rk2/core/results/control_operations/residual_rk2_prefix_sweep/duration_07/real_0011/seed_000/tdm --feature_path /root/autodl-tmp/part-level-residual-rk2/core/results/control_operations/residual_rk2_prefix_sweep/duration_07/real_0011/seed_000/features --mask_path /root/autodl-tmp/part-level-residual-rk2/core/data/partedit_subset/cases/real_0011/gt_mask.png --tdm_mask_mode oracle --attention_part hair --attention_edit curly_hair --control-plan-resolved /root/autodl-tmp/part-level-residual-rk2/core/results/control_operations/residual_rk2_prefix_sweep/plans/duration_07.json --offload
real_0005_seed_000,real_0005,0,residual_rk2_prefix_07,core/results/control_operations/residual_rk2_prefix_sweep/plans/duration_07.json,70017988f10bd8358422c59a596f75e36c0c662e756909d56723a2670ea8b3f7,core/data/partedit_subset/cases/real_0005/source.png,core/data/partedit_subset/cases/real_0005/gt_mask.png,a brown bear standing on a rock,a brown bear with dog head standing on a rock,head,dog,large,core/results/control_operations/residual_rk2_prefix_sweep/duration_07/real_0005/seed_000,flux-dev,2.0,15,2,4,1,True,"{""name"": ""residual_rk2_prefix_07"", ""num_steps"": 15, ""stages"": [{""name"": ""residual_prefix"", ""start"": 0, ""end"": 6, ""prompt"": ""target"", ""image_kv"": ""none"", ""it_gate"": ""none"", ""it_gate_strength"": 1.0, ""it_gate_epsilon"": 0.0001, ""latent_projection"": ""none"", ""residual_control"": ""source_referenced_rk2""}], ""front"": 2, ""inject"": 4, ""tail_pad"": 1, ""mask_source"": ""oracle"", ""image_kv_layers"": [], ""it_gate_layers"": []}",cd /root/autodl-tmp/part-level-residual-rk2/core/third_party/FollowYourShape/src && /root/miniconda3/bin/python edit.py --source_img_dir /root/autodl-tmp/part-level-residual-rk2/core/data/partedit_subset/cases/real_0005/source.png --source_prompt 'a brown bear standing on a rock' --target_prompt 'a brown bear with dog head standing on a rock' --guidance 2.0 --num_steps 15 --front 2 --inject 4 --seed 0 --name flux-dev --controlnet_type none --output_dir /root/autodl-tmp/part-level-residual-rk2/core/results/control_operations/residual_rk2_prefix_sweep/duration_07/real_0005/seed_000 --vis_path /root/autodl-tmp/part-level-residual-rk2/core/results/control_operations/residual_rk2_prefix_sweep/duration_07/real_0005/seed_000/tdm --feature_path /root/autodl-tmp/part-level-residual-rk2/core/results/control_operations/residual_rk2_prefix_sweep/duration_07/real_0005/seed_000/features --mask_path /root/autodl-tmp/part-level-residual-rk2/core/data/partedit_subset/cases/real_0005/gt_mask.png --tdm_mask_mode oracle --attention_part head --attention_edit dog --control-plan-resolved /root/autodl-tmp/part-level-residual-rk2/core/results/control_operations/residual_rk2_prefix_sweep/plans/duration_07.json --offload
real_0009_seed_000,real_0009,0,residual_rk2_prefix_07,core/results/control_operations/residual_rk2_prefix_sweep/plans/duration_07.json,70017988f10bd8358422c59a596f75e36c0c662e756909d56723a2670ea8b3f7,core/data/partedit_subset/cases/real_0009/source.png,core/data/partedit_subset/cases/real_0009/gt_mask.png,ferrari 812 superfast by kimberly kim,ferrari with rusted carbody 812 superfast by kimberly kim,carbody,rusted,large,core/results/control_operations/residual_rk2_prefix_sweep/duration_07/real_0009/seed_000,flux-dev,2.0,15,2,4,1,True,"{""name"": ""residual_rk2_prefix_07"", ""num_steps"": 15, ""stages"": [{""name"": ""residual_prefix"", ""start"": 0, ""end"": 6, ""prompt"": ""target"", ""image_kv"": ""none"", ""it_gate"": ""none"", ""it_gate_strength"": 1.0, ""it_gate_epsilon"": 0.0001, ""latent_projection"": ""none"", ""residual_control"": ""source_referenced_rk2""}], ""front"": 2, ""inject"": 4, ""tail_pad"": 1, ""mask_source"": ""oracle"", ""image_kv_layers"": [], ""it_gate_layers"": []}",cd /root/autodl-tmp/part-level-residual-rk2/core/third_party/FollowYourShape/src && /root/miniconda3/bin/python edit.py --source_img_dir /root/autodl-tmp/part-level-residual-rk2/core/data/partedit_subset/cases/real_0009/source.png --source_prompt 'ferrari 812 superfast by kimberly kim' --target_prompt 'ferrari with rusted carbody 812 superfast by kimberly kim' --guidance 2.0 --num_steps 15 --front 2 --inject 4 --seed 0 --name flux-dev --controlnet_type none --output_dir /root/autodl-tmp/part-level-residual-rk2/core/results/control_operations/residual_rk2_prefix_sweep/duration_07/real_0009/seed_000 --vis_path /root/autodl-tmp/part-level-residual-rk2/core/results/control_operations/residual_rk2_prefix_sweep/duration_07/real_0009/seed_000/tdm --feature_path /root/autodl-tmp/part-level-residual-rk2/core/results/control_operations/residual_rk2_prefix_sweep/duration_07/real_0009/seed_000/features --mask_path /root/autodl-tmp/part-level-residual-rk2/core/data/partedit_subset/cases/real_0009/gt_mask.png --tdm_mask_mode oracle --attention_part carbody --attention_edit rusted --control-plan-resolved /root/autodl-tmp/part-level-residual-rk2/core/results/control_operations/residual_rk2_prefix_sweep/plans/duration_07.json --offload
real_0006_seed_000,real_0006,0,residual_rk2_prefix_08,core/results/control_operations/residual_rk2_prefix_sweep/plans/duration_08.json,fb06033b78342f7e1b11209a5725f9506bbc6848f0f9f0df19cec6f889ba3b80,core/data/partedit_subset/cases/real_0006/source.png,core/data/partedit_subset/cases/real_0006/gt_mask.png,a man standing in a park wearing a green shirt,a man with alien head standing in a park wearing a green shirt,head,alien,small,core/results/control_operations/residual_rk2_prefix_sweep/duration_08/real_0006/seed_000,flux-dev,2.0,15,2,4,1,True,"{""name"": ""residual_rk2_prefix_08"", ""num_steps"": 15, ""stages"": [{""name"": ""residual_prefix"", ""start"": 0, ""end"": 7, ""prompt"": ""target"", ""image_kv"": ""none"", ""it_gate"": ""none"", ""it_gate_strength"": 1.0, ""it_gate_epsilon"": 0.0001, ""latent_projection"": ""none"", ""residual_control"": ""source_referenced_rk2""}], ""front"": 2, ""inject"": 4, ""tail_pad"": 1, ""mask_source"": ""oracle"", ""image_kv_layers"": [], ""it_gate_layers"": []}",cd /root/autodl-tmp/part-level-residual-rk2/core/third_party/FollowYourShape/src && /root/miniconda3/bin/python edit.py --source_img_dir /root/autodl-tmp/part-level-residual-rk2/core/data/partedit_subset/cases/real_0006/source.png --source_prompt 'a man standing in a park wearing a green shirt' --target_prompt 'a man with alien head standing in a park wearing a green shirt' --guidance 2.0 --num_steps 15 --front 2 --inject 4 --seed 0 --name flux-dev --controlnet_type none --output_dir /root/autodl-tmp/part-level-residual-rk2/core/results/control_operations/residual_rk2_prefix_sweep/duration_08/real_0006/seed_000 --vis_path /root/autodl-tmp/part-level-residual-rk2/core/results/control_operations/residual_rk2_prefix_sweep/duration_08/real_0006/seed_000/tdm --feature_path /root/autodl-tmp/part-level-residual-rk2/core/results/control_operations/residual_rk2_prefix_sweep/duration_08/real_0006/seed_000/features --mask_path /root/autodl-tmp/part-level-residual-rk2/core/data/partedit_subset/cases/real_0006/gt_mask.png --tdm_mask_mode oracle --attention_part head --attention_edit alien --control-plan-resolved /root/autodl-tmp/part-level-residual-rk2/core/results/control_operations/residual_rk2_prefix_sweep/plans/duration_08.json --offload
real_0008_seed_000,real_0008,0,residual_rk2_prefix_08,core/results/control_operations/residual_rk2_prefix_sweep/plans/duration_08.json,fb06033b78342f7e1b11209a5725f9506bbc6848f0f9f0df19cec6f889ba3b80,core/data/partedit_subset/cases/real_0008/source.png,core/data/partedit_subset/cases/real_0008/gt_mask.png,a dog standing in a field with grass and water,a dog with bear head standing in a field with grass and water,head,bear,small,core/results/control_operations/residual_rk2_prefix_sweep/duration_08/real_0008/seed_000,flux-dev,2.0,15,2,4,1,True,"{""name"": ""residual_rk2_prefix_08"", ""num_steps"": 15, ""stages"": [{""name"": ""residual_prefix"", ""start"": 0, ""end"": 7, ""prompt"": ""target"", ""image_kv"": ""none"", ""it_gate"": ""none"", ""it_gate_strength"": 1.0, ""it_gate_epsilon"": 0.0001, ""latent_projection"": ""none"", ""residual_control"": ""source_referenced_rk2""}], ""front"": 2, ""inject"": 4, ""tail_pad"": 1, ""mask_source"": ""oracle"", ""image_kv_layers"": [], ""it_gate_layers"": []}",cd /root/autodl-tmp/part-level-residual-rk2/core/third_party/FollowYourShape/src && /root/miniconda3/bin/python edit.py --source_img_dir /root/autodl-tmp/part-level-residual-rk2/core/data/partedit_subset/cases/real_0008/source.png --source_prompt 'a dog standing in a field with grass and water' --target_prompt 'a dog with bear head standing in a field with grass and water' --guidance 2.0 --num_steps 15 --front 2 --inject 4 --seed 0 --name flux-dev --controlnet_type none --output_dir /root/autodl-tmp/part-level-residual-rk2/core/results/control_operations/residual_rk2_prefix_sweep/duration_08/real_0008/seed_000 --vis_path /root/autodl-tmp/part-level-residual-rk2/core/results/control_operations/residual_rk2_prefix_sweep/duration_08/real_0008/seed_000/tdm --feature_path /root/autodl-tmp/part-level-residual-rk2/core/results/control_operations/residual_rk2_prefix_sweep/duration_08/real_0008/seed_000/features --mask_path /root/autodl-tmp/part-level-residual-rk2/core/data/partedit_subset/cases/real_0008/gt_mask.png --tdm_mask_mode oracle --attention_part head --attention_edit bear --control-plan-resolved /root/autodl-tmp/part-level-residual-rk2/core/results/control_operations/residual_rk2_prefix_sweep/plans/duration_08.json --offload
real_0003_seed_000,real_0003,0,residual_rk2_prefix_08,core/results/control_operations/residual_rk2_prefix_sweep/plans/duration_08.json,fb06033b78342f7e1b11209a5725f9506bbc6848f0f9f0df19cec6f889ba3b80,core/data/partedit_subset/cases/real_0003/source.png,core/data/partedit_subset/cases/real_0003/gt_mask.png,a horse running in a field,a horse with cheetah head running in a field,head,cheetah,small,core/results/control_operations/residual_rk2_prefix_sweep/duration_08/real_0003/seed_000,flux-dev,2.0,15,2,4,1,True,"{""name"": ""residual_rk2_prefix_08"", ""num_steps"": 15, ""stages"": [{""name"": ""residual_prefix"", ""start"": 0, ""end"": 7, ""prompt"": ""target"", ""image_kv"": ""none"", ""it_gate"": ""none"", ""it_gate_strength"": 1.0, ""it_gate_epsilon"": 0.0001, ""latent_projection"": ""none"", ""residual_control"": ""source_referenced_rk2""}], ""front"": 2, ""inject"": 4, ""tail_pad"": 1, ""mask_source"": ""oracle"", ""image_kv_layers"": [], ""it_gate_layers"": []}",cd /root/autodl-tmp/part-level-residual-rk2/core/third_party/FollowYourShape/src && /root/miniconda3/bin/python edit.py --source_img_dir /root/autodl-tmp/part-level-residual-rk2/core/data/partedit_subset/cases/real_0003/source.png --source_prompt 'a horse running in a field' --target_prompt 'a horse with cheetah head running in a field' --guidance 2.0 --num_steps 15 --front 2 --inject 4 --seed 0 --name flux-dev --controlnet_type none --output_dir /root/autodl-tmp/part-level-residual-rk2/core/results/control_operations/residual_rk2_prefix_sweep/duration_08/real_0003/seed_000 --vis_path /root/autodl-tmp/part-level-residual-rk2/core/results/control_operations/residual_rk2_prefix_sweep/duration_08/real_0003/seed_000/tdm --feature_path /root/autodl-tmp/part-level-residual-rk2/core/results/control_operations/residual_rk2_prefix_sweep/duration_08/real_0003/seed_000/features --mask_path /root/autodl-tmp/part-level-residual-rk2/core/data/partedit_subset/cases/real_0003/gt_mask.png --tdm_mask_mode oracle --attention_part head --attention_edit cheetah --control-plan-resolved /root/autodl-tmp/part-level-residual-rk2/core/results/control_operations/residual_rk2_prefix_sweep/plans/duration_08.json --offload
real_0002_seed_000,real_0002,0,residual_rk2_prefix_08,core/results/control_operations/residual_rk2_prefix_sweep/plans/duration_08.json,fb06033b78342f7e1b11209a5725f9506bbc6848f0f9f0df19cec6f889ba3b80,core/data/partedit_subset/cases/real_0002/source.png,core/data/partedit_subset/cases/real_0002/gt_mask.png,a chair and table in front of a glass door,a chair with mesh seat and table in front of a glass door,seat,mesh,small,core/results/control_operations/residual_rk2_prefix_sweep/duration_08/real_0002/seed_000,flux-dev,2.0,15,2,4,1,True,"{""name"": ""residual_rk2_prefix_08"", ""num_steps"": 15, ""stages"": [{""name"": ""residual_prefix"", ""start"": 0, ""end"": 7, ""prompt"": ""target"", ""image_kv"": ""none"", ""it_gate"": ""none"", ""it_gate_strength"": 1.0, ""it_gate_epsilon"": 0.0001, ""latent_projection"": ""none"", ""residual_control"": ""source_referenced_rk2""}], ""front"": 2, ""inject"": 4, ""tail_pad"": 1, ""mask_source"": ""oracle"", ""image_kv_layers"": [], ""it_gate_layers"": []}",cd /root/autodl-tmp/part-level-residual-rk2/core/third_party/FollowYourShape/src && /root/miniconda3/bin/python edit.py --source_img_dir /root/autodl-tmp/part-level-residual-rk2/core/data/partedit_subset/cases/real_0002/source.png --source_prompt 'a chair and table in front of a glass door' --target_prompt 'a chair with mesh seat and table in front of a glass door' --guidance 2.0 --num_steps 15 --front 2 --inject 4 --seed 0 --name flux-dev --controlnet_type none --output_dir /root/autodl-tmp/part-level-residual-rk2/core/results/control_operations/residual_rk2_prefix_sweep/duration_08/real_0002/seed_000 --vis_path /root/autodl-tmp/part-level-residual-rk2/core/results/control_operations/residual_rk2_prefix_sweep/duration_08/real_0002/seed_000/tdm --feature_path /root/autodl-tmp/part-level-residual-rk2/core/results/control_operations/residual_rk2_prefix_sweep/duration_08/real_0002/seed_000/features --mask_path /root/autodl-tmp/part-level-residual-rk2/core/data/partedit_subset/cases/real_0002/gt_mask.png --tdm_mask_mode oracle --attention_part seat --attention_edit mesh --control-plan-resolved /root/autodl-tmp/part-level-residual-rk2/core/results/control_operations/residual_rk2_prefix_sweep/plans/duration_08.json --offload
real_0010_seed_000,real_0010,0,residual_rk2_prefix_08,core/results/control_operations/residual_rk2_prefix_sweep/plans/duration_08.json,fb06033b78342f7e1b11209a5725f9506bbc6848f0f9f0df19cec6f889ba3b80,core/data/partedit_subset/cases/real_0010/source.png,core/data/partedit_subset/cases/real_0010/gt_mask.png,a cow standing on a street,a cow with dragon head standing on a street,head,dragon,medium,core/results/control_operations/residual_rk2_prefix_sweep/duration_08/real_0010/seed_000,flux-dev,2.0,15,2,4,1,True,"{""name"": ""residual_rk2_prefix_08"", ""num_steps"": 15, ""stages"": [{""name"": ""residual_prefix"", ""start"": 0, ""end"": 7, ""prompt"": ""target"", ""image_kv"": ""none"", ""it_gate"": ""none"", ""it_gate_strength"": 1.0, ""it_gate_epsilon"": 0.0001, ""latent_projection"": ""none"", ""residual_control"": ""source_referenced_rk2""}], ""front"": 2, ""inject"": 4, ""tail_pad"": 1, ""mask_source"": ""oracle"", ""image_kv_layers"": [], ""it_gate_layers"": []}",cd /root/autodl-tmp/part-level-residual-rk2/core/third_party/FollowYourShape/src && /root/miniconda3/bin/python edit.py --source_img_dir /root/autodl-tmp/part-level-residual-rk2/core/data/partedit_subset/cases/real_0010/source.png --source_prompt 'a cow standing on a street' --target_prompt 'a cow with dragon head standing on a street' --guidance 2.0 --num_steps 15 --front 2 --inject 4 --seed 0 --name flux-dev --controlnet_type none --output_dir /root/autodl-tmp/part-level-residual-rk2/core/results/control_operations/residual_rk2_prefix_sweep/duration_08/real_0010/seed_000 --vis_path /root/autodl-tmp/part-level-residual-rk2/core/results/control_operations/residual_rk2_prefix_sweep/duration_08/real_0010/seed_000/tdm --feature_path /root/autodl-tmp/part-level-residual-rk2/core/results/control_operations/residual_rk2_prefix_sweep/duration_08/real_0010/seed_000/features --mask_path /root/autodl-tmp/part-level-residual-rk2/core/data/partedit_subset/cases/real_0010/gt_mask.png --tdm_mask_mode oracle --attention_part head --attention_edit dragon --control-plan-resolved /root/autodl-tmp/part-level-residual-rk2/core/results/control_operations/residual_rk2_prefix_sweep/plans/duration_08.json --offload
real_0004_seed_000,real_0004,0,residual_rk2_prefix_08,core/results/control_operations/residual_rk2_prefix_sweep/plans/duration_08.json,fb06033b78342f7e1b11209a5725f9506bbc6848f0f9f0df19cec6f889ba3b80,core/data/partedit_subset/cases/real_0004/source.png,core/data/partedit_subset/cases/real_0004/gt_mask.png,a white toyota avanza parked in front of a house,a white toyota with rusted carhood avanza parked in front of a house,carhood,rusted,medium,core/results/control_operations/residual_rk2_prefix_sweep/duration_08/real_0004/seed_000,flux-dev,2.0,15,2,4,1,True,"{""name"": ""residual_rk2_prefix_08"", ""num_steps"": 15, ""stages"": [{""name"": ""residual_prefix"", ""start"": 0, ""end"": 7, ""prompt"": ""target"", ""image_kv"": ""none"", ""it_gate"": ""none"", ""it_gate_strength"": 1.0, ""it_gate_epsilon"": 0.0001, ""latent_projection"": ""none"", ""residual_control"": ""source_referenced_rk2""}], ""front"": 2, ""inject"": 4, ""tail_pad"": 1, ""mask_source"": ""oracle"", ""image_kv_layers"": [], ""it_gate_layers"": []}",cd /root/autodl-tmp/part-level-residual-rk2/core/third_party/FollowYourShape/src && /root/miniconda3/bin/python edit.py --source_img_dir /root/autodl-tmp/part-level-residual-rk2/core/data/partedit_subset/cases/real_0004/source.png --source_prompt 'a white toyota avanza parked in front of a house' --target_prompt 'a white toyota with rusted carhood avanza parked in front of a house' --guidance 2.0 --num_steps 15 --front 2 --inject 4 --seed 0 --name flux-dev --controlnet_type none --output_dir /root/autodl-tmp/part-level-residual-rk2/core/results/control_operations/residual_rk2_prefix_sweep/duration_08/real_0004/seed_000 --vis_path /root/autodl-tmp/part-level-residual-rk2/core/results/control_operations/residual_rk2_prefix_sweep/duration_08/real_0004/seed_000/tdm --feature_path /root/autodl-tmp/part-level-residual-rk2/core/results/control_operations/residual_rk2_prefix_sweep/duration_08/real_0004/seed_000/features --mask_path /root/autodl-tmp/part-level-residual-rk2/core/data/partedit_subset/cases/real_0004/gt_mask.png --tdm_mask_mode oracle --attention_part carhood --attention_edit rusted --control-plan-resolved /root/autodl-tmp/part-level-residual-rk2/core/results/control_operations/residual_rk2_prefix_sweep/plans/duration_08.json --offload
real_0007_seed_000,real_0007,0,residual_rk2_prefix_08,core/results/control_operations/residual_rk2_prefix_sweep/plans/duration_08.json,fb06033b78342f7e1b11209a5725f9506bbc6848f0f9f0df19cec6f889ba3b80,core/data/partedit_subset/cases/real_0007/source.png,core/data/partedit_subset/cases/real_0007/gt_mask.png,a mahogany armchair,a mahogany armchair with leather seat,seat,leather,medium,core/results/control_operations/residual_rk2_prefix_sweep/duration_08/real_0007/seed_000,flux-dev,2.0,15,2,4,1,True,"{""name"": ""residual_rk2_prefix_08"", ""num_steps"": 15, ""stages"": [{""name"": ""residual_prefix"", ""start"": 0, ""end"": 7, ""prompt"": ""target"", ""image_kv"": ""none"", ""it_gate"": ""none"", ""it_gate_strength"": 1.0, ""it_gate_epsilon"": 0.0001, ""latent_projection"": ""none"", ""residual_control"": ""source_referenced_rk2""}], ""front"": 2, ""inject"": 4, ""tail_pad"": 1, ""mask_source"": ""oracle"", ""image_kv_layers"": [], ""it_gate_layers"": []}",cd /root/autodl-tmp/part-level-residual-rk2/core/third_party/FollowYourShape/src && /root/miniconda3/bin/python edit.py --source_img_dir /root/autodl-tmp/part-level-residual-rk2/core/data/partedit_subset/cases/real_0007/source.png --source_prompt 'a mahogany armchair' --target_prompt 'a mahogany armchair with leather seat' --guidance 2.0 --num_steps 15 --front 2 --inject 4 --seed 0 --name flux-dev --controlnet_type none --output_dir /root/autodl-tmp/part-level-residual-rk2/core/results/control_operations/residual_rk2_prefix_sweep/duration_08/real_0007/seed_000 --vis_path /root/autodl-tmp/part-level-residual-rk2/core/results/control_operations/residual_rk2_prefix_sweep/duration_08/real_0007/seed_000/tdm --feature_path /root/autodl-tmp/part-level-residual-rk2/core/results/control_operations/residual_rk2_prefix_sweep/duration_08/real_0007/seed_000/features --mask_path /root/autodl-tmp/part-level-residual-rk2/core/data/partedit_subset/cases/real_0007/gt_mask.png --tdm_mask_mode oracle --attention_part seat --attention_edit leather --control-plan-resolved /root/autodl-tmp/part-level-residual-rk2/core/results/control_operations/residual_rk2_prefix_sweep/plans/duration_08.json --offload
real_0001_seed_000,real_0001,0,residual_rk2_prefix_08,core/results/control_operations/residual_rk2_prefix_sweep/plans/duration_08.json,fb06033b78342f7e1b11209a5725f9506bbc6848f0f9f0df19cec6f889ba3b80,core/data/partedit_subset/cases/real_0001/source.png,core/data/partedit_subset/cases/real_0001/gt_mask.png,a dog running in the grass,a dog with cat head running in the grass,head,cat,medium,core/results/control_operations/residual_rk2_prefix_sweep/duration_08/real_0001/seed_000,flux-dev,2.0,15,2,4,1,True,"{""name"": ""residual_rk2_prefix_08"", ""num_steps"": 15, ""stages"": [{""name"": ""residual_prefix"", ""start"": 0, ""end"": 7, ""prompt"": ""target"", ""image_kv"": ""none"", ""it_gate"": ""none"", ""it_gate_strength"": 1.0, ""it_gate_epsilon"": 0.0001, ""latent_projection"": ""none"", ""residual_control"": ""source_referenced_rk2""}], ""front"": 2, ""inject"": 4, ""tail_pad"": 1, ""mask_source"": ""oracle"", ""image_kv_layers"": [], ""it_gate_layers"": []}",cd /root/autodl-tmp/part-level-residual-rk2/core/third_party/FollowYourShape/src && /root/miniconda3/bin/python edit.py --source_img_dir /root/autodl-tmp/part-level-residual-rk2/core/data/partedit_subset/cases/real_0001/source.png --source_prompt 'a dog running in the grass' --target_prompt 'a dog with cat head running in the grass' --guidance 2.0 --num_steps 15 --front 2 --inject 4 --seed 0 --name flux-dev --controlnet_type none --output_dir /root/autodl-tmp/part-level-residual-rk2/core/results/control_operations/residual_rk2_prefix_sweep/duration_08/real_0001/seed_000 --vis_path /root/autodl-tmp/part-level-residual-rk2/core/results/control_operations/residual_rk2_prefix_sweep/duration_08/real_0001/seed_000/tdm --feature_path /root/autodl-tmp/part-level-residual-rk2/core/results/control_operations/residual_rk2_prefix_sweep/duration_08/real_0001/seed_000/features --mask_path /root/autodl-tmp/part-level-residual-rk2/core/data/partedit_subset/cases/real_0001/gt_mask.png --tdm_mask_mode oracle --attention_part head --attention_edit cat --control-plan-resolved /root/autodl-tmp/part-level-residual-rk2/core/results/control_operations/residual_rk2_prefix_sweep/plans/duration_08.json --offload
real_0000_seed_000,real_0000,0,residual_rk2_prefix_08,core/results/control_operations/residual_rk2_prefix_sweep/plans/duration_08.json,fb06033b78342f7e1b11209a5725f9506bbc6848f0f9f0df19cec6f889ba3b80,core/data/partedit_subset/cases/real_0000/source.png,core/data/partedit_subset/cases/real_0000/gt_mask.png,a robot standing in a warehouse with boxes,a robot with armored torso standing in a warehouse with boxes,torso,armored,large,core/results/control_operations/residual_rk2_prefix_sweep/duration_08/real_0000/seed_000,flux-dev,2.0,15,2,4,1,True,"{""name"": ""residual_rk2_prefix_08"", ""num_steps"": 15, ""stages"": [{""name"": ""residual_prefix"", ""start"": 0, ""end"": 7, ""prompt"": ""target"", ""image_kv"": ""none"", ""it_gate"": ""none"", ""it_gate_strength"": 1.0, ""it_gate_epsilon"": 0.0001, ""latent_projection"": ""none"", ""residual_control"": ""source_referenced_rk2""}], ""front"": 2, ""inject"": 4, ""tail_pad"": 1, ""mask_source"": ""oracle"", ""image_kv_layers"": [], ""it_gate_layers"": []}",cd /root/autodl-tmp/part-level-residual-rk2/core/third_party/FollowYourShape/src && /root/miniconda3/bin/python edit.py --source_img_dir /root/autodl-tmp/part-level-residual-rk2/core/data/partedit_subset/cases/real_0000/source.png --source_prompt 'a robot standing in a warehouse with boxes' --target_prompt 'a robot with armored torso standing in a warehouse with boxes' --guidance 2.0 --num_steps 15 --front 2 --inject 4 --seed 0 --name flux-dev --controlnet_type none --output_dir /root/autodl-tmp/part-level-residual-rk2/core/results/control_operations/residual_rk2_prefix_sweep/duration_08/real_0000/seed_000 --vis_path /root/autodl-tmp/part-level-residual-rk2/core/results/control_operations/residual_rk2_prefix_sweep/duration_08/real_0000/seed_000/tdm --feature_path /root/autodl-tmp/part-level-residual-rk2/core/results/control_operations/residual_rk2_prefix_sweep/duration_08/real_0000/seed_000/features --mask_path /root/autodl-tmp/part-level-residual-rk2/core/data/partedit_subset/cases/real_0000/gt_mask.png --tdm_mask_mode oracle --attention_part torso --attention_edit armored --control-plan-resolved /root/autodl-tmp/part-level-residual-rk2/core/results/control_operations/residual_rk2_prefix_sweep/plans/duration_08.json --offload
real_0011_seed_000,real_0011,0,residual_rk2_prefix_08,core/results/control_operations/residual_rk2_prefix_sweep/plans/duration_08.json,fb06033b78342f7e1b11209a5725f9506bbc6848f0f9f0df19cec6f889ba3b80,core/data/partedit_subset/cases/real_0011/source.png,core/data/partedit_subset/cases/real_0011/gt_mask.png,a man with a smile on his face,a man with curly_hair hair with a smile on his face,hair,curly_hair,large,core/results/control_operations/residual_rk2_prefix_sweep/duration_08/real_0011/seed_000,flux-dev,2.0,15,2,4,1,True,"{""name"": ""residual_rk2_prefix_08"", ""num_steps"": 15, ""stages"": [{""name"": ""residual_prefix"", ""start"": 0, ""end"": 7, ""prompt"": ""target"", ""image_kv"": ""none"", ""it_gate"": ""none"", ""it_gate_strength"": 1.0, ""it_gate_epsilon"": 0.0001, ""latent_projection"": ""none"", ""residual_control"": ""source_referenced_rk2""}], ""front"": 2, ""inject"": 4, ""tail_pad"": 1, ""mask_source"": ""oracle"", ""image_kv_layers"": [], ""it_gate_layers"": []}",cd /root/autodl-tmp/part-level-residual-rk2/core/third_party/FollowYourShape/src && /root/miniconda3/bin/python edit.py --source_img_dir /root/autodl-tmp/part-level-residual-rk2/core/data/partedit_subset/cases/real_0011/source.png --source_prompt 'a man with a smile on his face' --target_prompt 'a man with curly_hair hair with a smile on his face' --guidance 2.0 --num_steps 15 --front 2 --inject 4 --seed 0 --name flux-dev --controlnet_type none --output_dir /root/autodl-tmp/part-level-residual-rk2/core/results/control_operations/residual_rk2_prefix_sweep/duration_08/real_0011/seed_000 --vis_path /root/autodl-tmp/part-level-residual-rk2/core/results/control_operations/residual_rk2_prefix_sweep/duration_08/real_0011/seed_000/tdm --feature_path /root/autodl-tmp/part-level-residual-rk2/core/results/control_operations/residual_rk2_prefix_sweep/duration_08/real_0011/seed_000/features --mask_path /root/autodl-tmp/part-level-residual-rk2/core/data/partedit_subset/cases/real_0011/gt_mask.png --tdm_mask_mode oracle --attention_part hair --attention_edit curly_hair --control-plan-resolved /root/autodl-tmp/part-level-residual-rk2/core/results/control_operations/residual_rk2_prefix_sweep/plans/duration_08.json --offload
real_0005_seed_000,real_0005,0,residual_rk2_prefix_08,core/results/control_operations/residual_rk2_prefix_sweep/plans/duration_08.json,fb06033b78342f7e1b11209a5725f9506bbc6848f0f9f0df19cec6f889ba3b80,core/data/partedit_subset/cases/real_0005/source.png,core/data/partedit_subset/cases/real_0005/gt_mask.png,a brown bear standing on a rock,a brown bear with dog head standing on a rock,head,dog,large,core/results/control_operations/residual_rk2_prefix_sweep/duration_08/real_0005/seed_000,flux-dev,2.0,15,2,4,1,True,"{""name"": ""residual_rk2_prefix_08"", ""num_steps"": 15, ""stages"": [{""name"": ""residual_prefix"", ""start"": 0, ""end"": 7, ""prompt"": ""target"", ""image_kv"": ""none"", ""it_gate"": ""none"", ""it_gate_strength"": 1.0, ""it_gate_epsilon"": 0.0001, ""latent_projection"": ""none"", ""residual_control"": ""source_referenced_rk2""}], ""front"": 2, ""inject"": 4, ""tail_pad"": 1, ""mask_source"": ""oracle"", ""image_kv_layers"": [], ""it_gate_layers"": []}",cd /root/autodl-tmp/part-level-residual-rk2/core/third_party/FollowYourShape/src && /root/miniconda3/bin/python edit.py --source_img_dir /root/autodl-tmp/part-level-residual-rk2/core/data/partedit_subset/cases/real_0005/source.png --source_prompt 'a brown bear standing on a rock' --target_prompt 'a brown bear with dog head standing on a rock' --guidance 2.0 --num_steps 15 --front 2 --inject 4 --seed 0 --name flux-dev --controlnet_type none --output_dir /root/autodl-tmp/part-level-residual-rk2/core/results/control_operations/residual_rk2_prefix_sweep/duration_08/real_0005/seed_000 --vis_path /root/autodl-tmp/part-level-residual-rk2/core/results/control_operations/residual_rk2_prefix_sweep/duration_08/real_0005/seed_000/tdm --feature_path /root/autodl-tmp/part-level-residual-rk2/core/results/control_operations/residual_rk2_prefix_sweep/duration_08/real_0005/seed_000/features --mask_path /root/autodl-tmp/part-level-residual-rk2/core/data/partedit_subset/cases/real_0005/gt_mask.png --tdm_mask_mode oracle --attention_part head --attention_edit dog --control-plan-resolved /root/autodl-tmp/part-level-residual-rk2/core/results/control_operations/residual_rk2_prefix_sweep/plans/duration_08.json --offload
real_0009_seed_000,real_0009,0,residual_rk2_prefix_08,core/results/control_operations/residual_rk2_prefix_sweep/plans/duration_08.json,fb06033b78342f7e1b11209a5725f9506bbc6848f0f9f0df19cec6f889ba3b80,core/data/partedit_subset/cases/real_0009/source.png,core/data/partedit_subset/cases/real_0009/gt_mask.png,ferrari 812 superfast by kimberly kim,ferrari with rusted carbody 812 superfast by kimberly kim,carbody,rusted,large,core/results/control_operations/residual_rk2_prefix_sweep/duration_08/real_0009/seed_000,flux-dev,2.0,15,2,4,1,True,"{""name"": ""residual_rk2_prefix_08"", ""num_steps"": 15, ""stages"": [{""name"": ""residual_prefix"", ""start"": 0, ""end"": 7, ""prompt"": ""target"", ""image_kv"": ""none"", ""it_gate"": ""none"", ""it_gate_strength"": 1.0, ""it_gate_epsilon"": 0.0001, ""latent_projection"": ""none"", ""residual_control"": ""source_referenced_rk2""}], ""front"": 2, ""inject"": 4, ""tail_pad"": 1, ""mask_source"": ""oracle"", ""image_kv_layers"": [], ""it_gate_layers"": []}",cd /root/autodl-tmp/part-level-residual-rk2/core/third_party/FollowYourShape/src && /root/miniconda3/bin/python edit.py --source_img_dir /root/autodl-tmp/part-level-residual-rk2/core/data/partedit_subset/cases/real_0009/source.png --source_prompt 'ferrari 812 superfast by kimberly kim' --target_prompt 'ferrari with rusted carbody 812 superfast by kimberly kim' --guidance 2.0 --num_steps 15 --front 2 --inject 4 --seed 0 --name flux-dev --controlnet_type none --output_dir /root/autodl-tmp/part-level-residual-rk2/core/results/control_operations/residual_rk2_prefix_sweep/duration_08/real_0009/seed_000 --vis_path /root/autodl-tmp/part-level-residual-rk2/core/results/control_operations/residual_rk2_prefix_sweep/duration_08/real_0009/seed_000/tdm --feature_path /root/autodl-tmp/part-level-residual-rk2/core/results/control_operations/residual_rk2_prefix_sweep/duration_08/real_0009/seed_000/features --mask_path /root/autodl-tmp/part-level-residual-rk2/core/data/partedit_subset/cases/real_0009/gt_mask.png --tdm_mask_mode oracle --attention_part carbody --attention_edit rusted --control-plan-resolved /root/autodl-tmp/part-level-residual-rk2/core/results/control_operations/residual_rk2_prefix_sweep/plans/duration_08.json --offload
real_0006_seed_000,real_0006,0,residual_rk2_prefix_09,core/results/control_operations/residual_rk2_prefix_sweep/plans/duration_09.json,0cf0eabce3a9a611c909014fb9d6e4ca70e7471342b7ee07b6d4d1d051901abc,core/data/partedit_subset/cases/real_0006/source.png,core/data/partedit_subset/cases/real_0006/gt_mask.png,a man standing in a park wearing a green shirt,a man with alien head standing in a park wearing a green shirt,head,alien,small,core/results/control_operations/residual_rk2_prefix_sweep/duration_09/real_0006/seed_000,flux-dev,2.0,15,2,4,1,True,"{""name"": ""residual_rk2_prefix_09"", ""num_steps"": 15, ""stages"": [{""name"": ""residual_prefix"", ""start"": 0, ""end"": 8, ""prompt"": ""target"", ""image_kv"": ""none"", ""it_gate"": ""none"", ""it_gate_strength"": 1.0, ""it_gate_epsilon"": 0.0001, ""latent_projection"": ""none"", ""residual_control"": ""source_referenced_rk2""}], ""front"": 2, ""inject"": 4, ""tail_pad"": 1, ""mask_source"": ""oracle"", ""image_kv_layers"": [], ""it_gate_layers"": []}",cd /root/autodl-tmp/part-level-residual-rk2/core/third_party/FollowYourShape/src && /root/miniconda3/bin/python edit.py --source_img_dir /root/autodl-tmp/part-level-residual-rk2/core/data/partedit_subset/cases/real_0006/source.png --source_prompt 'a man standing in a park wearing a green shirt' --target_prompt 'a man with alien head standing in a park wearing a green shirt' --guidance 2.0 --num_steps 15 --front 2 --inject 4 --seed 0 --name flux-dev --controlnet_type none --output_dir /root/autodl-tmp/part-level-residual-rk2/core/results/control_operations/residual_rk2_prefix_sweep/duration_09/real_0006/seed_000 --vis_path /root/autodl-tmp/part-level-residual-rk2/core/results/control_operations/residual_rk2_prefix_sweep/duration_09/real_0006/seed_000/tdm --feature_path /root/autodl-tmp/part-level-residual-rk2/core/results/control_operations/residual_rk2_prefix_sweep/duration_09/real_0006/seed_000/features --mask_path /root/autodl-tmp/part-level-residual-rk2/core/data/partedit_subset/cases/real_0006/gt_mask.png --tdm_mask_mode oracle --attention_part head --attention_edit alien --control-plan-resolved /root/autodl-tmp/part-level-residual-rk2/core/results/control_operations/residual_rk2_prefix_sweep/plans/duration_09.json --offload
real_0008_seed_000,real_0008,0,residual_rk2_prefix_09,core/results/control_operations/residual_rk2_prefix_sweep/plans/duration_09.json,0cf0eabce3a9a611c909014fb9d6e4ca70e7471342b7ee07b6d4d1d051901abc,core/data/partedit_subset/cases/real_0008/source.png,core/data/partedit_subset/cases/real_0008/gt_mask.png,a dog standing in a field with grass and water,a dog with bear head standing in a field with grass and water,head,bear,small,core/results/control_operations/residual_rk2_prefix_sweep/duration_09/real_0008/seed_000,flux-dev,2.0,15,2,4,1,True,"{""name"": ""residual_rk2_prefix_09"", ""num_steps"": 15, ""stages"": [{""name"": ""residual_prefix"", ""start"": 0, ""end"": 8, ""prompt"": ""target"", ""image_kv"": ""none"", ""it_gate"": ""none"", ""it_gate_strength"": 1.0, ""it_gate_epsilon"": 0.0001, ""latent_projection"": ""none"", ""residual_control"": ""source_referenced_rk2""}], ""front"": 2, ""inject"": 4, ""tail_pad"": 1, ""mask_source"": ""oracle"", ""image_kv_layers"": [], ""it_gate_layers"": []}",cd /root/autodl-tmp/part-level-residual-rk2/core/third_party/FollowYourShape/src && /root/miniconda3/bin/python edit.py --source_img_dir /root/autodl-tmp/part-level-residual-rk2/core/data/partedit_subset/cases/real_0008/source.png --source_prompt 'a dog standing in a field with grass and water' --target_prompt 'a dog with bear head standing in a field with grass and water' --guidance 2.0 --num_steps 15 --front 2 --inject 4 --seed 0 --name flux-dev --controlnet_type none --output_dir /root/autodl-tmp/part-level-residual-rk2/core/results/control_operations/residual_rk2_prefix_sweep/duration_09/real_0008/seed_000 --vis_path /root/autodl-tmp/part-level-residual-rk2/core/results/control_operations/residual_rk2_prefix_sweep/duration_09/real_0008/seed_000/tdm --feature_path /root/autodl-tmp/part-level-residual-rk2/core/results/control_operations/residual_rk2_prefix_sweep/duration_09/real_0008/seed_000/features --mask_path /root/autodl-tmp/part-level-residual-rk2/core/data/partedit_subset/cases/real_0008/gt_mask.png --tdm_mask_mode oracle --attention_part head --attention_edit bear --control-plan-resolved /root/autodl-tmp/part-level-residual-rk2/core/results/control_operations/residual_rk2_prefix_sweep/plans/duration_09.json --offload
real_0003_seed_000,real_0003,0,residual_rk2_prefix_09,core/results/control_operations/residual_rk2_prefix_sweep/plans/duration_09.json,0cf0eabce3a9a611c909014fb9d6e4ca70e7471342b7ee07b6d4d1d051901abc,core/data/partedit_subset/cases/real_0003/source.png,core/data/partedit_subset/cases/real_0003/gt_mask.png,a horse running in a field,a horse with cheetah head running in a field,head,cheetah,small,core/results/control_operations/residual_rk2_prefix_sweep/duration_09/real_0003/seed_000,flux-dev,2.0,15,2,4,1,True,"{""name"": ""residual_rk2_prefix_09"", ""num_steps"": 15, ""stages"": [{""name"": ""residual_prefix"", ""start"": 0, ""end"": 8, ""prompt"": ""target"", ""image_kv"": ""none"", ""it_gate"": ""none"", ""it_gate_strength"": 1.0, ""it_gate_epsilon"": 0.0001, ""latent_projection"": ""none"", ""residual_control"": ""source_referenced_rk2""}], ""front"": 2, ""inject"": 4, ""tail_pad"": 1, ""mask_source"": ""oracle"", ""image_kv_layers"": [], ""it_gate_layers"": []}",cd /root/autodl-tmp/part-level-residual-rk2/core/third_party/FollowYourShape/src && /root/miniconda3/bin/python edit.py --source_img_dir /root/autodl-tmp/part-level-residual-rk2/core/data/partedit_subset/cases/real_0003/source.png --source_prompt 'a horse running in a field' --target_prompt 'a horse with cheetah head running in a field' --guidance 2.0 --num_steps 15 --front 2 --inject 4 --seed 0 --name flux-dev --controlnet_type none --output_dir /root/autodl-tmp/part-level-residual-rk2/core/results/control_operations/residual_rk2_prefix_sweep/duration_09/real_0003/seed_000 --vis_path /root/autodl-tmp/part-level-residual-rk2/core/results/control_operations/residual_rk2_prefix_sweep/duration_09/real_0003/seed_000/tdm --feature_path /root/autodl-tmp/part-level-residual-rk2/core/results/control_operations/residual_rk2_prefix_sweep/duration_09/real_0003/seed_000/features --mask_path /root/autodl-tmp/part-level-residual-rk2/core/data/partedit_subset/cases/real_0003/gt_mask.png --tdm_mask_mode oracle --attention_part head --attention_edit cheetah --control-plan-resolved /root/autodl-tmp/part-level-residual-rk2/core/results/control_operations/residual_rk2_prefix_sweep/plans/duration_09.json --offload
real_0002_seed_000,real_0002,0,residual_rk2_prefix_09,core/results/control_operations/residual_rk2_prefix_sweep/plans/duration_09.json,0cf0eabce3a9a611c909014fb9d6e4ca70e7471342b7ee07b6d4d1d051901abc,core/data/partedit_subset/cases/real_0002/source.png,core/data/partedit_subset/cases/real_0002/gt_mask.png,a chair and table in front of a glass door,a chair with mesh seat and table in front of a glass door,seat,mesh,small,core/results/control_operations/residual_rk2_prefix_sweep/duration_09/real_0002/seed_000,flux-dev,2.0,15,2,4,1,True,"{""name"": ""residual_rk2_prefix_09"", ""num_steps"": 15, ""stages"": [{""name"": ""residual_prefix"", ""start"": 0, ""end"": 8, ""prompt"": ""target"", ""image_kv"": ""none"", ""it_gate"": ""none"", ""it_gate_strength"": 1.0, ""it_gate_epsilon"": 0.0001, ""latent_projection"": ""none"", ""residual_control"": ""source_referenced_rk2""}], ""front"": 2, ""inject"": 4, ""tail_pad"": 1, ""mask_source"": ""oracle"", ""image_kv_layers"": [], ""it_gate_layers"": []}",cd /root/autodl-tmp/part-level-residual-rk2/core/third_party/FollowYourShape/src && /root/miniconda3/bin/python edit.py --source_img_dir /root/autodl-tmp/part-level-residual-rk2/core/data/partedit_subset/cases/real_0002/source.png --source_prompt 'a chair and table in front of a glass door' --target_prompt 'a chair with mesh seat and table in front of a glass door' --guidance 2.0 --num_steps 15 --front 2 --inject 4 --seed 0 --name flux-dev --controlnet_type none --output_dir /root/autodl-tmp/part-level-residual-rk2/core/results/control_operations/residual_rk2_prefix_sweep/duration_09/real_0002/seed_000 --vis_path /root/autodl-tmp/part-level-residual-rk2/core/results/control_operations/residual_rk2_prefix_sweep/duration_09/real_0002/seed_000/tdm --feature_path /root/autodl-tmp/part-level-residual-rk2/core/results/control_operations/residual_rk2_prefix_sweep/duration_09/real_0002/seed_000/features --mask_path /root/autodl-tmp/part-level-residual-rk2/core/data/partedit_subset/cases/real_0002/gt_mask.png --tdm_mask_mode oracle --attention_part seat --attention_edit mesh --control-plan-resolved /root/autodl-tmp/part-level-residual-rk2/core/results/control_operations/residual_rk2_prefix_sweep/plans/duration_09.json --offload
real_0010_seed_000,real_0010,0,residual_rk2_prefix_09,core/results/control_operations/residual_rk2_prefix_sweep/plans/duration_09.json,0cf0eabce3a9a611c909014fb9d6e4ca70e7471342b7ee07b6d4d1d051901abc,core/data/partedit_subset/cases/real_0010/source.png,core/data/partedit_subset/cases/real_0010/gt_mask.png,a cow standing on a street,a cow with dragon head standing on a street,head,dragon,medium,core/results/control_operations/residual_rk2_prefix_sweep/duration_09/real_0010/seed_000,flux-dev,2.0,15,2,4,1,True,"{""name"": ""residual_rk2_prefix_09"", ""num_steps"": 15, ""stages"": [{""name"": ""residual_prefix"", ""start"": 0, ""end"": 8, ""prompt"": ""target"", ""image_kv"": ""none"", ""it_gate"": ""none"", ""it_gate_strength"": 1.0, ""it_gate_epsilon"": 0.0001, ""latent_projection"": ""none"", ""residual_control"": ""source_referenced_rk2""}], ""front"": 2, ""inject"": 4, ""tail_pad"": 1, ""mask_source"": ""oracle"", ""image_kv_layers"": [], ""it_gate_layers"": []}",cd /root/autodl-tmp/part-level-residual-rk2/core/third_party/FollowYourShape/src && /root/miniconda3/bin/python edit.py --source_img_dir /root/autodl-tmp/part-level-residual-rk2/core/data/partedit_subset/cases/real_0010/source.png --source_prompt 'a cow standing on a street' --target_prompt 'a cow with dragon head standing on a street' --guidance 2.0 --num_steps 15 --front 2 --inject 4 --seed 0 --name flux-dev --controlnet_type none --output_dir /root/autodl-tmp/part-level-residual-rk2/core/results/control_operations/residual_rk2_prefix_sweep/duration_09/real_0010/seed_000 --vis_path /root/autodl-tmp/part-level-residual-rk2/core/results/control_operations/residual_rk2_prefix_sweep/duration_09/real_0010/seed_000/tdm --feature_path /root/autodl-tmp/part-level-residual-rk2/core/results/control_operations/residual_rk2_prefix_sweep/duration_09/real_0010/seed_000/features --mask_path /root/autodl-tmp/part-level-residual-rk2/core/data/partedit_subset/cases/real_0010/gt_mask.png --tdm_mask_mode oracle --attention_part head --attention_edit dragon --control-plan-resolved /root/autodl-tmp/part-level-residual-rk2/core/results/control_operations/residual_rk2_prefix_sweep/plans/duration_09.json --offload
real_0004_seed_000,real_0004,0,residual_rk2_prefix_09,core/results/control_operations/residual_rk2_prefix_sweep/plans/duration_09.json,0cf0eabce3a9a611c909014fb9d6e4ca70e7471342b7ee07b6d4d1d051901abc,core/data/partedit_subset/cases/real_0004/source.png,core/data/partedit_subset/cases/real_0004/gt_mask.png,a white toyota avanza parked in front of a house,a white toyota with rusted carhood avanza parked in front of a house,carhood,rusted,medium,core/results/control_operations/residual_rk2_prefix_sweep/duration_09/real_0004/seed_000,flux-dev,2.0,15,2,4,1,True,"{""name"": ""residual_rk2_prefix_09"", ""num_steps"": 15, ""stages"": [{""name"": ""residual_prefix"", ""start"": 0, ""end"": 8, ""prompt"": ""target"", ""image_kv"": ""none"", ""it_gate"": ""none"", ""it_gate_strength"": 1.0, ""it_gate_epsilon"": 0.0001, ""latent_projection"": ""none"", ""residual_control"": ""source_referenced_rk2""}], ""front"": 2, ""inject"": 4, ""tail_pad"": 1, ""mask_source"": ""oracle"", ""image_kv_layers"": [], ""it_gate_layers"": []}",cd /root/autodl-tmp/part-level-residual-rk2/core/third_party/FollowYourShape/src && /root/miniconda3/bin/python edit.py --source_img_dir /root/autodl-tmp/part-level-residual-rk2/core/data/partedit_subset/cases/real_0004/source.png --source_prompt 'a white toyota avanza parked in front of a house' --target_prompt 'a white toyota with rusted carhood avanza parked in front of a house' --guidance 2.0 --num_steps 15 --front 2 --inject 4 --seed 0 --name flux-dev --controlnet_type none --output_dir /root/autodl-tmp/part-level-residual-rk2/core/results/control_operations/residual_rk2_prefix_sweep/duration_09/real_0004/seed_000 --vis_path /root/autodl-tmp/part-level-residual-rk2/core/results/control_operations/residual_rk2_prefix_sweep/duration_09/real_0004/seed_000/tdm --feature_path /root/autodl-tmp/part-level-residual-rk2/core/results/control_operations/residual_rk2_prefix_sweep/duration_09/real_0004/seed_000/features --mask_path /root/autodl-tmp/part-level-residual-rk2/core/data/partedit_subset/cases/real_0004/gt_mask.png --tdm_mask_mode oracle --attention_part carhood --attention_edit rusted --control-plan-resolved /root/autodl-tmp/part-level-residual-rk2/core/results/control_operations/residual_rk2_prefix_sweep/plans/duration_09.json --offload
real_0007_seed_000,real_0007,0,residual_rk2_prefix_09,core/results/control_operations/residual_rk2_prefix_sweep/plans/duration_09.json,0cf0eabce3a9a611c909014fb9d6e4ca70e7471342b7ee07b6d4d1d051901abc,core/data/partedit_subset/cases/real_0007/source.png,core/data/partedit_subset/cases/real_0007/gt_mask.png,a mahogany armchair,a mahogany armchair with leather seat,seat,leather,medium,core/results/control_operations/residual_rk2_prefix_sweep/duration_09/real_0007/seed_000,flux-dev,2.0,15,2,4,1,True,"{""name"": ""residual_rk2_prefix_09"", ""num_steps"": 15, ""stages"": [{""name"": ""residual_prefix"", ""start"": 0, ""end"": 8, ""prompt"": ""target"", ""image_kv"": ""none"", ""it_gate"": ""none"", ""it_gate_strength"": 1.0, ""it_gate_epsilon"": 0.0001, ""latent_projection"": ""none"", ""residual_control"": ""source_referenced_rk2""}], ""front"": 2, ""inject"": 4, ""tail_pad"": 1, ""mask_source"": ""oracle"", ""image_kv_layers"": [], ""it_gate_layers"": []}",cd /root/autodl-tmp/part-level-residual-rk2/core/third_party/FollowYourShape/src && /root/miniconda3/bin/python edit.py --source_img_dir /root/autodl-tmp/part-level-residual-rk2/core/data/partedit_subset/cases/real_0007/source.png --source_prompt 'a mahogany armchair' --target_prompt 'a mahogany armchair with leather seat' --guidance 2.0 --num_steps 15 --front 2 --inject 4 --seed 0 --name flux-dev --controlnet_type none --output_dir /root/autodl-tmp/part-level-residual-rk2/core/results/control_operations/residual_rk2_prefix_sweep/duration_09/real_0007/seed_000 --vis_path /root/autodl-tmp/part-level-residual-rk2/core/results/control_operations/residual_rk2_prefix_sweep/duration_09/real_0007/seed_000/tdm --feature_path /root/autodl-tmp/part-level-residual-rk2/core/results/control_operations/residual_rk2_prefix_sweep/duration_09/real_0007/seed_000/features --mask_path /root/autodl-tmp/part-level-residual-rk2/core/data/partedit_subset/cases/real_0007/gt_mask.png --tdm_mask_mode oracle --attention_part seat --attention_edit leather --control-plan-resolved /root/autodl-tmp/part-level-residual-rk2/core/results/control_operations/residual_rk2_prefix_sweep/plans/duration_09.json --offload
real_0001_seed_000,real_0001,0,residual_rk2_prefix_09,core/results/control_operations/residual_rk2_prefix_sweep/plans/duration_09.json,0cf0eabce3a9a611c909014fb9d6e4ca70e7471342b7ee07b6d4d1d051901abc,core/data/partedit_subset/cases/real_0001/source.png,core/data/partedit_subset/cases/real_0001/gt_mask.png,a dog running in the grass,a dog with cat head running in the grass,head,cat,medium,core/results/control_operations/residual_rk2_prefix_sweep/duration_09/real_0001/seed_000,flux-dev,2.0,15,2,4,1,True,"{""name"": ""residual_rk2_prefix_09"", ""num_steps"": 15, ""stages"": [{""name"": ""residual_prefix"", ""start"": 0, ""end"": 8, ""prompt"": ""target"", ""image_kv"": ""none"", ""it_gate"": ""none"", ""it_gate_strength"": 1.0, ""it_gate_epsilon"": 0.0001, ""latent_projection"": ""none"", ""residual_control"": ""source_referenced_rk2""}], ""front"": 2, ""inject"": 4, ""tail_pad"": 1, ""mask_source"": ""oracle"", ""image_kv_layers"": [], ""it_gate_layers"": []}",cd /root/autodl-tmp/part-level-residual-rk2/core/third_party/FollowYourShape/src && /root/miniconda3/bin/python edit.py --source_img_dir /root/autodl-tmp/part-level-residual-rk2/core/data/partedit_subset/cases/real_0001/source.png --source_prompt 'a dog running in the grass' --target_prompt 'a dog with cat head running in the grass' --guidance 2.0 --num_steps 15 --front 2 --inject 4 --seed 0 --name flux-dev --controlnet_type none --output_dir /root/autodl-tmp/part-level-residual-rk2/core/results/control_operations/residual_rk2_prefix_sweep/duration_09/real_0001/seed_000 --vis_path /root/autodl-tmp/part-level-residual-rk2/core/results/control_operations/residual_rk2_prefix_sweep/duration_09/real_0001/seed_000/tdm --feature_path /root/autodl-tmp/part-level-residual-rk2/core/results/control_operations/residual_rk2_prefix_sweep/duration_09/real_0001/seed_000/features --mask_path /root/autodl-tmp/part-level-residual-rk2/core/data/partedit_subset/cases/real_0001/gt_mask.png --tdm_mask_mode oracle --attention_part head --attention_edit cat --control-plan-resolved /root/autodl-tmp/part-level-residual-rk2/core/results/control_operations/residual_rk2_prefix_sweep/plans/duration_09.json --offload
real_0000_seed_000,real_0000,0,residual_rk2_prefix_09,core/results/control_operations/residual_rk2_prefix_sweep/plans/duration_09.json,0cf0eabce3a9a611c909014fb9d6e4ca70e7471342b7ee07b6d4d1d051901abc,core/data/partedit_subset/cases/real_0000/source.png,core/data/partedit_subset/cases/real_0000/gt_mask.png,a robot standing in a warehouse with boxes,a robot with armored torso standing in a warehouse with boxes,torso,armored,large,core/results/control_operations/residual_rk2_prefix_sweep/duration_09/real_0000/seed_000,flux-dev,2.0,15,2,4,1,True,"{""name"": ""residual_rk2_prefix_09"", ""num_steps"": 15, ""stages"": [{""name"": ""residual_prefix"", ""start"": 0, ""end"": 8, ""prompt"": ""target"", ""image_kv"": ""none"", ""it_gate"": ""none"", ""it_gate_strength"": 1.0, ""it_gate_epsilon"": 0.0001, ""latent_projection"": ""none"", ""residual_control"": ""source_referenced_rk2""}], ""front"": 2, ""inject"": 4, ""tail_pad"": 1, ""mask_source"": ""oracle"", ""image_kv_layers"": [], ""it_gate_layers"": []}",cd /root/autodl-tmp/part-level-residual-rk2/core/third_party/FollowYourShape/src && /root/miniconda3/bin/python edit.py --source_img_dir /root/autodl-tmp/part-level-residual-rk2/core/data/partedit_subset/cases/real_0000/source.png --source_prompt 'a robot standing in a warehouse with boxes' --target_prompt 'a robot with armored torso standing in a warehouse with boxes' --guidance 2.0 --num_steps 15 --front 2 --inject 4 --seed 0 --name flux-dev --controlnet_type none --output_dir /root/autodl-tmp/part-level-residual-rk2/core/results/control_operations/residual_rk2_prefix_sweep/duration_09/real_0000/seed_000 --vis_path /root/autodl-tmp/part-level-residual-rk2/core/results/control_operations/residual_rk2_prefix_sweep/duration_09/real_0000/seed_000/tdm --feature_path /root/autodl-tmp/part-level-residual-rk2/core/results/control_operations/residual_rk2_prefix_sweep/duration_09/real_0000/seed_000/features --mask_path /root/autodl-tmp/part-level-residual-rk2/core/data/partedit_subset/cases/real_0000/gt_mask.png --tdm_mask_mode oracle --attention_part torso --attention_edit armored --control-plan-resolved /root/autodl-tmp/part-level-residual-rk2/core/results/control_operations/residual_rk2_prefix_sweep/plans/duration_09.json --offload
real_0011_seed_000,real_0011,0,residual_rk2_prefix_09,core/results/control_operations/residual_rk2_prefix_sweep/plans/duration_09.json,0cf0eabce3a9a611c909014fb9d6e4ca70e7471342b7ee07b6d4d1d051901abc,core/data/partedit_subset/cases/real_0011/source.png,core/data/partedit_subset/cases/real_0011/gt_mask.png,a man with a smile on his face,a man with curly_hair hair with a smile on his face,hair,curly_hair,large,core/results/control_operations/residual_rk2_prefix_sweep/duration_09/real_0011/seed_000,flux-dev,2.0,15,2,4,1,True,"{""name"": ""residual_rk2_prefix_09"", ""num_steps"": 15, ""stages"": [{""name"": ""residual_prefix"", ""start"": 0, ""end"": 8, ""prompt"": ""target"", ""image_kv"": ""none"", ""it_gate"": ""none"", ""it_gate_strength"": 1.0, ""it_gate_epsilon"": 0.0001, ""latent_projection"": ""none"", ""residual_control"": ""source_referenced_rk2""}], ""front"": 2, ""inject"": 4, ""tail_pad"": 1, ""mask_source"": ""oracle"", ""image_kv_layers"": [], ""it_gate_layers"": []}",cd /root/autodl-tmp/part-level-residual-rk2/core/third_party/FollowYourShape/src && /root/miniconda3/bin/python edit.py --source_img_dir /root/autodl-tmp/part-level-residual-rk2/core/data/partedit_subset/cases/real_0011/source.png --source_prompt 'a man with a smile on his face' --target_prompt 'a man with curly_hair hair with a smile on his face' --guidance 2.0 --num_steps 15 --front 2 --inject 4 --seed 0 --name flux-dev --controlnet_type none --output_dir /root/autodl-tmp/part-level-residual-rk2/core/results/control_operations/residual_rk2_prefix_sweep/duration_09/real_0011/seed_000 --vis_path /root/autodl-tmp/part-level-residual-rk2/core/results/control_operations/residual_rk2_prefix_sweep/duration_09/real_0011/seed_000/tdm --feature_path /root/autodl-tmp/part-level-residual-rk2/core/results/control_operations/residual_rk2_prefix_sweep/duration_09/real_0011/seed_000/features --mask_path /root/autodl-tmp/part-level-residual-rk2/core/data/partedit_subset/cases/real_0011/gt_mask.png --tdm_mask_mode oracle --attention_part hair --attention_edit curly_hair --control-plan-resolved /root/autodl-tmp/part-level-residual-rk2/core/results/control_operations/residual_rk2_prefix_sweep/plans/duration_09.json --offload
real_0005_seed_000,real_0005,0,residual_rk2_prefix_09,core/results/control_operations/residual_rk2_prefix_sweep/plans/duration_09.json,0cf0eabce3a9a611c909014fb9d6e4ca70e7471342b7ee07b6d4d1d051901abc,core/data/partedit_subset/cases/real_0005/source.png,core/data/partedit_subset/cases/real_0005/gt_mask.png,a brown bear standing on a rock,a brown bear with dog head standing on a rock,head,dog,large,core/results/control_operations/residual_rk2_prefix_sweep/duration_09/real_0005/seed_000,flux-dev,2.0,15,2,4,1,True,"{""name"": ""residual_rk2_prefix_09"", ""num_steps"": 15, ""stages"": [{""name"": ""residual_prefix"", ""start"": 0, ""end"": 8, ""prompt"": ""target"", ""image_kv"": ""none"", ""it_gate"": ""none"", ""it_gate_strength"": 1.0, ""it_gate_epsilon"": 0.0001, ""latent_projection"": ""none"", ""residual_control"": ""source_referenced_rk2""}], ""front"": 2, ""inject"": 4, ""tail_pad"": 1, ""mask_source"": ""oracle"", ""image_kv_layers"": [], ""it_gate_layers"": []}",cd /root/autodl-tmp/part-level-residual-rk2/core/third_party/FollowYourShape/src && /root/miniconda3/bin/python edit.py --source_img_dir /root/autodl-tmp/part-level-residual-rk2/core/data/partedit_subset/cases/real_0005/source.png --source_prompt 'a brown bear standing on a rock' --target_prompt 'a brown bear with dog head standing on a rock' --guidance 2.0 --num_steps 15 --front 2 --inject 4 --seed 0 --name flux-dev --controlnet_type none --output_dir /root/autodl-tmp/part-level-residual-rk2/core/results/control_operations/residual_rk2_prefix_sweep/duration_09/real_0005/seed_000 --vis_path /root/autodl-tmp/part-level-residual-rk2/core/results/control_operations/residual_rk2_prefix_sweep/duration_09/real_0005/seed_000/tdm --feature_path /root/autodl-tmp/part-level-residual-rk2/core/results/control_operations/residual_rk2_prefix_sweep/duration_09/real_0005/seed_000/features --mask_path /root/autodl-tmp/part-level-residual-rk2/core/data/partedit_subset/cases/real_0005/gt_mask.png --tdm_mask_mode oracle --attention_part head --attention_edit dog --control-plan-resolved /root/autodl-tmp/part-level-residual-rk2/core/results/control_operations/residual_rk2_prefix_sweep/plans/duration_09.json --offload
real_0009_seed_000,real_0009,0,residual_rk2_prefix_09,core/results/control_operations/residual_rk2_prefix_sweep/plans/duration_09.json,0cf0eabce3a9a611c909014fb9d6e4ca70e7471342b7ee07b6d4d1d051901abc,core/data/partedit_subset/cases/real_0009/source.png,core/data/partedit_subset/cases/real_0009/gt_mask.png,ferrari 812 superfast by kimberly kim,ferrari with rusted carbody 812 superfast by kimberly kim,carbody,rusted,large,core/results/control_operations/residual_rk2_prefix_sweep/duration_09/real_0009/seed_000,flux-dev,2.0,15,2,4,1,True,"{""name"": ""residual_rk2_prefix_09"", ""num_steps"": 15, ""stages"": [{""name"": ""residual_prefix"", ""start"": 0, ""end"": 8, ""prompt"": ""target"", ""image_kv"": ""none"", ""it_gate"": ""none"", ""it_gate_strength"": 1.0, ""it_gate_epsilon"": 0.0001, ""latent_projection"": ""none"", ""residual_control"": ""source_referenced_rk2""}], ""front"": 2, ""inject"": 4, ""tail_pad"": 1, ""mask_source"": ""oracle"", ""image_kv_layers"": [], ""it_gate_layers"": []}",cd /root/autodl-tmp/part-level-residual-rk2/core/third_party/FollowYourShape/src && /root/miniconda3/bin/python edit.py --source_img_dir /root/autodl-tmp/part-level-residual-rk2/core/data/partedit_subset/cases/real_0009/source.png --source_prompt 'ferrari 812 superfast by kimberly kim' --target_prompt 'ferrari with rusted carbody 812 superfast by kimberly kim' --guidance 2.0 --num_steps 15 --front 2 --inject 4 --seed 0 --name flux-dev --controlnet_type none --output_dir /root/autodl-tmp/part-level-residual-rk2/core/results/control_operations/residual_rk2_prefix_sweep/duration_09/real_0009/seed_000 --vis_path /root/autodl-tmp/part-level-residual-rk2/core/results/control_operations/residual_rk2_prefix_sweep/duration_09/real_0009/seed_000/tdm --feature_path /root/autodl-tmp/part-level-residual-rk2/core/results/control_operations/residual_rk2_prefix_sweep/duration_09/real_0009/seed_000/features --mask_path /root/autodl-tmp/part-level-residual-rk2/core/data/partedit_subset/cases/real_0009/gt_mask.png --tdm_mask_mode oracle --attention_part carbody --attention_edit rusted --control-plan-resolved /root/autodl-tmp/part-level-residual-rk2/core/results/control_operations/residual_rk2_prefix_sweep/plans/duration_09.json --offload
real_0006_seed_000,real_0006,0,residual_rk2_prefix_10,core/results/control_operations/residual_rk2_prefix_sweep/plans/duration_10.json,a22aa542507e6643f224ee2676a04e8624d5ac30de1cf87b1c4d21fb83ebae6a,core/data/partedit_subset/cases/real_0006/source.png,core/data/partedit_subset/cases/real_0006/gt_mask.png,a man standing in a park wearing a green shirt,a man with alien head standing in a park wearing a green shirt,head,alien,small,core/results/control_operations/residual_rk2_prefix_sweep/duration_10/real_0006/seed_000,flux-dev,2.0,15,2,4,1,True,"{""name"": ""residual_rk2_prefix_10"", ""num_steps"": 15, ""stages"": [{""name"": ""residual_prefix"", ""start"": 0, ""end"": 9, ""prompt"": ""target"", ""image_kv"": ""none"", ""it_gate"": ""none"", ""it_gate_strength"": 1.0, ""it_gate_epsilon"": 0.0001, ""latent_projection"": ""none"", ""residual_control"": ""source_referenced_rk2""}], ""front"": 2, ""inject"": 4, ""tail_pad"": 1, ""mask_source"": ""oracle"", ""image_kv_layers"": [], ""it_gate_layers"": []}",cd /root/autodl-tmp/part-level-residual-rk2/core/third_party/FollowYourShape/src && /root/miniconda3/bin/python edit.py --source_img_dir /root/autodl-tmp/part-level-residual-rk2/core/data/partedit_subset/cases/real_0006/source.png --source_prompt 'a man standing in a park wearing a green shirt' --target_prompt 'a man with alien head standing in a park wearing a green shirt' --guidance 2.0 --num_steps 15 --front 2 --inject 4 --seed 0 --name flux-dev --controlnet_type none --output_dir /root/autodl-tmp/part-level-residual-rk2/core/results/control_operations/residual_rk2_prefix_sweep/duration_10/real_0006/seed_000 --vis_path /root/autodl-tmp/part-level-residual-rk2/core/results/control_operations/residual_rk2_prefix_sweep/duration_10/real_0006/seed_000/tdm --feature_path /root/autodl-tmp/part-level-residual-rk2/core/results/control_operations/residual_rk2_prefix_sweep/duration_10/real_0006/seed_000/features --mask_path /root/autodl-tmp/part-level-residual-rk2/core/data/partedit_subset/cases/real_0006/gt_mask.png --tdm_mask_mode oracle --attention_part head --attention_edit alien --control-plan-resolved /root/autodl-tmp/part-level-residual-rk2/core/results/control_operations/residual_rk2_prefix_sweep/plans/duration_10.json --offload
real_0008_seed_000,real_0008,0,residual_rk2_prefix_10,core/results/control_operations/residual_rk2_prefix_sweep/plans/duration_10.json,a22aa542507e6643f224ee2676a04e8624d5ac30de1cf87b1c4d21fb83ebae6a,core/data/partedit_subset/cases/real_0008/source.png,core/data/partedit_subset/cases/real_0008/gt_mask.png,a dog standing in a field with grass and water,a dog with bear head standing in a field with grass and water,head,bear,small,core/results/control_operations/residual_rk2_prefix_sweep/duration_10/real_0008/seed_000,flux-dev,2.0,15,2,4,1,True,"{""name"": ""residual_rk2_prefix_10"", ""num_steps"": 15, ""stages"": [{""name"": ""residual_prefix"", ""start"": 0, ""end"": 9, ""prompt"": ""target"", ""image_kv"": ""none"", ""it_gate"": ""none"", ""it_gate_strength"": 1.0, ""it_gate_epsilon"": 0.0001, ""latent_projection"": ""none"", ""residual_control"": ""source_referenced_rk2""}], ""front"": 2, ""inject"": 4, ""tail_pad"": 1, ""mask_source"": ""oracle"", ""image_kv_layers"": [], ""it_gate_layers"": []}",cd /root/autodl-tmp/part-level-residual-rk2/core/third_party/FollowYourShape/src && /root/miniconda3/bin/python edit.py --source_img_dir /root/autodl-tmp/part-level-residual-rk2/core/data/partedit_subset/cases/real_0008/source.png --source_prompt 'a dog standing in a field with grass and water' --target_prompt 'a dog with bear head standing in a field with grass and water' --guidance 2.0 --num_steps 15 --front 2 --inject 4 --seed 0 --name flux-dev --controlnet_type none --output_dir /root/autodl-tmp/part-level-residual-rk2/core/results/control_operations/residual_rk2_prefix_sweep/duration_10/real_0008/seed_000 --vis_path /root/autodl-tmp/part-level-residual-rk2/core/results/control_operations/residual_rk2_prefix_sweep/duration_10/real_0008/seed_000/tdm --feature_path /root/autodl-tmp/part-level-residual-rk2/core/results/control_operations/residual_rk2_prefix_sweep/duration_10/real_0008/seed_000/features --mask_path /root/autodl-tmp/part-level-residual-rk2/core/data/partedit_subset/cases/real_0008/gt_mask.png --tdm_mask_mode oracle --attention_part head --attention_edit bear --control-plan-resolved /root/autodl-tmp/part-level-residual-rk2/core/results/control_operations/residual_rk2_prefix_sweep/plans/duration_10.json --offload
real_0003_seed_000,real_0003,0,residual_rk2_prefix_10,core/results/control_operations/residual_rk2_prefix_sweep/plans/duration_10.json,a22aa542507e6643f224ee2676a04e8624d5ac30de1cf87b1c4d21fb83ebae6a,core/data/partedit_subset/cases/real_0003/source.png,core/data/partedit_subset/cases/real_0003/gt_mask.png,a horse running in a field,a horse with cheetah head running in a field,head,cheetah,small,core/results/control_operations/residual_rk2_prefix_sweep/duration_10/real_0003/seed_000,flux-dev,2.0,15,2,4,1,True,"{""name"": ""residual_rk2_prefix_10"", ""num_steps"": 15, ""stages"": [{""name"": ""residual_prefix"", ""start"": 0, ""end"": 9, ""prompt"": ""target"", ""image_kv"": ""none"", ""it_gate"": ""none"", ""it_gate_strength"": 1.0, ""it_gate_epsilon"": 0.0001, ""latent_projection"": ""none"", ""residual_control"": ""source_referenced_rk2""}], ""front"": 2, ""inject"": 4, ""tail_pad"": 1, ""mask_source"": ""oracle"", ""image_kv_layers"": [], ""it_gate_layers"": []}",cd /root/autodl-tmp/part-level-residual-rk2/core/third_party/FollowYourShape/src && /root/miniconda3/bin/python edit.py --source_img_dir /root/autodl-tmp/part-level-residual-rk2/core/data/partedit_subset/cases/real_0003/source.png --source_prompt 'a horse running in a field' --target_prompt 'a horse with cheetah head running in a field' --guidance 2.0 --num_steps 15 --front 2 --inject 4 --seed 0 --name flux-dev --controlnet_type none --output_dir /root/autodl-tmp/part-level-residual-rk2/core/results/control_operations/residual_rk2_prefix_sweep/duration_10/real_0003/seed_000 --vis_path /root/autodl-tmp/part-level-residual-rk2/core/results/control_operations/residual_rk2_prefix_sweep/duration_10/real_0003/seed_000/tdm --feature_path /root/autodl-tmp/part-level-residual-rk2/core/results/control_operations/residual_rk2_prefix_sweep/duration_10/real_0003/seed_000/features --mask_path /root/autodl-tmp/part-level-residual-rk2/core/data/partedit_subset/cases/real_0003/gt_mask.png --tdm_mask_mode oracle --attention_part head --attention_edit cheetah --control-plan-resolved /root/autodl-tmp/part-level-residual-rk2/core/results/control_operations/residual_rk2_prefix_sweep/plans/duration_10.json --offload
real_0002_seed_000,real_0002,0,residual_rk2_prefix_10,core/results/control_operations/residual_rk2_prefix_sweep/plans/duration_10.json,a22aa542507e6643f224ee2676a04e8624d5ac30de1cf87b1c4d21fb83ebae6a,core/data/partedit_subset/cases/real_0002/source.png,core/data/partedit_subset/cases/real_0002/gt_mask.png,a chair and table in front of a glass door,a chair with mesh seat and table in front of a glass door,seat,mesh,small,core/results/control_operations/residual_rk2_prefix_sweep/duration_10/real_0002/seed_000,flux-dev,2.0,15,2,4,1,True,"{""name"": ""residual_rk2_prefix_10"", ""num_steps"": 15, ""stages"": [{""name"": ""residual_prefix"", ""start"": 0, ""end"": 9, ""prompt"": ""target"", ""image_kv"": ""none"", ""it_gate"": ""none"", ""it_gate_strength"": 1.0, ""it_gate_epsilon"": 0.0001, ""latent_projection"": ""none"", ""residual_control"": ""source_referenced_rk2""}], ""front"": 2, ""inject"": 4, ""tail_pad"": 1, ""mask_source"": ""oracle"", ""image_kv_layers"": [], ""it_gate_layers"": []}",cd /root/autodl-tmp/part-level-residual-rk2/core/third_party/FollowYourShape/src && /root/miniconda3/bin/python edit.py --source_img_dir /root/autodl-tmp/part-level-residual-rk2/core/data/partedit_subset/cases/real_0002/source.png --source_prompt 'a chair and table in front of a glass door' --target_prompt 'a chair with mesh seat and table in front of a glass door' --guidance 2.0 --num_steps 15 --front 2 --inject 4 --seed 0 --name flux-dev --controlnet_type none --output_dir /root/autodl-tmp/part-level-residual-rk2/core/results/control_operations/residual_rk2_prefix_sweep/duration_10/real_0002/seed_000 --vis_path /root/autodl-tmp/part-level-residual-rk2/core/results/control_operations/residual_rk2_prefix_sweep/duration_10/real_0002/seed_000/tdm --feature_path /root/autodl-tmp/part-level-residual-rk2/core/results/control_operations/residual_rk2_prefix_sweep/duration_10/real_0002/seed_000/features --mask_path /root/autodl-tmp/part-level-residual-rk2/core/data/partedit_subset/cases/real_0002/gt_mask.png --tdm_mask_mode oracle --attention_part seat --attention_edit mesh --control-plan-resolved /root/autodl-tmp/part-level-residual-rk2/core/results/control_operations/residual_rk2_prefix_sweep/plans/duration_10.json --offload
real_0010_seed_000,real_0010,0,residual_rk2_prefix_10,core/results/control_operations/residual_rk2_prefix_sweep/plans/duration_10.json,a22aa542507e6643f224ee2676a04e8624d5ac30de1cf87b1c4d21fb83ebae6a,core/data/partedit_subset/cases/real_0010/source.png,core/data/partedit_subset/cases/real_0010/gt_mask.png,a cow standing on a street,a cow with dragon head standing on a street,head,dragon,medium,core/results/control_operations/residual_rk2_prefix_sweep/duration_10/real_0010/seed_000,flux-dev,2.0,15,2,4,1,True,"{""name"": ""residual_rk2_prefix_10"", ""num_steps"": 15, ""stages"": [{""name"": ""residual_prefix"", ""start"": 0, ""end"": 9, ""prompt"": ""target"", ""image_kv"": ""none"", ""it_gate"": ""none"", ""it_gate_strength"": 1.0, ""it_gate_epsilon"": 0.0001, ""latent_projection"": ""none"", ""residual_control"": ""source_referenced_rk2""}], ""front"": 2, ""inject"": 4, ""tail_pad"": 1, ""mask_source"": ""oracle"", ""image_kv_layers"": [], ""it_gate_layers"": []}",cd /root/autodl-tmp/part-level-residual-rk2/core/third_party/FollowYourShape/src && /root/miniconda3/bin/python edit.py --source_img_dir /root/autodl-tmp/part-level-residual-rk2/core/data/partedit_subset/cases/real_0010/source.png --source_prompt 'a cow standing on a street' --target_prompt 'a cow with dragon head standing on a street' --guidance 2.0 --num_steps 15 --front 2 --inject 4 --seed 0 --name flux-dev --controlnet_type none --output_dir /root/autodl-tmp/part-level-residual-rk2/core/results/control_operations/residual_rk2_prefix_sweep/duration_10/real_0010/seed_000 --vis_path /root/autodl-tmp/part-level-residual-rk2/core/results/control_operations/residual_rk2_prefix_sweep/duration_10/real_0010/seed_000/tdm --feature_path /root/autodl-tmp/part-level-residual-rk2/core/results/control_operations/residual_rk2_prefix_sweep/duration_10/real_0010/seed_000/features --mask_path /root/autodl-tmp/part-level-residual-rk2/core/data/partedit_subset/cases/real_0010/gt_mask.png --tdm_mask_mode oracle --attention_part head --attention_edit dragon --control-plan-resolved /root/autodl-tmp/part-level-residual-rk2/core/results/control_operations/residual_rk2_prefix_sweep/plans/duration_10.json --offload
real_0004_seed_000,real_0004,0,residual_rk2_prefix_10,core/results/control_operations/residual_rk2_prefix_sweep/plans/duration_10.json,a22aa542507e6643f224ee2676a04e8624d5ac30de1cf87b1c4d21fb83ebae6a,core/data/partedit_subset/cases/real_0004/source.png,core/data/partedit_subset/cases/real_0004/gt_mask.png,a white toyota avanza parked in front of a house,a white toyota with rusted carhood avanza parked in front of a house,carhood,rusted,medium,core/results/control_operations/residual_rk2_prefix_sweep/duration_10/real_0004/seed_000,flux-dev,2.0,15,2,4,1,True,"{""name"": ""residual_rk2_prefix_10"", ""num_steps"": 15, ""stages"": [{""name"": ""residual_prefix"", ""start"": 0, ""end"": 9, ""prompt"": ""target"", ""image_kv"": ""none"", ""it_gate"": ""none"", ""it_gate_strength"": 1.0, ""it_gate_epsilon"": 0.0001, ""latent_projection"": ""none"", ""residual_control"": ""source_referenced_rk2""}], ""front"": 2, ""inject"": 4, ""tail_pad"": 1, ""mask_source"": ""oracle"", ""image_kv_layers"": [], ""it_gate_layers"": []}",cd /root/autodl-tmp/part-level-residual-rk2/core/third_party/FollowYourShape/src && /root/miniconda3/bin/python edit.py --source_img_dir /root/autodl-tmp/part-level-residual-rk2/core/data/partedit_subset/cases/real_0004/source.png --source_prompt 'a white toyota avanza parked in front of a house' --target_prompt 'a white toyota with rusted carhood avanza parked in front of a house' --guidance 2.0 --num_steps 15 --front 2 --inject 4 --seed 0 --name flux-dev --controlnet_type none --output_dir /root/autodl-tmp/part-level-residual-rk2/core/results/control_operations/residual_rk2_prefix_sweep/duration_10/real_0004/seed_000 --vis_path /root/autodl-tmp/part-level-residual-rk2/core/results/control_operations/residual_rk2_prefix_sweep/duration_10/real_0004/seed_000/tdm --feature_path /root/autodl-tmp/part-level-residual-rk2/core/results/control_operations/residual_rk2_prefix_sweep/duration_10/real_0004/seed_000/features --mask_path /root/autodl-tmp/part-level-residual-rk2/core/data/partedit_subset/cases/real_0004/gt_mask.png --tdm_mask_mode oracle --attention_part carhood --attention_edit rusted --control-plan-resolved /root/autodl-tmp/part-level-residual-rk2/core/results/control_operations/residual_rk2_prefix_sweep/plans/duration_10.json --offload
real_0007_seed_000,real_0007,0,residual_rk2_prefix_10,core/results/control_operations/residual_rk2_prefix_sweep/plans/duration_10.json,a22aa542507e6643f224ee2676a04e8624d5ac30de1cf87b1c4d21fb83ebae6a,core/data/partedit_subset/cases/real_0007/source.png,core/data/partedit_subset/cases/real_0007/gt_mask.png,a mahogany armchair,a mahogany armchair with leather seat,seat,leather,medium,core/results/control_operations/residual_rk2_prefix_sweep/duration_10/real_0007/seed_000,flux-dev,2.0,15,2,4,1,True,"{""name"": ""residual_rk2_prefix_10"", ""num_steps"": 15, ""stages"": [{""name"": ""residual_prefix"", ""start"": 0, ""end"": 9, ""prompt"": ""target"", ""image_kv"": ""none"", ""it_gate"": ""none"", ""it_gate_strength"": 1.0, ""it_gate_epsilon"": 0.0001, ""latent_projection"": ""none"", ""residual_control"": ""source_referenced_rk2""}], ""front"": 2, ""inject"": 4, ""tail_pad"": 1, ""mask_source"": ""oracle"", ""image_kv_layers"": [], ""it_gate_layers"": []}",cd /root/autodl-tmp/part-level-residual-rk2/core/third_party/FollowYourShape/src && /root/miniconda3/bin/python edit.py --source_img_dir /root/autodl-tmp/part-level-residual-rk2/core/data/partedit_subset/cases/real_0007/source.png --source_prompt 'a mahogany armchair' --target_prompt 'a mahogany armchair with leather seat' --guidance 2.0 --num_steps 15 --front 2 --inject 4 --seed 0 --name flux-dev --controlnet_type none --output_dir /root/autodl-tmp/part-level-residual-rk2/core/results/control_operations/residual_rk2_prefix_sweep/duration_10/real_0007/seed_000 --vis_path /root/autodl-tmp/part-level-residual-rk2/core/results/control_operations/residual_rk2_prefix_sweep/duration_10/real_0007/seed_000/tdm --feature_path /root/autodl-tmp/part-level-residual-rk2/core/results/control_operations/residual_rk2_prefix_sweep/duration_10/real_0007/seed_000/features --mask_path /root/autodl-tmp/part-level-residual-rk2/core/data/partedit_subset/cases/real_0007/gt_mask.png --tdm_mask_mode oracle --attention_part seat --attention_edit leather --control-plan-resolved /root/autodl-tmp/part-level-residual-rk2/core/results/control_operations/residual_rk2_prefix_sweep/plans/duration_10.json --offload
real_0001_seed_000,real_0001,0,residual_rk2_prefix_10,core/results/control_operations/residual_rk2_prefix_sweep/plans/duration_10.json,a22aa542507e6643f224ee2676a04e8624d5ac30de1cf87b1c4d21fb83ebae6a,core/data/partedit_subset/cases/real_0001/source.png,core/data/partedit_subset/cases/real_0001/gt_mask.png,a dog running in the grass,a dog with cat head running in the grass,head,cat,medium,core/results/control_operations/residual_rk2_prefix_sweep/duration_10/real_0001/seed_000,flux-dev,2.0,15,2,4,1,True,"{""name"": ""residual_rk2_prefix_10"", ""num_steps"": 15, ""stages"": [{""name"": ""residual_prefix"", ""start"": 0, ""end"": 9, ""prompt"": ""target"", ""image_kv"": ""none"", ""it_gate"": ""none"", ""it_gate_strength"": 1.0, ""it_gate_epsilon"": 0.0001, ""latent_projection"": ""none"", ""residual_control"": ""source_referenced_rk2""}], ""front"": 2, ""inject"": 4, ""tail_pad"": 1, ""mask_source"": ""oracle"", ""image_kv_layers"": [], ""it_gate_layers"": []}",cd /root/autodl-tmp/part-level-residual-rk2/core/third_party/FollowYourShape/src && /root/miniconda3/bin/python edit.py --source_img_dir /root/autodl-tmp/part-level-residual-rk2/core/data/partedit_subset/cases/real_0001/source.png --source_prompt 'a dog running in the grass' --target_prompt 'a dog with cat head running in the grass' --guidance 2.0 --num_steps 15 --front 2 --inject 4 --seed 0 --name flux-dev --controlnet_type none --output_dir /root/autodl-tmp/part-level-residual-rk2/core/results/control_operations/residual_rk2_prefix_sweep/duration_10/real_0001/seed_000 --vis_path /root/autodl-tmp/part-level-residual-rk2/core/results/control_operations/residual_rk2_prefix_sweep/duration_10/real_0001/seed_000/tdm --feature_path /root/autodl-tmp/part-level-residual-rk2/core/results/control_operations/residual_rk2_prefix_sweep/duration_10/real_0001/seed_000/features --mask_path /root/autodl-tmp/part-level-residual-rk2/core/data/partedit_subset/cases/real_0001/gt_mask.png --tdm_mask_mode oracle --attention_part head --attention_edit cat --control-plan-resolved /root/autodl-tmp/part-level-residual-rk2/core/results/control_operations/residual_rk2_prefix_sweep/plans/duration_10.json --offload
real_0000_seed_000,real_0000,0,residual_rk2_prefix_10,core/results/control_operations/residual_rk2_prefix_sweep/plans/duration_10.json,a22aa542507e6643f224ee2676a04e8624d5ac30de1cf87b1c4d21fb83ebae6a,core/data/partedit_subset/cases/real_0000/source.png,core/data/partedit_subset/cases/real_0000/gt_mask.png,a robot standing in a warehouse with boxes,a robot with armored torso standing in a warehouse with boxes,torso,armored,large,core/results/control_operations/residual_rk2_prefix_sweep/duration_10/real_0000/seed_000,flux-dev,2.0,15,2,4,1,True,"{""name"": ""residual_rk2_prefix_10"", ""num_steps"": 15, ""stages"": [{""name"": ""residual_prefix"", ""start"": 0, ""end"": 9, ""prompt"": ""target"", ""image_kv"": ""none"", ""it_gate"": ""none"", ""it_gate_strength"": 1.0, ""it_gate_epsilon"": 0.0001, ""latent_projection"": ""none"", ""residual_control"": ""source_referenced_rk2""}], ""front"": 2, ""inject"": 4, ""tail_pad"": 1, ""mask_source"": ""oracle"", ""image_kv_layers"": [], ""it_gate_layers"": []}",cd /root/autodl-tmp/part-level-residual-rk2/core/third_party/FollowYourShape/src && /root/miniconda3/bin/python edit.py --source_img_dir /root/autodl-tmp/part-level-residual-rk2/core/data/partedit_subset/cases/real_0000/source.png --source_prompt 'a robot standing in a warehouse with boxes' --target_prompt 'a robot with armored torso standing in a warehouse with boxes' --guidance 2.0 --num_steps 15 --front 2 --inject 4 --seed 0 --name flux-dev --controlnet_type none --output_dir /root/autodl-tmp/part-level-residual-rk2/core/results/control_operations/residual_rk2_prefix_sweep/duration_10/real_0000/seed_000 --vis_path /root/autodl-tmp/part-level-residual-rk2/core/results/control_operations/residual_rk2_prefix_sweep/duration_10/real_0000/seed_000/tdm --feature_path /root/autodl-tmp/part-level-residual-rk2/core/results/control_operations/residual_rk2_prefix_sweep/duration_10/real_0000/seed_000/features --mask_path /root/autodl-tmp/part-level-residual-rk2/core/data/partedit_subset/cases/real_0000/gt_mask.png --tdm_mask_mode oracle --attention_part torso --attention_edit armored --control-plan-resolved /root/autodl-tmp/part-level-residual-rk2/core/results/control_operations/residual_rk2_prefix_sweep/plans/duration_10.json --offload
real_0011_seed_000,real_0011,0,residual_rk2_prefix_10,core/results/control_operations/residual_rk2_prefix_sweep/plans/duration_10.json,a22aa542507e6643f224ee2676a04e8624d5ac30de1cf87b1c4d21fb83ebae6a,core/data/partedit_subset/cases/real_0011/source.png,core/data/partedit_subset/cases/real_0011/gt_mask.png,a man with a smile on his face,a man with curly_hair hair with a smile on his face,hair,curly_hair,large,core/results/control_operations/residual_rk2_prefix_sweep/duration_10/real_0011/seed_000,flux-dev,2.0,15,2,4,1,True,"{""name"": ""residual_rk2_prefix_10"", ""num_steps"": 15, ""stages"": [{""name"": ""residual_prefix"", ""start"": 0, ""end"": 9, ""prompt"": ""target"", ""image_kv"": ""none"", ""it_gate"": ""none"", ""it_gate_strength"": 1.0, ""it_gate_epsilon"": 0.0001, ""latent_projection"": ""none"", ""residual_control"": ""source_referenced_rk2""}], ""front"": 2, ""inject"": 4, ""tail_pad"": 1, ""mask_source"": ""oracle"", ""image_kv_layers"": [], ""it_gate_layers"": []}",cd /root/autodl-tmp/part-level-residual-rk2/core/third_party/FollowYourShape/src && /root/miniconda3/bin/python edit.py --source_img_dir /root/autodl-tmp/part-level-residual-rk2/core/data/partedit_subset/cases/real_0011/source.png --source_prompt 'a man with a smile on his face' --target_prompt 'a man with curly_hair hair with a smile on his face' --guidance 2.0 --num_steps 15 --front 2 --inject 4 --seed 0 --name flux-dev --controlnet_type none --output_dir /root/autodl-tmp/part-level-residual-rk2/core/results/control_operations/residual_rk2_prefix_sweep/duration_10/real_0011/seed_000 --vis_path /root/autodl-tmp/part-level-residual-rk2/core/results/control_operations/residual_rk2_prefix_sweep/duration_10/real_0011/seed_000/tdm --feature_path /root/autodl-tmp/part-level-residual-rk2/core/results/control_operations/residual_rk2_prefix_sweep/duration_10/real_0011/seed_000/features --mask_path /root/autodl-tmp/part-level-residual-rk2/core/data/partedit_subset/cases/real_0011/gt_mask.png --tdm_mask_mode oracle --attention_part hair --attention_edit curly_hair --control-plan-resolved /root/autodl-tmp/part-level-residual-rk2/core/results/control_operations/residual_rk2_prefix_sweep/plans/duration_10.json --offload
real_0005_seed_000,real_0005,0,residual_rk2_prefix_10,core/results/control_operations/residual_rk2_prefix_sweep/plans/duration_10.json,a22aa542507e6643f224ee2676a04e8624d5ac30de1cf87b1c4d21fb83ebae6a,core/data/partedit_subset/cases/real_0005/source.png,core/data/partedit_subset/cases/real_0005/gt_mask.png,a brown bear standing on a rock,a brown bear with dog head standing on a rock,head,dog,large,core/results/control_operations/residual_rk2_prefix_sweep/duration_10/real_0005/seed_000,flux-dev,2.0,15,2,4,1,True,"{""name"": ""residual_rk2_prefix_10"", ""num_steps"": 15, ""stages"": [{""name"": ""residual_prefix"", ""start"": 0, ""end"": 9, ""prompt"": ""target"", ""image_kv"": ""none"", ""it_gate"": ""none"", ""it_gate_strength"": 1.0, ""it_gate_epsilon"": 0.0001, ""latent_projection"": ""none"", ""residual_control"": ""source_referenced_rk2""}], ""front"": 2, ""inject"": 4, ""tail_pad"": 1, ""mask_source"": ""oracle"", ""image_kv_layers"": [], ""it_gate_layers"": []}",cd /root/autodl-tmp/part-level-residual-rk2/core/third_party/FollowYourShape/src && /root/miniconda3/bin/python edit.py --source_img_dir /root/autodl-tmp/part-level-residual-rk2/core/data/partedit_subset/cases/real_0005/source.png --source_prompt 'a brown bear standing on a rock' --target_prompt 'a brown bear with dog head standing on a rock' --guidance 2.0 --num_steps 15 --front 2 --inject 4 --seed 0 --name flux-dev --controlnet_type none --output_dir /root/autodl-tmp/part-level-residual-rk2/core/results/control_operations/residual_rk2_prefix_sweep/duration_10/real_0005/seed_000 --vis_path /root/autodl-tmp/part-level-residual-rk2/core/results/control_operations/residual_rk2_prefix_sweep/duration_10/real_0005/seed_000/tdm --feature_path /root/autodl-tmp/part-level-residual-rk2/core/results/control_operations/residual_rk2_prefix_sweep/duration_10/real_0005/seed_000/features --mask_path /root/autodl-tmp/part-level-residual-rk2/core/data/partedit_subset/cases/real_0005/gt_mask.png --tdm_mask_mode oracle --attention_part head --attention_edit dog --control-plan-resolved /root/autodl-tmp/part-level-residual-rk2/core/results/control_operations/residual_rk2_prefix_sweep/plans/duration_10.json --offload
real_0009_seed_000,real_0009,0,residual_rk2_prefix_10,core/results/control_operations/residual_rk2_prefix_sweep/plans/duration_10.json,a22aa542507e6643f224ee2676a04e8624d5ac30de1cf87b1c4d21fb83ebae6a,core/data/partedit_subset/cases/real_0009/source.png,core/data/partedit_subset/cases/real_0009/gt_mask.png,ferrari 812 superfast by kimberly kim,ferrari with rusted carbody 812 superfast by kimberly kim,carbody,rusted,large,core/results/control_operations/residual_rk2_prefix_sweep/duration_10/real_0009/seed_000,flux-dev,2.0,15,2,4,1,True,"{""name"": ""residual_rk2_prefix_10"", ""num_steps"": 15, ""stages"": [{""name"": ""residual_prefix"", ""start"": 0, ""end"": 9, ""prompt"": ""target"", ""image_kv"": ""none"", ""it_gate"": ""none"", ""it_gate_strength"": 1.0, ""it_gate_epsilon"": 0.0001, ""latent_projection"": ""none"", ""residual_control"": ""source_referenced_rk2""}], ""front"": 2, ""inject"": 4, ""tail_pad"": 1, ""mask_source"": ""oracle"", ""image_kv_layers"": [], ""it_gate_layers"": []}",cd /root/autodl-tmp/part-level-residual-rk2/core/third_party/FollowYourShape/src && /root/miniconda3/bin/python edit.py --source_img_dir /root/autodl-tmp/part-level-residual-rk2/core/data/partedit_subset/cases/real_0009/source.png --source_prompt 'ferrari 812 superfast by kimberly kim' --target_prompt 'ferrari with rusted carbody 812 superfast by kimberly kim' --guidance 2.0 --num_steps 15 --front 2 --inject 4 --seed 0 --name flux-dev --controlnet_type none --output_dir /root/autodl-tmp/part-level-residual-rk2/core/results/control_operations/residual_rk2_prefix_sweep/duration_10/real_0009/seed_000 --vis_path /root/autodl-tmp/part-level-residual-rk2/core/results/control_operations/residual_rk2_prefix_sweep/duration_10/real_0009/seed_000/tdm --feature_path /root/autodl-tmp/part-level-residual-rk2/core/results/control_operations/residual_rk2_prefix_sweep/duration_10/real_0009/seed_000/features --mask_path /root/autodl-tmp/part-level-residual-rk2/core/data/partedit_subset/cases/real_0009/gt_mask.png --tdm_mask_mode oracle --attention_part carbody --attention_edit rusted --control-plan-resolved /root/autodl-tmp/part-level-residual-rk2/core/results/control_operations/residual_rk2_prefix_sweep/plans/duration_10.json --offload
real_0006_seed_000,real_0006,0,residual_rk2_prefix_11,core/results/control_operations/residual_rk2_prefix_sweep/plans/duration_11.json,842aa8b8e0de4269e2802a6f14273da561a755e25d0864a6a61533bbdf35a269,core/data/partedit_subset/cases/real_0006/source.png,core/data/partedit_subset/cases/real_0006/gt_mask.png,a man standing in a park wearing a green shirt,a man with alien head standing in a park wearing a green shirt,head,alien,small,core/results/control_operations/residual_rk2_prefix_sweep/duration_11/real_0006/seed_000,flux-dev,2.0,15,2,4,1,True,"{""name"": ""residual_rk2_prefix_11"", ""num_steps"": 15, ""stages"": [{""name"": ""residual_prefix"", ""start"": 0, ""end"": 10, ""prompt"": ""target"", ""image_kv"": ""none"", ""it_gate"": ""none"", ""it_gate_strength"": 1.0, ""it_gate_epsilon"": 0.0001, ""latent_projection"": ""none"", ""residual_control"": ""source_referenced_rk2""}], ""front"": 2, ""inject"": 4, ""tail_pad"": 1, ""mask_source"": ""oracle"", ""image_kv_layers"": [], ""it_gate_layers"": []}",cd /root/autodl-tmp/part-level-residual-rk2/core/third_party/FollowYourShape/src && /root/miniconda3/bin/python edit.py --source_img_dir /root/autodl-tmp/part-level-residual-rk2/core/data/partedit_subset/cases/real_0006/source.png --source_prompt 'a man standing in a park wearing a green shirt' --target_prompt 'a man with alien head standing in a park wearing a green shirt' --guidance 2.0 --num_steps 15 --front 2 --inject 4 --seed 0 --name flux-dev --controlnet_type none --output_dir /root/autodl-tmp/part-level-residual-rk2/core/results/control_operations/residual_rk2_prefix_sweep/duration_11/real_0006/seed_000 --vis_path /root/autodl-tmp/part-level-residual-rk2/core/results/control_operations/residual_rk2_prefix_sweep/duration_11/real_0006/seed_000/tdm --feature_path /root/autodl-tmp/part-level-residual-rk2/core/results/control_operations/residual_rk2_prefix_sweep/duration_11/real_0006/seed_000/features --mask_path /root/autodl-tmp/part-level-residual-rk2/core/data/partedit_subset/cases/real_0006/gt_mask.png --tdm_mask_mode oracle --attention_part head --attention_edit alien --control-plan-resolved /root/autodl-tmp/part-level-residual-rk2/core/results/control_operations/residual_rk2_prefix_sweep/plans/duration_11.json --offload
real_0008_seed_000,real_0008,0,residual_rk2_prefix_11,core/results/control_operations/residual_rk2_prefix_sweep/plans/duration_11.json,842aa8b8e0de4269e2802a6f14273da561a755e25d0864a6a61533bbdf35a269,core/data/partedit_subset/cases/real_0008/source.png,core/data/partedit_subset/cases/real_0008/gt_mask.png,a dog standing in a field with grass and water,a dog with bear head standing in a field with grass and water,head,bear,small,core/results/control_operations/residual_rk2_prefix_sweep/duration_11/real_0008/seed_000,flux-dev,2.0,15,2,4,1,True,"{""name"": ""residual_rk2_prefix_11"", ""num_steps"": 15, ""stages"": [{""name"": ""residual_prefix"", ""start"": 0, ""end"": 10, ""prompt"": ""target"", ""image_kv"": ""none"", ""it_gate"": ""none"", ""it_gate_strength"": 1.0, ""it_gate_epsilon"": 0.0001, ""latent_projection"": ""none"", ""residual_control"": ""source_referenced_rk2""}], ""front"": 2, ""inject"": 4, ""tail_pad"": 1, ""mask_source"": ""oracle"", ""image_kv_layers"": [], ""it_gate_layers"": []}",cd /root/autodl-tmp/part-level-residual-rk2/core/third_party/FollowYourShape/src && /root/miniconda3/bin/python edit.py --source_img_dir /root/autodl-tmp/part-level-residual-rk2/core/data/partedit_subset/cases/real_0008/source.png --source_prompt 'a dog standing in a field with grass and water' --target_prompt 'a dog with bear head standing in a field with grass and water' --guidance 2.0 --num_steps 15 --front 2 --inject 4 --seed 0 --name flux-dev --controlnet_type none --output_dir /root/autodl-tmp/part-level-residual-rk2/core/results/control_operations/residual_rk2_prefix_sweep/duration_11/real_0008/seed_000 --vis_path /root/autodl-tmp/part-level-residual-rk2/core/results/control_operations/residual_rk2_prefix_sweep/duration_11/real_0008/seed_000/tdm --feature_path /root/autodl-tmp/part-level-residual-rk2/core/results/control_operations/residual_rk2_prefix_sweep/duration_11/real_0008/seed_000/features --mask_path /root/autodl-tmp/part-level-residual-rk2/core/data/partedit_subset/cases/real_0008/gt_mask.png --tdm_mask_mode oracle --attention_part head --attention_edit bear --control-plan-resolved /root/autodl-tmp/part-level-residual-rk2/core/results/control_operations/residual_rk2_prefix_sweep/plans/duration_11.json --offload
real_0003_seed_000,real_0003,0,residual_rk2_prefix_11,core/results/control_operations/residual_rk2_prefix_sweep/plans/duration_11.json,842aa8b8e0de4269e2802a6f14273da561a755e25d0864a6a61533bbdf35a269,core/data/partedit_subset/cases/real_0003/source.png,core/data/partedit_subset/cases/real_0003/gt_mask.png,a horse running in a field,a horse with cheetah head running in a field,head,cheetah,small,core/results/control_operations/residual_rk2_prefix_sweep/duration_11/real_0003/seed_000,flux-dev,2.0,15,2,4,1,True,"{""name"": ""residual_rk2_prefix_11"", ""num_steps"": 15, ""stages"": [{""name"": ""residual_prefix"", ""start"": 0, ""end"": 10, ""prompt"": ""target"", ""image_kv"": ""none"", ""it_gate"": ""none"", ""it_gate_strength"": 1.0, ""it_gate_epsilon"": 0.0001, ""latent_projection"": ""none"", ""residual_control"": ""source_referenced_rk2""}], ""front"": 2, ""inject"": 4, ""tail_pad"": 1, ""mask_source"": ""oracle"", ""image_kv_layers"": [], ""it_gate_layers"": []}",cd /root/autodl-tmp/part-level-residual-rk2/core/third_party/FollowYourShape/src && /root/miniconda3/bin/python edit.py --source_img_dir /root/autodl-tmp/part-level-residual-rk2/core/data/partedit_subset/cases/real_0003/source.png --source_prompt 'a horse running in a field' --target_prompt 'a horse with cheetah head running in a field' --guidance 2.0 --num_steps 15 --front 2 --inject 4 --seed 0 --name flux-dev --controlnet_type none --output_dir /root/autodl-tmp/part-level-residual-rk2/core/results/control_operations/residual_rk2_prefix_sweep/duration_11/real_0003/seed_000 --vis_path /root/autodl-tmp/part-level-residual-rk2/core/results/control_operations/residual_rk2_prefix_sweep/duration_11/real_0003/seed_000/tdm --feature_path /root/autodl-tmp/part-level-residual-rk2/core/results/control_operations/residual_rk2_prefix_sweep/duration_11/real_0003/seed_000/features --mask_path /root/autodl-tmp/part-level-residual-rk2/core/data/partedit_subset/cases/real_0003/gt_mask.png --tdm_mask_mode oracle --attention_part head --attention_edit cheetah --control-plan-resolved /root/autodl-tmp/part-level-residual-rk2/core/results/control_operations/residual_rk2_prefix_sweep/plans/duration_11.json --offload
real_0002_seed_000,real_0002,0,residual_rk2_prefix_11,core/results/control_operations/residual_rk2_prefix_sweep/plans/duration_11.json,842aa8b8e0de4269e2802a6f14273da561a755e25d0864a6a61533bbdf35a269,core/data/partedit_subset/cases/real_0002/source.png,core/data/partedit_subset/cases/real_0002/gt_mask.png,a chair and table in front of a glass door,a chair with mesh seat and table in front of a glass door,seat,mesh,small,core/results/control_operations/residual_rk2_prefix_sweep/duration_11/real_0002/seed_000,flux-dev,2.0,15,2,4,1,True,"{""name"": ""residual_rk2_prefix_11"", ""num_steps"": 15, ""stages"": [{""name"": ""residual_prefix"", ""start"": 0, ""end"": 10, ""prompt"": ""target"", ""image_kv"": ""none"", ""it_gate"": ""none"", ""it_gate_strength"": 1.0, ""it_gate_epsilon"": 0.0001, ""latent_projection"": ""none"", ""residual_control"": ""source_referenced_rk2""}], ""front"": 2, ""inject"": 4, ""tail_pad"": 1, ""mask_source"": ""oracle"", ""image_kv_layers"": [], ""it_gate_layers"": []}",cd /root/autodl-tmp/part-level-residual-rk2/core/third_party/FollowYourShape/src && /root/miniconda3/bin/python edit.py --source_img_dir /root/autodl-tmp/part-level-residual-rk2/core/data/partedit_subset/cases/real_0002/source.png --source_prompt 'a chair and table in front of a glass door' --target_prompt 'a chair with mesh seat and table in front of a glass door' --guidance 2.0 --num_steps 15 --front 2 --inject 4 --seed 0 --name flux-dev --controlnet_type none --output_dir /root/autodl-tmp/part-level-residual-rk2/core/results/control_operations/residual_rk2_prefix_sweep/duration_11/real_0002/seed_000 --vis_path /root/autodl-tmp/part-level-residual-rk2/core/results/control_operations/residual_rk2_prefix_sweep/duration_11/real_0002/seed_000/tdm --feature_path /root/autodl-tmp/part-level-residual-rk2/core/results/control_operations/residual_rk2_prefix_sweep/duration_11/real_0002/seed_000/features --mask_path /root/autodl-tmp/part-level-residual-rk2/core/data/partedit_subset/cases/real_0002/gt_mask.png --tdm_mask_mode oracle --attention_part seat --attention_edit mesh --control-plan-resolved /root/autodl-tmp/part-level-residual-rk2/core/results/control_operations/residual_rk2_prefix_sweep/plans/duration_11.json --offload
real_0010_seed_000,real_0010,0,residual_rk2_prefix_11,core/results/control_operations/residual_rk2_prefix_sweep/plans/duration_11.json,842aa8b8e0de4269e2802a6f14273da561a755e25d0864a6a61533bbdf35a269,core/data/partedit_subset/cases/real_0010/source.png,core/data/partedit_subset/cases/real_0010/gt_mask.png,a cow standing on a street,a cow with dragon head standing on a street,head,dragon,medium,core/results/control_operations/residual_rk2_prefix_sweep/duration_11/real_0010/seed_000,flux-dev,2.0,15,2,4,1,True,"{""name"": ""residual_rk2_prefix_11"", ""num_steps"": 15, ""stages"": [{""name"": ""residual_prefix"", ""start"": 0, ""end"": 10, ""prompt"": ""target"", ""image_kv"": ""none"", ""it_gate"": ""none"", ""it_gate_strength"": 1.0, ""it_gate_epsilon"": 0.0001, ""latent_projection"": ""none"", ""residual_control"": ""source_referenced_rk2""}], ""front"": 2, ""inject"": 4, ""tail_pad"": 1, ""mask_source"": ""oracle"", ""image_kv_layers"": [], ""it_gate_layers"": []}",cd /root/autodl-tmp/part-level-residual-rk2/core/third_party/FollowYourShape/src && /root/miniconda3/bin/python edit.py --source_img_dir /root/autodl-tmp/part-level-residual-rk2/core/data/partedit_subset/cases/real_0010/source.png --source_prompt 'a cow standing on a street' --target_prompt 'a cow with dragon head standing on a street' --guidance 2.0 --num_steps 15 --front 2 --inject 4 --seed 0 --name flux-dev --controlnet_type none --output_dir /root/autodl-tmp/part-level-residual-rk2/core/results/control_operations/residual_rk2_prefix_sweep/duration_11/real_0010/seed_000 --vis_path /root/autodl-tmp/part-level-residual-rk2/core/results/control_operations/residual_rk2_prefix_sweep/duration_11/real_0010/seed_000/tdm --feature_path /root/autodl-tmp/part-level-residual-rk2/core/results/control_operations/residual_rk2_prefix_sweep/duration_11/real_0010/seed_000/features --mask_path /root/autodl-tmp/part-level-residual-rk2/core/data/partedit_subset/cases/real_0010/gt_mask.png --tdm_mask_mode oracle --attention_part head --attention_edit dragon --control-plan-resolved /root/autodl-tmp/part-level-residual-rk2/core/results/control_operations/residual_rk2_prefix_sweep/plans/duration_11.json --offload
real_0004_seed_000,real_0004,0,residual_rk2_prefix_11,core/results/control_operations/residual_rk2_prefix_sweep/plans/duration_11.json,842aa8b8e0de4269e2802a6f14273da561a755e25d0864a6a61533bbdf35a269,core/data/partedit_subset/cases/real_0004/source.png,core/data/partedit_subset/cases/real_0004/gt_mask.png,a white toyota avanza parked in front of a house,a white toyota with rusted carhood avanza parked in front of a house,carhood,rusted,medium,core/results/control_operations/residual_rk2_prefix_sweep/duration_11/real_0004/seed_000,flux-dev,2.0,15,2,4,1,True,"{""name"": ""residual_rk2_prefix_11"", ""num_steps"": 15, ""stages"": [{""name"": ""residual_prefix"", ""start"": 0, ""end"": 10, ""prompt"": ""target"", ""image_kv"": ""none"", ""it_gate"": ""none"", ""it_gate_strength"": 1.0, ""it_gate_epsilon"": 0.0001, ""latent_projection"": ""none"", ""residual_control"": ""source_referenced_rk2""}], ""front"": 2, ""inject"": 4, ""tail_pad"": 1, ""mask_source"": ""oracle"", ""image_kv_layers"": [], ""it_gate_layers"": []}",cd /root/autodl-tmp/part-level-residual-rk2/core/third_party/FollowYourShape/src && /root/miniconda3/bin/python edit.py --source_img_dir /root/autodl-tmp/part-level-residual-rk2/core/data/partedit_subset/cases/real_0004/source.png --source_prompt 'a white toyota avanza parked in front of a house' --target_prompt 'a white toyota with rusted carhood avanza parked in front of a house' --guidance 2.0 --num_steps 15 --front 2 --inject 4 --seed 0 --name flux-dev --controlnet_type none --output_dir /root/autodl-tmp/part-level-residual-rk2/core/results/control_operations/residual_rk2_prefix_sweep/duration_11/real_0004/seed_000 --vis_path /root/autodl-tmp/part-level-residual-rk2/core/results/control_operations/residual_rk2_prefix_sweep/duration_11/real_0004/seed_000/tdm --feature_path /root/autodl-tmp/part-level-residual-rk2/core/results/control_operations/residual_rk2_prefix_sweep/duration_11/real_0004/seed_000/features --mask_path /root/autodl-tmp/part-level-residual-rk2/core/data/partedit_subset/cases/real_0004/gt_mask.png --tdm_mask_mode oracle --attention_part carhood --attention_edit rusted --control-plan-resolved /root/autodl-tmp/part-level-residual-rk2/core/results/control_operations/residual_rk2_prefix_sweep/plans/duration_11.json --offload
real_0007_seed_000,real_0007,0,residual_rk2_prefix_11,core/results/control_operations/residual_rk2_prefix_sweep/plans/duration_11.json,842aa8b8e0de4269e2802a6f14273da561a755e25d0864a6a61533bbdf35a269,core/data/partedit_subset/cases/real_0007/source.png,core/data/partedit_subset/cases/real_0007/gt_mask.png,a mahogany armchair,a mahogany armchair with leather seat,seat,leather,medium,core/results/control_operations/residual_rk2_prefix_sweep/duration_11/real_0007/seed_000,flux-dev,2.0,15,2,4,1,True,"{""name"": ""residual_rk2_prefix_11"", ""num_steps"": 15, ""stages"": [{""name"": ""residual_prefix"", ""start"": 0, ""end"": 10, ""prompt"": ""target"", ""image_kv"": ""none"", ""it_gate"": ""none"", ""it_gate_strength"": 1.0, ""it_gate_epsilon"": 0.0001, ""latent_projection"": ""none"", ""residual_control"": ""source_referenced_rk2""}], ""front"": 2, ""inject"": 4, ""tail_pad"": 1, ""mask_source"": ""oracle"", ""image_kv_layers"": [], ""it_gate_layers"": []}",cd /root/autodl-tmp/part-level-residual-rk2/core/third_party/FollowYourShape/src && /root/miniconda3/bin/python edit.py --source_img_dir /root/autodl-tmp/part-level-residual-rk2/core/data/partedit_subset/cases/real_0007/source.png --source_prompt 'a mahogany armchair' --target_prompt 'a mahogany armchair with leather seat' --guidance 2.0 --num_steps 15 --front 2 --inject 4 --seed 0 --name flux-dev --controlnet_type none --output_dir /root/autodl-tmp/part-level-residual-rk2/core/results/control_operations/residual_rk2_prefix_sweep/duration_11/real_0007/seed_000 --vis_path /root/autodl-tmp/part-level-residual-rk2/core/results/control_operations/residual_rk2_prefix_sweep/duration_11/real_0007/seed_000/tdm --feature_path /root/autodl-tmp/part-level-residual-rk2/core/results/control_operations/residual_rk2_prefix_sweep/duration_11/real_0007/seed_000/features --mask_path /root/autodl-tmp/part-level-residual-rk2/core/data/partedit_subset/cases/real_0007/gt_mask.png --tdm_mask_mode oracle --attention_part seat --attention_edit leather --control-plan-resolved /root/autodl-tmp/part-level-residual-rk2/core/results/control_operations/residual_rk2_prefix_sweep/plans/duration_11.json --offload
real_0001_seed_000,real_0001,0,residual_rk2_prefix_11,core/results/control_operations/residual_rk2_prefix_sweep/plans/duration_11.json,842aa8b8e0de4269e2802a6f14273da561a755e25d0864a6a61533bbdf35a269,core/data/partedit_subset/cases/real_0001/source.png,core/data/partedit_subset/cases/real_0001/gt_mask.png,a dog running in the grass,a dog with cat head running in the grass,head,cat,medium,core/results/control_operations/residual_rk2_prefix_sweep/duration_11/real_0001/seed_000,flux-dev,2.0,15,2,4,1,True,"{""name"": ""residual_rk2_prefix_11"", ""num_steps"": 15, ""stages"": [{""name"": ""residual_prefix"", ""start"": 0, ""end"": 10, ""prompt"": ""target"", ""image_kv"": ""none"", ""it_gate"": ""none"", ""it_gate_strength"": 1.0, ""it_gate_epsilon"": 0.0001, ""latent_projection"": ""none"", ""residual_control"": ""source_referenced_rk2""}], ""front"": 2, ""inject"": 4, ""tail_pad"": 1, ""mask_source"": ""oracle"", ""image_kv_layers"": [], ""it_gate_layers"": []}",cd /root/autodl-tmp/part-level-residual-rk2/core/third_party/FollowYourShape/src && /root/miniconda3/bin/python edit.py --source_img_dir /root/autodl-tmp/part-level-residual-rk2/core/data/partedit_subset/cases/real_0001/source.png --source_prompt 'a dog running in the grass' --target_prompt 'a dog with cat head running in the grass' --guidance 2.0 --num_steps 15 --front 2 --inject 4 --seed 0 --name flux-dev --controlnet_type none --output_dir /root/autodl-tmp/part-level-residual-rk2/core/results/control_operations/residual_rk2_prefix_sweep/duration_11/real_0001/seed_000 --vis_path /root/autodl-tmp/part-level-residual-rk2/core/results/control_operations/residual_rk2_prefix_sweep/duration_11/real_0001/seed_000/tdm --feature_path /root/autodl-tmp/part-level-residual-rk2/core/results/control_operations/residual_rk2_prefix_sweep/duration_11/real_0001/seed_000/features --mask_path /root/autodl-tmp/part-level-residual-rk2/core/data/partedit_subset/cases/real_0001/gt_mask.png --tdm_mask_mode oracle --attention_part head --attention_edit cat --control-plan-resolved /root/autodl-tmp/part-level-residual-rk2/core/results/control_operations/residual_rk2_prefix_sweep/plans/duration_11.json --offload
real_0000_seed_000,real_0000,0,residual_rk2_prefix_11,core/results/control_operations/residual_rk2_prefix_sweep/plans/duration_11.json,842aa8b8e0de4269e2802a6f14273da561a755e25d0864a6a61533bbdf35a269,core/data/partedit_subset/cases/real_0000/source.png,core/data/partedit_subset/cases/real_0000/gt_mask.png,a robot standing in a warehouse with boxes,a robot with armored torso standing in a warehouse with boxes,torso,armored,large,core/results/control_operations/residual_rk2_prefix_sweep/duration_11/real_0000/seed_000,flux-dev,2.0,15,2,4,1,True,"{""name"": ""residual_rk2_prefix_11"", ""num_steps"": 15, ""stages"": [{""name"": ""residual_prefix"", ""start"": 0, ""end"": 10, ""prompt"": ""target"", ""image_kv"": ""none"", ""it_gate"": ""none"", ""it_gate_strength"": 1.0, ""it_gate_epsilon"": 0.0001, ""latent_projection"": ""none"", ""residual_control"": ""source_referenced_rk2""}], ""front"": 2, ""inject"": 4, ""tail_pad"": 1, ""mask_source"": ""oracle"", ""image_kv_layers"": [], ""it_gate_layers"": []}",cd /root/autodl-tmp/part-level-residual-rk2/core/third_party/FollowYourShape/src && /root/miniconda3/bin/python edit.py --source_img_dir /root/autodl-tmp/part-level-residual-rk2/core/data/partedit_subset/cases/real_0000/source.png --source_prompt 'a robot standing in a warehouse with boxes' --target_prompt 'a robot with armored torso standing in a warehouse with boxes' --guidance 2.0 --num_steps 15 --front 2 --inject 4 --seed 0 --name flux-dev --controlnet_type none --output_dir /root/autodl-tmp/part-level-residual-rk2/core/results/control_operations/residual_rk2_prefix_sweep/duration_11/real_0000/seed_000 --vis_path /root/autodl-tmp/part-level-residual-rk2/core/results/control_operations/residual_rk2_prefix_sweep/duration_11/real_0000/seed_000/tdm --feature_path /root/autodl-tmp/part-level-residual-rk2/core/results/control_operations/residual_rk2_prefix_sweep/duration_11/real_0000/seed_000/features --mask_path /root/autodl-tmp/part-level-residual-rk2/core/data/partedit_subset/cases/real_0000/gt_mask.png --tdm_mask_mode oracle --attention_part torso --attention_edit armored --control-plan-resolved /root/autodl-tmp/part-level-residual-rk2/core/results/control_operations/residual_rk2_prefix_sweep/plans/duration_11.json --offload
real_0011_seed_000,real_0011,0,residual_rk2_prefix_11,core/results/control_operations/residual_rk2_prefix_sweep/plans/duration_11.json,842aa8b8e0de4269e2802a6f14273da561a755e25d0864a6a61533bbdf35a269,core/data/partedit_subset/cases/real_0011/source.png,core/data/partedit_subset/cases/real_0011/gt_mask.png,a man with a smile on his face,a man with curly_hair hair with a smile on his face,hair,curly_hair,large,core/results/control_operations/residual_rk2_prefix_sweep/duration_11/real_0011/seed_000,flux-dev,2.0,15,2,4,1,True,"{""name"": ""residual_rk2_prefix_11"", ""num_steps"": 15, ""stages"": [{""name"": ""residual_prefix"", ""start"": 0, ""end"": 10, ""prompt"": ""target"", ""image_kv"": ""none"", ""it_gate"": ""none"", ""it_gate_strength"": 1.0, ""it_gate_epsilon"": 0.0001, ""latent_projection"": ""none"", ""residual_control"": ""source_referenced_rk2""}], ""front"": 2, ""inject"": 4, ""tail_pad"": 1, ""mask_source"": ""oracle"", ""image_kv_layers"": [], ""it_gate_layers"": []}",cd /root/autodl-tmp/part-level-residual-rk2/core/third_party/FollowYourShape/src && /root/miniconda3/bin/python edit.py --source_img_dir /root/autodl-tmp/part-level-residual-rk2/core/data/partedit_subset/cases/real_0011/source.png --source_prompt 'a man with a smile on his face' --target_prompt 'a man with curly_hair hair with a smile on his face' --guidance 2.0 --num_steps 15 --front 2 --inject 4 --seed 0 --name flux-dev --controlnet_type none --output_dir /root/autodl-tmp/part-level-residual-rk2/core/results/control_operations/residual_rk2_prefix_sweep/duration_11/real_0011/seed_000 --vis_path /root/autodl-tmp/part-level-residual-rk2/core/results/control_operations/residual_rk2_prefix_sweep/duration_11/real_0011/seed_000/tdm --feature_path /root/autodl-tmp/part-level-residual-rk2/core/results/control_operations/residual_rk2_prefix_sweep/duration_11/real_0011/seed_000/features --mask_path /root/autodl-tmp/part-level-residual-rk2/core/data/partedit_subset/cases/real_0011/gt_mask.png --tdm_mask_mode oracle --attention_part hair --attention_edit curly_hair --control-plan-resolved /root/autodl-tmp/part-level-residual-rk2/core/results/control_operations/residual_rk2_prefix_sweep/plans/duration_11.json --offload
real_0005_seed_000,real_0005,0,residual_rk2_prefix_11,core/results/control_operations/residual_rk2_prefix_sweep/plans/duration_11.json,842aa8b8e0de4269e2802a6f14273da561a755e25d0864a6a61533bbdf35a269,core/data/partedit_subset/cases/real_0005/source.png,core/data/partedit_subset/cases/real_0005/gt_mask.png,a brown bear standing on a rock,a brown bear with dog head standing on a rock,head,dog,large,core/results/control_operations/residual_rk2_prefix_sweep/duration_11/real_0005/seed_000,flux-dev,2.0,15,2,4,1,True,"{""name"": ""residual_rk2_prefix_11"", ""num_steps"": 15, ""stages"": [{""name"": ""residual_prefix"", ""start"": 0, ""end"": 10, ""prompt"": ""target"", ""image_kv"": ""none"", ""it_gate"": ""none"", ""it_gate_strength"": 1.0, ""it_gate_epsilon"": 0.0001, ""latent_projection"": ""none"", ""residual_control"": ""source_referenced_rk2""}], ""front"": 2, ""inject"": 4, ""tail_pad"": 1, ""mask_source"": ""oracle"", ""image_kv_layers"": [], ""it_gate_layers"": []}",cd /root/autodl-tmp/part-level-residual-rk2/core/third_party/FollowYourShape/src && /root/miniconda3/bin/python edit.py --source_img_dir /root/autodl-tmp/part-level-residual-rk2/core/data/partedit_subset/cases/real_0005/source.png --source_prompt 'a brown bear standing on a rock' --target_prompt 'a brown bear with dog head standing on a rock' --guidance 2.0 --num_steps 15 --front 2 --inject 4 --seed 0 --name flux-dev --controlnet_type none --output_dir /root/autodl-tmp/part-level-residual-rk2/core/results/control_operations/residual_rk2_prefix_sweep/duration_11/real_0005/seed_000 --vis_path /root/autodl-tmp/part-level-residual-rk2/core/results/control_operations/residual_rk2_prefix_sweep/duration_11/real_0005/seed_000/tdm --feature_path /root/autodl-tmp/part-level-residual-rk2/core/results/control_operations/residual_rk2_prefix_sweep/duration_11/real_0005/seed_000/features --mask_path /root/autodl-tmp/part-level-residual-rk2/core/data/partedit_subset/cases/real_0005/gt_mask.png --tdm_mask_mode oracle --attention_part head --attention_edit dog --control-plan-resolved /root/autodl-tmp/part-level-residual-rk2/core/results/control_operations/residual_rk2_prefix_sweep/plans/duration_11.json --offload
real_0009_seed_000,real_0009,0,residual_rk2_prefix_11,core/results/control_operations/residual_rk2_prefix_sweep/plans/duration_11.json,842aa8b8e0de4269e2802a6f14273da561a755e25d0864a6a61533bbdf35a269,core/data/partedit_subset/cases/real_0009/source.png,core/data/partedit_subset/cases/real_0009/gt_mask.png,ferrari 812 superfast by kimberly kim,ferrari with rusted carbody 812 superfast by kimberly kim,carbody,rusted,large,core/results/control_operations/residual_rk2_prefix_sweep/duration_11/real_0009/seed_000,flux-dev,2.0,15,2,4,1,True,"{""name"": ""residual_rk2_prefix_11"", ""num_steps"": 15, ""stages"": [{""name"": ""residual_prefix"", ""start"": 0, ""end"": 10, ""prompt"": ""target"", ""image_kv"": ""none"", ""it_gate"": ""none"", ""it_gate_strength"": 1.0, ""it_gate_epsilon"": 0.0001, ""latent_projection"": ""none"", ""residual_control"": ""source_referenced_rk2""}], ""front"": 2, ""inject"": 4, ""tail_pad"": 1, ""mask_source"": ""oracle"", ""image_kv_layers"": [], ""it_gate_layers"": []}",cd /root/autodl-tmp/part-level-residual-rk2/core/third_party/FollowYourShape/src && /root/miniconda3/bin/python edit.py --source_img_dir /root/autodl-tmp/part-level-residual-rk2/core/data/partedit_subset/cases/real_0009/source.png --source_prompt 'ferrari 812 superfast by kimberly kim' --target_prompt 'ferrari with rusted carbody 812 superfast by kimberly kim' --guidance 2.0 --num_steps 15 --front 2 --inject 4 --seed 0 --name flux-dev --controlnet_type none --output_dir /root/autodl-tmp/part-level-residual-rk2/core/results/control_operations/residual_rk2_prefix_sweep/duration_11/real_0009/seed_000 --vis_path /root/autodl-tmp/part-level-residual-rk2/core/results/control_operations/residual_rk2_prefix_sweep/duration_11/real_0009/seed_000/tdm --feature_path /root/autodl-tmp/part-level-residual-rk2/core/results/control_operations/residual_rk2_prefix_sweep/duration_11/real_0009/seed_000/features --mask_path /root/autodl-tmp/part-level-residual-rk2/core/data/partedit_subset/cases/real_0009/gt_mask.png --tdm_mask_mode oracle --attention_part carbody --attention_edit rusted --control-plan-resolved /root/autodl-tmp/part-level-residual-rk2/core/results/control_operations/residual_rk2_prefix_sweep/plans/duration_11.json --offload
real_0006_seed_000,real_0006,0,residual_rk2_prefix_12,core/results/control_operations/residual_rk2_prefix_sweep/plans/duration_12.json,5150314005de600a3a9e32906cf720477d2f6e082127570d65fff41fb1019b36,core/data/partedit_subset/cases/real_0006/source.png,core/data/partedit_subset/cases/real_0006/gt_mask.png,a man standing in a park wearing a green shirt,a man with alien head standing in a park wearing a green shirt,head,alien,small,core/results/control_operations/residual_rk2_prefix_sweep/duration_12/real_0006/seed_000,flux-dev,2.0,15,2,4,1,True,"{""name"": ""residual_rk2_prefix_12"", ""num_steps"": 15, ""stages"": [{""name"": ""residual_prefix"", ""start"": 0, ""end"": 11, ""prompt"": ""target"", ""image_kv"": ""none"", ""it_gate"": ""none"", ""it_gate_strength"": 1.0, ""it_gate_epsilon"": 0.0001, ""latent_projection"": ""none"", ""residual_control"": ""source_referenced_rk2""}], ""front"": 2, ""inject"": 4, ""tail_pad"": 1, ""mask_source"": ""oracle"", ""image_kv_layers"": [], ""it_gate_layers"": []}",cd /root/autodl-tmp/part-level-residual-rk2/core/third_party/FollowYourShape/src && /root/miniconda3/bin/python edit.py --source_img_dir /root/autodl-tmp/part-level-residual-rk2/core/data/partedit_subset/cases/real_0006/source.png --source_prompt 'a man standing in a park wearing a green shirt' --target_prompt 'a man with alien head standing in a park wearing a green shirt' --guidance 2.0 --num_steps 15 --front 2 --inject 4 --seed 0 --name flux-dev --controlnet_type none --output_dir /root/autodl-tmp/part-level-residual-rk2/core/results/control_operations/residual_rk2_prefix_sweep/duration_12/real_0006/seed_000 --vis_path /root/autodl-tmp/part-level-residual-rk2/core/results/control_operations/residual_rk2_prefix_sweep/duration_12/real_0006/seed_000/tdm --feature_path /root/autodl-tmp/part-level-residual-rk2/core/results/control_operations/residual_rk2_prefix_sweep/duration_12/real_0006/seed_000/features --mask_path /root/autodl-tmp/part-level-residual-rk2/core/data/partedit_subset/cases/real_0006/gt_mask.png --tdm_mask_mode oracle --attention_part head --attention_edit alien --control-plan-resolved /root/autodl-tmp/part-level-residual-rk2/core/results/control_operations/residual_rk2_prefix_sweep/plans/duration_12.json --offload
real_0008_seed_000,real_0008,0,residual_rk2_prefix_12,core/results/control_operations/residual_rk2_prefix_sweep/plans/duration_12.json,5150314005de600a3a9e32906cf720477d2f6e082127570d65fff41fb1019b36,core/data/partedit_subset/cases/real_0008/source.png,core/data/partedit_subset/cases/real_0008/gt_mask.png,a dog standing in a field with grass and water,a dog with bear head standing in a field with grass and water,head,bear,small,core/results/control_operations/residual_rk2_prefix_sweep/duration_12/real_0008/seed_000,flux-dev,2.0,15,2,4,1,True,"{""name"": ""residual_rk2_prefix_12"", ""num_steps"": 15, ""stages"": [{""name"": ""residual_prefix"", ""start"": 0, ""end"": 11, ""prompt"": ""target"", ""image_kv"": ""none"", ""it_gate"": ""none"", ""it_gate_strength"": 1.0, ""it_gate_epsilon"": 0.0001, ""latent_projection"": ""none"", ""residual_control"": ""source_referenced_rk2""}], ""front"": 2, ""inject"": 4, ""tail_pad"": 1, ""mask_source"": ""oracle"", ""image_kv_layers"": [], ""it_gate_layers"": []}",cd /root/autodl-tmp/part-level-residual-rk2/core/third_party/FollowYourShape/src && /root/miniconda3/bin/python edit.py --source_img_dir /root/autodl-tmp/part-level-residual-rk2/core/data/partedit_subset/cases/real_0008/source.png --source_prompt 'a dog standing in a field with grass and water' --target_prompt 'a dog with bear head standing in a field with grass and water' --guidance 2.0 --num_steps 15 --front 2 --inject 4 --seed 0 --name flux-dev --controlnet_type none --output_dir /root/autodl-tmp/part-level-residual-rk2/core/results/control_operations/residual_rk2_prefix_sweep/duration_12/real_0008/seed_000 --vis_path /root/autodl-tmp/part-level-residual-rk2/core/results/control_operations/residual_rk2_prefix_sweep/duration_12/real_0008/seed_000/tdm --feature_path /root/autodl-tmp/part-level-residual-rk2/core/results/control_operations/residual_rk2_prefix_sweep/duration_12/real_0008/seed_000/features --mask_path /root/autodl-tmp/part-level-residual-rk2/core/data/partedit_subset/cases/real_0008/gt_mask.png --tdm_mask_mode oracle --attention_part head --attention_edit bear --control-plan-resolved /root/autodl-tmp/part-level-residual-rk2/core/results/control_operations/residual_rk2_prefix_sweep/plans/duration_12.json --offload
real_0003_seed_000,real_0003,0,residual_rk2_prefix_12,core/results/control_operations/residual_rk2_prefix_sweep/plans/duration_12.json,5150314005de600a3a9e32906cf720477d2f6e082127570d65fff41fb1019b36,core/data/partedit_subset/cases/real_0003/source.png,core/data/partedit_subset/cases/real_0003/gt_mask.png,a horse running in a field,a horse with cheetah head running in a field,head,cheetah,small,core/results/control_operations/residual_rk2_prefix_sweep/duration_12/real_0003/seed_000,flux-dev,2.0,15,2,4,1,True,"{""name"": ""residual_rk2_prefix_12"", ""num_steps"": 15, ""stages"": [{""name"": ""residual_prefix"", ""start"": 0, ""end"": 11, ""prompt"": ""target"", ""image_kv"": ""none"", ""it_gate"": ""none"", ""it_gate_strength"": 1.0, ""it_gate_epsilon"": 0.0001, ""latent_projection"": ""none"", ""residual_control"": ""source_referenced_rk2""}], ""front"": 2, ""inject"": 4, ""tail_pad"": 1, ""mask_source"": ""oracle"", ""image_kv_layers"": [], ""it_gate_layers"": []}",cd /root/autodl-tmp/part-level-residual-rk2/core/third_party/FollowYourShape/src && /root/miniconda3/bin/python edit.py --source_img_dir /root/autodl-tmp/part-level-residual-rk2/core/data/partedit_subset/cases/real_0003/source.png --source_prompt 'a horse running in a field' --target_prompt 'a horse with cheetah head running in a field' --guidance 2.0 --num_steps 15 --front 2 --inject 4 --seed 0 --name flux-dev --controlnet_type none --output_dir /root/autodl-tmp/part-level-residual-rk2/core/results/control_operations/residual_rk2_prefix_sweep/duration_12/real_0003/seed_000 --vis_path /root/autodl-tmp/part-level-residual-rk2/core/results/control_operations/residual_rk2_prefix_sweep/duration_12/real_0003/seed_000/tdm --feature_path /root/autodl-tmp/part-level-residual-rk2/core/results/control_operations/residual_rk2_prefix_sweep/duration_12/real_0003/seed_000/features --mask_path /root/autodl-tmp/part-level-residual-rk2/core/data/partedit_subset/cases/real_0003/gt_mask.png --tdm_mask_mode oracle --attention_part head --attention_edit cheetah --control-plan-resolved /root/autodl-tmp/part-level-residual-rk2/core/results/control_operations/residual_rk2_prefix_sweep/plans/duration_12.json --offload
real_0002_seed_000,real_0002,0,residual_rk2_prefix_12,core/results/control_operations/residual_rk2_prefix_sweep/plans/duration_12.json,5150314005de600a3a9e32906cf720477d2f6e082127570d65fff41fb1019b36,core/data/partedit_subset/cases/real_0002/source.png,core/data/partedit_subset/cases/real_0002/gt_mask.png,a chair and table in front of a glass door,a chair with mesh seat and table in front of a glass door,seat,mesh,small,core/results/control_operations/residual_rk2_prefix_sweep/duration_12/real_0002/seed_000,flux-dev,2.0,15,2,4,1,True,"{""name"": ""residual_rk2_prefix_12"", ""num_steps"": 15, ""stages"": [{""name"": ""residual_prefix"", ""start"": 0, ""end"": 11, ""prompt"": ""target"", ""image_kv"": ""none"", ""it_gate"": ""none"", ""it_gate_strength"": 1.0, ""it_gate_epsilon"": 0.0001, ""latent_projection"": ""none"", ""residual_control"": ""source_referenced_rk2""}], ""front"": 2, ""inject"": 4, ""tail_pad"": 1, ""mask_source"": ""oracle"", ""image_kv_layers"": [], ""it_gate_layers"": []}",cd /root/autodl-tmp/part-level-residual-rk2/core/third_party/FollowYourShape/src && /root/miniconda3/bin/python edit.py --source_img_dir /root/autodl-tmp/part-level-residual-rk2/core/data/partedit_subset/cases/real_0002/source.png --source_prompt 'a chair and table in front of a glass door' --target_prompt 'a chair with mesh seat and table in front of a glass door' --guidance 2.0 --num_steps 15 --front 2 --inject 4 --seed 0 --name flux-dev --controlnet_type none --output_dir /root/autodl-tmp/part-level-residual-rk2/core/results/control_operations/residual_rk2_prefix_sweep/duration_12/real_0002/seed_000 --vis_path /root/autodl-tmp/part-level-residual-rk2/core/results/control_operations/residual_rk2_prefix_sweep/duration_12/real_0002/seed_000/tdm --feature_path /root/autodl-tmp/part-level-residual-rk2/core/results/control_operations/residual_rk2_prefix_sweep/duration_12/real_0002/seed_000/features --mask_path /root/autodl-tmp/part-level-residual-rk2/core/data/partedit_subset/cases/real_0002/gt_mask.png --tdm_mask_mode oracle --attention_part seat --attention_edit mesh --control-plan-resolved /root/autodl-tmp/part-level-residual-rk2/core/results/control_operations/residual_rk2_prefix_sweep/plans/duration_12.json --offload
real_0010_seed_000,real_0010,0,residual_rk2_prefix_12,core/results/control_operations/residual_rk2_prefix_sweep/plans/duration_12.json,5150314005de600a3a9e32906cf720477d2f6e082127570d65fff41fb1019b36,core/data/partedit_subset/cases/real_0010/source.png,core/data/partedit_subset/cases/real_0010/gt_mask.png,a cow standing on a street,a cow with dragon head standing on a street,head,dragon,medium,core/results/control_operations/residual_rk2_prefix_sweep/duration_12/real_0010/seed_000,flux-dev,2.0,15,2,4,1,True,"{""name"": ""residual_rk2_prefix_12"", ""num_steps"": 15, ""stages"": [{""name"": ""residual_prefix"", ""start"": 0, ""end"": 11, ""prompt"": ""target"", ""image_kv"": ""none"", ""it_gate"": ""none"", ""it_gate_strength"": 1.0, ""it_gate_epsilon"": 0.0001, ""latent_projection"": ""none"", ""residual_control"": ""source_referenced_rk2""}], ""front"": 2, ""inject"": 4, ""tail_pad"": 1, ""mask_source"": ""oracle"", ""image_kv_layers"": [], ""it_gate_layers"": []}",cd /root/autodl-tmp/part-level-residual-rk2/core/third_party/FollowYourShape/src && /root/miniconda3/bin/python edit.py --source_img_dir /root/autodl-tmp/part-level-residual-rk2/core/data/partedit_subset/cases/real_0010/source.png --source_prompt 'a cow standing on a street' --target_prompt 'a cow with dragon head standing on a street' --guidance 2.0 --num_steps 15 --front 2 --inject 4 --seed 0 --name flux-dev --controlnet_type none --output_dir /root/autodl-tmp/part-level-residual-rk2/core/results/control_operations/residual_rk2_prefix_sweep/duration_12/real_0010/seed_000 --vis_path /root/autodl-tmp/part-level-residual-rk2/core/results/control_operations/residual_rk2_prefix_sweep/duration_12/real_0010/seed_000/tdm --feature_path /root/autodl-tmp/part-level-residual-rk2/core/results/control_operations/residual_rk2_prefix_sweep/duration_12/real_0010/seed_000/features --mask_path /root/autodl-tmp/part-level-residual-rk2/core/data/partedit_subset/cases/real_0010/gt_mask.png --tdm_mask_mode oracle --attention_part head --attention_edit dragon --control-plan-resolved /root/autodl-tmp/part-level-residual-rk2/core/results/control_operations/residual_rk2_prefix_sweep/plans/duration_12.json --offload
real_0004_seed_000,real_0004,0,residual_rk2_prefix_12,core/results/control_operations/residual_rk2_prefix_sweep/plans/duration_12.json,5150314005de600a3a9e32906cf720477d2f6e082127570d65fff41fb1019b36,core/data/partedit_subset/cases/real_0004/source.png,core/data/partedit_subset/cases/real_0004/gt_mask.png,a white toyota avanza parked in front of a house,a white toyota with rusted carhood avanza parked in front of a house,carhood,rusted,medium,core/results/control_operations/residual_rk2_prefix_sweep/duration_12/real_0004/seed_000,flux-dev,2.0,15,2,4,1,True,"{""name"": ""residual_rk2_prefix_12"", ""num_steps"": 15, ""stages"": [{""name"": ""residual_prefix"", ""start"": 0, ""end"": 11, ""prompt"": ""target"", ""image_kv"": ""none"", ""it_gate"": ""none"", ""it_gate_strength"": 1.0, ""it_gate_epsilon"": 0.0001, ""latent_projection"": ""none"", ""residual_control"": ""source_referenced_rk2""}], ""front"": 2, ""inject"": 4, ""tail_pad"": 1, ""mask_source"": ""oracle"", ""image_kv_layers"": [], ""it_gate_layers"": []}",cd /root/autodl-tmp/part-level-residual-rk2/core/third_party/FollowYourShape/src && /root/miniconda3/bin/python edit.py --source_img_dir /root/autodl-tmp/part-level-residual-rk2/core/data/partedit_subset/cases/real_0004/source.png --source_prompt 'a white toyota avanza parked in front of a house' --target_prompt 'a white toyota with rusted carhood avanza parked in front of a house' --guidance 2.0 --num_steps 15 --front 2 --inject 4 --seed 0 --name flux-dev --controlnet_type none --output_dir /root/autodl-tmp/part-level-residual-rk2/core/results/control_operations/residual_rk2_prefix_sweep/duration_12/real_0004/seed_000 --vis_path /root/autodl-tmp/part-level-residual-rk2/core/results/control_operations/residual_rk2_prefix_sweep/duration_12/real_0004/seed_000/tdm --feature_path /root/autodl-tmp/part-level-residual-rk2/core/results/control_operations/residual_rk2_prefix_sweep/duration_12/real_0004/seed_000/features --mask_path /root/autodl-tmp/part-level-residual-rk2/core/data/partedit_subset/cases/real_0004/gt_mask.png --tdm_mask_mode oracle --attention_part carhood --attention_edit rusted --control-plan-resolved /root/autodl-tmp/part-level-residual-rk2/core/results/control_operations/residual_rk2_prefix_sweep/plans/duration_12.json --offload
real_0007_seed_000,real_0007,0,residual_rk2_prefix_12,core/results/control_operations/residual_rk2_prefix_sweep/plans/duration_12.json,5150314005de600a3a9e32906cf720477d2f6e082127570d65fff41fb1019b36,core/data/partedit_subset/cases/real_0007/source.png,core/data/partedit_subset/cases/real_0007/gt_mask.png,a mahogany armchair,a mahogany armchair with leather seat,seat,leather,medium,core/results/control_operations/residual_rk2_prefix_sweep/duration_12/real_0007/seed_000,flux-dev,2.0,15,2,4,1,True,"{""name"": ""residual_rk2_prefix_12"", ""num_steps"": 15, ""stages"": [{""name"": ""residual_prefix"", ""start"": 0, ""end"": 11, ""prompt"": ""target"", ""image_kv"": ""none"", ""it_gate"": ""none"", ""it_gate_strength"": 1.0, ""it_gate_epsilon"": 0.0001, ""latent_projection"": ""none"", ""residual_control"": ""source_referenced_rk2""}], ""front"": 2, ""inject"": 4, ""tail_pad"": 1, ""mask_source"": ""oracle"", ""image_kv_layers"": [], ""it_gate_layers"": []}",cd /root/autodl-tmp/part-level-residual-rk2/core/third_party/FollowYourShape/src && /root/miniconda3/bin/python edit.py --source_img_dir /root/autodl-tmp/part-level-residual-rk2/core/data/partedit_subset/cases/real_0007/source.png --source_prompt 'a mahogany armchair' --target_prompt 'a mahogany armchair with leather seat' --guidance 2.0 --num_steps 15 --front 2 --inject 4 --seed 0 --name flux-dev --controlnet_type none --output_dir /root/autodl-tmp/part-level-residual-rk2/core/results/control_operations/residual_rk2_prefix_sweep/duration_12/real_0007/seed_000 --vis_path /root/autodl-tmp/part-level-residual-rk2/core/results/control_operations/residual_rk2_prefix_sweep/duration_12/real_0007/seed_000/tdm --feature_path /root/autodl-tmp/part-level-residual-rk2/core/results/control_operations/residual_rk2_prefix_sweep/duration_12/real_0007/seed_000/features --mask_path /root/autodl-tmp/part-level-residual-rk2/core/data/partedit_subset/cases/real_0007/gt_mask.png --tdm_mask_mode oracle --attention_part seat --attention_edit leather --control-plan-resolved /root/autodl-tmp/part-level-residual-rk2/core/results/control_operations/residual_rk2_prefix_sweep/plans/duration_12.json --offload
real_0001_seed_000,real_0001,0,residual_rk2_prefix_12,core/results/control_operations/residual_rk2_prefix_sweep/plans/duration_12.json,5150314005de600a3a9e32906cf720477d2f6e082127570d65fff41fb1019b36,core/data/partedit_subset/cases/real_0001/source.png,core/data/partedit_subset/cases/real_0001/gt_mask.png,a dog running in the grass,a dog with cat head running in the grass,head,cat,medium,core/results/control_operations/residual_rk2_prefix_sweep/duration_12/real_0001/seed_000,flux-dev,2.0,15,2,4,1,True,"{""name"": ""residual_rk2_prefix_12"", ""num_steps"": 15, ""stages"": [{""name"": ""residual_prefix"", ""start"": 0, ""end"": 11, ""prompt"": ""target"", ""image_kv"": ""none"", ""it_gate"": ""none"", ""it_gate_strength"": 1.0, ""it_gate_epsilon"": 0.0001, ""latent_projection"": ""none"", ""residual_control"": ""source_referenced_rk2""}], ""front"": 2, ""inject"": 4, ""tail_pad"": 1, ""mask_source"": ""oracle"", ""image_kv_layers"": [], ""it_gate_layers"": []}",cd /root/autodl-tmp/part-level-residual-rk2/core/third_party/FollowYourShape/src && /root/miniconda3/bin/python edit.py --source_img_dir /root/autodl-tmp/part-level-residual-rk2/core/data/partedit_subset/cases/real_0001/source.png --source_prompt 'a dog running in the grass' --target_prompt 'a dog with cat head running in the grass' --guidance 2.0 --num_steps 15 --front 2 --inject 4 --seed 0 --name flux-dev --controlnet_type none --output_dir /root/autodl-tmp/part-level-residual-rk2/core/results/control_operations/residual_rk2_prefix_sweep/duration_12/real_0001/seed_000 --vis_path /root/autodl-tmp/part-level-residual-rk2/core/results/control_operations/residual_rk2_prefix_sweep/duration_12/real_0001/seed_000/tdm --feature_path /root/autodl-tmp/part-level-residual-rk2/core/results/control_operations/residual_rk2_prefix_sweep/duration_12/real_0001/seed_000/features --mask_path /root/autodl-tmp/part-level-residual-rk2/core/data/partedit_subset/cases/real_0001/gt_mask.png --tdm_mask_mode oracle --attention_part head --attention_edit cat --control-plan-resolved /root/autodl-tmp/part-level-residual-rk2/core/results/control_operations/residual_rk2_prefix_sweep/plans/duration_12.json --offload
real_0000_seed_000,real_0000,0,residual_rk2_prefix_12,core/results/control_operations/residual_rk2_prefix_sweep/plans/duration_12.json,5150314005de600a3a9e32906cf720477d2f6e082127570d65fff41fb1019b36,core/data/partedit_subset/cases/real_0000/source.png,core/data/partedit_subset/cases/real_0000/gt_mask.png,a robot standing in a warehouse with boxes,a robot with armored torso standing in a warehouse with boxes,torso,armored,large,core/results/control_operations/residual_rk2_prefix_sweep/duration_12/real_0000/seed_000,flux-dev,2.0,15,2,4,1,True,"{""name"": ""residual_rk2_prefix_12"", ""num_steps"": 15, ""stages"": [{""name"": ""residual_prefix"", ""start"": 0, ""end"": 11, ""prompt"": ""target"", ""image_kv"": ""none"", ""it_gate"": ""none"", ""it_gate_strength"": 1.0, ""it_gate_epsilon"": 0.0001, ""latent_projection"": ""none"", ""residual_control"": ""source_referenced_rk2""}], ""front"": 2, ""inject"": 4, ""tail_pad"": 1, ""mask_source"": ""oracle"", ""image_kv_layers"": [], ""it_gate_layers"": []}",cd /root/autodl-tmp/part-level-residual-rk2/core/third_party/FollowYourShape/src && /root/miniconda3/bin/python edit.py --source_img_dir /root/autodl-tmp/part-level-residual-rk2/core/data/partedit_subset/cases/real_0000/source.png --source_prompt 'a robot standing in a warehouse with boxes' --target_prompt 'a robot with armored torso standing in a warehouse with boxes' --guidance 2.0 --num_steps 15 --front 2 --inject 4 --seed 0 --name flux-dev --controlnet_type none --output_dir /root/autodl-tmp/part-level-residual-rk2/core/results/control_operations/residual_rk2_prefix_sweep/duration_12/real_0000/seed_000 --vis_path /root/autodl-tmp/part-level-residual-rk2/core/results/control_operations/residual_rk2_prefix_sweep/duration_12/real_0000/seed_000/tdm --feature_path /root/autodl-tmp/part-level-residual-rk2/core/results/control_operations/residual_rk2_prefix_sweep/duration_12/real_0000/seed_000/features --mask_path /root/autodl-tmp/part-level-residual-rk2/core/data/partedit_subset/cases/real_0000/gt_mask.png --tdm_mask_mode oracle --attention_part torso --attention_edit armored --control-plan-resolved /root/autodl-tmp/part-level-residual-rk2/core/results/control_operations/residual_rk2_prefix_sweep/plans/duration_12.json --offload
real_0011_seed_000,real_0011,0,residual_rk2_prefix_12,core/results/control_operations/residual_rk2_prefix_sweep/plans/duration_12.json,5150314005de600a3a9e32906cf720477d2f6e082127570d65fff41fb1019b36,core/data/partedit_subset/cases/real_0011/source.png,core/data/partedit_subset/cases/real_0011/gt_mask.png,a man with a smile on his face,a man with curly_hair hair with a smile on his face,hair,curly_hair,large,core/results/control_operations/residual_rk2_prefix_sweep/duration_12/real_0011/seed_000,flux-dev,2.0,15,2,4,1,True,"{""name"": ""residual_rk2_prefix_12"", ""num_steps"": 15, ""stages"": [{""name"": ""residual_prefix"", ""start"": 0, ""end"": 11, ""prompt"": ""target"", ""image_kv"": ""none"", ""it_gate"": ""none"", ""it_gate_strength"": 1.0, ""it_gate_epsilon"": 0.0001, ""latent_projection"": ""none"", ""residual_control"": ""source_referenced_rk2""}], ""front"": 2, ""inject"": 4, ""tail_pad"": 1, ""mask_source"": ""oracle"", ""image_kv_layers"": [], ""it_gate_layers"": []}",cd /root/autodl-tmp/part-level-residual-rk2/core/third_party/FollowYourShape/src && /root/miniconda3/bin/python edit.py --source_img_dir /root/autodl-tmp/part-level-residual-rk2/core/data/partedit_subset/cases/real_0011/source.png --source_prompt 'a man with a smile on his face' --target_prompt 'a man with curly_hair hair with a smile on his face' --guidance 2.0 --num_steps 15 --front 2 --inject 4 --seed 0 --name flux-dev --controlnet_type none --output_dir /root/autodl-tmp/part-level-residual-rk2/core/results/control_operations/residual_rk2_prefix_sweep/duration_12/real_0011/seed_000 --vis_path /root/autodl-tmp/part-level-residual-rk2/core/results/control_operations/residual_rk2_prefix_sweep/duration_12/real_0011/seed_000/tdm --feature_path /root/autodl-tmp/part-level-residual-rk2/core/results/control_operations/residual_rk2_prefix_sweep/duration_12/real_0011/seed_000/features --mask_path /root/autodl-tmp/part-level-residual-rk2/core/data/partedit_subset/cases/real_0011/gt_mask.png --tdm_mask_mode oracle --attention_part hair --attention_edit curly_hair --control-plan-resolved /root/autodl-tmp/part-level-residual-rk2/core/results/control_operations/residual_rk2_prefix_sweep/plans/duration_12.json --offload
real_0005_seed_000,real_0005,0,residual_rk2_prefix_12,core/results/control_operations/residual_rk2_prefix_sweep/plans/duration_12.json,5150314005de600a3a9e32906cf720477d2f6e082127570d65fff41fb1019b36,core/data/partedit_subset/cases/real_0005/source.png,core/data/partedit_subset/cases/real_0005/gt_mask.png,a brown bear standing on a rock,a brown bear with dog head standing on a rock,head,dog,large,core/results/control_operations/residual_rk2_prefix_sweep/duration_12/real_0005/seed_000,flux-dev,2.0,15,2,4,1,True,"{""name"": ""residual_rk2_prefix_12"", ""num_steps"": 15, ""stages"": [{""name"": ""residual_prefix"", ""start"": 0, ""end"": 11, ""prompt"": ""target"", ""image_kv"": ""none"", ""it_gate"": ""none"", ""it_gate_strength"": 1.0, ""it_gate_epsilon"": 0.0001, ""latent_projection"": ""none"", ""residual_control"": ""source_referenced_rk2""}], ""front"": 2, ""inject"": 4, ""tail_pad"": 1, ""mask_source"": ""oracle"", ""image_kv_layers"": [], ""it_gate_layers"": []}",cd /root/autodl-tmp/part-level-residual-rk2/core/third_party/FollowYourShape/src && /root/miniconda3/bin/python edit.py --source_img_dir /root/autodl-tmp/part-level-residual-rk2/core/data/partedit_subset/cases/real_0005/source.png --source_prompt 'a brown bear standing on a rock' --target_prompt 'a brown bear with dog head standing on a rock' --guidance 2.0 --num_steps 15 --front 2 --inject 4 --seed 0 --name flux-dev --controlnet_type none --output_dir /root/autodl-tmp/part-level-residual-rk2/core/results/control_operations/residual_rk2_prefix_sweep/duration_12/real_0005/seed_000 --vis_path /root/autodl-tmp/part-level-residual-rk2/core/results/control_operations/residual_rk2_prefix_sweep/duration_12/real_0005/seed_000/tdm --feature_path /root/autodl-tmp/part-level-residual-rk2/core/results/control_operations/residual_rk2_prefix_sweep/duration_12/real_0005/seed_000/features --mask_path /root/autodl-tmp/part-level-residual-rk2/core/data/partedit_subset/cases/real_0005/gt_mask.png --tdm_mask_mode oracle --attention_part head --attention_edit dog --control-plan-resolved /root/autodl-tmp/part-level-residual-rk2/core/results/control_operations/residual_rk2_prefix_sweep/plans/duration_12.json --offload
real_0009_seed_000,real_0009,0,residual_rk2_prefix_12,core/results/control_operations/residual_rk2_prefix_sweep/plans/duration_12.json,5150314005de600a3a9e32906cf720477d2f6e082127570d65fff41fb1019b36,core/data/partedit_subset/cases/real_0009/source.png,core/data/partedit_subset/cases/real_0009/gt_mask.png,ferrari 812 superfast by kimberly kim,ferrari with rusted carbody 812 superfast by kimberly kim,carbody,rusted,large,core/results/control_operations/residual_rk2_prefix_sweep/duration_12/real_0009/seed_000,flux-dev,2.0,15,2,4,1,True,"{""name"": ""residual_rk2_prefix_12"", ""num_steps"": 15, ""stages"": [{""name"": ""residual_prefix"", ""start"": 0, ""end"": 11, ""prompt"": ""target"", ""image_kv"": ""none"", ""it_gate"": ""none"", ""it_gate_strength"": 1.0, ""it_gate_epsilon"": 0.0001, ""latent_projection"": ""none"", ""residual_control"": ""source_referenced_rk2""}], ""front"": 2, ""inject"": 4, ""tail_pad"": 1, ""mask_source"": ""oracle"", ""image_kv_layers"": [], ""it_gate_layers"": []}",cd /root/autodl-tmp/part-level-residual-rk2/core/third_party/FollowYourShape/src && /root/miniconda3/bin/python edit.py --source_img_dir /root/autodl-tmp/part-level-residual-rk2/core/data/partedit_subset/cases/real_0009/source.png --source_prompt 'ferrari 812 superfast by kimberly kim' --target_prompt 'ferrari with rusted carbody 812 superfast by kimberly kim' --guidance 2.0 --num_steps 15 --front 2 --inject 4 --seed 0 --name flux-dev --controlnet_type none --output_dir /root/autodl-tmp/part-level-residual-rk2/core/results/control_operations/residual_rk2_prefix_sweep/duration_12/real_0009/seed_000 --vis_path /root/autodl-tmp/part-level-residual-rk2/core/results/control_operations/residual_rk2_prefix_sweep/duration_12/real_0009/seed_000/tdm --feature_path /root/autodl-tmp/part-level-residual-rk2/core/results/control_operations/residual_rk2_prefix_sweep/duration_12/real_0009/seed_000/features --mask_path /root/autodl-tmp/part-level-residual-rk2/core/data/partedit_subset/cases/real_0009/gt_mask.png --tdm_mask_mode oracle --attention_part carbody --attention_edit rusted --control-plan-resolved /root/autodl-tmp/part-level-residual-rk2/core/results/control_operations/residual_rk2_prefix_sweep/plans/duration_12.json --offload
real_0006_seed_000,real_0006,0,residual_rk2_prefix_13,core/results/control_operations/residual_rk2_prefix_sweep/plans/duration_13.json,a1c76e5b5b7ad1b2128245a1e0779136efed705e6a1338247dd0d5b976d27ebe,core/data/partedit_subset/cases/real_0006/source.png,core/data/partedit_subset/cases/real_0006/gt_mask.png,a man standing in a park wearing a green shirt,a man with alien head standing in a park wearing a green shirt,head,alien,small,core/results/control_operations/residual_rk2_prefix_sweep/duration_13/real_0006/seed_000,flux-dev,2.0,15,2,4,1,True,"{""name"": ""residual_rk2_prefix_13"", ""num_steps"": 15, ""stages"": [{""name"": ""residual_prefix"", ""start"": 0, ""end"": 12, ""prompt"": ""target"", ""image_kv"": ""none"", ""it_gate"": ""none"", ""it_gate_strength"": 1.0, ""it_gate_epsilon"": 0.0001, ""latent_projection"": ""none"", ""residual_control"": ""source_referenced_rk2""}], ""front"": 2, ""inject"": 4, ""tail_pad"": 1, ""mask_source"": ""oracle"", ""image_kv_layers"": [], ""it_gate_layers"": []}",cd /root/autodl-tmp/part-level-residual-rk2/core/third_party/FollowYourShape/src && /root/miniconda3/bin/python edit.py --source_img_dir /root/autodl-tmp/part-level-residual-rk2/core/data/partedit_subset/cases/real_0006/source.png --source_prompt 'a man standing in a park wearing a green shirt' --target_prompt 'a man with alien head standing in a park wearing a green shirt' --guidance 2.0 --num_steps 15 --front 2 --inject 4 --seed 0 --name flux-dev --controlnet_type none --output_dir /root/autodl-tmp/part-level-residual-rk2/core/results/control_operations/residual_rk2_prefix_sweep/duration_13/real_0006/seed_000 --vis_path /root/autodl-tmp/part-level-residual-rk2/core/results/control_operations/residual_rk2_prefix_sweep/duration_13/real_0006/seed_000/tdm --feature_path /root/autodl-tmp/part-level-residual-rk2/core/results/control_operations/residual_rk2_prefix_sweep/duration_13/real_0006/seed_000/features --mask_path /root/autodl-tmp/part-level-residual-rk2/core/data/partedit_subset/cases/real_0006/gt_mask.png --tdm_mask_mode oracle --attention_part head --attention_edit alien --control-plan-resolved /root/autodl-tmp/part-level-residual-rk2/core/results/control_operations/residual_rk2_prefix_sweep/plans/duration_13.json --offload
real_0008_seed_000,real_0008,0,residual_rk2_prefix_13,core/results/control_operations/residual_rk2_prefix_sweep/plans/duration_13.json,a1c76e5b5b7ad1b2128245a1e0779136efed705e6a1338247dd0d5b976d27ebe,core/data/partedit_subset/cases/real_0008/source.png,core/data/partedit_subset/cases/real_0008/gt_mask.png,a dog standing in a field with grass and water,a dog with bear head standing in a field with grass and water,head,bear,small,core/results/control_operations/residual_rk2_prefix_sweep/duration_13/real_0008/seed_000,flux-dev,2.0,15,2,4,1,True,"{""name"": ""residual_rk2_prefix_13"", ""num_steps"": 15, ""stages"": [{""name"": ""residual_prefix"", ""start"": 0, ""end"": 12, ""prompt"": ""target"", ""image_kv"": ""none"", ""it_gate"": ""none"", ""it_gate_strength"": 1.0, ""it_gate_epsilon"": 0.0001, ""latent_projection"": ""none"", ""residual_control"": ""source_referenced_rk2""}], ""front"": 2, ""inject"": 4, ""tail_pad"": 1, ""mask_source"": ""oracle"", ""image_kv_layers"": [], ""it_gate_layers"": []}",cd /root/autodl-tmp/part-level-residual-rk2/core/third_party/FollowYourShape/src && /root/miniconda3/bin/python edit.py --source_img_dir /root/autodl-tmp/part-level-residual-rk2/core/data/partedit_subset/cases/real_0008/source.png --source_prompt 'a dog standing in a field with grass and water' --target_prompt 'a dog with bear head standing in a field with grass and water' --guidance 2.0 --num_steps 15 --front 2 --inject 4 --seed 0 --name flux-dev --controlnet_type none --output_dir /root/autodl-tmp/part-level-residual-rk2/core/results/control_operations/residual_rk2_prefix_sweep/duration_13/real_0008/seed_000 --vis_path /root/autodl-tmp/part-level-residual-rk2/core/results/control_operations/residual_rk2_prefix_sweep/duration_13/real_0008/seed_000/tdm --feature_path /root/autodl-tmp/part-level-residual-rk2/core/results/control_operations/residual_rk2_prefix_sweep/duration_13/real_0008/seed_000/features --mask_path /root/autodl-tmp/part-level-residual-rk2/core/data/partedit_subset/cases/real_0008/gt_mask.png --tdm_mask_mode oracle --attention_part head --attention_edit bear --control-plan-resolved /root/autodl-tmp/part-level-residual-rk2/core/results/control_operations/residual_rk2_prefix_sweep/plans/duration_13.json --offload
real_0003_seed_000,real_0003,0,residual_rk2_prefix_13,core/results/control_operations/residual_rk2_prefix_sweep/plans/duration_13.json,a1c76e5b5b7ad1b2128245a1e0779136efed705e6a1338247dd0d5b976d27ebe,core/data/partedit_subset/cases/real_0003/source.png,core/data/partedit_subset/cases/real_0003/gt_mask.png,a horse running in a field,a horse with cheetah head running in a field,head,cheetah,small,core/results/control_operations/residual_rk2_prefix_sweep/duration_13/real_0003/seed_000,flux-dev,2.0,15,2,4,1,True,"{""name"": ""residual_rk2_prefix_13"", ""num_steps"": 15, ""stages"": [{""name"": ""residual_prefix"", ""start"": 0, ""end"": 12, ""prompt"": ""target"", ""image_kv"": ""none"", ""it_gate"": ""none"", ""it_gate_strength"": 1.0, ""it_gate_epsilon"": 0.0001, ""latent_projection"": ""none"", ""residual_control"": ""source_referenced_rk2""}], ""front"": 2, ""inject"": 4, ""tail_pad"": 1, ""mask_source"": ""oracle"", ""image_kv_layers"": [], ""it_gate_layers"": []}",cd /root/autodl-tmp/part-level-residual-rk2/core/third_party/FollowYourShape/src && /root/miniconda3/bin/python edit.py --source_img_dir /root/autodl-tmp/part-level-residual-rk2/core/data/partedit_subset/cases/real_0003/source.png --source_prompt 'a horse running in a field' --target_prompt 'a horse with cheetah head running in a field' --guidance 2.0 --num_steps 15 --front 2 --inject 4 --seed 0 --name flux-dev --controlnet_type none --output_dir /root/autodl-tmp/part-level-residual-rk2/core/results/control_operations/residual_rk2_prefix_sweep/duration_13/real_0003/seed_000 --vis_path /root/autodl-tmp/part-level-residual-rk2/core/results/control_operations/residual_rk2_prefix_sweep/duration_13/real_0003/seed_000/tdm --feature_path /root/autodl-tmp/part-level-residual-rk2/core/results/control_operations/residual_rk2_prefix_sweep/duration_13/real_0003/seed_000/features --mask_path /root/autodl-tmp/part-level-residual-rk2/core/data/partedit_subset/cases/real_0003/gt_mask.png --tdm_mask_mode oracle --attention_part head --attention_edit cheetah --control-plan-resolved /root/autodl-tmp/part-level-residual-rk2/core/results/control_operations/residual_rk2_prefix_sweep/plans/duration_13.json --offload
real_0002_seed_000,real_0002,0,residual_rk2_prefix_13,core/results/control_operations/residual_rk2_prefix_sweep/plans/duration_13.json,a1c76e5b5b7ad1b2128245a1e0779136efed705e6a1338247dd0d5b976d27ebe,core/data/partedit_subset/cases/real_0002/source.png,core/data/partedit_subset/cases/real_0002/gt_mask.png,a chair and table in front of a glass door,a chair with mesh seat and table in front of a glass door,seat,mesh,small,core/results/control_operations/residual_rk2_prefix_sweep/duration_13/real_0002/seed_000,flux-dev,2.0,15,2,4,1,True,"{""name"": ""residual_rk2_prefix_13"", ""num_steps"": 15, ""stages"": [{""name"": ""residual_prefix"", ""start"": 0, ""end"": 12, ""prompt"": ""target"", ""image_kv"": ""none"", ""it_gate"": ""none"", ""it_gate_strength"": 1.0, ""it_gate_epsilon"": 0.0001, ""latent_projection"": ""none"", ""residual_control"": ""source_referenced_rk2""}], ""front"": 2, ""inject"": 4, ""tail_pad"": 1, ""mask_source"": ""oracle"", ""image_kv_layers"": [], ""it_gate_layers"": []}",cd /root/autodl-tmp/part-level-residual-rk2/core/third_party/FollowYourShape/src && /root/miniconda3/bin/python edit.py --source_img_dir /root/autodl-tmp/part-level-residual-rk2/core/data/partedit_subset/cases/real_0002/source.png --source_prompt 'a chair and table in front of a glass door' --target_prompt 'a chair with mesh seat and table in front of a glass door' --guidance 2.0 --num_steps 15 --front 2 --inject 4 --seed 0 --name flux-dev --controlnet_type none --output_dir /root/autodl-tmp/part-level-residual-rk2/core/results/control_operations/residual_rk2_prefix_sweep/duration_13/real_0002/seed_000 --vis_path /root/autodl-tmp/part-level-residual-rk2/core/results/control_operations/residual_rk2_prefix_sweep/duration_13/real_0002/seed_000/tdm --feature_path /root/autodl-tmp/part-level-residual-rk2/core/results/control_operations/residual_rk2_prefix_sweep/duration_13/real_0002/seed_000/features --mask_path /root/autodl-tmp/part-level-residual-rk2/core/data/partedit_subset/cases/real_0002/gt_mask.png --tdm_mask_mode oracle --attention_part seat --attention_edit mesh --control-plan-resolved /root/autodl-tmp/part-level-residual-rk2/core/results/control_operations/residual_rk2_prefix_sweep/plans/duration_13.json --offload
real_0010_seed_000,real_0010,0,residual_rk2_prefix_13,core/results/control_operations/residual_rk2_prefix_sweep/plans/duration_13.json,a1c76e5b5b7ad1b2128245a1e0779136efed705e6a1338247dd0d5b976d27ebe,core/data/partedit_subset/cases/real_0010/source.png,core/data/partedit_subset/cases/real_0010/gt_mask.png,a cow standing on a street,a cow with dragon head standing on a street,head,dragon,medium,core/results/control_operations/residual_rk2_prefix_sweep/duration_13/real_0010/seed_000,flux-dev,2.0,15,2,4,1,True,"{""name"": ""residual_rk2_prefix_13"", ""num_steps"": 15, ""stages"": [{""name"": ""residual_prefix"", ""start"": 0, ""end"": 12, ""prompt"": ""target"", ""image_kv"": ""none"", ""it_gate"": ""none"", ""it_gate_strength"": 1.0, ""it_gate_epsilon"": 0.0001, ""latent_projection"": ""none"", ""residual_control"": ""source_referenced_rk2""}], ""front"": 2, ""inject"": 4, ""tail_pad"": 1, ""mask_source"": ""oracle"", ""image_kv_layers"": [], ""it_gate_layers"": []}",cd /root/autodl-tmp/part-level-residual-rk2/core/third_party/FollowYourShape/src && /root/miniconda3/bin/python edit.py --source_img_dir /root/autodl-tmp/part-level-residual-rk2/core/data/partedit_subset/cases/real_0010/source.png --source_prompt 'a cow standing on a street' --target_prompt 'a cow with dragon head standing on a street' --guidance 2.0 --num_steps 15 --front 2 --inject 4 --seed 0 --name flux-dev --controlnet_type none --output_dir /root/autodl-tmp/part-level-residual-rk2/core/results/control_operations/residual_rk2_prefix_sweep/duration_13/real_0010/seed_000 --vis_path /root/autodl-tmp/part-level-residual-rk2/core/results/control_operations/residual_rk2_prefix_sweep/duration_13/real_0010/seed_000/tdm --feature_path /root/autodl-tmp/part-level-residual-rk2/core/results/control_operations/residual_rk2_prefix_sweep/duration_13/real_0010/seed_000/features --mask_path /root/autodl-tmp/part-level-residual-rk2/core/data/partedit_subset/cases/real_0010/gt_mask.png --tdm_mask_mode oracle --attention_part head --attention_edit dragon --control-plan-resolved /root/autodl-tmp/part-level-residual-rk2/core/results/control_operations/residual_rk2_prefix_sweep/plans/duration_13.json --offload
real_0004_seed_000,real_0004,0,residual_rk2_prefix_13,core/results/control_operations/residual_rk2_prefix_sweep/plans/duration_13.json,a1c76e5b5b7ad1b2128245a1e0779136efed705e6a1338247dd0d5b976d27ebe,core/data/partedit_subset/cases/real_0004/source.png,core/data/partedit_subset/cases/real_0004/gt_mask.png,a white toyota avanza parked in front of a house,a white toyota with rusted carhood avanza parked in front of a house,carhood,rusted,medium,core/results/control_operations/residual_rk2_prefix_sweep/duration_13/real_0004/seed_000,flux-dev,2.0,15,2,4,1,True,"{""name"": ""residual_rk2_prefix_13"", ""num_steps"": 15, ""stages"": [{""name"": ""residual_prefix"", ""start"": 0, ""end"": 12, ""prompt"": ""target"", ""image_kv"": ""none"", ""it_gate"": ""none"", ""it_gate_strength"": 1.0, ""it_gate_epsilon"": 0.0001, ""latent_projection"": ""none"", ""residual_control"": ""source_referenced_rk2""}], ""front"": 2, ""inject"": 4, ""tail_pad"": 1, ""mask_source"": ""oracle"", ""image_kv_layers"": [], ""it_gate_layers"": []}",cd /root/autodl-tmp/part-level-residual-rk2/core/third_party/FollowYourShape/src && /root/miniconda3/bin/python edit.py --source_img_dir /root/autodl-tmp/part-level-residual-rk2/core/data/partedit_subset/cases/real_0004/source.png --source_prompt 'a white toyota avanza parked in front of a house' --target_prompt 'a white toyota with rusted carhood avanza parked in front of a house' --guidance 2.0 --num_steps 15 --front 2 --inject 4 --seed 0 --name flux-dev --controlnet_type none --output_dir /root/autodl-tmp/part-level-residual-rk2/core/results/control_operations/residual_rk2_prefix_sweep/duration_13/real_0004/seed_000 --vis_path /root/autodl-tmp/part-level-residual-rk2/core/results/control_operations/residual_rk2_prefix_sweep/duration_13/real_0004/seed_000/tdm --feature_path /root/autodl-tmp/part-level-residual-rk2/core/results/control_operations/residual_rk2_prefix_sweep/duration_13/real_0004/seed_000/features --mask_path /root/autodl-tmp/part-level-residual-rk2/core/data/partedit_subset/cases/real_0004/gt_mask.png --tdm_mask_mode oracle --attention_part carhood --attention_edit rusted --control-plan-resolved /root/autodl-tmp/part-level-residual-rk2/core/results/control_operations/residual_rk2_prefix_sweep/plans/duration_13.json --offload
real_0007_seed_000,real_0007,0,residual_rk2_prefix_13,core/results/control_operations/residual_rk2_prefix_sweep/plans/duration_13.json,a1c76e5b5b7ad1b2128245a1e0779136efed705e6a1338247dd0d5b976d27ebe,core/data/partedit_subset/cases/real_0007/source.png,core/data/partedit_subset/cases/real_0007/gt_mask.png,a mahogany armchair,a mahogany armchair with leather seat,seat,leather,medium,core/results/control_operations/residual_rk2_prefix_sweep/duration_13/real_0007/seed_000,flux-dev,2.0,15,2,4,1,True,"{""name"": ""residual_rk2_prefix_13"", ""num_steps"": 15, ""stages"": [{""name"": ""residual_prefix"", ""start"": 0, ""end"": 12, ""prompt"": ""target"", ""image_kv"": ""none"", ""it_gate"": ""none"", ""it_gate_strength"": 1.0, ""it_gate_epsilon"": 0.0001, ""latent_projection"": ""none"", ""residual_control"": ""source_referenced_rk2""}], ""front"": 2, ""inject"": 4, ""tail_pad"": 1, ""mask_source"": ""oracle"", ""image_kv_layers"": [], ""it_gate_layers"": []}",cd /root/autodl-tmp/part-level-residual-rk2/core/third_party/FollowYourShape/src && /root/miniconda3/bin/python edit.py --source_img_dir /root/autodl-tmp/part-level-residual-rk2/core/data/partedit_subset/cases/real_0007/source.png --source_prompt 'a mahogany armchair' --target_prompt 'a mahogany armchair with leather seat' --guidance 2.0 --num_steps 15 --front 2 --inject 4 --seed 0 --name flux-dev --controlnet_type none --output_dir /root/autodl-tmp/part-level-residual-rk2/core/results/control_operations/residual_rk2_prefix_sweep/duration_13/real_0007/seed_000 --vis_path /root/autodl-tmp/part-level-residual-rk2/core/results/control_operations/residual_rk2_prefix_sweep/duration_13/real_0007/seed_000/tdm --feature_path /root/autodl-tmp/part-level-residual-rk2/core/results/control_operations/residual_rk2_prefix_sweep/duration_13/real_0007/seed_000/features --mask_path /root/autodl-tmp/part-level-residual-rk2/core/data/partedit_subset/cases/real_0007/gt_mask.png --tdm_mask_mode oracle --attention_part seat --attention_edit leather --control-plan-resolved /root/autodl-tmp/part-level-residual-rk2/core/results/control_operations/residual_rk2_prefix_sweep/plans/duration_13.json --offload
real_0001_seed_000,real_0001,0,residual_rk2_prefix_13,core/results/control_operations/residual_rk2_prefix_sweep/plans/duration_13.json,a1c76e5b5b7ad1b2128245a1e0779136efed705e6a1338247dd0d5b976d27ebe,core/data/partedit_subset/cases/real_0001/source.png,core/data/partedit_subset/cases/real_0001/gt_mask.png,a dog running in the grass,a dog with cat head running in the grass,head,cat,medium,core/results/control_operations/residual_rk2_prefix_sweep/duration_13/real_0001/seed_000,flux-dev,2.0,15,2,4,1,True,"{""name"": ""residual_rk2_prefix_13"", ""num_steps"": 15, ""stages"": [{""name"": ""residual_prefix"", ""start"": 0, ""end"": 12, ""prompt"": ""target"", ""image_kv"": ""none"", ""it_gate"": ""none"", ""it_gate_strength"": 1.0, ""it_gate_epsilon"": 0.0001, ""latent_projection"": ""none"", ""residual_control"": ""source_referenced_rk2""}], ""front"": 2, ""inject"": 4, ""tail_pad"": 1, ""mask_source"": ""oracle"", ""image_kv_layers"": [], ""it_gate_layers"": []}",cd /root/autodl-tmp/part-level-residual-rk2/core/third_party/FollowYourShape/src && /root/miniconda3/bin/python edit.py --source_img_dir /root/autodl-tmp/part-level-residual-rk2/core/data/partedit_subset/cases/real_0001/source.png --source_prompt 'a dog running in the grass' --target_prompt 'a dog with cat head running in the grass' --guidance 2.0 --num_steps 15 --front 2 --inject 4 --seed 0 --name flux-dev --controlnet_type none --output_dir /root/autodl-tmp/part-level-residual-rk2/core/results/control_operations/residual_rk2_prefix_sweep/duration_13/real_0001/seed_000 --vis_path /root/autodl-tmp/part-level-residual-rk2/core/results/control_operations/residual_rk2_prefix_sweep/duration_13/real_0001/seed_000/tdm --feature_path /root/autodl-tmp/part-level-residual-rk2/core/results/control_operations/residual_rk2_prefix_sweep/duration_13/real_0001/seed_000/features --mask_path /root/autodl-tmp/part-level-residual-rk2/core/data/partedit_subset/cases/real_0001/gt_mask.png --tdm_mask_mode oracle --attention_part head --attention_edit cat --control-plan-resolved /root/autodl-tmp/part-level-residual-rk2/core/results/control_operations/residual_rk2_prefix_sweep/plans/duration_13.json --offload
real_0000_seed_000,real_0000,0,residual_rk2_prefix_13,core/results/control_operations/residual_rk2_prefix_sweep/plans/duration_13.json,a1c76e5b5b7ad1b2128245a1e0779136efed705e6a1338247dd0d5b976d27ebe,core/data/partedit_subset/cases/real_0000/source.png,core/data/partedit_subset/cases/real_0000/gt_mask.png,a robot standing in a warehouse with boxes,a robot with armored torso standing in a warehouse with boxes,torso,armored,large,core/results/control_operations/residual_rk2_prefix_sweep/duration_13/real_0000/seed_000,flux-dev,2.0,15,2,4,1,True,"{""name"": ""residual_rk2_prefix_13"", ""num_steps"": 15, ""stages"": [{""name"": ""residual_prefix"", ""start"": 0, ""end"": 12, ""prompt"": ""target"", ""image_kv"": ""none"", ""it_gate"": ""none"", ""it_gate_strength"": 1.0, ""it_gate_epsilon"": 0.0001, ""latent_projection"": ""none"", ""residual_control"": ""source_referenced_rk2""}], ""front"": 2, ""inject"": 4, ""tail_pad"": 1, ""mask_source"": ""oracle"", ""image_kv_layers"": [], ""it_gate_layers"": []}",cd /root/autodl-tmp/part-level-residual-rk2/core/third_party/FollowYourShape/src && /root/miniconda3/bin/python edit.py --source_img_dir /root/autodl-tmp/part-level-residual-rk2/core/data/partedit_subset/cases/real_0000/source.png --source_prompt 'a robot standing in a warehouse with boxes' --target_prompt 'a robot with armored torso standing in a warehouse with boxes' --guidance 2.0 --num_steps 15 --front 2 --inject 4 --seed 0 --name flux-dev --controlnet_type none --output_dir /root/autodl-tmp/part-level-residual-rk2/core/results/control_operations/residual_rk2_prefix_sweep/duration_13/real_0000/seed_000 --vis_path /root/autodl-tmp/part-level-residual-rk2/core/results/control_operations/residual_rk2_prefix_sweep/duration_13/real_0000/seed_000/tdm --feature_path /root/autodl-tmp/part-level-residual-rk2/core/results/control_operations/residual_rk2_prefix_sweep/duration_13/real_0000/seed_000/features --mask_path /root/autodl-tmp/part-level-residual-rk2/core/data/partedit_subset/cases/real_0000/gt_mask.png --tdm_mask_mode oracle --attention_part torso --attention_edit armored --control-plan-resolved /root/autodl-tmp/part-level-residual-rk2/core/results/control_operations/residual_rk2_prefix_sweep/plans/duration_13.json --offload
real_0011_seed_000,real_0011,0,residual_rk2_prefix_13,core/results/control_operations/residual_rk2_prefix_sweep/plans/duration_13.json,a1c76e5b5b7ad1b2128245a1e0779136efed705e6a1338247dd0d5b976d27ebe,core/data/partedit_subset/cases/real_0011/source.png,core/data/partedit_subset/cases/real_0011/gt_mask.png,a man with a smile on his face,a man with curly_hair hair with a smile on his face,hair,curly_hair,large,core/results/control_operations/residual_rk2_prefix_sweep/duration_13/real_0011/seed_000,flux-dev,2.0,15,2,4,1,True,"{""name"": ""residual_rk2_prefix_13"", ""num_steps"": 15, ""stages"": [{""name"": ""residual_prefix"", ""start"": 0, ""end"": 12, ""prompt"": ""target"", ""image_kv"": ""none"", ""it_gate"": ""none"", ""it_gate_strength"": 1.0, ""it_gate_epsilon"": 0.0001, ""latent_projection"": ""none"", ""residual_control"": ""source_referenced_rk2""}], ""front"": 2, ""inject"": 4, ""tail_pad"": 1, ""mask_source"": ""oracle"", ""image_kv_layers"": [], ""it_gate_layers"": []}",cd /root/autodl-tmp/part-level-residual-rk2/core/third_party/FollowYourShape/src && /root/miniconda3/bin/python edit.py --source_img_dir /root/autodl-tmp/part-level-residual-rk2/core/data/partedit_subset/cases/real_0011/source.png --source_prompt 'a man with a smile on his face' --target_prompt 'a man with curly_hair hair with a smile on his face' --guidance 2.0 --num_steps 15 --front 2 --inject 4 --seed 0 --name flux-dev --controlnet_type none --output_dir /root/autodl-tmp/part-level-residual-rk2/core/results/control_operations/residual_rk2_prefix_sweep/duration_13/real_0011/seed_000 --vis_path /root/autodl-tmp/part-level-residual-rk2/core/results/control_operations/residual_rk2_prefix_sweep/duration_13/real_0011/seed_000/tdm --feature_path /root/autodl-tmp/part-level-residual-rk2/core/results/control_operations/residual_rk2_prefix_sweep/duration_13/real_0011/seed_000/features --mask_path /root/autodl-tmp/part-level-residual-rk2/core/data/partedit_subset/cases/real_0011/gt_mask.png --tdm_mask_mode oracle --attention_part hair --attention_edit curly_hair --control-plan-resolved /root/autodl-tmp/part-level-residual-rk2/core/results/control_operations/residual_rk2_prefix_sweep/plans/duration_13.json --offload
real_0005_seed_000,real_0005,0,residual_rk2_prefix_13,core/results/control_operations/residual_rk2_prefix_sweep/plans/duration_13.json,a1c76e5b5b7ad1b2128245a1e0779136efed705e6a1338247dd0d5b976d27ebe,core/data/partedit_subset/cases/real_0005/source.png,core/data/partedit_subset/cases/real_0005/gt_mask.png,a brown bear standing on a rock,a brown bear with dog head standing on a rock,head,dog,large,core/results/control_operations/residual_rk2_prefix_sweep/duration_13/real_0005/seed_000,flux-dev,2.0,15,2,4,1,True,"{""name"": ""residual_rk2_prefix_13"", ""num_steps"": 15, ""stages"": [{""name"": ""residual_prefix"", ""start"": 0, ""end"": 12, ""prompt"": ""target"", ""image_kv"": ""none"", ""it_gate"": ""none"", ""it_gate_strength"": 1.0, ""it_gate_epsilon"": 0.0001, ""latent_projection"": ""none"", ""residual_control"": ""source_referenced_rk2""}], ""front"": 2, ""inject"": 4, ""tail_pad"": 1, ""mask_source"": ""oracle"", ""image_kv_layers"": [], ""it_gate_layers"": []}",cd /root/autodl-tmp/part-level-residual-rk2/core/third_party/FollowYourShape/src && /root/miniconda3/bin/python edit.py --source_img_dir /root/autodl-tmp/part-level-residual-rk2/core/data/partedit_subset/cases/real_0005/source.png --source_prompt 'a brown bear standing on a rock' --target_prompt 'a brown bear with dog head standing on a rock' --guidance 2.0 --num_steps 15 --front 2 --inject 4 --seed 0 --name flux-dev --controlnet_type none --output_dir /root/autodl-tmp/part-level-residual-rk2/core/results/control_operations/residual_rk2_prefix_sweep/duration_13/real_0005/seed_000 --vis_path /root/autodl-tmp/part-level-residual-rk2/core/results/control_operations/residual_rk2_prefix_sweep/duration_13/real_0005/seed_000/tdm --feature_path /root/autodl-tmp/part-level-residual-rk2/core/results/control_operations/residual_rk2_prefix_sweep/duration_13/real_0005/seed_000/features --mask_path /root/autodl-tmp/part-level-residual-rk2/core/data/partedit_subset/cases/real_0005/gt_mask.png --tdm_mask_mode oracle --attention_part head --attention_edit dog --control-plan-resolved /root/autodl-tmp/part-level-residual-rk2/core/results/control_operations/residual_rk2_prefix_sweep/plans/duration_13.json --offload
real_0009_seed_000,real_0009,0,residual_rk2_prefix_13,core/results/control_operations/residual_rk2_prefix_sweep/plans/duration_13.json,a1c76e5b5b7ad1b2128245a1e0779136efed705e6a1338247dd0d5b976d27ebe,core/data/partedit_subset/cases/real_0009/source.png,core/data/partedit_subset/cases/real_0009/gt_mask.png,ferrari 812 superfast by kimberly kim,ferrari with rusted carbody 812 superfast by kimberly kim,carbody,rusted,large,core/results/control_operations/residual_rk2_prefix_sweep/duration_13/real_0009/seed_000,flux-dev,2.0,15,2,4,1,True,"{""name"": ""residual_rk2_prefix_13"", ""num_steps"": 15, ""stages"": [{""name"": ""residual_prefix"", ""start"": 0, ""end"": 12, ""prompt"": ""target"", ""image_kv"": ""none"", ""it_gate"": ""none"", ""it_gate_strength"": 1.0, ""it_gate_epsilon"": 0.0001, ""latent_projection"": ""none"", ""residual_control"": ""source_referenced_rk2""}], ""front"": 2, ""inject"": 4, ""tail_pad"": 1, ""mask_source"": ""oracle"", ""image_kv_layers"": [], ""it_gate_layers"": []}",cd /root/autodl-tmp/part-level-residual-rk2/core/third_party/FollowYourShape/src && /root/miniconda3/bin/python edit.py --source_img_dir /root/autodl-tmp/part-level-residual-rk2/core/data/partedit_subset/cases/real_0009/source.png --source_prompt 'ferrari 812 superfast by kimberly kim' --target_prompt 'ferrari with rusted carbody 812 superfast by kimberly kim' --guidance 2.0 --num_steps 15 --front 2 --inject 4 --seed 0 --name flux-dev --controlnet_type none --output_dir /root/autodl-tmp/part-level-residual-rk2/core/results/control_operations/residual_rk2_prefix_sweep/duration_13/real_0009/seed_000 --vis_path /root/autodl-tmp/part-level-residual-rk2/core/results/control_operations/residual_rk2_prefix_sweep/duration_13/real_0009/seed_000/tdm --feature_path /root/autodl-tmp/part-level-residual-rk2/core/results/control_operations/residual_rk2_prefix_sweep/duration_13/real_0009/seed_000/features --mask_path /root/autodl-tmp/part-level-residual-rk2/core/data/partedit_subset/cases/real_0009/gt_mask.png --tdm_mask_mode oracle --attention_part carbody --attention_edit rusted --control-plan-resolved /root/autodl-tmp/part-level-residual-rk2/core/results/control_operations/residual_rk2_prefix_sweep/plans/duration_13.json --offload
real_0006_seed_000,real_0006,0,residual_rk2_prefix_14,core/results/control_operations/residual_rk2_prefix_sweep/plans/duration_14.json,727ecf2fb09c9c70603ae26fc708361b4d540002e3e11ac099bf6fb8ab56a590,core/data/partedit_subset/cases/real_0006/source.png,core/data/partedit_subset/cases/real_0006/gt_mask.png,a man standing in a park wearing a green shirt,a man with alien head standing in a park wearing a green shirt,head,alien,small,core/results/control_operations/residual_rk2_prefix_sweep/duration_14/real_0006/seed_000,flux-dev,2.0,15,2,4,1,True,"{""name"": ""residual_rk2_prefix_14"", ""num_steps"": 15, ""stages"": [{""name"": ""residual_prefix"", ""start"": 0, ""end"": 13, ""prompt"": ""target"", ""image_kv"": ""none"", ""it_gate"": ""none"", ""it_gate_strength"": 1.0, ""it_gate_epsilon"": 0.0001, ""latent_projection"": ""none"", ""residual_control"": ""source_referenced_rk2""}], ""front"": 2, ""inject"": 4, ""tail_pad"": 1, ""mask_source"": ""oracle"", ""image_kv_layers"": [], ""it_gate_layers"": []}",cd /root/autodl-tmp/part-level-residual-rk2/core/third_party/FollowYourShape/src && /root/miniconda3/bin/python edit.py --source_img_dir /root/autodl-tmp/part-level-residual-rk2/core/data/partedit_subset/cases/real_0006/source.png --source_prompt 'a man standing in a park wearing a green shirt' --target_prompt 'a man with alien head standing in a park wearing a green shirt' --guidance 2.0 --num_steps 15 --front 2 --inject 4 --seed 0 --name flux-dev --controlnet_type none --output_dir /root/autodl-tmp/part-level-residual-rk2/core/results/control_operations/residual_rk2_prefix_sweep/duration_14/real_0006/seed_000 --vis_path /root/autodl-tmp/part-level-residual-rk2/core/results/control_operations/residual_rk2_prefix_sweep/duration_14/real_0006/seed_000/tdm --feature_path /root/autodl-tmp/part-level-residual-rk2/core/results/control_operations/residual_rk2_prefix_sweep/duration_14/real_0006/seed_000/features --mask_path /root/autodl-tmp/part-level-residual-rk2/core/data/partedit_subset/cases/real_0006/gt_mask.png --tdm_mask_mode oracle --attention_part head --attention_edit alien --control-plan-resolved /root/autodl-tmp/part-level-residual-rk2/core/results/control_operations/residual_rk2_prefix_sweep/plans/duration_14.json --offload
real_0008_seed_000,real_0008,0,residual_rk2_prefix_14,core/results/control_operations/residual_rk2_prefix_sweep/plans/duration_14.json,727ecf2fb09c9c70603ae26fc708361b4d540002e3e11ac099bf6fb8ab56a590,core/data/partedit_subset/cases/real_0008/source.png,core/data/partedit_subset/cases/real_0008/gt_mask.png,a dog standing in a field with grass and water,a dog with bear head standing in a field with grass and water,head,bear,small,core/results/control_operations/residual_rk2_prefix_sweep/duration_14/real_0008/seed_000,flux-dev,2.0,15,2,4,1,True,"{""name"": ""residual_rk2_prefix_14"", ""num_steps"": 15, ""stages"": [{""name"": ""residual_prefix"", ""start"": 0, ""end"": 13, ""prompt"": ""target"", ""image_kv"": ""none"", ""it_gate"": ""none"", ""it_gate_strength"": 1.0, ""it_gate_epsilon"": 0.0001, ""latent_projection"": ""none"", ""residual_control"": ""source_referenced_rk2""}], ""front"": 2, ""inject"": 4, ""tail_pad"": 1, ""mask_source"": ""oracle"", ""image_kv_layers"": [], ""it_gate_layers"": []}",cd /root/autodl-tmp/part-level-residual-rk2/core/third_party/FollowYourShape/src && /root/miniconda3/bin/python edit.py --source_img_dir /root/autodl-tmp/part-level-residual-rk2/core/data/partedit_subset/cases/real_0008/source.png --source_prompt 'a dog standing in a field with grass and water' --target_prompt 'a dog with bear head standing in a field with grass and water' --guidance 2.0 --num_steps 15 --front 2 --inject 4 --seed 0 --name flux-dev --controlnet_type none --output_dir /root/autodl-tmp/part-level-residual-rk2/core/results/control_operations/residual_rk2_prefix_sweep/duration_14/real_0008/seed_000 --vis_path /root/autodl-tmp/part-level-residual-rk2/core/results/control_operations/residual_rk2_prefix_sweep/duration_14/real_0008/seed_000/tdm --feature_path /root/autodl-tmp/part-level-residual-rk2/core/results/control_operations/residual_rk2_prefix_sweep/duration_14/real_0008/seed_000/features --mask_path /root/autodl-tmp/part-level-residual-rk2/core/data/partedit_subset/cases/real_0008/gt_mask.png --tdm_mask_mode oracle --attention_part head --attention_edit bear --control-plan-resolved /root/autodl-tmp/part-level-residual-rk2/core/results/control_operations/residual_rk2_prefix_sweep/plans/duration_14.json --offload
real_0003_seed_000,real_0003,0,residual_rk2_prefix_14,core/results/control_operations/residual_rk2_prefix_sweep/plans/duration_14.json,727ecf2fb09c9c70603ae26fc708361b4d540002e3e11ac099bf6fb8ab56a590,core/data/partedit_subset/cases/real_0003/source.png,core/data/partedit_subset/cases/real_0003/gt_mask.png,a horse running in a field,a horse with cheetah head running in a field,head,cheetah,small,core/results/control_operations/residual_rk2_prefix_sweep/duration_14/real_0003/seed_000,flux-dev,2.0,15,2,4,1,True,"{""name"": ""residual_rk2_prefix_14"", ""num_steps"": 15, ""stages"": [{""name"": ""residual_prefix"", ""start"": 0, ""end"": 13, ""prompt"": ""target"", ""image_kv"": ""none"", ""it_gate"": ""none"", ""it_gate_strength"": 1.0, ""it_gate_epsilon"": 0.0001, ""latent_projection"": ""none"", ""residual_control"": ""source_referenced_rk2""}], ""front"": 2, ""inject"": 4, ""tail_pad"": 1, ""mask_source"": ""oracle"", ""image_kv_layers"": [], ""it_gate_layers"": []}",cd /root/autodl-tmp/part-level-residual-rk2/core/third_party/FollowYourShape/src && /root/miniconda3/bin/python edit.py --source_img_dir /root/autodl-tmp/part-level-residual-rk2/core/data/partedit_subset/cases/real_0003/source.png --source_prompt 'a horse running in a field' --target_prompt 'a horse with cheetah head running in a field' --guidance 2.0 --num_steps 15 --front 2 --inject 4 --seed 0 --name flux-dev --controlnet_type none --output_dir /root/autodl-tmp/part-level-residual-rk2/core/results/control_operations/residual_rk2_prefix_sweep/duration_14/real_0003/seed_000 --vis_path /root/autodl-tmp/part-level-residual-rk2/core/results/control_operations/residual_rk2_prefix_sweep/duration_14/real_0003/seed_000/tdm --feature_path /root/autodl-tmp/part-level-residual-rk2/core/results/control_operations/residual_rk2_prefix_sweep/duration_14/real_0003/seed_000/features --mask_path /root/autodl-tmp/part-level-residual-rk2/core/data/partedit_subset/cases/real_0003/gt_mask.png --tdm_mask_mode oracle --attention_part head --attention_edit cheetah --control-plan-resolved /root/autodl-tmp/part-level-residual-rk2/core/results/control_operations/residual_rk2_prefix_sweep/plans/duration_14.json --offload
real_0002_seed_000,real_0002,0,residual_rk2_prefix_14,core/results/control_operations/residual_rk2_prefix_sweep/plans/duration_14.json,727ecf2fb09c9c70603ae26fc708361b4d540002e3e11ac099bf6fb8ab56a590,core/data/partedit_subset/cases/real_0002/source.png,core/data/partedit_subset/cases/real_0002/gt_mask.png,a chair and table in front of a glass door,a chair with mesh seat and table in front of a glass door,seat,mesh,small,core/results/control_operations/residual_rk2_prefix_sweep/duration_14/real_0002/seed_000,flux-dev,2.0,15,2,4,1,True,"{""name"": ""residual_rk2_prefix_14"", ""num_steps"": 15, ""stages"": [{""name"": ""residual_prefix"", ""start"": 0, ""end"": 13, ""prompt"": ""target"", ""image_kv"": ""none"", ""it_gate"": ""none"", ""it_gate_strength"": 1.0, ""it_gate_epsilon"": 0.0001, ""latent_projection"": ""none"", ""residual_control"": ""source_referenced_rk2""}], ""front"": 2, ""inject"": 4, ""tail_pad"": 1, ""mask_source"": ""oracle"", ""image_kv_layers"": [], ""it_gate_layers"": []}",cd /root/autodl-tmp/part-level-residual-rk2/core/third_party/FollowYourShape/src && /root/miniconda3/bin/python edit.py --source_img_dir /root/autodl-tmp/part-level-residual-rk2/core/data/partedit_subset/cases/real_0002/source.png --source_prompt 'a chair and table in front of a glass door' --target_prompt 'a chair with mesh seat and table in front of a glass door' --guidance 2.0 --num_steps 15 --front 2 --inject 4 --seed 0 --name flux-dev --controlnet_type none --output_dir /root/autodl-tmp/part-level-residual-rk2/core/results/control_operations/residual_rk2_prefix_sweep/duration_14/real_0002/seed_000 --vis_path /root/autodl-tmp/part-level-residual-rk2/core/results/control_operations/residual_rk2_prefix_sweep/duration_14/real_0002/seed_000/tdm --feature_path /root/autodl-tmp/part-level-residual-rk2/core/results/control_operations/residual_rk2_prefix_sweep/duration_14/real_0002/seed_000/features --mask_path /root/autodl-tmp/part-level-residual-rk2/core/data/partedit_subset/cases/real_0002/gt_mask.png --tdm_mask_mode oracle --attention_part seat --attention_edit mesh --control-plan-resolved /root/autodl-tmp/part-level-residual-rk2/core/results/control_operations/residual_rk2_prefix_sweep/plans/duration_14.json --offload
real_0010_seed_000,real_0010,0,residual_rk2_prefix_14,core/results/control_operations/residual_rk2_prefix_sweep/plans/duration_14.json,727ecf2fb09c9c70603ae26fc708361b4d540002e3e11ac099bf6fb8ab56a590,core/data/partedit_subset/cases/real_0010/source.png,core/data/partedit_subset/cases/real_0010/gt_mask.png,a cow standing on a street,a cow with dragon head standing on a street,head,dragon,medium,core/results/control_operations/residual_rk2_prefix_sweep/duration_14/real_0010/seed_000,flux-dev,2.0,15,2,4,1,True,"{""name"": ""residual_rk2_prefix_14"", ""num_steps"": 15, ""stages"": [{""name"": ""residual_prefix"", ""start"": 0, ""end"": 13, ""prompt"": ""target"", ""image_kv"": ""none"", ""it_gate"": ""none"", ""it_gate_strength"": 1.0, ""it_gate_epsilon"": 0.0001, ""latent_projection"": ""none"", ""residual_control"": ""source_referenced_rk2""}], ""front"": 2, ""inject"": 4, ""tail_pad"": 1, ""mask_source"": ""oracle"", ""image_kv_layers"": [], ""it_gate_layers"": []}",cd /root/autodl-tmp/part-level-residual-rk2/core/third_party/FollowYourShape/src && /root/miniconda3/bin/python edit.py --source_img_dir /root/autodl-tmp/part-level-residual-rk2/core/data/partedit_subset/cases/real_0010/source.png --source_prompt 'a cow standing on a street' --target_prompt 'a cow with dragon head standing on a street' --guidance 2.0 --num_steps 15 --front 2 --inject 4 --seed 0 --name flux-dev --controlnet_type none --output_dir /root/autodl-tmp/part-level-residual-rk2/core/results/control_operations/residual_rk2_prefix_sweep/duration_14/real_0010/seed_000 --vis_path /root/autodl-tmp/part-level-residual-rk2/core/results/control_operations/residual_rk2_prefix_sweep/duration_14/real_0010/seed_000/tdm --feature_path /root/autodl-tmp/part-level-residual-rk2/core/results/control_operations/residual_rk2_prefix_sweep/duration_14/real_0010/seed_000/features --mask_path /root/autodl-tmp/part-level-residual-rk2/core/data/partedit_subset/cases/real_0010/gt_mask.png --tdm_mask_mode oracle --attention_part head --attention_edit dragon --control-plan-resolved /root/autodl-tmp/part-level-residual-rk2/core/results/control_operations/residual_rk2_prefix_sweep/plans/duration_14.json --offload
real_0004_seed_000,real_0004,0,residual_rk2_prefix_14,core/results/control_operations/residual_rk2_prefix_sweep/plans/duration_14.json,727ecf2fb09c9c70603ae26fc708361b4d540002e3e11ac099bf6fb8ab56a590,core/data/partedit_subset/cases/real_0004/source.png,core/data/partedit_subset/cases/real_0004/gt_mask.png,a white toyota avanza parked in front of a house,a white toyota with rusted carhood avanza parked in front of a house,carhood,rusted,medium,core/results/control_operations/residual_rk2_prefix_sweep/duration_14/real_0004/seed_000,flux-dev,2.0,15,2,4,1,True,"{""name"": ""residual_rk2_prefix_14"", ""num_steps"": 15, ""stages"": [{""name"": ""residual_prefix"", ""start"": 0, ""end"": 13, ""prompt"": ""target"", ""image_kv"": ""none"", ""it_gate"": ""none"", ""it_gate_strength"": 1.0, ""it_gate_epsilon"": 0.0001, ""latent_projection"": ""none"", ""residual_control"": ""source_referenced_rk2""}], ""front"": 2, ""inject"": 4, ""tail_pad"": 1, ""mask_source"": ""oracle"", ""image_kv_layers"": [], ""it_gate_layers"": []}",cd /root/autodl-tmp/part-level-residual-rk2/core/third_party/FollowYourShape/src && /root/miniconda3/bin/python edit.py --source_img_dir /root/autodl-tmp/part-level-residual-rk2/core/data/partedit_subset/cases/real_0004/source.png --source_prompt 'a white toyota avanza parked in front of a house' --target_prompt 'a white toyota with rusted carhood avanza parked in front of a house' --guidance 2.0 --num_steps 15 --front 2 --inject 4 --seed 0 --name flux-dev --controlnet_type none --output_dir /root/autodl-tmp/part-level-residual-rk2/core/results/control_operations/residual_rk2_prefix_sweep/duration_14/real_0004/seed_000 --vis_path /root/autodl-tmp/part-level-residual-rk2/core/results/control_operations/residual_rk2_prefix_sweep/duration_14/real_0004/seed_000/tdm --feature_path /root/autodl-tmp/part-level-residual-rk2/core/results/control_operations/residual_rk2_prefix_sweep/duration_14/real_0004/seed_000/features --mask_path /root/autodl-tmp/part-level-residual-rk2/core/data/partedit_subset/cases/real_0004/gt_mask.png --tdm_mask_mode oracle --attention_part carhood --attention_edit rusted --control-plan-resolved /root/autodl-tmp/part-level-residual-rk2/core/results/control_operations/residual_rk2_prefix_sweep/plans/duration_14.json --offload
real_0007_seed_000,real_0007,0,residual_rk2_prefix_14,core/results/control_operations/residual_rk2_prefix_sweep/plans/duration_14.json,727ecf2fb09c9c70603ae26fc708361b4d540002e3e11ac099bf6fb8ab56a590,core/data/partedit_subset/cases/real_0007/source.png,core/data/partedit_subset/cases/real_0007/gt_mask.png,a mahogany armchair,a mahogany armchair with leather seat,seat,leather,medium,core/results/control_operations/residual_rk2_prefix_sweep/duration_14/real_0007/seed_000,flux-dev,2.0,15,2,4,1,True,"{""name"": ""residual_rk2_prefix_14"", ""num_steps"": 15, ""stages"": [{""name"": ""residual_prefix"", ""start"": 0, ""end"": 13, ""prompt"": ""target"", ""image_kv"": ""none"", ""it_gate"": ""none"", ""it_gate_strength"": 1.0, ""it_gate_epsilon"": 0.0001, ""latent_projection"": ""none"", ""residual_control"": ""source_referenced_rk2""}], ""front"": 2, ""inject"": 4, ""tail_pad"": 1, ""mask_source"": ""oracle"", ""image_kv_layers"": [], ""it_gate_layers"": []}",cd /root/autodl-tmp/part-level-residual-rk2/core/third_party/FollowYourShape/src && /root/miniconda3/bin/python edit.py --source_img_dir /root/autodl-tmp/part-level-residual-rk2/core/data/partedit_subset/cases/real_0007/source.png --source_prompt 'a mahogany armchair' --target_prompt 'a mahogany armchair with leather seat' --guidance 2.0 --num_steps 15 --front 2 --inject 4 --seed 0 --name flux-dev --controlnet_type none --output_dir /root/autodl-tmp/part-level-residual-rk2/core/results/control_operations/residual_rk2_prefix_sweep/duration_14/real_0007/seed_000 --vis_path /root/autodl-tmp/part-level-residual-rk2/core/results/control_operations/residual_rk2_prefix_sweep/duration_14/real_0007/seed_000/tdm --feature_path /root/autodl-tmp/part-level-residual-rk2/core/results/control_operations/residual_rk2_prefix_sweep/duration_14/real_0007/seed_000/features --mask_path /root/autodl-tmp/part-level-residual-rk2/core/data/partedit_subset/cases/real_0007/gt_mask.png --tdm_mask_mode oracle --attention_part seat --attention_edit leather --control-plan-resolved /root/autodl-tmp/part-level-residual-rk2/core/results/control_operations/residual_rk2_prefix_sweep/plans/duration_14.json --offload
real_0001_seed_000,real_0001,0,residual_rk2_prefix_14,core/results/control_operations/residual_rk2_prefix_sweep/plans/duration_14.json,727ecf2fb09c9c70603ae26fc708361b4d540002e3e11ac099bf6fb8ab56a590,core/data/partedit_subset/cases/real_0001/source.png,core/data/partedit_subset/cases/real_0001/gt_mask.png,a dog running in the grass,a dog with cat head running in the grass,head,cat,medium,core/results/control_operations/residual_rk2_prefix_sweep/duration_14/real_0001/seed_000,flux-dev,2.0,15,2,4,1,True,"{""name"": ""residual_rk2_prefix_14"", ""num_steps"": 15, ""stages"": [{""name"": ""residual_prefix"", ""start"": 0, ""end"": 13, ""prompt"": ""target"", ""image_kv"": ""none"", ""it_gate"": ""none"", ""it_gate_strength"": 1.0, ""it_gate_epsilon"": 0.0001, ""latent_projection"": ""none"", ""residual_control"": ""source_referenced_rk2""}], ""front"": 2, ""inject"": 4, ""tail_pad"": 1, ""mask_source"": ""oracle"", ""image_kv_layers"": [], ""it_gate_layers"": []}",cd /root/autodl-tmp/part-level-residual-rk2/core/third_party/FollowYourShape/src && /root/miniconda3/bin/python edit.py --source_img_dir /root/autodl-tmp/part-level-residual-rk2/core/data/partedit_subset/cases/real_0001/source.png --source_prompt 'a dog running in the grass' --target_prompt 'a dog with cat head running in the grass' --guidance 2.0 --num_steps 15 --front 2 --inject 4 --seed 0 --name flux-dev --controlnet_type none --output_dir /root/autodl-tmp/part-level-residual-rk2/core/results/control_operations/residual_rk2_prefix_sweep/duration_14/real_0001/seed_000 --vis_path /root/autodl-tmp/part-level-residual-rk2/core/results/control_operations/residual_rk2_prefix_sweep/duration_14/real_0001/seed_000/tdm --feature_path /root/autodl-tmp/part-level-residual-rk2/core/results/control_operations/residual_rk2_prefix_sweep/duration_14/real_0001/seed_000/features --mask_path /root/autodl-tmp/part-level-residual-rk2/core/data/partedit_subset/cases/real_0001/gt_mask.png --tdm_mask_mode oracle --attention_part head --attention_edit cat --control-plan-resolved /root/autodl-tmp/part-level-residual-rk2/core/results/control_operations/residual_rk2_prefix_sweep/plans/duration_14.json --offload
real_0000_seed_000,real_0000,0,residual_rk2_prefix_14,core/results/control_operations/residual_rk2_prefix_sweep/plans/duration_14.json,727ecf2fb09c9c70603ae26fc708361b4d540002e3e11ac099bf6fb8ab56a590,core/data/partedit_subset/cases/real_0000/source.png,core/data/partedit_subset/cases/real_0000/gt_mask.png,a robot standing in a warehouse with boxes,a robot with armored torso standing in a warehouse with boxes,torso,armored,large,core/results/control_operations/residual_rk2_prefix_sweep/duration_14/real_0000/seed_000,flux-dev,2.0,15,2,4,1,True,"{""name"": ""residual_rk2_prefix_14"", ""num_steps"": 15, ""stages"": [{""name"": ""residual_prefix"", ""start"": 0, ""end"": 13, ""prompt"": ""target"", ""image_kv"": ""none"", ""it_gate"": ""none"", ""it_gate_strength"": 1.0, ""it_gate_epsilon"": 0.0001, ""latent_projection"": ""none"", ""residual_control"": ""source_referenced_rk2""}], ""front"": 2, ""inject"": 4, ""tail_pad"": 1, ""mask_source"": ""oracle"", ""image_kv_layers"": [], ""it_gate_layers"": []}",cd /root/autodl-tmp/part-level-residual-rk2/core/third_party/FollowYourShape/src && /root/miniconda3/bin/python edit.py --source_img_dir /root/autodl-tmp/part-level-residual-rk2/core/data/partedit_subset/cases/real_0000/source.png --source_prompt 'a robot standing in a warehouse with boxes' --target_prompt 'a robot with armored torso standing in a warehouse with boxes' --guidance 2.0 --num_steps 15 --front 2 --inject 4 --seed 0 --name flux-dev --controlnet_type none --output_dir /root/autodl-tmp/part-level-residual-rk2/core/results/control_operations/residual_rk2_prefix_sweep/duration_14/real_0000/seed_000 --vis_path /root/autodl-tmp/part-level-residual-rk2/core/results/control_operations/residual_rk2_prefix_sweep/duration_14/real_0000/seed_000/tdm --feature_path /root/autodl-tmp/part-level-residual-rk2/core/results/control_operations/residual_rk2_prefix_sweep/duration_14/real_0000/seed_000/features --mask_path /root/autodl-tmp/part-level-residual-rk2/core/data/partedit_subset/cases/real_0000/gt_mask.png --tdm_mask_mode oracle --attention_part torso --attention_edit armored --control-plan-resolved /root/autodl-tmp/part-level-residual-rk2/core/results/control_operations/residual_rk2_prefix_sweep/plans/duration_14.json --offload
real_0011_seed_000,real_0011,0,residual_rk2_prefix_14,core/results/control_operations/residual_rk2_prefix_sweep/plans/duration_14.json,727ecf2fb09c9c70603ae26fc708361b4d540002e3e11ac099bf6fb8ab56a590,core/data/partedit_subset/cases/real_0011/source.png,core/data/partedit_subset/cases/real_0011/gt_mask.png,a man with a smile on his face,a man with curly_hair hair with a smile on his face,hair,curly_hair,large,core/results/control_operations/residual_rk2_prefix_sweep/duration_14/real_0011/seed_000,flux-dev,2.0,15,2,4,1,True,"{""name"": ""residual_rk2_prefix_14"", ""num_steps"": 15, ""stages"": [{""name"": ""residual_prefix"", ""start"": 0, ""end"": 13, ""prompt"": ""target"", ""image_kv"": ""none"", ""it_gate"": ""none"", ""it_gate_strength"": 1.0, ""it_gate_epsilon"": 0.0001, ""latent_projection"": ""none"", ""residual_control"": ""source_referenced_rk2""}], ""front"": 2, ""inject"": 4, ""tail_pad"": 1, ""mask_source"": ""oracle"", ""image_kv_layers"": [], ""it_gate_layers"": []}",cd /root/autodl-tmp/part-level-residual-rk2/core/third_party/FollowYourShape/src && /root/miniconda3/bin/python edit.py --source_img_dir /root/autodl-tmp/part-level-residual-rk2/core/data/partedit_subset/cases/real_0011/source.png --source_prompt 'a man with a smile on his face' --target_prompt 'a man with curly_hair hair with a smile on his face' --guidance 2.0 --num_steps 15 --front 2 --inject 4 --seed 0 --name flux-dev --controlnet_type none --output_dir /root/autodl-tmp/part-level-residual-rk2/core/results/control_operations/residual_rk2_prefix_sweep/duration_14/real_0011/seed_000 --vis_path /root/autodl-tmp/part-level-residual-rk2/core/results/control_operations/residual_rk2_prefix_sweep/duration_14/real_0011/seed_000/tdm --feature_path /root/autodl-tmp/part-level-residual-rk2/core/results/control_operations/residual_rk2_prefix_sweep/duration_14/real_0011/seed_000/features --mask_path /root/autodl-tmp/part-level-residual-rk2/core/data/partedit_subset/cases/real_0011/gt_mask.png --tdm_mask_mode oracle --attention_part hair --attention_edit curly_hair --control-plan-resolved /root/autodl-tmp/part-level-residual-rk2/core/results/control_operations/residual_rk2_prefix_sweep/plans/duration_14.json --offload
real_0005_seed_000,real_0005,0,residual_rk2_prefix_14,core/results/control_operations/residual_rk2_prefix_sweep/plans/duration_14.json,727ecf2fb09c9c70603ae26fc708361b4d540002e3e11ac099bf6fb8ab56a590,core/data/partedit_subset/cases/real_0005/source.png,core/data/partedit_subset/cases/real_0005/gt_mask.png,a brown bear standing on a rock,a brown bear with dog head standing on a rock,head,dog,large,core/results/control_operations/residual_rk2_prefix_sweep/duration_14/real_0005/seed_000,flux-dev,2.0,15,2,4,1,True,"{""name"": ""residual_rk2_prefix_14"", ""num_steps"": 15, ""stages"": [{""name"": ""residual_prefix"", ""start"": 0, ""end"": 13, ""prompt"": ""target"", ""image_kv"": ""none"", ""it_gate"": ""none"", ""it_gate_strength"": 1.0, ""it_gate_epsilon"": 0.0001, ""latent_projection"": ""none"", ""residual_control"": ""source_referenced_rk2""}], ""front"": 2, ""inject"": 4, ""tail_pad"": 1, ""mask_source"": ""oracle"", ""image_kv_layers"": [], ""it_gate_layers"": []}",cd /root/autodl-tmp/part-level-residual-rk2/core/third_party/FollowYourShape/src && /root/miniconda3/bin/python edit.py --source_img_dir /root/autodl-tmp/part-level-residual-rk2/core/data/partedit_subset/cases/real_0005/source.png --source_prompt 'a brown bear standing on a rock' --target_prompt 'a brown bear with dog head standing on a rock' --guidance 2.0 --num_steps 15 --front 2 --inject 4 --seed 0 --name flux-dev --controlnet_type none --output_dir /root/autodl-tmp/part-level-residual-rk2/core/results/control_operations/residual_rk2_prefix_sweep/duration_14/real_0005/seed_000 --vis_path /root/autodl-tmp/part-level-residual-rk2/core/results/control_operations/residual_rk2_prefix_sweep/duration_14/real_0005/seed_000/tdm --feature_path /root/autodl-tmp/part-level-residual-rk2/core/results/control_operations/residual_rk2_prefix_sweep/duration_14/real_0005/seed_000/features --mask_path /root/autodl-tmp/part-level-residual-rk2/core/data/partedit_subset/cases/real_0005/gt_mask.png --tdm_mask_mode oracle --attention_part head --attention_edit dog --control-plan-resolved /root/autodl-tmp/part-level-residual-rk2/core/results/control_operations/residual_rk2_prefix_sweep/plans/duration_14.json --offload
real_0009_seed_000,real_0009,0,residual_rk2_prefix_14,core/results/control_operations/residual_rk2_prefix_sweep/plans/duration_14.json,727ecf2fb09c9c70603ae26fc708361b4d540002e3e11ac099bf6fb8ab56a590,core/data/partedit_subset/cases/real_0009/source.png,core/data/partedit_subset/cases/real_0009/gt_mask.png,ferrari 812 superfast by kimberly kim,ferrari with rusted carbody 812 superfast by kimberly kim,carbody,rusted,large,core/results/control_operations/residual_rk2_prefix_sweep/duration_14/real_0009/seed_000,flux-dev,2.0,15,2,4,1,True,"{""name"": ""residual_rk2_prefix_14"", ""num_steps"": 15, ""stages"": [{""name"": ""residual_prefix"", ""start"": 0, ""end"": 13, ""prompt"": ""target"", ""image_kv"": ""none"", ""it_gate"": ""none"", ""it_gate_strength"": 1.0, ""it_gate_epsilon"": 0.0001, ""latent_projection"": ""none"", ""residual_control"": ""source_referenced_rk2""}], ""front"": 2, ""inject"": 4, ""tail_pad"": 1, ""mask_source"": ""oracle"", ""image_kv_layers"": [], ""it_gate_layers"": []}",cd /root/autodl-tmp/part-level-residual-rk2/core/third_party/FollowYourShape/src && /root/miniconda3/bin/python edit.py --source_img_dir /root/autodl-tmp/part-level-residual-rk2/core/data/partedit_subset/cases/real_0009/source.png --source_prompt 'ferrari 812 superfast by kimberly kim' --target_prompt 'ferrari with rusted carbody 812 superfast by kimberly kim' --guidance 2.0 --num_steps 15 --front 2 --inject 4 --seed 0 --name flux-dev --controlnet_type none --output_dir /root/autodl-tmp/part-level-residual-rk2/core/results/control_operations/residual_rk2_prefix_sweep/duration_14/real_0009/seed_000 --vis_path /root/autodl-tmp/part-level-residual-rk2/core/results/control_operations/residual_rk2_prefix_sweep/duration_14/real_0009/seed_000/tdm --feature_path /root/autodl-tmp/part-level-residual-rk2/core/results/control_operations/residual_rk2_prefix_sweep/duration_14/real_0009/seed_000/features --mask_path /root/autodl-tmp/part-level-residual-rk2/core/data/partedit_subset/cases/real_0009/gt_mask.png --tdm_mask_mode oracle --attention_part carbody --attention_edit rusted --control-plan-resolved /root/autodl-tmp/part-level-residual-rk2/core/results/control_operations/residual_rk2_prefix_sweep/plans/duration_14.json --offload
real_0006_seed_000,real_0006,0,residual_rk2_prefix_15,core/results/control_operations/residual_rk2_prefix_sweep/plans/duration_15.json,4f1379222c98066c40d54fc8daa840ad31457e7ff26fb89dd265702297edc0ec,core/data/partedit_subset/cases/real_0006/source.png,core/data/partedit_subset/cases/real_0006/gt_mask.png,a man standing in a park wearing a green shirt,a man with alien head standing in a park wearing a green shirt,head,alien,small,core/results/control_operations/residual_rk2_prefix_sweep/duration_15/real_0006/seed_000,flux-dev,2.0,15,2,4,1,True,"{""name"": ""residual_rk2_prefix_15"", ""num_steps"": 15, ""stages"": [{""name"": ""residual_prefix"", ""start"": 0, ""end"": 14, ""prompt"": ""target"", ""image_kv"": ""none"", ""it_gate"": ""none"", ""it_gate_strength"": 1.0, ""it_gate_epsilon"": 0.0001, ""latent_projection"": ""none"", ""residual_control"": ""source_referenced_rk2""}], ""front"": 2, ""inject"": 4, ""tail_pad"": 1, ""mask_source"": ""oracle"", ""image_kv_layers"": [], ""it_gate_layers"": []}",cd /root/autodl-tmp/part-level-residual-rk2/core/third_party/FollowYourShape/src && /root/miniconda3/bin/python edit.py --source_img_dir /root/autodl-tmp/part-level-residual-rk2/core/data/partedit_subset/cases/real_0006/source.png --source_prompt 'a man standing in a park wearing a green shirt' --target_prompt 'a man with alien head standing in a park wearing a green shirt' --guidance 2.0 --num_steps 15 --front 2 --inject 4 --seed 0 --name flux-dev --controlnet_type none --output_dir /root/autodl-tmp/part-level-residual-rk2/core/results/control_operations/residual_rk2_prefix_sweep/duration_15/real_0006/seed_000 --vis_path /root/autodl-tmp/part-level-residual-rk2/core/results/control_operations/residual_rk2_prefix_sweep/duration_15/real_0006/seed_000/tdm --feature_path /root/autodl-tmp/part-level-residual-rk2/core/results/control_operations/residual_rk2_prefix_sweep/duration_15/real_0006/seed_000/features --mask_path /root/autodl-tmp/part-level-residual-rk2/core/data/partedit_subset/cases/real_0006/gt_mask.png --tdm_mask_mode oracle --attention_part head --attention_edit alien --control-plan-resolved /root/autodl-tmp/part-level-residual-rk2/core/results/control_operations/residual_rk2_prefix_sweep/plans/duration_15.json --offload
real_0008_seed_000,real_0008,0,residual_rk2_prefix_15,core/results/control_operations/residual_rk2_prefix_sweep/plans/duration_15.json,4f1379222c98066c40d54fc8daa840ad31457e7ff26fb89dd265702297edc0ec,core/data/partedit_subset/cases/real_0008/source.png,core/data/partedit_subset/cases/real_0008/gt_mask.png,a dog standing in a field with grass and water,a dog with bear head standing in a field with grass and water,head,bear,small,core/results/control_operations/residual_rk2_prefix_sweep/duration_15/real_0008/seed_000,flux-dev,2.0,15,2,4,1,True,"{""name"": ""residual_rk2_prefix_15"", ""num_steps"": 15, ""stages"": [{""name"": ""residual_prefix"", ""start"": 0, ""end"": 14, ""prompt"": ""target"", ""image_kv"": ""none"", ""it_gate"": ""none"", ""it_gate_strength"": 1.0, ""it_gate_epsilon"": 0.0001, ""latent_projection"": ""none"", ""residual_control"": ""source_referenced_rk2""}], ""front"": 2, ""inject"": 4, ""tail_pad"": 1, ""mask_source"": ""oracle"", ""image_kv_layers"": [], ""it_gate_layers"": []}",cd /root/autodl-tmp/part-level-residual-rk2/core/third_party/FollowYourShape/src && /root/miniconda3/bin/python edit.py --source_img_dir /root/autodl-tmp/part-level-residual-rk2/core/data/partedit_subset/cases/real_0008/source.png --source_prompt 'a dog standing in a field with grass and water' --target_prompt 'a dog with bear head standing in a field with grass and water' --guidance 2.0 --num_steps 15 --front 2 --inject 4 --seed 0 --name flux-dev --controlnet_type none --output_dir /root/autodl-tmp/part-level-residual-rk2/core/results/control_operations/residual_rk2_prefix_sweep/duration_15/real_0008/seed_000 --vis_path /root/autodl-tmp/part-level-residual-rk2/core/results/control_operations/residual_rk2_prefix_sweep/duration_15/real_0008/seed_000/tdm --feature_path /root/autodl-tmp/part-level-residual-rk2/core/results/control_operations/residual_rk2_prefix_sweep/duration_15/real_0008/seed_000/features --mask_path /root/autodl-tmp/part-level-residual-rk2/core/data/partedit_subset/cases/real_0008/gt_mask.png --tdm_mask_mode oracle --attention_part head --attention_edit bear --control-plan-resolved /root/autodl-tmp/part-level-residual-rk2/core/results/control_operations/residual_rk2_prefix_sweep/plans/duration_15.json --offload
real_0003_seed_000,real_0003,0,residual_rk2_prefix_15,core/results/control_operations/residual_rk2_prefix_sweep/plans/duration_15.json,4f1379222c98066c40d54fc8daa840ad31457e7ff26fb89dd265702297edc0ec,core/data/partedit_subset/cases/real_0003/source.png,core/data/partedit_subset/cases/real_0003/gt_mask.png,a horse running in a field,a horse with cheetah head running in a field,head,cheetah,small,core/results/control_operations/residual_rk2_prefix_sweep/duration_15/real_0003/seed_000,flux-dev,2.0,15,2,4,1,True,"{""name"": ""residual_rk2_prefix_15"", ""num_steps"": 15, ""stages"": [{""name"": ""residual_prefix"", ""start"": 0, ""end"": 14, ""prompt"": ""target"", ""image_kv"": ""none"", ""it_gate"": ""none"", ""it_gate_strength"": 1.0, ""it_gate_epsilon"": 0.0001, ""latent_projection"": ""none"", ""residual_control"": ""source_referenced_rk2""}], ""front"": 2, ""inject"": 4, ""tail_pad"": 1, ""mask_source"": ""oracle"", ""image_kv_layers"": [], ""it_gate_layers"": []}",cd /root/autodl-tmp/part-level-residual-rk2/core/third_party/FollowYourShape/src && /root/miniconda3/bin/python edit.py --source_img_dir /root/autodl-tmp/part-level-residual-rk2/core/data/partedit_subset/cases/real_0003/source.png --source_prompt 'a horse running in a field' --target_prompt 'a horse with cheetah head running in a field' --guidance 2.0 --num_steps 15 --front 2 --inject 4 --seed 0 --name flux-dev --controlnet_type none --output_dir /root/autodl-tmp/part-level-residual-rk2/core/results/control_operations/residual_rk2_prefix_sweep/duration_15/real_0003/seed_000 --vis_path /root/autodl-tmp/part-level-residual-rk2/core/results/control_operations/residual_rk2_prefix_sweep/duration_15/real_0003/seed_000/tdm --feature_path /root/autodl-tmp/part-level-residual-rk2/core/results/control_operations/residual_rk2_prefix_sweep/duration_15/real_0003/seed_000/features --mask_path /root/autodl-tmp/part-level-residual-rk2/core/data/partedit_subset/cases/real_0003/gt_mask.png --tdm_mask_mode oracle --attention_part head --attention_edit cheetah --control-plan-resolved /root/autodl-tmp/part-level-residual-rk2/core/results/control_operations/residual_rk2_prefix_sweep/plans/duration_15.json --offload
real_0002_seed_000,real_0002,0,residual_rk2_prefix_15,core/results/control_operations/residual_rk2_prefix_sweep/plans/duration_15.json,4f1379222c98066c40d54fc8daa840ad31457e7ff26fb89dd265702297edc0ec,core/data/partedit_subset/cases/real_0002/source.png,core/data/partedit_subset/cases/real_0002/gt_mask.png,a chair and table in front of a glass door,a chair with mesh seat and table in front of a glass door,seat,mesh,small,core/results/control_operations/residual_rk2_prefix_sweep/duration_15/real_0002/seed_000,flux-dev,2.0,15,2,4,1,True,"{""name"": ""residual_rk2_prefix_15"", ""num_steps"": 15, ""stages"": [{""name"": ""residual_prefix"", ""start"": 0, ""end"": 14, ""prompt"": ""target"", ""image_kv"": ""none"", ""it_gate"": ""none"", ""it_gate_strength"": 1.0, ""it_gate_epsilon"": 0.0001, ""latent_projection"": ""none"", ""residual_control"": ""source_referenced_rk2""}], ""front"": 2, ""inject"": 4, ""tail_pad"": 1, ""mask_source"": ""oracle"", ""image_kv_layers"": [], ""it_gate_layers"": []}",cd /root/autodl-tmp/part-level-residual-rk2/core/third_party/FollowYourShape/src && /root/miniconda3/bin/python edit.py --source_img_dir /root/autodl-tmp/part-level-residual-rk2/core/data/partedit_subset/cases/real_0002/source.png --source_prompt 'a chair and table in front of a glass door' --target_prompt 'a chair with mesh seat and table in front of a glass door' --guidance 2.0 --num_steps 15 --front 2 --inject 4 --seed 0 --name flux-dev --controlnet_type none --output_dir /root/autodl-tmp/part-level-residual-rk2/core/results/control_operations/residual_rk2_prefix_sweep/duration_15/real_0002/seed_000 --vis_path /root/autodl-tmp/part-level-residual-rk2/core/results/control_operations/residual_rk2_prefix_sweep/duration_15/real_0002/seed_000/tdm --feature_path /root/autodl-tmp/part-level-residual-rk2/core/results/control_operations/residual_rk2_prefix_sweep/duration_15/real_0002/seed_000/features --mask_path /root/autodl-tmp/part-level-residual-rk2/core/data/partedit_subset/cases/real_0002/gt_mask.png --tdm_mask_mode oracle --attention_part seat --attention_edit mesh --control-plan-resolved /root/autodl-tmp/part-level-residual-rk2/core/results/control_operations/residual_rk2_prefix_sweep/plans/duration_15.json --offload
real_0010_seed_000,real_0010,0,residual_rk2_prefix_15,core/results/control_operations/residual_rk2_prefix_sweep/plans/duration_15.json,4f1379222c98066c40d54fc8daa840ad31457e7ff26fb89dd265702297edc0ec,core/data/partedit_subset/cases/real_0010/source.png,core/data/partedit_subset/cases/real_0010/gt_mask.png,a cow standing on a street,a cow with dragon head standing on a street,head,dragon,medium,core/results/control_operations/residual_rk2_prefix_sweep/duration_15/real_0010/seed_000,flux-dev,2.0,15,2,4,1,True,"{""name"": ""residual_rk2_prefix_15"", ""num_steps"": 15, ""stages"": [{""name"": ""residual_prefix"", ""start"": 0, ""end"": 14, ""prompt"": ""target"", ""image_kv"": ""none"", ""it_gate"": ""none"", ""it_gate_strength"": 1.0, ""it_gate_epsilon"": 0.0001, ""latent_projection"": ""none"", ""residual_control"": ""source_referenced_rk2""}], ""front"": 2, ""inject"": 4, ""tail_pad"": 1, ""mask_source"": ""oracle"", ""image_kv_layers"": [], ""it_gate_layers"": []}",cd /root/autodl-tmp/part-level-residual-rk2/core/third_party/FollowYourShape/src && /root/miniconda3/bin/python edit.py --source_img_dir /root/autodl-tmp/part-level-residual-rk2/core/data/partedit_subset/cases/real_0010/source.png --source_prompt 'a cow standing on a street' --target_prompt 'a cow with dragon head standing on a street' --guidance 2.0 --num_steps 15 --front 2 --inject 4 --seed 0 --name flux-dev --controlnet_type none --output_dir /root/autodl-tmp/part-level-residual-rk2/core/results/control_operations/residual_rk2_prefix_sweep/duration_15/real_0010/seed_000 --vis_path /root/autodl-tmp/part-level-residual-rk2/core/results/control_operations/residual_rk2_prefix_sweep/duration_15/real_0010/seed_000/tdm --feature_path /root/autodl-tmp/part-level-residual-rk2/core/results/control_operations/residual_rk2_prefix_sweep/duration_15/real_0010/seed_000/features --mask_path /root/autodl-tmp/part-level-residual-rk2/core/data/partedit_subset/cases/real_0010/gt_mask.png --tdm_mask_mode oracle --attention_part head --attention_edit dragon --control-plan-resolved /root/autodl-tmp/part-level-residual-rk2/core/results/control_operations/residual_rk2_prefix_sweep/plans/duration_15.json --offload
real_0004_seed_000,real_0004,0,residual_rk2_prefix_15,core/results/control_operations/residual_rk2_prefix_sweep/plans/duration_15.json,4f1379222c98066c40d54fc8daa840ad31457e7ff26fb89dd265702297edc0ec,core/data/partedit_subset/cases/real_0004/source.png,core/data/partedit_subset/cases/real_0004/gt_mask.png,a white toyota avanza parked in front of a house,a white toyota with rusted carhood avanza parked in front of a house,carhood,rusted,medium,core/results/control_operations/residual_rk2_prefix_sweep/duration_15/real_0004/seed_000,flux-dev,2.0,15,2,4,1,True,"{""name"": ""residual_rk2_prefix_15"", ""num_steps"": 15, ""stages"": [{""name"": ""residual_prefix"", ""start"": 0, ""end"": 14, ""prompt"": ""target"", ""image_kv"": ""none"", ""it_gate"": ""none"", ""it_gate_strength"": 1.0, ""it_gate_epsilon"": 0.0001, ""latent_projection"": ""none"", ""residual_control"": ""source_referenced_rk2""}], ""front"": 2, ""inject"": 4, ""tail_pad"": 1, ""mask_source"": ""oracle"", ""image_kv_layers"": [], ""it_gate_layers"": []}",cd /root/autodl-tmp/part-level-residual-rk2/core/third_party/FollowYourShape/src && /root/miniconda3/bin/python edit.py --source_img_dir /root/autodl-tmp/part-level-residual-rk2/core/data/partedit_subset/cases/real_0004/source.png --source_prompt 'a white toyota avanza parked in front of a house' --target_prompt 'a white toyota with rusted carhood avanza parked in front of a house' --guidance 2.0 --num_steps 15 --front 2 --inject 4 --seed 0 --name flux-dev --controlnet_type none --output_dir /root/autodl-tmp/part-level-residual-rk2/core/results/control_operations/residual_rk2_prefix_sweep/duration_15/real_0004/seed_000 --vis_path /root/autodl-tmp/part-level-residual-rk2/core/results/control_operations/residual_rk2_prefix_sweep/duration_15/real_0004/seed_000/tdm --feature_path /root/autodl-tmp/part-level-residual-rk2/core/results/control_operations/residual_rk2_prefix_sweep/duration_15/real_0004/seed_000/features --mask_path /root/autodl-tmp/part-level-residual-rk2/core/data/partedit_subset/cases/real_0004/gt_mask.png --tdm_mask_mode oracle --attention_part carhood --attention_edit rusted --control-plan-resolved /root/autodl-tmp/part-level-residual-rk2/core/results/control_operations/residual_rk2_prefix_sweep/plans/duration_15.json --offload
real_0007_seed_000,real_0007,0,residual_rk2_prefix_15,core/results/control_operations/residual_rk2_prefix_sweep/plans/duration_15.json,4f1379222c98066c40d54fc8daa840ad31457e7ff26fb89dd265702297edc0ec,core/data/partedit_subset/cases/real_0007/source.png,core/data/partedit_subset/cases/real_0007/gt_mask.png,a mahogany armchair,a mahogany armchair with leather seat,seat,leather,medium,core/results/control_operations/residual_rk2_prefix_sweep/duration_15/real_0007/seed_000,flux-dev,2.0,15,2,4,1,True,"{""name"": ""residual_rk2_prefix_15"", ""num_steps"": 15, ""stages"": [{""name"": ""residual_prefix"", ""start"": 0, ""end"": 14, ""prompt"": ""target"", ""image_kv"": ""none"", ""it_gate"": ""none"", ""it_gate_strength"": 1.0, ""it_gate_epsilon"": 0.0001, ""latent_projection"": ""none"", ""residual_control"": ""source_referenced_rk2""}], ""front"": 2, ""inject"": 4, ""tail_pad"": 1, ""mask_source"": ""oracle"", ""image_kv_layers"": [], ""it_gate_layers"": []}",cd /root/autodl-tmp/part-level-residual-rk2/core/third_party/FollowYourShape/src && /root/miniconda3/bin/python edit.py --source_img_dir /root/autodl-tmp/part-level-residual-rk2/core/data/partedit_subset/cases/real_0007/source.png --source_prompt 'a mahogany armchair' --target_prompt 'a mahogany armchair with leather seat' --guidance 2.0 --num_steps 15 --front 2 --inject 4 --seed 0 --name flux-dev --controlnet_type none --output_dir /root/autodl-tmp/part-level-residual-rk2/core/results/control_operations/residual_rk2_prefix_sweep/duration_15/real_0007/seed_000 --vis_path /root/autodl-tmp/part-level-residual-rk2/core/results/control_operations/residual_rk2_prefix_sweep/duration_15/real_0007/seed_000/tdm --feature_path /root/autodl-tmp/part-level-residual-rk2/core/results/control_operations/residual_rk2_prefix_sweep/duration_15/real_0007/seed_000/features --mask_path /root/autodl-tmp/part-level-residual-rk2/core/data/partedit_subset/cases/real_0007/gt_mask.png --tdm_mask_mode oracle --attention_part seat --attention_edit leather --control-plan-resolved /root/autodl-tmp/part-level-residual-rk2/core/results/control_operations/residual_rk2_prefix_sweep/plans/duration_15.json --offload
real_0001_seed_000,real_0001,0,residual_rk2_prefix_15,core/results/control_operations/residual_rk2_prefix_sweep/plans/duration_15.json,4f1379222c98066c40d54fc8daa840ad31457e7ff26fb89dd265702297edc0ec,core/data/partedit_subset/cases/real_0001/source.png,core/data/partedit_subset/cases/real_0001/gt_mask.png,a dog running in the grass,a dog with cat head running in the grass,head,cat,medium,core/results/control_operations/residual_rk2_prefix_sweep/duration_15/real_0001/seed_000,flux-dev,2.0,15,2,4,1,True,"{""name"": ""residual_rk2_prefix_15"", ""num_steps"": 15, ""stages"": [{""name"": ""residual_prefix"", ""start"": 0, ""end"": 14, ""prompt"": ""target"", ""image_kv"": ""none"", ""it_gate"": ""none"", ""it_gate_strength"": 1.0, ""it_gate_epsilon"": 0.0001, ""latent_projection"": ""none"", ""residual_control"": ""source_referenced_rk2""}], ""front"": 2, ""inject"": 4, ""tail_pad"": 1, ""mask_source"": ""oracle"", ""image_kv_layers"": [], ""it_gate_layers"": []}",cd /root/autodl-tmp/part-level-residual-rk2/core/third_party/FollowYourShape/src && /root/miniconda3/bin/python edit.py --source_img_dir /root/autodl-tmp/part-level-residual-rk2/core/data/partedit_subset/cases/real_0001/source.png --source_prompt 'a dog running in the grass' --target_prompt 'a dog with cat head running in the grass' --guidance 2.0 --num_steps 15 --front 2 --inject 4 --seed 0 --name flux-dev --controlnet_type none --output_dir /root/autodl-tmp/part-level-residual-rk2/core/results/control_operations/residual_rk2_prefix_sweep/duration_15/real_0001/seed_000 --vis_path /root/autodl-tmp/part-level-residual-rk2/core/results/control_operations/residual_rk2_prefix_sweep/duration_15/real_0001/seed_000/tdm --feature_path /root/autodl-tmp/part-level-residual-rk2/core/results/control_operations/residual_rk2_prefix_sweep/duration_15/real_0001/seed_000/features --mask_path /root/autodl-tmp/part-level-residual-rk2/core/data/partedit_subset/cases/real_0001/gt_mask.png --tdm_mask_mode oracle --attention_part head --attention_edit cat --control-plan-resolved /root/autodl-tmp/part-level-residual-rk2/core/results/control_operations/residual_rk2_prefix_sweep/plans/duration_15.json --offload
real_0000_seed_000,real_0000,0,residual_rk2_prefix_15,core/results/control_operations/residual_rk2_prefix_sweep/plans/duration_15.json,4f1379222c98066c40d54fc8daa840ad31457e7ff26fb89dd265702297edc0ec,core/data/partedit_subset/cases/real_0000/source.png,core/data/partedit_subset/cases/real_0000/gt_mask.png,a robot standing in a warehouse with boxes,a robot with armored torso standing in a warehouse with boxes,torso,armored,large,core/results/control_operations/residual_rk2_prefix_sweep/duration_15/real_0000/seed_000,flux-dev,2.0,15,2,4,1,True,"{""name"": ""residual_rk2_prefix_15"", ""num_steps"": 15, ""stages"": [{""name"": ""residual_prefix"", ""start"": 0, ""end"": 14, ""prompt"": ""target"", ""image_kv"": ""none"", ""it_gate"": ""none"", ""it_gate_strength"": 1.0, ""it_gate_epsilon"": 0.0001, ""latent_projection"": ""none"", ""residual_control"": ""source_referenced_rk2""}], ""front"": 2, ""inject"": 4, ""tail_pad"": 1, ""mask_source"": ""oracle"", ""image_kv_layers"": [], ""it_gate_layers"": []}",cd /root/autodl-tmp/part-level-residual-rk2/core/third_party/FollowYourShape/src && /root/miniconda3/bin/python edit.py --source_img_dir /root/autodl-tmp/part-level-residual-rk2/core/data/partedit_subset/cases/real_0000/source.png --source_prompt 'a robot standing in a warehouse with boxes' --target_prompt 'a robot with armored torso standing in a warehouse with boxes' --guidance 2.0 --num_steps 15 --front 2 --inject 4 --seed 0 --name flux-dev --controlnet_type none --output_dir /root/autodl-tmp/part-level-residual-rk2/core/results/control_operations/residual_rk2_prefix_sweep/duration_15/real_0000/seed_000 --vis_path /root/autodl-tmp/part-level-residual-rk2/core/results/control_operations/residual_rk2_prefix_sweep/duration_15/real_0000/seed_000/tdm --feature_path /root/autodl-tmp/part-level-residual-rk2/core/results/control_operations/residual_rk2_prefix_sweep/duration_15/real_0000/seed_000/features --mask_path /root/autodl-tmp/part-level-residual-rk2/core/data/partedit_subset/cases/real_0000/gt_mask.png --tdm_mask_mode oracle --attention_part torso --attention_edit armored --control-plan-resolved /root/autodl-tmp/part-level-residual-rk2/core/results/control_operations/residual_rk2_prefix_sweep/plans/duration_15.json --offload
real_0011_seed_000,real_0011,0,residual_rk2_prefix_15,core/results/control_operations/residual_rk2_prefix_sweep/plans/duration_15.json,4f1379222c98066c40d54fc8daa840ad31457e7ff26fb89dd265702297edc0ec,core/data/partedit_subset/cases/real_0011/source.png,core/data/partedit_subset/cases/real_0011/gt_mask.png,a man with a smile on his face,a man with curly_hair hair with a smile on his face,hair,curly_hair,large,core/results/control_operations/residual_rk2_prefix_sweep/duration_15/real_0011/seed_000,flux-dev,2.0,15,2,4,1,True,"{""name"": ""residual_rk2_prefix_15"", ""num_steps"": 15, ""stages"": [{""name"": ""residual_prefix"", ""start"": 0, ""end"": 14, ""prompt"": ""target"", ""image_kv"": ""none"", ""it_gate"": ""none"", ""it_gate_strength"": 1.0, ""it_gate_epsilon"": 0.0001, ""latent_projection"": ""none"", ""residual_control"": ""source_referenced_rk2""}], ""front"": 2, ""inject"": 4, ""tail_pad"": 1, ""mask_source"": ""oracle"", ""image_kv_layers"": [], ""it_gate_layers"": []}",cd /root/autodl-tmp/part-level-residual-rk2/core/third_party/FollowYourShape/src && /root/miniconda3/bin/python edit.py --source_img_dir /root/autodl-tmp/part-level-residual-rk2/core/data/partedit_subset/cases/real_0011/source.png --source_prompt 'a man with a smile on his face' --target_prompt 'a man with curly_hair hair with a smile on his face' --guidance 2.0 --num_steps 15 --front 2 --inject 4 --seed 0 --name flux-dev --controlnet_type none --output_dir /root/autodl-tmp/part-level-residual-rk2/core/results/control_operations/residual_rk2_prefix_sweep/duration_15/real_0011/seed_000 --vis_path /root/autodl-tmp/part-level-residual-rk2/core/results/control_operations/residual_rk2_prefix_sweep/duration_15/real_0011/seed_000/tdm --feature_path /root/autodl-tmp/part-level-residual-rk2/core/results/control_operations/residual_rk2_prefix_sweep/duration_15/real_0011/seed_000/features --mask_path /root/autodl-tmp/part-level-residual-rk2/core/data/partedit_subset/cases/real_0011/gt_mask.png --tdm_mask_mode oracle --attention_part hair --attention_edit curly_hair --control-plan-resolved /root/autodl-tmp/part-level-residual-rk2/core/results/control_operations/residual_rk2_prefix_sweep/plans/duration_15.json --offload
real_0005_seed_000,real_0005,0,residual_rk2_prefix_15,core/results/control_operations/residual_rk2_prefix_sweep/plans/duration_15.json,4f1379222c98066c40d54fc8daa840ad31457e7ff26fb89dd265702297edc0ec,core/data/partedit_subset/cases/real_0005/source.png,core/data/partedit_subset/cases/real_0005/gt_mask.png,a brown bear standing on a rock,a brown bear with dog head standing on a rock,head,dog,large,core/results/control_operations/residual_rk2_prefix_sweep/duration_15/real_0005/seed_000,flux-dev,2.0,15,2,4,1,True,"{""name"": ""residual_rk2_prefix_15"", ""num_steps"": 15, ""stages"": [{""name"": ""residual_prefix"", ""start"": 0, ""end"": 14, ""prompt"": ""target"", ""image_kv"": ""none"", ""it_gate"": ""none"", ""it_gate_strength"": 1.0, ""it_gate_epsilon"": 0.0001, ""latent_projection"": ""none"", ""residual_control"": ""source_referenced_rk2""}], ""front"": 2, ""inject"": 4, ""tail_pad"": 1, ""mask_source"": ""oracle"", ""image_kv_layers"": [], ""it_gate_layers"": []}",cd /root/autodl-tmp/part-level-residual-rk2/core/third_party/FollowYourShape/src && /root/miniconda3/bin/python edit.py --source_img_dir /root/autodl-tmp/part-level-residual-rk2/core/data/partedit_subset/cases/real_0005/source.png --source_prompt 'a brown bear standing on a rock' --target_prompt 'a brown bear with dog head standing on a rock' --guidance 2.0 --num_steps 15 --front 2 --inject 4 --seed 0 --name flux-dev --controlnet_type none --output_dir /root/autodl-tmp/part-level-residual-rk2/core/results/control_operations/residual_rk2_prefix_sweep/duration_15/real_0005/seed_000 --vis_path /root/autodl-tmp/part-level-residual-rk2/core/results/control_operations/residual_rk2_prefix_sweep/duration_15/real_0005/seed_000/tdm --feature_path /root/autodl-tmp/part-level-residual-rk2/core/results/control_operations/residual_rk2_prefix_sweep/duration_15/real_0005/seed_000/features --mask_path /root/autodl-tmp/part-level-residual-rk2/core/data/partedit_subset/cases/real_0005/gt_mask.png --tdm_mask_mode oracle --attention_part head --attention_edit dog --control-plan-resolved /root/autodl-tmp/part-level-residual-rk2/core/results/control_operations/residual_rk2_prefix_sweep/plans/duration_15.json --offload
real_0009_seed_000,real_0009,0,residual_rk2_prefix_15,core/results/control_operations/residual_rk2_prefix_sweep/plans/duration_15.json,4f1379222c98066c40d54fc8daa840ad31457e7ff26fb89dd265702297edc0ec,core/data/partedit_subset/cases/real_0009/source.png,core/data/partedit_subset/cases/real_0009/gt_mask.png,ferrari 812 superfast by kimberly kim,ferrari with rusted carbody 812 superfast by kimberly kim,carbody,rusted,large,core/results/control_operations/residual_rk2_prefix_sweep/duration_15/real_0009/seed_000,flux-dev,2.0,15,2,4,1,True,"{""name"": ""residual_rk2_prefix_15"", ""num_steps"": 15, ""stages"": [{""name"": ""residual_prefix"", ""start"": 0, ""end"": 14, ""prompt"": ""target"", ""image_kv"": ""none"", ""it_gate"": ""none"", ""it_gate_strength"": 1.0, ""it_gate_epsilon"": 0.0001, ""latent_projection"": ""none"", ""residual_control"": ""source_referenced_rk2""}], ""front"": 2, ""inject"": 4, ""tail_pad"": 1, ""mask_source"": ""oracle"", ""image_kv_layers"": [], ""it_gate_layers"": []}",cd /root/autodl-tmp/part-level-residual-rk2/core/third_party/FollowYourShape/src && /root/miniconda3/bin/python edit.py --source_img_dir /root/autodl-tmp/part-level-residual-rk2/core/data/partedit_subset/cases/real_0009/source.png --source_prompt 'ferrari 812 superfast by kimberly kim' --target_prompt 'ferrari with rusted carbody 812 superfast by kimberly kim' --guidance 2.0 --num_steps 15 --front 2 --inject 4 --seed 0 --name flux-dev --controlnet_type none --output_dir /root/autodl-tmp/part-level-residual-rk2/core/results/control_operations/residual_rk2_prefix_sweep/duration_15/real_0009/seed_000 --vis_path /root/autodl-tmp/part-level-residual-rk2/core/results/control_operations/residual_rk2_prefix_sweep/duration_15/real_0009/seed_000/tdm --feature_path /root/autodl-tmp/part-level-residual-rk2/core/results/control_operations/residual_rk2_prefix_sweep/duration_15/real_0009/seed_000/features --mask_path /root/autodl-tmp/part-level-residual-rk2/core/data/partedit_subset/cases/real_0009/gt_mask.png --tdm_mask_mode oracle --attention_part carbody --attention_edit rusted --control-plan-resolved /root/autodl-tmp/part-level-residual-rk2/core/results/control_operations/residual_rk2_prefix_sweep/plans/duration_15.json --offload
