row_uid,case_uid,seed,method,part,edit,part_size,footprint_change,source_prompt,target_prompt,source_image,gt_mask,edited_image,available,reason,image_sha256
gt-diagnostic-v2::endpoint_auto::synth_0000::seed_000,synth_0000,0,endpoint_auto,head,robot,small,comparable,A alien at a city,A alien with robot head at a city,core/data/partedit_subset/cases/synth_0000/source.png,core/data/partedit_subset/cases/synth_0000/gt_mask.png,core/results/heldout_control_comparison/endpoint_projection/synth_0000/seed_000/img_0.jpg,True,,f75ab332592a27e58409887810e69be6dd1925e80e095f0d4fb42db425adc6f9
gt-diagnostic-v2::endpoint_gt::synth_0000::seed_000,synth_0000,0,endpoint_gt,head,robot,small,comparable,A alien at a city,A alien with robot head at a city,core/data/partedit_subset/cases/synth_0000/source.png,core/data/partedit_subset/cases/synth_0000/gt_mask.png,core/results/gt_mask_diagnostic_v2/endpoint_gt/synth_0000/seed_000/img_0.jpg,True,,a257c0a33f1eafb8268dda6b8d814b0b829c43565a3bb44a6896a2bd181c19f8
gt-diagnostic-v2::rk2_auto::synth_0000::seed_000,synth_0000,0,rk2_auto,head,robot,small,comparable,A alien at a city,A alien with robot head at a city,core/data/partedit_subset/cases/synth_0000/source.png,core/data/partedit_subset/cases/synth_0000/gt_mask.png,core/results/heldout_control_comparison/residual_rk2/synth_0000/seed_000/img_0.jpg,True,,74649f30ce1c031a7a4761dff8cdd7310630961c876c71b1279200ec51698e35
gt-diagnostic-v2::rk2_gt::synth_0000::seed_000,synth_0000,0,rk2_gt,head,robot,small,comparable,A alien at a city,A alien with robot head at a city,core/data/partedit_subset/cases/synth_0000/source.png,core/data/partedit_subset/cases/synth_0000/gt_mask.png,core/results/gt_mask_diagnostic_v2/rk2_gt/synth_0000/seed_000/img_0.jpg,True,,9581d56bbfd0e558ca7c804b91f0a49b8be73d55d171a46ff85d03d5aaf58d95
gt-diagnostic-v2::rk2_n15_auto::synth_0000::seed_000,synth_0000,0,rk2_n15_auto,head,robot,small,comparable,A alien at a city,A alien with robot head at a city,core/data/partedit_subset/cases/synth_0000/source.png,core/data/partedit_subset/cases/synth_0000/gt_mask.png,core/results/gt_mask_diagnostic_v2/rk2_n15_auto/synth_0000/seed_000/img_0.jpg,True,,67bb0dce9fdd881da0dc43a17b8550f7e89a1189a5f7d68aec0df54c691ba8f1
gt-diagnostic-v2::rk2_n15_gt::synth_0000::seed_000,synth_0000,0,rk2_n15_gt,head,robot,small,comparable,A alien at a city,A alien with robot head at a city,core/data/partedit_subset/cases/synth_0000/source.png,core/data/partedit_subset/cases/synth_0000/gt_mask.png,core/results/gt_mask_diagnostic_v2/rk2_n15_gt/synth_0000/seed_000/img_0.jpg,True,,66dd7a5b0f6904940f11a352dd40751591a6ae6a0a0ee39aa7bed1d4f9943a3f
gt-diagnostic-v2::endpoint_auto::synth_0001::seed_000,synth_0001,0,endpoint_auto,head,bear,medium,comparable,A robot at a school,A robot with bear head at a school,core/data/partedit_subset/cases/synth_0001/source.png,core/data/partedit_subset/cases/synth_0001/gt_mask.png,core/results/heldout_control_comparison/endpoint_projection/synth_0001/seed_000/img_0.jpg,True,,7a28b54fc621200e336b68d84c635416a5d73520cda42e6988576a62a64851d9
gt-diagnostic-v2::endpoint_gt::synth_0001::seed_000,synth_0001,0,endpoint_gt,head,bear,medium,comparable,A robot at a school,A robot with bear head at a school,core/data/partedit_subset/cases/synth_0001/source.png,core/data/partedit_subset/cases/synth_0001/gt_mask.png,core/results/gt_mask_diagnostic_v2/endpoint_gt/synth_0001/seed_000/img_0.jpg,True,,c80c7179ef80baf2bd434979457c68f09a98624241efd575092abaf8c7e60023
gt-diagnostic-v2::rk2_auto::synth_0001::seed_000,synth_0001,0,rk2_auto,head,bear,medium,comparable,A robot at a school,A robot with bear head at a school,core/data/partedit_subset/cases/synth_0001/source.png,core/data/partedit_subset/cases/synth_0001/gt_mask.png,core/results/heldout_control_comparison/residual_rk2/synth_0001/seed_000/img_0.jpg,True,,9b4e03dd61ad35904ef3cd0fb056ef06fb785a4a21b3162c1c84da52d0ca6be2
gt-diagnostic-v2::rk2_gt::synth_0001::seed_000,synth_0001,0,rk2_gt,head,bear,medium,comparable,A robot at a school,A robot with bear head at a school,core/data/partedit_subset/cases/synth_0001/source.png,core/data/partedit_subset/cases/synth_0001/gt_mask.png,core/results/gt_mask_diagnostic_v2/rk2_gt/synth_0001/seed_000/img_0.jpg,True,,1035a0508029360581ceb4046523a8c6edd4134fac423f362f543ae02dfbda97
gt-diagnostic-v2::rk2_n15_auto::synth_0001::seed_000,synth_0001,0,rk2_n15_auto,head,bear,medium,comparable,A robot at a school,A robot with bear head at a school,core/data/partedit_subset/cases/synth_0001/source.png,core/data/partedit_subset/cases/synth_0001/gt_mask.png,core/results/gt_mask_diagnostic_v2/rk2_n15_auto/synth_0001/seed_000/img_0.jpg,True,,53668842a90f2679ab71bfa6fe0a0d4f675b27eaa2ba93b9617e27f41feac932
gt-diagnostic-v2::rk2_n15_gt::synth_0001::seed_000,synth_0001,0,rk2_n15_gt,head,bear,medium,comparable,A robot at a school,A robot with bear head at a school,core/data/partedit_subset/cases/synth_0001/source.png,core/data/partedit_subset/cases/synth_0001/gt_mask.png,core/results/gt_mask_diagnostic_v2/rk2_n15_gt/synth_0001/seed_000/img_0.jpg,True,,ae67dadba3bfcf4d18fe76873fd32bdce10dafcb0156954c1a17ad10e04fbfec
gt-diagnostic-v2::endpoint_auto::synth_0002::seed_000,synth_0002,0,endpoint_auto,head,bear,large,comparable,A robot at a park,A robot with bear head at a park,core/data/partedit_subset/cases/synth_0002/source.png,core/data/partedit_subset/cases/synth_0002/gt_mask.png,core/results/heldout_control_comparison/endpoint_projection/synth_0002/seed_000/img_0.jpg,True,,952019ca8fcf70fb336af427582c6e025912fbbc4da35bb3caab417c05a1fd5c
gt-diagnostic-v2::endpoint_gt::synth_0002::seed_000,synth_0002,0,endpoint_gt,head,bear,large,comparable,A robot at a park,A robot with bear head at a park,core/data/partedit_subset/cases/synth_0002/source.png,core/data/partedit_subset/cases/synth_0002/gt_mask.png,core/results/gt_mask_diagnostic_v2/endpoint_gt/synth_0002/seed_000/img_0.jpg,True,,183283f149133237bca2c022f13a76f1a4ea6233958f7b123a8d82f056440bb6
gt-diagnostic-v2::rk2_auto::synth_0002::seed_000,synth_0002,0,rk2_auto,head,bear,large,comparable,A robot at a park,A robot with bear head at a park,core/data/partedit_subset/cases/synth_0002/source.png,core/data/partedit_subset/cases/synth_0002/gt_mask.png,core/results/heldout_control_comparison/residual_rk2/synth_0002/seed_000/img_0.jpg,True,,0a5914f11a58221f18976d4aef1f08ff4439853f898665fe223b29e56d8611aa
gt-diagnostic-v2::rk2_gt::synth_0002::seed_000,synth_0002,0,rk2_gt,head,bear,large,comparable,A robot at a park,A robot with bear head at a park,core/data/partedit_subset/cases/synth_0002/source.png,core/data/partedit_subset/cases/synth_0002/gt_mask.png,core/results/gt_mask_diagnostic_v2/rk2_gt/synth_0002/seed_000/img_0.jpg,True,,ced3661635c438f7d04d9c7032021be9216107fc2da86f00f3d4b65a27a72c1a
gt-diagnostic-v2::rk2_n15_auto::synth_0002::seed_000,synth_0002,0,rk2_n15_auto,head,bear,large,comparable,A robot at a park,A robot with bear head at a park,core/data/partedit_subset/cases/synth_0002/source.png,core/data/partedit_subset/cases/synth_0002/gt_mask.png,core/results/gt_mask_diagnostic_v2/rk2_n15_auto/synth_0002/seed_000/img_0.jpg,True,,1a6aca998353e35d628f9b188dd13e1b1037e6b5c469a1fc527a383436538de7
gt-diagnostic-v2::rk2_n15_gt::synth_0002::seed_000,synth_0002,0,rk2_n15_gt,head,bear,large,comparable,A robot at a park,A robot with bear head at a park,core/data/partedit_subset/cases/synth_0002/source.png,core/data/partedit_subset/cases/synth_0002/gt_mask.png,core/results/gt_mask_diagnostic_v2/rk2_n15_gt/synth_0002/seed_000/img_0.jpg,True,,d47ddc1805fc9d5de07d173d5cc7f4d34f7595328da2f8a453867733eb6caac6
gt-diagnostic-v2::endpoint_auto::synth_0003::seed_000,synth_0003,0,endpoint_auto,head,robot,large,comparable,A alien at a museum,A alien with robot head at a museum,core/data/partedit_subset/cases/synth_0003/source.png,core/data/partedit_subset/cases/synth_0003/gt_mask.png,core/results/heldout_control_comparison/endpoint_projection/synth_0003/seed_000/img_0.jpg,True,,99ac3d73b182b82575c629e1209170d5c46e2c41449dcaad9f3b89c27f624ff9
gt-diagnostic-v2::endpoint_gt::synth_0003::seed_000,synth_0003,0,endpoint_gt,head,robot,large,comparable,A alien at a museum,A alien with robot head at a museum,core/data/partedit_subset/cases/synth_0003/source.png,core/data/partedit_subset/cases/synth_0003/gt_mask.png,core/results/gt_mask_diagnostic_v2/endpoint_gt/synth_0003/seed_000/img_0.jpg,True,,3cfa77eaf944eb7ac4c36aece429782e487cf2e62ac20543073bec4130509d54
gt-diagnostic-v2::rk2_auto::synth_0003::seed_000,synth_0003,0,rk2_auto,head,robot,large,comparable,A alien at a museum,A alien with robot head at a museum,core/data/partedit_subset/cases/synth_0003/source.png,core/data/partedit_subset/cases/synth_0003/gt_mask.png,core/results/heldout_control_comparison/residual_rk2/synth_0003/seed_000/img_0.jpg,True,,999d0421ce344ff80c51d126890d3fb0173bfaeaf9cbe50898101f6b53c246af
gt-diagnostic-v2::rk2_gt::synth_0003::seed_000,synth_0003,0,rk2_gt,head,robot,large,comparable,A alien at a museum,A alien with robot head at a museum,core/data/partedit_subset/cases/synth_0003/source.png,core/data/partedit_subset/cases/synth_0003/gt_mask.png,core/results/gt_mask_diagnostic_v2/rk2_gt/synth_0003/seed_000/img_0.jpg,True,,1dfdf9fdc6bc3fb372907850c31971cb0e049e8859779856efb8e92e85c52cfd
gt-diagnostic-v2::rk2_n15_auto::synth_0003::seed_000,synth_0003,0,rk2_n15_auto,head,robot,large,comparable,A alien at a museum,A alien with robot head at a museum,core/data/partedit_subset/cases/synth_0003/source.png,core/data/partedit_subset/cases/synth_0003/gt_mask.png,core/results/gt_mask_diagnostic_v2/rk2_n15_auto/synth_0003/seed_000/img_0.jpg,True,,ba335befcdb012b8052e03c97c8ae2025368cf03a798cfab91b005664b004804
gt-diagnostic-v2::rk2_n15_gt::synth_0003::seed_000,synth_0003,0,rk2_n15_gt,head,robot,large,comparable,A alien at a museum,A alien with robot head at a museum,core/data/partedit_subset/cases/synth_0003/source.png,core/data/partedit_subset/cases/synth_0003/gt_mask.png,core/results/gt_mask_diagnostic_v2/rk2_n15_gt/synth_0003/seed_000/img_0.jpg,True,,cc6975b56baa71ade62a93d9c7097784958117328fa0744b1d19432fa2f5838f
gt-diagnostic-v2::endpoint_auto::synth_0004::seed_000,synth_0004,0,endpoint_auto,head,tattooed,medium,comparable,A robot at a office,A robot with tattooed head at a office,core/data/partedit_subset/cases/synth_0004/source.png,core/data/partedit_subset/cases/synth_0004/gt_mask.png,core/results/heldout_control_comparison/endpoint_projection/synth_0004/seed_000/img_0.jpg,True,,752f1430984b9bff42d1f0713fe0ef14d027f31fb3e26256fcca844b18084762
gt-diagnostic-v2::endpoint_gt::synth_0004::seed_000,synth_0004,0,endpoint_gt,head,tattooed,medium,comparable,A robot at a office,A robot with tattooed head at a office,core/data/partedit_subset/cases/synth_0004/source.png,core/data/partedit_subset/cases/synth_0004/gt_mask.png,core/results/gt_mask_diagnostic_v2/endpoint_gt/synth_0004/seed_000/img_0.jpg,True,,99e28ba627698acf648da399a2738894265de0fd94c222aae052e49650cc4968
gt-diagnostic-v2::rk2_auto::synth_0004::seed_000,synth_0004,0,rk2_auto,head,tattooed,medium,comparable,A robot at a office,A robot with tattooed head at a office,core/data/partedit_subset/cases/synth_0004/source.png,core/data/partedit_subset/cases/synth_0004/gt_mask.png,core/results/heldout_control_comparison/residual_rk2/synth_0004/seed_000/img_0.jpg,True,,4bd02813acd1822079dd25fbbbb9ca759179b0400ac8c2edd4bbb6d8d3f76f64
gt-diagnostic-v2::rk2_gt::synth_0004::seed_000,synth_0004,0,rk2_gt,head,tattooed,medium,comparable,A robot at a office,A robot with tattooed head at a office,core/data/partedit_subset/cases/synth_0004/source.png,core/data/partedit_subset/cases/synth_0004/gt_mask.png,core/results/gt_mask_diagnostic_v2/rk2_gt/synth_0004/seed_000/img_0.jpg,True,,1b2332528e2c0fe1864b225d5845bd6a2f16e97f0affa5580afe08b4f5195d4d
gt-diagnostic-v2::rk2_n15_auto::synth_0004::seed_000,synth_0004,0,rk2_n15_auto,head,tattooed,medium,comparable,A robot at a office,A robot with tattooed head at a office,core/data/partedit_subset/cases/synth_0004/source.png,core/data/partedit_subset/cases/synth_0004/gt_mask.png,core/results/gt_mask_diagnostic_v2/rk2_n15_auto/synth_0004/seed_000/img_0.jpg,True,,14cb14a4f0b4b0b424f217dad07b297e833aa1fce25dd3460b612b114bba2048
gt-diagnostic-v2::rk2_n15_gt::synth_0004::seed_000,synth_0004,0,rk2_n15_gt,head,tattooed,medium,comparable,A robot at a office,A robot with tattooed head at a office,core/data/partedit_subset/cases/synth_0004/source.png,core/data/partedit_subset/cases/synth_0004/gt_mask.png,core/results/gt_mask_diagnostic_v2/rk2_n15_gt/synth_0004/seed_000/img_0.jpg,True,,4991c8cd9fdd6f528bce62b629a1bd722ad62226754bb3bccc500ae099614311
gt-diagnostic-v2::endpoint_auto::synth_0005::seed_000,synth_0005,0,endpoint_auto,head,robot,medium,comparable,A man at a gym,A man with robot head at a gym,core/data/partedit_subset/cases/synth_0005/source.png,core/data/partedit_subset/cases/synth_0005/gt_mask.png,core/results/heldout_control_comparison/endpoint_projection/synth_0005/seed_000/img_0.jpg,True,,4a7daad6bedd9370bda3701ca476fc13adac4655c1d8f57b9145d957f4e501c9
gt-diagnostic-v2::endpoint_gt::synth_0005::seed_000,synth_0005,0,endpoint_gt,head,robot,medium,comparable,A man at a gym,A man with robot head at a gym,core/data/partedit_subset/cases/synth_0005/source.png,core/data/partedit_subset/cases/synth_0005/gt_mask.png,core/results/gt_mask_diagnostic_v2/endpoint_gt/synth_0005/seed_000/img_0.jpg,True,,cf6cffb16b6f4d7d4b76f5eadcd192f6b69c0086dab8cbc7e0fb439d1d496a24
gt-diagnostic-v2::rk2_auto::synth_0005::seed_000,synth_0005,0,rk2_auto,head,robot,medium,comparable,A man at a gym,A man with robot head at a gym,core/data/partedit_subset/cases/synth_0005/source.png,core/data/partedit_subset/cases/synth_0005/gt_mask.png,core/results/heldout_control_comparison/residual_rk2/synth_0005/seed_000/img_0.jpg,True,,9773da4b12be4f7501b53c722808efc5e0c1e4533c9ee29ffd31b39810493129
gt-diagnostic-v2::rk2_gt::synth_0005::seed_000,synth_0005,0,rk2_gt,head,robot,medium,comparable,A man at a gym,A man with robot head at a gym,core/data/partedit_subset/cases/synth_0005/source.png,core/data/partedit_subset/cases/synth_0005/gt_mask.png,core/results/gt_mask_diagnostic_v2/rk2_gt/synth_0005/seed_000/img_0.jpg,True,,b7c9e48a575b635ae3b3a6d233922e9e2f1357f138d2aa69c9983933c99e81de
gt-diagnostic-v2::rk2_n15_auto::synth_0005::seed_000,synth_0005,0,rk2_n15_auto,head,robot,medium,comparable,A man at a gym,A man with robot head at a gym,core/data/partedit_subset/cases/synth_0005/source.png,core/data/partedit_subset/cases/synth_0005/gt_mask.png,core/results/gt_mask_diagnostic_v2/rk2_n15_auto/synth_0005/seed_000/img_0.jpg,True,,090e1dd3ff3e90a9e01e9b2daab129955bd02fdee19c37519de15c71d8b91276
gt-diagnostic-v2::rk2_n15_gt::synth_0005::seed_000,synth_0005,0,rk2_n15_gt,head,robot,medium,comparable,A man at a gym,A man with robot head at a gym,core/data/partedit_subset/cases/synth_0005/source.png,core/data/partedit_subset/cases/synth_0005/gt_mask.png,core/results/gt_mask_diagnostic_v2/rk2_n15_gt/synth_0005/seed_000/img_0.jpg,True,,725623bb1bba8b0324aee664b633f09631007041fbf9e338650eb4a1140532b3
gt-diagnostic-v2::endpoint_auto::synth_0006::seed_000,synth_0006,0,endpoint_auto,head,robot,small,comparable,A girl at a beach,A girl with robot head at a beach,core/data/partedit_subset/cases/synth_0006/source.png,core/data/partedit_subset/cases/synth_0006/gt_mask.png,core/results/heldout_control_comparison/endpoint_projection/synth_0006/seed_000/img_0.jpg,True,,b6540f99f5ee075189fef1c2a2a1ce48f18f88297a8b4e0a8b9bc3c0d1cb38a6
gt-diagnostic-v2::endpoint_gt::synth_0006::seed_000,synth_0006,0,endpoint_gt,head,robot,small,comparable,A girl at a beach,A girl with robot head at a beach,core/data/partedit_subset/cases/synth_0006/source.png,core/data/partedit_subset/cases/synth_0006/gt_mask.png,core/results/gt_mask_diagnostic_v2/endpoint_gt/synth_0006/seed_000/img_0.jpg,True,,0bcfefc0138f2334e849db3646f14c8a3dc9f6dd2e94ace9f5ffc22d6fe43d53
gt-diagnostic-v2::rk2_auto::synth_0006::seed_000,synth_0006,0,rk2_auto,head,robot,small,comparable,A girl at a beach,A girl with robot head at a beach,core/data/partedit_subset/cases/synth_0006/source.png,core/data/partedit_subset/cases/synth_0006/gt_mask.png,core/results/heldout_control_comparison/residual_rk2/synth_0006/seed_000/img_0.jpg,True,,3b5583243790aea9672d31176502dd4618c30f9d5042e4d91ee8c9e2f8f02128
gt-diagnostic-v2::rk2_gt::synth_0006::seed_000,synth_0006,0,rk2_gt,head,robot,small,comparable,A girl at a beach,A girl with robot head at a beach,core/data/partedit_subset/cases/synth_0006/source.png,core/data/partedit_subset/cases/synth_0006/gt_mask.png,core/results/gt_mask_diagnostic_v2/rk2_gt/synth_0006/seed_000/img_0.jpg,True,,3320280fa57b6f227c82b03e6897d684e825a4489a75c4686c84d64d2be11e11
gt-diagnostic-v2::rk2_n15_auto::synth_0006::seed_000,synth_0006,0,rk2_n15_auto,head,robot,small,comparable,A girl at a beach,A girl with robot head at a beach,core/data/partedit_subset/cases/synth_0006/source.png,core/data/partedit_subset/cases/synth_0006/gt_mask.png,core/results/gt_mask_diagnostic_v2/rk2_n15_auto/synth_0006/seed_000/img_0.jpg,True,,a7503c02983087248e3807eca1b2c08f0a23e0a2547a85bf843a7f500b5ebfe2
gt-diagnostic-v2::rk2_n15_gt::synth_0006::seed_000,synth_0006,0,rk2_n15_gt,head,robot,small,comparable,A girl at a beach,A girl with robot head at a beach,core/data/partedit_subset/cases/synth_0006/source.png,core/data/partedit_subset/cases/synth_0006/gt_mask.png,core/results/gt_mask_diagnostic_v2/rk2_n15_gt/synth_0006/seed_000/img_0.jpg,True,,343ab356bc8f6f05987be83dcf1651c16d04427f2fcf497a37091b25fa467143
gt-diagnostic-v2::endpoint_auto::synth_0007::seed_000,synth_0007,0,endpoint_auto,head,robot,medium,comparable,A alien at a school,A alien with robot head at a school,core/data/partedit_subset/cases/synth_0007/source.png,core/data/partedit_subset/cases/synth_0007/gt_mask.png,core/results/heldout_control_comparison/endpoint_projection/synth_0007/seed_000/img_0.jpg,True,,8b5a06981164a8931965ff2179f6d5eb3cc474e186f8eda023de75b1db0bad8c
gt-diagnostic-v2::endpoint_gt::synth_0007::seed_000,synth_0007,0,endpoint_gt,head,robot,medium,comparable,A alien at a school,A alien with robot head at a school,core/data/partedit_subset/cases/synth_0007/source.png,core/data/partedit_subset/cases/synth_0007/gt_mask.png,core/results/gt_mask_diagnostic_v2/endpoint_gt/synth_0007/seed_000/img_0.jpg,True,,808d119895288705d38394eaded8b18563b045e95e57da637ba012652953a1c8
gt-diagnostic-v2::rk2_auto::synth_0007::seed_000,synth_0007,0,rk2_auto,head,robot,medium,comparable,A alien at a school,A alien with robot head at a school,core/data/partedit_subset/cases/synth_0007/source.png,core/data/partedit_subset/cases/synth_0007/gt_mask.png,core/results/heldout_control_comparison/residual_rk2/synth_0007/seed_000/img_0.jpg,True,,8b193a11c8ada8bbb9b2e3a690277e48a278b3287bd53c2beadd31b41ee0da6c
gt-diagnostic-v2::rk2_gt::synth_0007::seed_000,synth_0007,0,rk2_gt,head,robot,medium,comparable,A alien at a school,A alien with robot head at a school,core/data/partedit_subset/cases/synth_0007/source.png,core/data/partedit_subset/cases/synth_0007/gt_mask.png,core/results/gt_mask_diagnostic_v2/rk2_gt/synth_0007/seed_000/img_0.jpg,True,,53ceec04f120ce567f27569fd1c9566824f8bcaef64f6392bc89d4cf22f7f15b
gt-diagnostic-v2::rk2_n15_auto::synth_0007::seed_000,synth_0007,0,rk2_n15_auto,head,robot,medium,comparable,A alien at a school,A alien with robot head at a school,core/data/partedit_subset/cases/synth_0007/source.png,core/data/partedit_subset/cases/synth_0007/gt_mask.png,core/results/gt_mask_diagnostic_v2/rk2_n15_auto/synth_0007/seed_000/img_0.jpg,True,,32f9366e6eecf041ef6030db3e81bef12858ad2c0466222cfff59423c23403be
gt-diagnostic-v2::rk2_n15_gt::synth_0007::seed_000,synth_0007,0,rk2_n15_gt,head,robot,medium,comparable,A alien at a school,A alien with robot head at a school,core/data/partedit_subset/cases/synth_0007/source.png,core/data/partedit_subset/cases/synth_0007/gt_mask.png,core/results/gt_mask_diagnostic_v2/rk2_n15_gt/synth_0007/seed_000/img_0.jpg,True,,347eb8236301f57f7e462dbbf7e6b49bec5db08bb2bc3fc737a585df9f7ada6a
gt-diagnostic-v2::endpoint_auto::synth_0008::seed_000,synth_0008,0,endpoint_auto,head,alien,small,comparable,A robot at a park,A robot with alien head at a park,core/data/partedit_subset/cases/synth_0008/source.png,core/data/partedit_subset/cases/synth_0008/gt_mask.png,core/results/heldout_control_comparison/endpoint_projection/synth_0008/seed_000/img_0.jpg,True,,ac99bb329aae4de3575cf04b80000ffadbc44decf46ede5adb30e675d655b5ed
gt-diagnostic-v2::endpoint_gt::synth_0008::seed_000,synth_0008,0,endpoint_gt,head,alien,small,comparable,A robot at a park,A robot with alien head at a park,core/data/partedit_subset/cases/synth_0008/source.png,core/data/partedit_subset/cases/synth_0008/gt_mask.png,core/results/gt_mask_diagnostic_v2/endpoint_gt/synth_0008/seed_000/img_0.jpg,True,,55c7c9b8c311bdbcb339a9ee39a3499321961f1dc05e2278b449b98d2e6b5ce0
gt-diagnostic-v2::rk2_auto::synth_0008::seed_000,synth_0008,0,rk2_auto,head,alien,small,comparable,A robot at a park,A robot with alien head at a park,core/data/partedit_subset/cases/synth_0008/source.png,core/data/partedit_subset/cases/synth_0008/gt_mask.png,core/results/heldout_control_comparison/residual_rk2/synth_0008/seed_000/img_0.jpg,True,,4918508292a9b271e10510968bf7e4af3adf654002cf4596e80c4b1c5cbaa5a4
gt-diagnostic-v2::rk2_gt::synth_0008::seed_000,synth_0008,0,rk2_gt,head,alien,small,comparable,A robot at a park,A robot with alien head at a park,core/data/partedit_subset/cases/synth_0008/source.png,core/data/partedit_subset/cases/synth_0008/gt_mask.png,core/results/gt_mask_diagnostic_v2/rk2_gt/synth_0008/seed_000/img_0.jpg,True,,0494021cb56bfa3d993e26c7ba1ba76765994a8f9290d5516837fdfd2de408ff
gt-diagnostic-v2::rk2_n15_auto::synth_0008::seed_000,synth_0008,0,rk2_n15_auto,head,alien,small,comparable,A robot at a park,A robot with alien head at a park,core/data/partedit_subset/cases/synth_0008/source.png,core/data/partedit_subset/cases/synth_0008/gt_mask.png,core/results/gt_mask_diagnostic_v2/rk2_n15_auto/synth_0008/seed_000/img_0.jpg,True,,68baca8a3445c731a659b26cd3c005cdda5835ecc381b1e88f9c9e50ebbeafbe
gt-diagnostic-v2::rk2_n15_gt::synth_0008::seed_000,synth_0008,0,rk2_n15_gt,head,alien,small,comparable,A robot at a park,A robot with alien head at a park,core/data/partedit_subset/cases/synth_0008/source.png,core/data/partedit_subset/cases/synth_0008/gt_mask.png,core/results/gt_mask_diagnostic_v2/rk2_n15_gt/synth_0008/seed_000/img_0.jpg,True,,60193f9d7b54ee9bf5e2c5641f606932eab2f76fe3fd9af6684a520c294fcfa6
gt-diagnostic-v2::endpoint_auto::synth_0009::seed_000,synth_0009,0,endpoint_auto,head,bear,large,comparable,A alien at a museum,A alien with bear head at a museum,core/data/partedit_subset/cases/synth_0009/source.png,core/data/partedit_subset/cases/synth_0009/gt_mask.png,core/results/heldout_control_comparison/endpoint_projection/synth_0009/seed_000/img_0.jpg,True,,8b77b1791bb16922f747d5c00e9e0bddadc89d19d4c2368687f04a6adea2c987
gt-diagnostic-v2::endpoint_gt::synth_0009::seed_000,synth_0009,0,endpoint_gt,head,bear,large,comparable,A alien at a museum,A alien with bear head at a museum,core/data/partedit_subset/cases/synth_0009/source.png,core/data/partedit_subset/cases/synth_0009/gt_mask.png,core/results/gt_mask_diagnostic_v2/endpoint_gt/synth_0009/seed_000/img_0.jpg,True,,f371a25cd6f885274a9ff61cde1b1c9c7b5d403c5e2ab733a71eeb35c3f1b791
gt-diagnostic-v2::rk2_auto::synth_0009::seed_000,synth_0009,0,rk2_auto,head,bear,large,comparable,A alien at a museum,A alien with bear head at a museum,core/data/partedit_subset/cases/synth_0009/source.png,core/data/partedit_subset/cases/synth_0009/gt_mask.png,core/results/heldout_control_comparison/residual_rk2/synth_0009/seed_000/img_0.jpg,True,,c0124be4f5c8ec1eee1e3a36d559bccaf7d8f1ee2788218ed90c47607a2a3b8b
gt-diagnostic-v2::rk2_gt::synth_0009::seed_000,synth_0009,0,rk2_gt,head,bear,large,comparable,A alien at a museum,A alien with bear head at a museum,core/data/partedit_subset/cases/synth_0009/source.png,core/data/partedit_subset/cases/synth_0009/gt_mask.png,core/results/gt_mask_diagnostic_v2/rk2_gt/synth_0009/seed_000/img_0.jpg,True,,7f434a72a6a842138c254495675c5db78d21f4d4e2c4cf64c728934c0715c510
gt-diagnostic-v2::rk2_n15_auto::synth_0009::seed_000,synth_0009,0,rk2_n15_auto,head,bear,large,comparable,A alien at a museum,A alien with bear head at a museum,core/data/partedit_subset/cases/synth_0009/source.png,core/data/partedit_subset/cases/synth_0009/gt_mask.png,core/results/gt_mask_diagnostic_v2/rk2_n15_auto/synth_0009/seed_000/img_0.jpg,True,,507abcb1080e7f50dd3e535f5e4f8edf30370ee7ad8d2a2c2f0b3bb9a61350f6
gt-diagnostic-v2::rk2_n15_gt::synth_0009::seed_000,synth_0009,0,rk2_n15_gt,head,bear,large,comparable,A alien at a museum,A alien with bear head at a museum,core/data/partedit_subset/cases/synth_0009/source.png,core/data/partedit_subset/cases/synth_0009/gt_mask.png,core/results/gt_mask_diagnostic_v2/rk2_n15_gt/synth_0009/seed_000/img_0.jpg,True,,011c107c10c2e426df980c0ab7a6f99617ee60137af1f4ffee9b082e5d6856c6
gt-diagnostic-v2::endpoint_auto::synth_0010::seed_000,synth_0010,0,endpoint_auto,torso,batman,medium,comparable,A robot at a school,A robot with batman torso at a school,core/data/partedit_subset/cases/synth_0010/source.png,core/data/partedit_subset/cases/synth_0010/gt_mask.png,core/results/heldout_control_comparison/endpoint_projection/synth_0010/seed_000/img_0.jpg,True,,b8e0004cbb22e3d60c3f48f59081db21235d43015203bd8826b79bfc7149399f
gt-diagnostic-v2::endpoint_gt::synth_0010::seed_000,synth_0010,0,endpoint_gt,torso,batman,medium,comparable,A robot at a school,A robot with batman torso at a school,core/data/partedit_subset/cases/synth_0010/source.png,core/data/partedit_subset/cases/synth_0010/gt_mask.png,core/results/gt_mask_diagnostic_v2/endpoint_gt/synth_0010/seed_000/img_0.jpg,True,,0349c559fa63b5bf40306d65ea0ed8782e3ce2ce06d55037cfffd2ed7b4f391a
gt-diagnostic-v2::rk2_auto::synth_0010::seed_000,synth_0010,0,rk2_auto,torso,batman,medium,comparable,A robot at a school,A robot with batman torso at a school,core/data/partedit_subset/cases/synth_0010/source.png,core/data/partedit_subset/cases/synth_0010/gt_mask.png,core/results/heldout_control_comparison/residual_rk2/synth_0010/seed_000/img_0.jpg,True,,e4b601ab0d44ce5ee73a19200ad4ab95cf39f0d61d354e183677451845ffd6ce
gt-diagnostic-v2::rk2_gt::synth_0010::seed_000,synth_0010,0,rk2_gt,torso,batman,medium,comparable,A robot at a school,A robot with batman torso at a school,core/data/partedit_subset/cases/synth_0010/source.png,core/data/partedit_subset/cases/synth_0010/gt_mask.png,core/results/gt_mask_diagnostic_v2/rk2_gt/synth_0010/seed_000/img_0.jpg,True,,6edcf1366c243c5e33ea18249acac1d7b29e7ea258cf18cf4a5d332a8e6c9802
gt-diagnostic-v2::rk2_n15_auto::synth_0010::seed_000,synth_0010,0,rk2_n15_auto,torso,batman,medium,comparable,A robot at a school,A robot with batman torso at a school,core/data/partedit_subset/cases/synth_0010/source.png,core/data/partedit_subset/cases/synth_0010/gt_mask.png,core/results/gt_mask_diagnostic_v2/rk2_n15_auto/synth_0010/seed_000/img_0.jpg,True,,e843b65609e9a6d7802a5ac8faa4aef369d4d97fe2c35d3f07d975d26cc5e085
gt-diagnostic-v2::rk2_n15_gt::synth_0010::seed_000,synth_0010,0,rk2_n15_gt,torso,batman,medium,comparable,A robot at a school,A robot with batman torso at a school,core/data/partedit_subset/cases/synth_0010/source.png,core/data/partedit_subset/cases/synth_0010/gt_mask.png,core/results/gt_mask_diagnostic_v2/rk2_n15_gt/synth_0010/seed_000/img_0.jpg,True,,d4a5a25917dbb0ff9c6a825a38551a964845a71abf517f47cae43232351aba57
gt-diagnostic-v2::endpoint_auto::synth_0011::seed_000,synth_0011,0,endpoint_auto,torso,spiderman,small,comparable,A robot at a museum,A robot with spiderman torso at a museum,core/data/partedit_subset/cases/synth_0011/source.png,core/data/partedit_subset/cases/synth_0011/gt_mask.png,core/results/heldout_control_comparison/endpoint_projection/synth_0011/seed_000/img_0.jpg,True,,fa9c496e503d8f85f544c2009a1e75108bd797775dbc1a9a1c45af0c082aef8c
gt-diagnostic-v2::endpoint_gt::synth_0011::seed_000,synth_0011,0,endpoint_gt,torso,spiderman,small,comparable,A robot at a museum,A robot with spiderman torso at a museum,core/data/partedit_subset/cases/synth_0011/source.png,core/data/partedit_subset/cases/synth_0011/gt_mask.png,core/results/gt_mask_diagnostic_v2/endpoint_gt/synth_0011/seed_000/img_0.jpg,True,,22a63ae216a20f58f7fa7c248b45bedadf6a4e0d0d1c88ccacadcee11fc6d43f
gt-diagnostic-v2::rk2_auto::synth_0011::seed_000,synth_0011,0,rk2_auto,torso,spiderman,small,comparable,A robot at a museum,A robot with spiderman torso at a museum,core/data/partedit_subset/cases/synth_0011/source.png,core/data/partedit_subset/cases/synth_0011/gt_mask.png,core/results/heldout_control_comparison/residual_rk2/synth_0011/seed_000/img_0.jpg,True,,b972e6fe3cb48126b061a60110af600dd046a8f230ff581ffb5205160f21c86b
gt-diagnostic-v2::rk2_gt::synth_0011::seed_000,synth_0011,0,rk2_gt,torso,spiderman,small,comparable,A robot at a museum,A robot with spiderman torso at a museum,core/data/partedit_subset/cases/synth_0011/source.png,core/data/partedit_subset/cases/synth_0011/gt_mask.png,core/results/gt_mask_diagnostic_v2/rk2_gt/synth_0011/seed_000/img_0.jpg,True,,4127b0a1ce4b0c5ce2a2cfa551d0619e6856451ee1927bde51f4d642869bd38a
gt-diagnostic-v2::rk2_n15_auto::synth_0011::seed_000,synth_0011,0,rk2_n15_auto,torso,spiderman,small,comparable,A robot at a museum,A robot with spiderman torso at a museum,core/data/partedit_subset/cases/synth_0011/source.png,core/data/partedit_subset/cases/synth_0011/gt_mask.png,core/results/gt_mask_diagnostic_v2/rk2_n15_auto/synth_0011/seed_000/img_0.jpg,True,,481220ae93f8202a280a33a14c15c8252d07f6f33739920916e6fed7a6e42afb
gt-diagnostic-v2::rk2_n15_gt::synth_0011::seed_000,synth_0011,0,rk2_n15_gt,torso,spiderman,small,comparable,A robot at a museum,A robot with spiderman torso at a museum,core/data/partedit_subset/cases/synth_0011/source.png,core/data/partedit_subset/cases/synth_0011/gt_mask.png,core/results/gt_mask_diagnostic_v2/rk2_n15_gt/synth_0011/seed_000/img_0.jpg,True,,e243c7f2636ded8286bc05a117a05b7a3bf0c2f66377a8d4e2279c21b2c58a33
gt-diagnostic-v2::endpoint_auto::synth_0012::seed_000,synth_0012,0,endpoint_auto,torso,spiderman,large,comparable,A robot at a museum,A robot with spiderman torso at a museum,core/data/partedit_subset/cases/synth_0012/source.png,core/data/partedit_subset/cases/synth_0012/gt_mask.png,core/results/heldout_control_comparison/endpoint_projection/synth_0012/seed_000/img_0.jpg,True,,7c8183e2982a181f0bd77bfb6c6458ca18bdb2d0e0321b762350a58f028d640e
gt-diagnostic-v2::endpoint_gt::synth_0012::seed_000,synth_0012,0,endpoint_gt,torso,spiderman,large,comparable,A robot at a museum,A robot with spiderman torso at a museum,core/data/partedit_subset/cases/synth_0012/source.png,core/data/partedit_subset/cases/synth_0012/gt_mask.png,core/results/gt_mask_diagnostic_v2/endpoint_gt/synth_0012/seed_000/img_0.jpg,True,,f5fef0766bb3e900d9db32fd3c29d4d7d3c6a0ce982fbf85608f19c5f8af6457
gt-diagnostic-v2::rk2_auto::synth_0012::seed_000,synth_0012,0,rk2_auto,torso,spiderman,large,comparable,A robot at a museum,A robot with spiderman torso at a museum,core/data/partedit_subset/cases/synth_0012/source.png,core/data/partedit_subset/cases/synth_0012/gt_mask.png,core/results/heldout_control_comparison/residual_rk2/synth_0012/seed_000/img_0.jpg,True,,c456915ce30a091c997c237861f26a903957a22c30151eb79f84ccf2150979df
gt-diagnostic-v2::rk2_gt::synth_0012::seed_000,synth_0012,0,rk2_gt,torso,spiderman,large,comparable,A robot at a museum,A robot with spiderman torso at a museum,core/data/partedit_subset/cases/synth_0012/source.png,core/data/partedit_subset/cases/synth_0012/gt_mask.png,core/results/gt_mask_diagnostic_v2/rk2_gt/synth_0012/seed_000/img_0.jpg,True,,9bf3a591d92148ce7a7a7ff9c89a903bcac07d5592badc59c41a071c343bc072
gt-diagnostic-v2::rk2_n15_auto::synth_0012::seed_000,synth_0012,0,rk2_n15_auto,torso,spiderman,large,comparable,A robot at a museum,A robot with spiderman torso at a museum,core/data/partedit_subset/cases/synth_0012/source.png,core/data/partedit_subset/cases/synth_0012/gt_mask.png,core/results/gt_mask_diagnostic_v2/rk2_n15_auto/synth_0012/seed_000/img_0.jpg,True,,d5f76ea90228a98fe037f008e59ace0803d9fbe4ac4882924b7e6f1b702d2e5c
gt-diagnostic-v2::rk2_n15_gt::synth_0012::seed_000,synth_0012,0,rk2_n15_gt,torso,spiderman,large,comparable,A robot at a museum,A robot with spiderman torso at a museum,core/data/partedit_subset/cases/synth_0012/source.png,core/data/partedit_subset/cases/synth_0012/gt_mask.png,core/results/gt_mask_diagnostic_v2/rk2_n15_gt/synth_0012/seed_000/img_0.jpg,True,,81a3b78589dfb463aafeed5c36098f83f42b1cd901653ad12b30fe9f1f3e95e8
gt-diagnostic-v2::endpoint_auto::synth_0013::seed_000,synth_0013,0,endpoint_auto,torso,uniform,small,comparable,A alien at a school,A alien with uniform torso at a school,core/data/partedit_subset/cases/synth_0013/source.png,core/data/partedit_subset/cases/synth_0013/gt_mask.png,core/results/heldout_control_comparison/endpoint_projection/synth_0013/seed_000/img_0.jpg,True,,6958fa290bc30c8200301a380669ef8f493fdae6d1480ca63c818519b9cfc357
gt-diagnostic-v2::endpoint_gt::synth_0013::seed_000,synth_0013,0,endpoint_gt,torso,uniform,small,comparable,A alien at a school,A alien with uniform torso at a school,core/data/partedit_subset/cases/synth_0013/source.png,core/data/partedit_subset/cases/synth_0013/gt_mask.png,core/results/gt_mask_diagnostic_v2/endpoint_gt/synth_0013/seed_000/img_0.jpg,True,,786dcf766ca052bde50d27e31443efc445ad171138d27c3970ec056250714677
gt-diagnostic-v2::rk2_auto::synth_0013::seed_000,synth_0013,0,rk2_auto,torso,uniform,small,comparable,A alien at a school,A alien with uniform torso at a school,core/data/partedit_subset/cases/synth_0013/source.png,core/data/partedit_subset/cases/synth_0013/gt_mask.png,core/results/heldout_control_comparison/residual_rk2/synth_0013/seed_000/img_0.jpg,True,,92b3e5177619a87c4f509e52dce3d0767e37ccf9d33e139b67a20866ffcc1fb2
gt-diagnostic-v2::rk2_gt::synth_0013::seed_000,synth_0013,0,rk2_gt,torso,uniform,small,comparable,A alien at a school,A alien with uniform torso at a school,core/data/partedit_subset/cases/synth_0013/source.png,core/data/partedit_subset/cases/synth_0013/gt_mask.png,core/results/gt_mask_diagnostic_v2/rk2_gt/synth_0013/seed_000/img_0.jpg,True,,4c84599fb5aa9cb4c4f7e8028e183c109c33ea3ef2aad4d28abb5ad732c3a485
gt-diagnostic-v2::rk2_n15_auto::synth_0013::seed_000,synth_0013,0,rk2_n15_auto,torso,uniform,small,comparable,A alien at a school,A alien with uniform torso at a school,core/data/partedit_subset/cases/synth_0013/source.png,core/data/partedit_subset/cases/synth_0013/gt_mask.png,core/results/gt_mask_diagnostic_v2/rk2_n15_auto/synth_0013/seed_000/img_0.jpg,True,,f816c13f9f0dd00b842f6983484b8931f460fbab740665063b8694eb433751f5
gt-diagnostic-v2::rk2_n15_gt::synth_0013::seed_000,synth_0013,0,rk2_n15_gt,torso,uniform,small,comparable,A alien at a school,A alien with uniform torso at a school,core/data/partedit_subset/cases/synth_0013/source.png,core/data/partedit_subset/cases/synth_0013/gt_mask.png,core/results/gt_mask_diagnostic_v2/rk2_n15_gt/synth_0013/seed_000/img_0.jpg,True,,2d507376d7714fe3bce27042b60a5d19b2edb627d9341e98b70e72c887b9bc66
gt-diagnostic-v2::endpoint_auto::synth_0014::seed_000,synth_0014,0,endpoint_auto,torso,robot,medium,comparable,A alien at a gym,A alien with robot torso at a gym,core/data/partedit_subset/cases/synth_0014/source.png,core/data/partedit_subset/cases/synth_0014/gt_mask.png,core/results/heldout_control_comparison/endpoint_projection/synth_0014/seed_000/img_0.jpg,False,safety_filtered,
gt-diagnostic-v2::endpoint_gt::synth_0014::seed_000,synth_0014,0,endpoint_gt,torso,robot,medium,comparable,A alien at a gym,A alien with robot torso at a gym,core/data/partedit_subset/cases/synth_0014/source.png,core/data/partedit_subset/cases/synth_0014/gt_mask.png,core/results/gt_mask_diagnostic_v2/endpoint_gt/synth_0014/seed_000/img_0.jpg,False,safety_filtered,
gt-diagnostic-v2::rk2_auto::synth_0014::seed_000,synth_0014,0,rk2_auto,torso,robot,medium,comparable,A alien at a gym,A alien with robot torso at a gym,core/data/partedit_subset/cases/synth_0014/source.png,core/data/partedit_subset/cases/synth_0014/gt_mask.png,core/results/heldout_control_comparison/residual_rk2/synth_0014/seed_000/img_0.jpg,False,safety_filtered,
gt-diagnostic-v2::rk2_gt::synth_0014::seed_000,synth_0014,0,rk2_gt,torso,robot,medium,comparable,A alien at a gym,A alien with robot torso at a gym,core/data/partedit_subset/cases/synth_0014/source.png,core/data/partedit_subset/cases/synth_0014/gt_mask.png,core/results/gt_mask_diagnostic_v2/rk2_gt/synth_0014/seed_000/img_0.jpg,True,,98e91b7bef8a60cbfcc57330ddfcb045cb36e313cc10ddde5872d1e47e4bd53b
gt-diagnostic-v2::rk2_n15_auto::synth_0014::seed_000,synth_0014,0,rk2_n15_auto,torso,robot,medium,comparable,A alien at a gym,A alien with robot torso at a gym,core/data/partedit_subset/cases/synth_0014/source.png,core/data/partedit_subset/cases/synth_0014/gt_mask.png,core/results/gt_mask_diagnostic_v2/rk2_n15_auto/synth_0014/seed_000/img_0.jpg,False,safety_filtered,
gt-diagnostic-v2::rk2_n15_gt::synth_0014::seed_000,synth_0014,0,rk2_n15_gt,torso,robot,medium,comparable,A alien at a gym,A alien with robot torso at a gym,core/data/partedit_subset/cases/synth_0014/source.png,core/data/partedit_subset/cases/synth_0014/gt_mask.png,core/results/gt_mask_diagnostic_v2/rk2_n15_gt/synth_0014/seed_000/img_0.jpg,False,safety_filtered,
gt-diagnostic-v2::endpoint_auto::synth_0015::seed_000,synth_0015,0,endpoint_auto,torso,formal-suit,large,comparable,A robot at a restaurant,A robot with formal-suit torso at a restaurant,core/data/partedit_subset/cases/synth_0015/source.png,core/data/partedit_subset/cases/synth_0015/gt_mask.png,core/results/heldout_control_comparison/endpoint_projection/synth_0015/seed_000/img_0.jpg,True,,f477f0d6039e59ea6b5470ba9749e19a1d939d6c6d7746370c6c9576dd1bece4
gt-diagnostic-v2::endpoint_gt::synth_0015::seed_000,synth_0015,0,endpoint_gt,torso,formal-suit,large,comparable,A robot at a restaurant,A robot with formal-suit torso at a restaurant,core/data/partedit_subset/cases/synth_0015/source.png,core/data/partedit_subset/cases/synth_0015/gt_mask.png,core/results/gt_mask_diagnostic_v2/endpoint_gt/synth_0015/seed_000/img_0.jpg,True,,e8459f6a71476a8518b1ea1410a90cea846a6781b1a40f631ead92f30f46ef5b
gt-diagnostic-v2::rk2_auto::synth_0015::seed_000,synth_0015,0,rk2_auto,torso,formal-suit,large,comparable,A robot at a restaurant,A robot with formal-suit torso at a restaurant,core/data/partedit_subset/cases/synth_0015/source.png,core/data/partedit_subset/cases/synth_0015/gt_mask.png,core/results/heldout_control_comparison/residual_rk2/synth_0015/seed_000/img_0.jpg,True,,2688579a67e90ade55beceef40335846f6e242df3b6acfb7b607f08c3df0ca9e
gt-diagnostic-v2::rk2_gt::synth_0015::seed_000,synth_0015,0,rk2_gt,torso,formal-suit,large,comparable,A robot at a restaurant,A robot with formal-suit torso at a restaurant,core/data/partedit_subset/cases/synth_0015/source.png,core/data/partedit_subset/cases/synth_0015/gt_mask.png,core/results/gt_mask_diagnostic_v2/rk2_gt/synth_0015/seed_000/img_0.jpg,True,,2de2ac43883048c73330763e07340e832fcedc586630653fda15cfc780599b26
gt-diagnostic-v2::rk2_n15_auto::synth_0015::seed_000,synth_0015,0,rk2_n15_auto,torso,formal-suit,large,comparable,A robot at a restaurant,A robot with formal-suit torso at a restaurant,core/data/partedit_subset/cases/synth_0015/source.png,core/data/partedit_subset/cases/synth_0015/gt_mask.png,core/results/gt_mask_diagnostic_v2/rk2_n15_auto/synth_0015/seed_000/img_0.jpg,True,,6942c41d9534a788d897bc3ce4782975394d2b2556ee57b2fb3ad9749773904a
gt-diagnostic-v2::rk2_n15_gt::synth_0015::seed_000,synth_0015,0,rk2_n15_gt,torso,formal-suit,large,comparable,A robot at a restaurant,A robot with formal-suit torso at a restaurant,core/data/partedit_subset/cases/synth_0015/source.png,core/data/partedit_subset/cases/synth_0015/gt_mask.png,core/results/gt_mask_diagnostic_v2/rk2_n15_gt/synth_0015/seed_000/img_0.jpg,True,,530006ce0716620f332015f80ffe583e7cd8f528b864ab866384d2ca5935067c
gt-diagnostic-v2::endpoint_auto::synth_0016::seed_000,synth_0016,0,endpoint_auto,torso,armor,large,comparable,A girl at a stadium,A girl with armor torso at a stadium,core/data/partedit_subset/cases/synth_0016/source.png,core/data/partedit_subset/cases/synth_0016/gt_mask.png,core/results/heldout_control_comparison/endpoint_projection/synth_0016/seed_000/img_0.jpg,True,,9630f10533f642a722799bb0a1769cf41b59f6473f14f69e1777470f2d6211bf
gt-diagnostic-v2::endpoint_gt::synth_0016::seed_000,synth_0016,0,endpoint_gt,torso,armor,large,comparable,A girl at a stadium,A girl with armor torso at a stadium,core/data/partedit_subset/cases/synth_0016/source.png,core/data/partedit_subset/cases/synth_0016/gt_mask.png,core/results/gt_mask_diagnostic_v2/endpoint_gt/synth_0016/seed_000/img_0.jpg,True,,7d3167100f7e64ae6078af1150f877b0f8d126b85ac3da8cae708da2d9cce6ec
gt-diagnostic-v2::rk2_auto::synth_0016::seed_000,synth_0016,0,rk2_auto,torso,armor,large,comparable,A girl at a stadium,A girl with armor torso at a stadium,core/data/partedit_subset/cases/synth_0016/source.png,core/data/partedit_subset/cases/synth_0016/gt_mask.png,core/results/heldout_control_comparison/residual_rk2/synth_0016/seed_000/img_0.jpg,True,,8d000ce08b20f700d55120d9e7ac38d1eade1afcb187a4a5d25685d1321aec7b
gt-diagnostic-v2::rk2_gt::synth_0016::seed_000,synth_0016,0,rk2_gt,torso,armor,large,comparable,A girl at a stadium,A girl with armor torso at a stadium,core/data/partedit_subset/cases/synth_0016/source.png,core/data/partedit_subset/cases/synth_0016/gt_mask.png,core/results/gt_mask_diagnostic_v2/rk2_gt/synth_0016/seed_000/img_0.jpg,True,,4df8e041a47a2aa1f3c208ee2c0c99fe8b849e6b18629d432bd2a7a75090e4a8
gt-diagnostic-v2::rk2_n15_auto::synth_0016::seed_000,synth_0016,0,rk2_n15_auto,torso,armor,large,comparable,A girl at a stadium,A girl with armor torso at a stadium,core/data/partedit_subset/cases/synth_0016/source.png,core/data/partedit_subset/cases/synth_0016/gt_mask.png,core/results/gt_mask_diagnostic_v2/rk2_n15_auto/synth_0016/seed_000/img_0.jpg,True,,6603c0ee44413d7aed1f3c775f8a1ecb344bb4f88f23e64269c09f793b0c6106
gt-diagnostic-v2::rk2_n15_gt::synth_0016::seed_000,synth_0016,0,rk2_n15_gt,torso,armor,large,comparable,A girl at a stadium,A girl with armor torso at a stadium,core/data/partedit_subset/cases/synth_0016/source.png,core/data/partedit_subset/cases/synth_0016/gt_mask.png,core/results/gt_mask_diagnostic_v2/rk2_n15_gt/synth_0016/seed_000/img_0.jpg,True,,452a6917213c9c056ceb0ee643de179fcbcd2661a39699413d013e95f15489e8
gt-diagnostic-v2::endpoint_auto::synth_0017::seed_000,synth_0017,0,endpoint_auto,torso,robotic-parts,large,comparable,A dinosaur at a museum,A dinosaur with robotic-parts torso at a museum,core/data/partedit_subset/cases/synth_0017/source.png,core/data/partedit_subset/cases/synth_0017/gt_mask.png,core/results/heldout_control_comparison/endpoint_projection/synth_0017/seed_000/img_0.jpg,True,,682051b2537e29ccabfb15f4fbc583576578952b363da02b3c459bded77717e2
gt-diagnostic-v2::endpoint_gt::synth_0017::seed_000,synth_0017,0,endpoint_gt,torso,robotic-parts,large,comparable,A dinosaur at a museum,A dinosaur with robotic-parts torso at a museum,core/data/partedit_subset/cases/synth_0017/source.png,core/data/partedit_subset/cases/synth_0017/gt_mask.png,core/results/gt_mask_diagnostic_v2/endpoint_gt/synth_0017/seed_000/img_0.jpg,True,,f789f9920faf24595ee1719c75b7a11023f4d6e58a261e0dc6ab34105f52c667
gt-diagnostic-v2::rk2_auto::synth_0017::seed_000,synth_0017,0,rk2_auto,torso,robotic-parts,large,comparable,A dinosaur at a museum,A dinosaur with robotic-parts torso at a museum,core/data/partedit_subset/cases/synth_0017/source.png,core/data/partedit_subset/cases/synth_0017/gt_mask.png,core/results/heldout_control_comparison/residual_rk2/synth_0017/seed_000/img_0.jpg,True,,6298840dacbabc5c0f1bf6ee45dc9ac57404e8bd2f32557d364c82558d6c3146
gt-diagnostic-v2::rk2_gt::synth_0017::seed_000,synth_0017,0,rk2_gt,torso,robotic-parts,large,comparable,A dinosaur at a museum,A dinosaur with robotic-parts torso at a museum,core/data/partedit_subset/cases/synth_0017/source.png,core/data/partedit_subset/cases/synth_0017/gt_mask.png,core/results/gt_mask_diagnostic_v2/rk2_gt/synth_0017/seed_000/img_0.jpg,True,,3b0b040e7c2fe7cacac6f9acd5abb1b67b7b38ee115913d81aae3dcc89b73baa
gt-diagnostic-v2::rk2_n15_auto::synth_0017::seed_000,synth_0017,0,rk2_n15_auto,torso,robotic-parts,large,comparable,A dinosaur at a museum,A dinosaur with robotic-parts torso at a museum,core/data/partedit_subset/cases/synth_0017/source.png,core/data/partedit_subset/cases/synth_0017/gt_mask.png,core/results/gt_mask_diagnostic_v2/rk2_n15_auto/synth_0017/seed_000/img_0.jpg,True,,635d36844854e8663b4526295b53f814470b63c6b16eaa1bf8366ecb6d205a9b
gt-diagnostic-v2::rk2_n15_gt::synth_0017::seed_000,synth_0017,0,rk2_n15_gt,torso,robotic-parts,large,comparable,A dinosaur at a museum,A dinosaur with robotic-parts torso at a museum,core/data/partedit_subset/cases/synth_0017/source.png,core/data/partedit_subset/cases/synth_0017/gt_mask.png,core/results/gt_mask_diagnostic_v2/rk2_n15_gt/synth_0017/seed_000/img_0.jpg,True,,744d150b72b870de45598b259e28c57c410916c89d53bcbac34969dc625816de
gt-diagnostic-v2::endpoint_auto::synth_0018::seed_000,synth_0018,0,endpoint_auto,torso,armor,medium,comparable,A boy at a restaurant,A boy with armor torso at a restaurant,core/data/partedit_subset/cases/synth_0018/source.png,core/data/partedit_subset/cases/synth_0018/gt_mask.png,core/results/heldout_control_comparison/endpoint_projection/synth_0018/seed_000/img_0.jpg,True,,2718b29a20585dda5a4db99b367ebc6ad7ced48b26e4b867ffdd0728cf246821
gt-diagnostic-v2::endpoint_gt::synth_0018::seed_000,synth_0018,0,endpoint_gt,torso,armor,medium,comparable,A boy at a restaurant,A boy with armor torso at a restaurant,core/data/partedit_subset/cases/synth_0018/source.png,core/data/partedit_subset/cases/synth_0018/gt_mask.png,core/results/gt_mask_diagnostic_v2/endpoint_gt/synth_0018/seed_000/img_0.jpg,True,,ba7d7caab05093535b34a8f403f4567a958c3d082562fa0c30db4a9dcb501872
gt-diagnostic-v2::rk2_auto::synth_0018::seed_000,synth_0018,0,rk2_auto,torso,armor,medium,comparable,A boy at a restaurant,A boy with armor torso at a restaurant,core/data/partedit_subset/cases/synth_0018/source.png,core/data/partedit_subset/cases/synth_0018/gt_mask.png,core/results/heldout_control_comparison/residual_rk2/synth_0018/seed_000/img_0.jpg,True,,35439c2eedbb6934b62b141280b396252e54679fa50dc4fc539e74c0da2f4dd3
gt-diagnostic-v2::rk2_gt::synth_0018::seed_000,synth_0018,0,rk2_gt,torso,armor,medium,comparable,A boy at a restaurant,A boy with armor torso at a restaurant,core/data/partedit_subset/cases/synth_0018/source.png,core/data/partedit_subset/cases/synth_0018/gt_mask.png,core/results/gt_mask_diagnostic_v2/rk2_gt/synth_0018/seed_000/img_0.jpg,True,,42d254ecc1e4dd3787157d50b8a86b7ec81562dacfa8f0eea259bfd3493447b8
gt-diagnostic-v2::rk2_n15_auto::synth_0018::seed_000,synth_0018,0,rk2_n15_auto,torso,armor,medium,comparable,A boy at a restaurant,A boy with armor torso at a restaurant,core/data/partedit_subset/cases/synth_0018/source.png,core/data/partedit_subset/cases/synth_0018/gt_mask.png,core/results/gt_mask_diagnostic_v2/rk2_n15_auto/synth_0018/seed_000/img_0.jpg,True,,0216d6a2c249c8f47a822cb2878316d95b5852a3b3b2a88991f5b623d41ac19a
gt-diagnostic-v2::rk2_n15_gt::synth_0018::seed_000,synth_0018,0,rk2_n15_gt,torso,armor,medium,comparable,A boy at a restaurant,A boy with armor torso at a restaurant,core/data/partedit_subset/cases/synth_0018/source.png,core/data/partedit_subset/cases/synth_0018/gt_mask.png,core/results/gt_mask_diagnostic_v2/rk2_n15_gt/synth_0018/seed_000/img_0.jpg,True,,7fc72a73561bf721af9118b3b8602374669e3812bd97ca43b52d15e66454edcf
gt-diagnostic-v2::endpoint_auto::synth_0019::seed_000,synth_0019,0,endpoint_auto,hair,Wavy,medium,comparable,A Portrait of girl at a forest,A Portrait of girl with Wavy hair at a forest,core/data/partedit_subset/cases/synth_0019/source.png,core/data/partedit_subset/cases/synth_0019/gt_mask.png,core/results/heldout_control_comparison/endpoint_projection/synth_0019/seed_000/img_0.jpg,True,,3f75a180e8ed0e963e2e6866378690d52bac1cdcb014fc41bd28cd4a64ec4e41
gt-diagnostic-v2::endpoint_gt::synth_0019::seed_000,synth_0019,0,endpoint_gt,hair,Wavy,medium,comparable,A Portrait of girl at a forest,A Portrait of girl with Wavy hair at a forest,core/data/partedit_subset/cases/synth_0019/source.png,core/data/partedit_subset/cases/synth_0019/gt_mask.png,core/results/gt_mask_diagnostic_v2/endpoint_gt/synth_0019/seed_000/img_0.jpg,True,,51f36622f6d1a0d629d0c6464ea113fb57ffb7609c86cea5c4e368ddb8127854
gt-diagnostic-v2::rk2_auto::synth_0019::seed_000,synth_0019,0,rk2_auto,hair,Wavy,medium,comparable,A Portrait of girl at a forest,A Portrait of girl with Wavy hair at a forest,core/data/partedit_subset/cases/synth_0019/source.png,core/data/partedit_subset/cases/synth_0019/gt_mask.png,core/results/heldout_control_comparison/residual_rk2/synth_0019/seed_000/img_0.jpg,True,,044b1dc9a1ced3806be08f736ca401c6b45d8bca0990d483323fce699287e240
gt-diagnostic-v2::rk2_gt::synth_0019::seed_000,synth_0019,0,rk2_gt,hair,Wavy,medium,comparable,A Portrait of girl at a forest,A Portrait of girl with Wavy hair at a forest,core/data/partedit_subset/cases/synth_0019/source.png,core/data/partedit_subset/cases/synth_0019/gt_mask.png,core/results/gt_mask_diagnostic_v2/rk2_gt/synth_0019/seed_000/img_0.jpg,True,,67ad26cda7a8e3cb6f55ceee65fe0c3c0e24c62cfdeea7af0f8e0f0e5ccb970d
gt-diagnostic-v2::rk2_n15_auto::synth_0019::seed_000,synth_0019,0,rk2_n15_auto,hair,Wavy,medium,comparable,A Portrait of girl at a forest,A Portrait of girl with Wavy hair at a forest,core/data/partedit_subset/cases/synth_0019/source.png,core/data/partedit_subset/cases/synth_0019/gt_mask.png,core/results/gt_mask_diagnostic_v2/rk2_n15_auto/synth_0019/seed_000/img_0.jpg,True,,40851c64b00c12f25515f7e1abe802efc546f6c18ca8fe9ede5a34bf6ac679b9
gt-diagnostic-v2::rk2_n15_gt::synth_0019::seed_000,synth_0019,0,rk2_n15_gt,hair,Wavy,medium,comparable,A Portrait of girl at a forest,A Portrait of girl with Wavy hair at a forest,core/data/partedit_subset/cases/synth_0019/source.png,core/data/partedit_subset/cases/synth_0019/gt_mask.png,core/results/gt_mask_diagnostic_v2/rk2_n15_gt/synth_0019/seed_000/img_0.jpg,True,,5c134e0229f2fa45ce1c6c4f2d5d6e13dbe715bb96f1507e6bcaaa9726ec1b8c
gt-diagnostic-v2::endpoint_auto::synth_0020::seed_000,synth_0020,0,endpoint_auto,hair,Curls,large,comparable,A Portrait of boy at a park,A Portrait of boy with Curls hair at a park,core/data/partedit_subset/cases/synth_0020/source.png,core/data/partedit_subset/cases/synth_0020/gt_mask.png,core/results/heldout_control_comparison/endpoint_projection/synth_0020/seed_000/img_0.jpg,True,,e57c6a2eaae10df1bcca4cbc550c63834236895e57ba6092d4f4ea9f8964d04a
gt-diagnostic-v2::endpoint_gt::synth_0020::seed_000,synth_0020,0,endpoint_gt,hair,Curls,large,comparable,A Portrait of boy at a park,A Portrait of boy with Curls hair at a park,core/data/partedit_subset/cases/synth_0020/source.png,core/data/partedit_subset/cases/synth_0020/gt_mask.png,core/results/gt_mask_diagnostic_v2/endpoint_gt/synth_0020/seed_000/img_0.jpg,True,,73b382e7e256fb486a34c43e860f3356e74a8394b565ec6729649e1d28ec4e99
gt-diagnostic-v2::rk2_auto::synth_0020::seed_000,synth_0020,0,rk2_auto,hair,Curls,large,comparable,A Portrait of boy at a park,A Portrait of boy with Curls hair at a park,core/data/partedit_subset/cases/synth_0020/source.png,core/data/partedit_subset/cases/synth_0020/gt_mask.png,core/results/heldout_control_comparison/residual_rk2/synth_0020/seed_000/img_0.jpg,True,,d766b88a1726578336f870b414e98f32c8022e0b0b8631e3d95ef1bc5d696cc7
gt-diagnostic-v2::rk2_gt::synth_0020::seed_000,synth_0020,0,rk2_gt,hair,Curls,large,comparable,A Portrait of boy at a park,A Portrait of boy with Curls hair at a park,core/data/partedit_subset/cases/synth_0020/source.png,core/data/partedit_subset/cases/synth_0020/gt_mask.png,core/results/gt_mask_diagnostic_v2/rk2_gt/synth_0020/seed_000/img_0.jpg,True,,ca7e6d291fc123ecfcdfac7f680f02d153b090801a3db66b29325098645b157f
gt-diagnostic-v2::rk2_n15_auto::synth_0020::seed_000,synth_0020,0,rk2_n15_auto,hair,Curls,large,comparable,A Portrait of boy at a park,A Portrait of boy with Curls hair at a park,core/data/partedit_subset/cases/synth_0020/source.png,core/data/partedit_subset/cases/synth_0020/gt_mask.png,core/results/gt_mask_diagnostic_v2/rk2_n15_auto/synth_0020/seed_000/img_0.jpg,True,,b7aa654b67304f1ae6f63472757bf93aff9ae7046798eda58b4c0d230b6d8cbc
gt-diagnostic-v2::rk2_n15_gt::synth_0020::seed_000,synth_0020,0,rk2_n15_gt,hair,Curls,large,comparable,A Portrait of boy at a park,A Portrait of boy with Curls hair at a park,core/data/partedit_subset/cases/synth_0020/source.png,core/data/partedit_subset/cases/synth_0020/gt_mask.png,core/results/gt_mask_diagnostic_v2/rk2_n15_gt/synth_0020/seed_000/img_0.jpg,True,,c97b7d21363289704060a0cb4c6dfc545500b80528b62f9f9f129fc80459bb9c
gt-diagnostic-v2::endpoint_auto::synth_0021::seed_000,synth_0021,0,endpoint_auto,hair,Afro,large,comparable,A Portrait of boy at a beach,A Portrait of boy with Afro hair at a beach,core/data/partedit_subset/cases/synth_0021/source.png,core/data/partedit_subset/cases/synth_0021/gt_mask.png,core/results/heldout_control_comparison/endpoint_projection/synth_0021/seed_000/img_0.jpg,True,,78c086324aa1fe7b0a4aa1921ec887d1f5d0eb0714bd0e4389fe60aea25cd338
gt-diagnostic-v2::endpoint_gt::synth_0021::seed_000,synth_0021,0,endpoint_gt,hair,Afro,large,comparable,A Portrait of boy at a beach,A Portrait of boy with Afro hair at a beach,core/data/partedit_subset/cases/synth_0021/source.png,core/data/partedit_subset/cases/synth_0021/gt_mask.png,core/results/gt_mask_diagnostic_v2/endpoint_gt/synth_0021/seed_000/img_0.jpg,True,,a0bf63222fb1c3c33b99261d3f79901b20cea8ee1bc5ad3d160e7d06bb118304
gt-diagnostic-v2::rk2_auto::synth_0021::seed_000,synth_0021,0,rk2_auto,hair,Afro,large,comparable,A Portrait of boy at a beach,A Portrait of boy with Afro hair at a beach,core/data/partedit_subset/cases/synth_0021/source.png,core/data/partedit_subset/cases/synth_0021/gt_mask.png,core/results/heldout_control_comparison/residual_rk2/synth_0021/seed_000/img_0.jpg,True,,75c204a730b4df8b248d3dc04b4d1f036d02cc0ce119a4b46ede2bc9b50c7d22
gt-diagnostic-v2::rk2_gt::synth_0021::seed_000,synth_0021,0,rk2_gt,hair,Afro,large,comparable,A Portrait of boy at a beach,A Portrait of boy with Afro hair at a beach,core/data/partedit_subset/cases/synth_0021/source.png,core/data/partedit_subset/cases/synth_0021/gt_mask.png,core/results/gt_mask_diagnostic_v2/rk2_gt/synth_0021/seed_000/img_0.jpg,True,,b425c1ad9ce0c89f3964d1e56305a85a0d72a6fd40c721a255891c18484c39dd
gt-diagnostic-v2::rk2_n15_auto::synth_0021::seed_000,synth_0021,0,rk2_n15_auto,hair,Afro,large,comparable,A Portrait of boy at a beach,A Portrait of boy with Afro hair at a beach,core/data/partedit_subset/cases/synth_0021/source.png,core/data/partedit_subset/cases/synth_0021/gt_mask.png,core/results/gt_mask_diagnostic_v2/rk2_n15_auto/synth_0021/seed_000/img_0.jpg,True,,bbf51c83422dde7574fcf981a72a298d4a67afe3898b19aa0ef73f835c1924b6
gt-diagnostic-v2::rk2_n15_gt::synth_0021::seed_000,synth_0021,0,rk2_n15_gt,hair,Afro,large,comparable,A Portrait of boy at a beach,A Portrait of boy with Afro hair at a beach,core/data/partedit_subset/cases/synth_0021/source.png,core/data/partedit_subset/cases/synth_0021/gt_mask.png,core/results/gt_mask_diagnostic_v2/rk2_n15_gt/synth_0021/seed_000/img_0.jpg,True,,faecc23d52a2549a59b1972f1a42e7e8537f692f06cc38ea0317d0d4a1c53c37
gt-diagnostic-v2::endpoint_auto::synth_0022::seed_000,synth_0022,0,endpoint_auto,hair,Kinky,medium,comparable,A Portrait of boy at a park,A Portrait of boy with Kinky hair at a park,core/data/partedit_subset/cases/synth_0022/source.png,core/data/partedit_subset/cases/synth_0022/gt_mask.png,core/results/heldout_control_comparison/endpoint_projection/synth_0022/seed_000/img_0.jpg,True,,3f975d89c6476c1914435f22d285b7c6cf639efbe58e66ad3195ddedd22ff62c
gt-diagnostic-v2::endpoint_gt::synth_0022::seed_000,synth_0022,0,endpoint_gt,hair,Kinky,medium,comparable,A Portrait of boy at a park,A Portrait of boy with Kinky hair at a park,core/data/partedit_subset/cases/synth_0022/source.png,core/data/partedit_subset/cases/synth_0022/gt_mask.png,core/results/gt_mask_diagnostic_v2/endpoint_gt/synth_0022/seed_000/img_0.jpg,True,,fe4be7517310fbb9c30a3b3875cafcd4a4df0b5ea5b7c10de8360c63a45d4753
gt-diagnostic-v2::rk2_auto::synth_0022::seed_000,synth_0022,0,rk2_auto,hair,Kinky,medium,comparable,A Portrait of boy at a park,A Portrait of boy with Kinky hair at a park,core/data/partedit_subset/cases/synth_0022/source.png,core/data/partedit_subset/cases/synth_0022/gt_mask.png,core/results/heldout_control_comparison/residual_rk2/synth_0022/seed_000/img_0.jpg,True,,7175f4f668c7ab1f9a4c4a747aaf17dc830e469659d0716659e819dc4cfd6542
gt-diagnostic-v2::rk2_gt::synth_0022::seed_000,synth_0022,0,rk2_gt,hair,Kinky,medium,comparable,A Portrait of boy at a park,A Portrait of boy with Kinky hair at a park,core/data/partedit_subset/cases/synth_0022/source.png,core/data/partedit_subset/cases/synth_0022/gt_mask.png,core/results/gt_mask_diagnostic_v2/rk2_gt/synth_0022/seed_000/img_0.jpg,True,,2518d7a0c63c6998b667a07895be1cfe1667a75e895273da061fc36f5d125f0f
gt-diagnostic-v2::rk2_n15_auto::synth_0022::seed_000,synth_0022,0,rk2_n15_auto,hair,Kinky,medium,comparable,A Portrait of boy at a park,A Portrait of boy with Kinky hair at a park,core/data/partedit_subset/cases/synth_0022/source.png,core/data/partedit_subset/cases/synth_0022/gt_mask.png,core/results/gt_mask_diagnostic_v2/rk2_n15_auto/synth_0022/seed_000/img_0.jpg,True,,c515aadff6661953503cc5ceb9690f6d081ace3a6ce6d2eecda2c648a69252ff
gt-diagnostic-v2::rk2_n15_gt::synth_0022::seed_000,synth_0022,0,rk2_n15_gt,hair,Kinky,medium,comparable,A Portrait of boy at a park,A Portrait of boy with Kinky hair at a park,core/data/partedit_subset/cases/synth_0022/source.png,core/data/partedit_subset/cases/synth_0022/gt_mask.png,core/results/gt_mask_diagnostic_v2/rk2_n15_gt/synth_0022/seed_000/img_0.jpg,True,,944fd28759c75c2cd090d91808c2d1879b4255133f1d15458e0d76344fbbb4c5
gt-diagnostic-v2::endpoint_auto::synth_0023::seed_000,synth_0023,0,endpoint_auto,hair,blond,small,comparable,A Portrait of man at a beach,A Portrait of man with blond hair at a beach,core/data/partedit_subset/cases/synth_0023/source.png,core/data/partedit_subset/cases/synth_0023/gt_mask.png,core/results/heldout_control_comparison/endpoint_projection/synth_0023/seed_000/img_0.jpg,True,,d9dd3b675f4bfbf8efd762c218bfc90c61b248d362443ebab169b8c679a52e30
gt-diagnostic-v2::endpoint_gt::synth_0023::seed_000,synth_0023,0,endpoint_gt,hair,blond,small,comparable,A Portrait of man at a beach,A Portrait of man with blond hair at a beach,core/data/partedit_subset/cases/synth_0023/source.png,core/data/partedit_subset/cases/synth_0023/gt_mask.png,core/results/gt_mask_diagnostic_v2/endpoint_gt/synth_0023/seed_000/img_0.jpg,True,,a41e21511027d9dd548553ae3f6074401748c6245a1d109013688b5c45e3ffb2
gt-diagnostic-v2::rk2_auto::synth_0023::seed_000,synth_0023,0,rk2_auto,hair,blond,small,comparable,A Portrait of man at a beach,A Portrait of man with blond hair at a beach,core/data/partedit_subset/cases/synth_0023/source.png,core/data/partedit_subset/cases/synth_0023/gt_mask.png,core/results/heldout_control_comparison/residual_rk2/synth_0023/seed_000/img_0.jpg,True,,369ad27a02a7a637f97347d375a49a2d20de98a79d71424c53b1f327d66b4803
gt-diagnostic-v2::rk2_gt::synth_0023::seed_000,synth_0023,0,rk2_gt,hair,blond,small,comparable,A Portrait of man at a beach,A Portrait of man with blond hair at a beach,core/data/partedit_subset/cases/synth_0023/source.png,core/data/partedit_subset/cases/synth_0023/gt_mask.png,core/results/gt_mask_diagnostic_v2/rk2_gt/synth_0023/seed_000/img_0.jpg,True,,541b5bcf59cfafdd863a49318993ebf453bd51549e33d520ecfae2407b68848e
gt-diagnostic-v2::rk2_n15_auto::synth_0023::seed_000,synth_0023,0,rk2_n15_auto,hair,blond,small,comparable,A Portrait of man at a beach,A Portrait of man with blond hair at a beach,core/data/partedit_subset/cases/synth_0023/source.png,core/data/partedit_subset/cases/synth_0023/gt_mask.png,core/results/gt_mask_diagnostic_v2/rk2_n15_auto/synth_0023/seed_000/img_0.jpg,True,,ff2f2374c373d19f4b96c2984747fc6746de0a9b87e8d1d190285296b0a746f9
gt-diagnostic-v2::rk2_n15_gt::synth_0023::seed_000,synth_0023,0,rk2_n15_gt,hair,blond,small,comparable,A Portrait of man at a beach,A Portrait of man with blond hair at a beach,core/data/partedit_subset/cases/synth_0023/source.png,core/data/partedit_subset/cases/synth_0023/gt_mask.png,core/results/gt_mask_diagnostic_v2/rk2_n15_gt/synth_0023/seed_000/img_0.jpg,True,,4c6002b892695a95eb8d932c4015d96f499255d82fe1952e30d1cb5a711f4b64
gt-diagnostic-v2::endpoint_auto::synth_0024::seed_000,synth_0024,0,endpoint_auto,hair,Curley,large,expansion,A Portrait of girl at a mountain,A Portrait of girl with Curley hair at a mountain,core/data/partedit_subset/cases/synth_0024/source.png,core/data/partedit_subset/cases/synth_0024/gt_mask.png,core/results/heldout_control_comparison/endpoint_projection/synth_0024/seed_000/img_0.jpg,True,,002c031c82c112dde543cfd7d008c284437e70599b37cb0de13d6c408cc4081b
gt-diagnostic-v2::endpoint_gt::synth_0024::seed_000,synth_0024,0,endpoint_gt,hair,Curley,large,expansion,A Portrait of girl at a mountain,A Portrait of girl with Curley hair at a mountain,core/data/partedit_subset/cases/synth_0024/source.png,core/data/partedit_subset/cases/synth_0024/gt_mask.png,core/results/gt_mask_diagnostic_v2/endpoint_gt/synth_0024/seed_000/img_0.jpg,True,,ae77a3f807d2e1deee34356f0a50b3879abd2549b8dfaa0d177893fc39db16f4
gt-diagnostic-v2::rk2_auto::synth_0024::seed_000,synth_0024,0,rk2_auto,hair,Curley,large,expansion,A Portrait of girl at a mountain,A Portrait of girl with Curley hair at a mountain,core/data/partedit_subset/cases/synth_0024/source.png,core/data/partedit_subset/cases/synth_0024/gt_mask.png,core/results/heldout_control_comparison/residual_rk2/synth_0024/seed_000/img_0.jpg,True,,7e5813e9923586268372128c855277ca80d0b5ee06444028eea7e747d719c7ec
gt-diagnostic-v2::rk2_gt::synth_0024::seed_000,synth_0024,0,rk2_gt,hair,Curley,large,expansion,A Portrait of girl at a mountain,A Portrait of girl with Curley hair at a mountain,core/data/partedit_subset/cases/synth_0024/source.png,core/data/partedit_subset/cases/synth_0024/gt_mask.png,core/results/gt_mask_diagnostic_v2/rk2_gt/synth_0024/seed_000/img_0.jpg,True,,9d192821f9be1e344f73211a29c3f30cdcfd7ba44462e72cbccf7659c29d4043
gt-diagnostic-v2::rk2_n15_auto::synth_0024::seed_000,synth_0024,0,rk2_n15_auto,hair,Curley,large,expansion,A Portrait of girl at a mountain,A Portrait of girl with Curley hair at a mountain,core/data/partedit_subset/cases/synth_0024/source.png,core/data/partedit_subset/cases/synth_0024/gt_mask.png,core/results/gt_mask_diagnostic_v2/rk2_n15_auto/synth_0024/seed_000/img_0.jpg,True,,7e614a99eb4f1296bcd5e016a013957926dece6d9bf9a9a5208ff713f026aade
gt-diagnostic-v2::rk2_n15_gt::synth_0024::seed_000,synth_0024,0,rk2_n15_gt,hair,Curley,large,expansion,A Portrait of girl at a mountain,A Portrait of girl with Curley hair at a mountain,core/data/partedit_subset/cases/synth_0024/source.png,core/data/partedit_subset/cases/synth_0024/gt_mask.png,core/results/gt_mask_diagnostic_v2/rk2_n15_gt/synth_0024/seed_000/img_0.jpg,True,,54dc661264e9a67e5a0eb59f8335433ebab749a1e359b38523f1dcb38279a493
gt-diagnostic-v2::endpoint_auto::synth_0025::seed_000,synth_0025,0,endpoint_auto,hair,Botticelli-Curls,medium,comparable,A Portrait of boy at a street,A Portrait of boy with Botticelli-Curls hair at a street,core/data/partedit_subset/cases/synth_0025/source.png,core/data/partedit_subset/cases/synth_0025/gt_mask.png,core/results/heldout_control_comparison/endpoint_projection/synth_0025/seed_000/img_0.jpg,True,,64fc377e5ab0adc30352a6e6039c78c58d9e2e4900735f260b8095af61828742
gt-diagnostic-v2::endpoint_gt::synth_0025::seed_000,synth_0025,0,endpoint_gt,hair,Botticelli-Curls,medium,comparable,A Portrait of boy at a street,A Portrait of boy with Botticelli-Curls hair at a street,core/data/partedit_subset/cases/synth_0025/source.png,core/data/partedit_subset/cases/synth_0025/gt_mask.png,core/results/gt_mask_diagnostic_v2/endpoint_gt/synth_0025/seed_000/img_0.jpg,True,,dbf432c24cd606be529d009ef65ce5815445c53e48c1ba81dcdb15408541ee0b
gt-diagnostic-v2::rk2_auto::synth_0025::seed_000,synth_0025,0,rk2_auto,hair,Botticelli-Curls,medium,comparable,A Portrait of boy at a street,A Portrait of boy with Botticelli-Curls hair at a street,core/data/partedit_subset/cases/synth_0025/source.png,core/data/partedit_subset/cases/synth_0025/gt_mask.png,core/results/heldout_control_comparison/residual_rk2/synth_0025/seed_000/img_0.jpg,True,,9e7bf5358aa9378681b9b23bee03abea66553b9a15affaf1a89035f634c3ccc7
gt-diagnostic-v2::rk2_gt::synth_0025::seed_000,synth_0025,0,rk2_gt,hair,Botticelli-Curls,medium,comparable,A Portrait of boy at a street,A Portrait of boy with Botticelli-Curls hair at a street,core/data/partedit_subset/cases/synth_0025/source.png,core/data/partedit_subset/cases/synth_0025/gt_mask.png,core/results/gt_mask_diagnostic_v2/rk2_gt/synth_0025/seed_000/img_0.jpg,True,,85971ec7d9602113bc22603bf44a481c16065b78a70812fbd72206583a35a707
gt-diagnostic-v2::rk2_n15_auto::synth_0025::seed_000,synth_0025,0,rk2_n15_auto,hair,Botticelli-Curls,medium,comparable,A Portrait of boy at a street,A Portrait of boy with Botticelli-Curls hair at a street,core/data/partedit_subset/cases/synth_0025/source.png,core/data/partedit_subset/cases/synth_0025/gt_mask.png,core/results/gt_mask_diagnostic_v2/rk2_n15_auto/synth_0025/seed_000/img_0.jpg,True,,c7ae0dbb6b57e2a5964021ee5c0a326b3a06fd556e59e109d0cfa7a5036e7795
gt-diagnostic-v2::rk2_n15_gt::synth_0025::seed_000,synth_0025,0,rk2_n15_gt,hair,Botticelli-Curls,medium,comparable,A Portrait of boy at a street,A Portrait of boy with Botticelli-Curls hair at a street,core/data/partedit_subset/cases/synth_0025/source.png,core/data/partedit_subset/cases/synth_0025/gt_mask.png,core/results/gt_mask_diagnostic_v2/rk2_n15_gt/synth_0025/seed_000/img_0.jpg,True,,f08362727683ea5f50a059554633419d0f71cb3625ba4fb70e0d6f6b8ed25f55
gt-diagnostic-v2::endpoint_auto::synth_0026::seed_000,synth_0026,0,endpoint_auto,hair,Curls,small,expansion,A Portrait of man at a house,A Portrait of man with Curls hair at a house,core/data/partedit_subset/cases/synth_0026/source.png,core/data/partedit_subset/cases/synth_0026/gt_mask.png,core/results/heldout_control_comparison/endpoint_projection/synth_0026/seed_000/img_0.jpg,True,,05efe80372b07745ae794674ba2a50fa974dfa7705304ca8465d4690a1876c18
gt-diagnostic-v2::endpoint_gt::synth_0026::seed_000,synth_0026,0,endpoint_gt,hair,Curls,small,expansion,A Portrait of man at a house,A Portrait of man with Curls hair at a house,core/data/partedit_subset/cases/synth_0026/source.png,core/data/partedit_subset/cases/synth_0026/gt_mask.png,core/results/gt_mask_diagnostic_v2/endpoint_gt/synth_0026/seed_000/img_0.jpg,True,,5c06ba1e323c6fce67be82337e3b198b87f709485025644f50348e9c9331e4f7
gt-diagnostic-v2::rk2_auto::synth_0026::seed_000,synth_0026,0,rk2_auto,hair,Curls,small,expansion,A Portrait of man at a house,A Portrait of man with Curls hair at a house,core/data/partedit_subset/cases/synth_0026/source.png,core/data/partedit_subset/cases/synth_0026/gt_mask.png,core/results/heldout_control_comparison/residual_rk2/synth_0026/seed_000/img_0.jpg,True,,f1af3de5c19cd949d715f7657f725f769219833b9abc39a698a808435d79a515
gt-diagnostic-v2::rk2_gt::synth_0026::seed_000,synth_0026,0,rk2_gt,hair,Curls,small,expansion,A Portrait of man at a house,A Portrait of man with Curls hair at a house,core/data/partedit_subset/cases/synth_0026/source.png,core/data/partedit_subset/cases/synth_0026/gt_mask.png,core/results/gt_mask_diagnostic_v2/rk2_gt/synth_0026/seed_000/img_0.jpg,True,,8018f90134e4802931445c89316a0b64a0ead10143cb6fbba721c7b07a9e8bfe
gt-diagnostic-v2::rk2_n15_auto::synth_0026::seed_000,synth_0026,0,rk2_n15_auto,hair,Curls,small,expansion,A Portrait of man at a house,A Portrait of man with Curls hair at a house,core/data/partedit_subset/cases/synth_0026/source.png,core/data/partedit_subset/cases/synth_0026/gt_mask.png,core/results/gt_mask_diagnostic_v2/rk2_n15_auto/synth_0026/seed_000/img_0.jpg,True,,db51e0a551b9a8978da1b84c53f161244cd48ac392ea8d62762aa2545273482a
gt-diagnostic-v2::rk2_n15_gt::synth_0026::seed_000,synth_0026,0,rk2_n15_gt,hair,Curls,small,expansion,A Portrait of man at a house,A Portrait of man with Curls hair at a house,core/data/partedit_subset/cases/synth_0026/source.png,core/data/partedit_subset/cases/synth_0026/gt_mask.png,core/results/gt_mask_diagnostic_v2/rk2_n15_gt/synth_0026/seed_000/img_0.jpg,True,,5c88072254c90f8980feb9e2938412ecb7c60833773febcff19d94fe6567d4c0
gt-diagnostic-v2::endpoint_auto::synth_0027::seed_000,synth_0027,0,endpoint_auto,hair,Curls,large,comparable,A Portrait of woman at a school,A Portrait of woman with Curls hair at a school,core/data/partedit_subset/cases/synth_0027/source.png,core/data/partedit_subset/cases/synth_0027/gt_mask.png,core/results/heldout_control_comparison/endpoint_projection/synth_0027/seed_000/img_0.jpg,True,,fbef9afbcab16a31ea7db07ec86ff72167057156678932b1c3928b2d69b0e1fd
gt-diagnostic-v2::endpoint_gt::synth_0027::seed_000,synth_0027,0,endpoint_gt,hair,Curls,large,comparable,A Portrait of woman at a school,A Portrait of woman with Curls hair at a school,core/data/partedit_subset/cases/synth_0027/source.png,core/data/partedit_subset/cases/synth_0027/gt_mask.png,core/results/gt_mask_diagnostic_v2/endpoint_gt/synth_0027/seed_000/img_0.jpg,True,,066ff1de0e529896d1eb491c91b8cd4de47ea114247259a6f344daf8bf22b57a
gt-diagnostic-v2::rk2_auto::synth_0027::seed_000,synth_0027,0,rk2_auto,hair,Curls,large,comparable,A Portrait of woman at a school,A Portrait of woman with Curls hair at a school,core/data/partedit_subset/cases/synth_0027/source.png,core/data/partedit_subset/cases/synth_0027/gt_mask.png,core/results/heldout_control_comparison/residual_rk2/synth_0027/seed_000/img_0.jpg,True,,379fac52db743455c50e2d369a9cd5f180123cc31f21bf5b1cf43259a2f45fa5
gt-diagnostic-v2::rk2_gt::synth_0027::seed_000,synth_0027,0,rk2_gt,hair,Curls,large,comparable,A Portrait of woman at a school,A Portrait of woman with Curls hair at a school,core/data/partedit_subset/cases/synth_0027/source.png,core/data/partedit_subset/cases/synth_0027/gt_mask.png,core/results/gt_mask_diagnostic_v2/rk2_gt/synth_0027/seed_000/img_0.jpg,True,,b3fcbbb6599b66bd0fb5f997c745685fb18b0636b1ac518d2f8703a1629fe010
gt-diagnostic-v2::rk2_n15_auto::synth_0027::seed_000,synth_0027,0,rk2_n15_auto,hair,Curls,large,comparable,A Portrait of woman at a school,A Portrait of woman with Curls hair at a school,core/data/partedit_subset/cases/synth_0027/source.png,core/data/partedit_subset/cases/synth_0027/gt_mask.png,core/results/gt_mask_diagnostic_v2/rk2_n15_auto/synth_0027/seed_000/img_0.jpg,True,,f69a8bbfc8a6ead6934a1a0541d9ce8c95031c33842a0e250b6e744ebcdc2332
gt-diagnostic-v2::rk2_n15_gt::synth_0027::seed_000,synth_0027,0,rk2_n15_gt,hair,Curls,large,comparable,A Portrait of woman at a school,A Portrait of woman with Curls hair at a school,core/data/partedit_subset/cases/synth_0027/source.png,core/data/partedit_subset/cases/synth_0027/gt_mask.png,core/results/gt_mask_diagnostic_v2/rk2_n15_gt/synth_0027/seed_000/img_0.jpg,True,,7a93849069c6ae977b4169ec86c8d18d3fda575732919caf4ae2809803babbd4
gt-diagnostic-v2::endpoint_auto::synth_0028::seed_000,synth_0028,0,endpoint_auto,head,dragon,small,comparable,A cow at a restaurant,A cow with dragon head at a restaurant,core/data/partedit_subset/cases/synth_0028/source.png,core/data/partedit_subset/cases/synth_0028/gt_mask.png,core/results/heldout_control_comparison/endpoint_projection/synth_0028/seed_000/img_0.jpg,True,,240d02991ef6196c5e72622bb5b4e921c153db54711235c745c0c674c556fbd7
gt-diagnostic-v2::endpoint_gt::synth_0028::seed_000,synth_0028,0,endpoint_gt,head,dragon,small,comparable,A cow at a restaurant,A cow with dragon head at a restaurant,core/data/partedit_subset/cases/synth_0028/source.png,core/data/partedit_subset/cases/synth_0028/gt_mask.png,core/results/gt_mask_diagnostic_v2/endpoint_gt/synth_0028/seed_000/img_0.jpg,True,,4f6c581fe60ae348f17007866570df04582fd4b867262003a75147974cd486aa
gt-diagnostic-v2::rk2_auto::synth_0028::seed_000,synth_0028,0,rk2_auto,head,dragon,small,comparable,A cow at a restaurant,A cow with dragon head at a restaurant,core/data/partedit_subset/cases/synth_0028/source.png,core/data/partedit_subset/cases/synth_0028/gt_mask.png,core/results/heldout_control_comparison/residual_rk2/synth_0028/seed_000/img_0.jpg,True,,c1b1764ea1f948674db246ae4b4780167392aeb0a7e8584e95cb3307cf9831a4
gt-diagnostic-v2::rk2_gt::synth_0028::seed_000,synth_0028,0,rk2_gt,head,dragon,small,comparable,A cow at a restaurant,A cow with dragon head at a restaurant,core/data/partedit_subset/cases/synth_0028/source.png,core/data/partedit_subset/cases/synth_0028/gt_mask.png,core/results/gt_mask_diagnostic_v2/rk2_gt/synth_0028/seed_000/img_0.jpg,True,,b8c95e82052fc3e9d35c7cbd4830dd8b002d62f2a35e51a80bef8df8ff46f6a0
gt-diagnostic-v2::rk2_n15_auto::synth_0028::seed_000,synth_0028,0,rk2_n15_auto,head,dragon,small,comparable,A cow at a restaurant,A cow with dragon head at a restaurant,core/data/partedit_subset/cases/synth_0028/source.png,core/data/partedit_subset/cases/synth_0028/gt_mask.png,core/results/gt_mask_diagnostic_v2/rk2_n15_auto/synth_0028/seed_000/img_0.jpg,True,,6c24bc5287dab452a6288579ae3a06dde35b3194c2a4c56a2990ca851720c049
gt-diagnostic-v2::rk2_n15_gt::synth_0028::seed_000,synth_0028,0,rk2_n15_gt,head,dragon,small,comparable,A cow at a restaurant,A cow with dragon head at a restaurant,core/data/partedit_subset/cases/synth_0028/source.png,core/data/partedit_subset/cases/synth_0028/gt_mask.png,core/results/gt_mask_diagnostic_v2/rk2_n15_gt/synth_0028/seed_000/img_0.jpg,True,,149354082fbfeda1728724a22d89def4a07188d8bcff12b473b56b61c93da0c4
gt-diagnostic-v2::endpoint_auto::synth_0029::seed_000,synth_0029,0,endpoint_auto,head,lion,small,expansion,A dog at a pool,A dog with lion head at a pool,core/data/partedit_subset/cases/synth_0029/source.png,core/data/partedit_subset/cases/synth_0029/gt_mask.png,core/results/heldout_control_comparison/endpoint_projection/synth_0029/seed_000/img_0.jpg,True,,9888ab9ccab6ffd741716f999665e9ecc45f4a9607337999173ec083c2bd063c
gt-diagnostic-v2::endpoint_gt::synth_0029::seed_000,synth_0029,0,endpoint_gt,head,lion,small,expansion,A dog at a pool,A dog with lion head at a pool,core/data/partedit_subset/cases/synth_0029/source.png,core/data/partedit_subset/cases/synth_0029/gt_mask.png,core/results/gt_mask_diagnostic_v2/endpoint_gt/synth_0029/seed_000/img_0.jpg,True,,5a3d20215ba3d703632fd8dbdd7b5bbcb49cca23e1b0ac9c0eaf1a873dcc2c0b
gt-diagnostic-v2::rk2_auto::synth_0029::seed_000,synth_0029,0,rk2_auto,head,lion,small,expansion,A dog at a pool,A dog with lion head at a pool,core/data/partedit_subset/cases/synth_0029/source.png,core/data/partedit_subset/cases/synth_0029/gt_mask.png,core/results/heldout_control_comparison/residual_rk2/synth_0029/seed_000/img_0.jpg,True,,25011f7d449388bb7543c2250d7c7b1ec9989e8391ebe7ab8740286427df6c87
gt-diagnostic-v2::rk2_gt::synth_0029::seed_000,synth_0029,0,rk2_gt,head,lion,small,expansion,A dog at a pool,A dog with lion head at a pool,core/data/partedit_subset/cases/synth_0029/source.png,core/data/partedit_subset/cases/synth_0029/gt_mask.png,core/results/gt_mask_diagnostic_v2/rk2_gt/synth_0029/seed_000/img_0.jpg,True,,462a79e6fb00434f748abde86a7d3ad064d2ff4dcf536669eb2ca615e79ade49
gt-diagnostic-v2::rk2_n15_auto::synth_0029::seed_000,synth_0029,0,rk2_n15_auto,head,lion,small,expansion,A dog at a pool,A dog with lion head at a pool,core/data/partedit_subset/cases/synth_0029/source.png,core/data/partedit_subset/cases/synth_0029/gt_mask.png,core/results/gt_mask_diagnostic_v2/rk2_n15_auto/synth_0029/seed_000/img_0.jpg,True,,ff6e41859dd9585414969f571ac6d57dec214142d45f9705628a1e60136eda63
gt-diagnostic-v2::rk2_n15_gt::synth_0029::seed_000,synth_0029,0,rk2_n15_gt,head,lion,small,expansion,A dog at a pool,A dog with lion head at a pool,core/data/partedit_subset/cases/synth_0029/source.png,core/data/partedit_subset/cases/synth_0029/gt_mask.png,core/results/gt_mask_diagnostic_v2/rk2_n15_gt/synth_0029/seed_000/img_0.jpg,True,,5f1e10596ce96ed2e1289951792d3537099ad4f85b841eb53b0e67c1376e8518
gt-diagnostic-v2::endpoint_auto::synth_0030::seed_000,synth_0030,0,endpoint_auto,head,dog,small,contraction,A bear at a jungle,A bear with dog head at a jungle,core/data/partedit_subset/cases/synth_0030/source.png,core/data/partedit_subset/cases/synth_0030/gt_mask.png,core/results/heldout_control_comparison/endpoint_projection/synth_0030/seed_000/img_0.jpg,True,,fdcc88464fdc7727bb87eb96bd774b09fa60307fcfc0bddac2466f43afd677ac
gt-diagnostic-v2::endpoint_gt::synth_0030::seed_000,synth_0030,0,endpoint_gt,head,dog,small,contraction,A bear at a jungle,A bear with dog head at a jungle,core/data/partedit_subset/cases/synth_0030/source.png,core/data/partedit_subset/cases/synth_0030/gt_mask.png,core/results/gt_mask_diagnostic_v2/endpoint_gt/synth_0030/seed_000/img_0.jpg,True,,57bdcf133ee2894cafb82286090f3641267a57421472c016c91c833fbac187b4
gt-diagnostic-v2::rk2_auto::synth_0030::seed_000,synth_0030,0,rk2_auto,head,dog,small,contraction,A bear at a jungle,A bear with dog head at a jungle,core/data/partedit_subset/cases/synth_0030/source.png,core/data/partedit_subset/cases/synth_0030/gt_mask.png,core/results/heldout_control_comparison/residual_rk2/synth_0030/seed_000/img_0.jpg,True,,b6f6c8ea983450715f8eeeaab98d2ee2223d0ebfd8fd35ad765dacf78a12a0a6
gt-diagnostic-v2::rk2_gt::synth_0030::seed_000,synth_0030,0,rk2_gt,head,dog,small,contraction,A bear at a jungle,A bear with dog head at a jungle,core/data/partedit_subset/cases/synth_0030/source.png,core/data/partedit_subset/cases/synth_0030/gt_mask.png,core/results/gt_mask_diagnostic_v2/rk2_gt/synth_0030/seed_000/img_0.jpg,True,,8912960e3eeb4975548378320164ca2193ef467117ac6883d239252f4c002a7a
gt-diagnostic-v2::rk2_n15_auto::synth_0030::seed_000,synth_0030,0,rk2_n15_auto,head,dog,small,contraction,A bear at a jungle,A bear with dog head at a jungle,core/data/partedit_subset/cases/synth_0030/source.png,core/data/partedit_subset/cases/synth_0030/gt_mask.png,core/results/gt_mask_diagnostic_v2/rk2_n15_auto/synth_0030/seed_000/img_0.jpg,True,,698f7d4e8352b9328aa1ddeee51a7addf8c0e934f5fe74a0b4463f33ffbae094
gt-diagnostic-v2::rk2_n15_gt::synth_0030::seed_000,synth_0030,0,rk2_n15_gt,head,dog,small,contraction,A bear at a jungle,A bear with dog head at a jungle,core/data/partedit_subset/cases/synth_0030/source.png,core/data/partedit_subset/cases/synth_0030/gt_mask.png,core/results/gt_mask_diagnostic_v2/rk2_n15_gt/synth_0030/seed_000/img_0.jpg,True,,c610440aea2852e78830ef7f292fc5780f311a6afb7c27c0cc81767ad119f9f6
gt-diagnostic-v2::endpoint_auto::synth_0031::seed_000,synth_0031,0,endpoint_auto,head,dragon,medium,expansion,A horse at a jungle,A horse with dragon head at a jungle,core/data/partedit_subset/cases/synth_0031/source.png,core/data/partedit_subset/cases/synth_0031/gt_mask.png,core/results/heldout_control_comparison/endpoint_projection/synth_0031/seed_000/img_0.jpg,True,,8db3e31382320ca68de874f5528508386335c601ea0af05b05ea04e2f5baa74f
gt-diagnostic-v2::endpoint_gt::synth_0031::seed_000,synth_0031,0,endpoint_gt,head,dragon,medium,expansion,A horse at a jungle,A horse with dragon head at a jungle,core/data/partedit_subset/cases/synth_0031/source.png,core/data/partedit_subset/cases/synth_0031/gt_mask.png,core/results/gt_mask_diagnostic_v2/endpoint_gt/synth_0031/seed_000/img_0.jpg,True,,5184bee927e1e89c48eeb7b3168dc4a4a590c532b097e83b76192b142d1fe5d3
gt-diagnostic-v2::rk2_auto::synth_0031::seed_000,synth_0031,0,rk2_auto,head,dragon,medium,expansion,A horse at a jungle,A horse with dragon head at a jungle,core/data/partedit_subset/cases/synth_0031/source.png,core/data/partedit_subset/cases/synth_0031/gt_mask.png,core/results/heldout_control_comparison/residual_rk2/synth_0031/seed_000/img_0.jpg,True,,0f105094eac83f0e768ed557e22e8650d0d64e7842dd5c03b6404c76f3b5c223
gt-diagnostic-v2::rk2_gt::synth_0031::seed_000,synth_0031,0,rk2_gt,head,dragon,medium,expansion,A horse at a jungle,A horse with dragon head at a jungle,core/data/partedit_subset/cases/synth_0031/source.png,core/data/partedit_subset/cases/synth_0031/gt_mask.png,core/results/gt_mask_diagnostic_v2/rk2_gt/synth_0031/seed_000/img_0.jpg,True,,87cdf2bec6205e53347f1e19f588b1fd8c50e0ed482a7e5f8b98741fb74918e2
gt-diagnostic-v2::rk2_n15_auto::synth_0031::seed_000,synth_0031,0,rk2_n15_auto,head,dragon,medium,expansion,A horse at a jungle,A horse with dragon head at a jungle,core/data/partedit_subset/cases/synth_0031/source.png,core/data/partedit_subset/cases/synth_0031/gt_mask.png,core/results/gt_mask_diagnostic_v2/rk2_n15_auto/synth_0031/seed_000/img_0.jpg,True,,ff5b787137cde335b30befd7b950c4e643e03e140c5ba57d6bb53b4dbbfbe76a
gt-diagnostic-v2::rk2_n15_gt::synth_0031::seed_000,synth_0031,0,rk2_n15_gt,head,dragon,medium,expansion,A horse at a jungle,A horse with dragon head at a jungle,core/data/partedit_subset/cases/synth_0031/source.png,core/data/partedit_subset/cases/synth_0031/gt_mask.png,core/results/gt_mask_diagnostic_v2/rk2_n15_gt/synth_0031/seed_000/img_0.jpg,True,,39446eaec433dc2473ace497ff37c77511019e6fe32309fbbe0e1e69d62bc495
gt-diagnostic-v2::endpoint_auto::synth_0032::seed_000,synth_0032,0,endpoint_auto,head,dragon,small,expansion,A cat at a desert,A cat with dragon head at a desert,core/data/partedit_subset/cases/synth_0032/source.png,core/data/partedit_subset/cases/synth_0032/gt_mask.png,core/results/heldout_control_comparison/endpoint_projection/synth_0032/seed_000/img_0.jpg,True,,9dc39099c07a2e91e91503b4dc1772f4b8b022748f3956a8c5e276bfa95da4d9
gt-diagnostic-v2::endpoint_gt::synth_0032::seed_000,synth_0032,0,endpoint_gt,head,dragon,small,expansion,A cat at a desert,A cat with dragon head at a desert,core/data/partedit_subset/cases/synth_0032/source.png,core/data/partedit_subset/cases/synth_0032/gt_mask.png,core/results/gt_mask_diagnostic_v2/endpoint_gt/synth_0032/seed_000/img_0.jpg,True,,963d3fa6da3a2940c07df46581cbef15672874fe4ee866c3f762a2841173355f
gt-diagnostic-v2::rk2_auto::synth_0032::seed_000,synth_0032,0,rk2_auto,head,dragon,small,expansion,A cat at a desert,A cat with dragon head at a desert,core/data/partedit_subset/cases/synth_0032/source.png,core/data/partedit_subset/cases/synth_0032/gt_mask.png,core/results/heldout_control_comparison/residual_rk2/synth_0032/seed_000/img_0.jpg,True,,d1ad2aa96989835982a40fc7ec178d439f030d7d515a13f180635532f4496437
gt-diagnostic-v2::rk2_gt::synth_0032::seed_000,synth_0032,0,rk2_gt,head,dragon,small,expansion,A cat at a desert,A cat with dragon head at a desert,core/data/partedit_subset/cases/synth_0032/source.png,core/data/partedit_subset/cases/synth_0032/gt_mask.png,core/results/gt_mask_diagnostic_v2/rk2_gt/synth_0032/seed_000/img_0.jpg,True,,11e9fb0017f20c673c31ed5f318b439080bbd47168ead6bdd37927ccb05234d3
gt-diagnostic-v2::rk2_n15_auto::synth_0032::seed_000,synth_0032,0,rk2_n15_auto,head,dragon,small,expansion,A cat at a desert,A cat with dragon head at a desert,core/data/partedit_subset/cases/synth_0032/source.png,core/data/partedit_subset/cases/synth_0032/gt_mask.png,core/results/gt_mask_diagnostic_v2/rk2_n15_auto/synth_0032/seed_000/img_0.jpg,True,,2bcd5a8484feb59ddb45aab8fdee2dc933c0b67d3cc162cad5d38db58c89140c
gt-diagnostic-v2::rk2_n15_gt::synth_0032::seed_000,synth_0032,0,rk2_n15_gt,head,dragon,small,expansion,A cat at a desert,A cat with dragon head at a desert,core/data/partedit_subset/cases/synth_0032/source.png,core/data/partedit_subset/cases/synth_0032/gt_mask.png,core/results/gt_mask_diagnostic_v2/rk2_n15_gt/synth_0032/seed_000/img_0.jpg,True,,800d32e7a2f565179556994b8bf66334052a15979832a9fc249da60494a3646c
gt-diagnostic-v2::endpoint_auto::synth_0033::seed_000,synth_0033,0,endpoint_auto,head,cat,medium,comparable,A dog at a restaurant,A dog with cat head at a restaurant,core/data/partedit_subset/cases/synth_0033/source.png,core/data/partedit_subset/cases/synth_0033/gt_mask.png,core/results/heldout_control_comparison/endpoint_projection/synth_0033/seed_000/img_0.jpg,True,,b2bcaf98036c2ca1326af58a0936f1a8c673bab9de43835362b127272a20b23a
gt-diagnostic-v2::endpoint_gt::synth_0033::seed_000,synth_0033,0,endpoint_gt,head,cat,medium,comparable,A dog at a restaurant,A dog with cat head at a restaurant,core/data/partedit_subset/cases/synth_0033/source.png,core/data/partedit_subset/cases/synth_0033/gt_mask.png,core/results/gt_mask_diagnostic_v2/endpoint_gt/synth_0033/seed_000/img_0.jpg,True,,a4fc1dd9a75327d37461caa5bd6d0d1d906fc0bdd711cf84e691c3cac0e00f72
gt-diagnostic-v2::rk2_auto::synth_0033::seed_000,synth_0033,0,rk2_auto,head,cat,medium,comparable,A dog at a restaurant,A dog with cat head at a restaurant,core/data/partedit_subset/cases/synth_0033/source.png,core/data/partedit_subset/cases/synth_0033/gt_mask.png,core/results/heldout_control_comparison/residual_rk2/synth_0033/seed_000/img_0.jpg,True,,e7d5f7de6613ab27f55f52ceaa7d872d6502222fe4cbbe265da94cdd97bba01b
gt-diagnostic-v2::rk2_gt::synth_0033::seed_000,synth_0033,0,rk2_gt,head,cat,medium,comparable,A dog at a restaurant,A dog with cat head at a restaurant,core/data/partedit_subset/cases/synth_0033/source.png,core/data/partedit_subset/cases/synth_0033/gt_mask.png,core/results/gt_mask_diagnostic_v2/rk2_gt/synth_0033/seed_000/img_0.jpg,True,,3a11580756824cb15fbb1b1c7781da986e47516832a3eae30851ecf9434730e2
gt-diagnostic-v2::rk2_n15_auto::synth_0033::seed_000,synth_0033,0,rk2_n15_auto,head,cat,medium,comparable,A dog at a restaurant,A dog with cat head at a restaurant,core/data/partedit_subset/cases/synth_0033/source.png,core/data/partedit_subset/cases/synth_0033/gt_mask.png,core/results/gt_mask_diagnostic_v2/rk2_n15_auto/synth_0033/seed_000/img_0.jpg,True,,497ed4868e70254a4edaa79cfa537e621a50bb13f53feaa0b7445d77a7434e56
gt-diagnostic-v2::rk2_n15_gt::synth_0033::seed_000,synth_0033,0,rk2_n15_gt,head,cat,medium,comparable,A dog at a restaurant,A dog with cat head at a restaurant,core/data/partedit_subset/cases/synth_0033/source.png,core/data/partedit_subset/cases/synth_0033/gt_mask.png,core/results/gt_mask_diagnostic_v2/rk2_n15_gt/synth_0033/seed_000/img_0.jpg,True,,d3baf78859f0df9439ef426e99d912144af735ed20cd36285b646a1caaeb2a2a
gt-diagnostic-v2::endpoint_auto::synth_0034::seed_000,synth_0034,0,endpoint_auto,head,unicorn,small,expansion,A dog at a mountain,A dog with unicorn head at a mountain,core/data/partedit_subset/cases/synth_0034/source.png,core/data/partedit_subset/cases/synth_0034/gt_mask.png,core/results/heldout_control_comparison/endpoint_projection/synth_0034/seed_000/img_0.jpg,True,,71ed3858eb60ddc7f54ca58be93f3ce01c8785b531cd8e4fadb25fe044f8ea65
gt-diagnostic-v2::endpoint_gt::synth_0034::seed_000,synth_0034,0,endpoint_gt,head,unicorn,small,expansion,A dog at a mountain,A dog with unicorn head at a mountain,core/data/partedit_subset/cases/synth_0034/source.png,core/data/partedit_subset/cases/synth_0034/gt_mask.png,core/results/gt_mask_diagnostic_v2/endpoint_gt/synth_0034/seed_000/img_0.jpg,True,,460e187cf9fe57619464a294df9944b00c35db7071be38fe98dadb6d3444bf6b
gt-diagnostic-v2::rk2_auto::synth_0034::seed_000,synth_0034,0,rk2_auto,head,unicorn,small,expansion,A dog at a mountain,A dog with unicorn head at a mountain,core/data/partedit_subset/cases/synth_0034/source.png,core/data/partedit_subset/cases/synth_0034/gt_mask.png,core/results/heldout_control_comparison/residual_rk2/synth_0034/seed_000/img_0.jpg,True,,9828cefe9481f845fa9b96603591b322d241eacf39d871179fd188e58ffcbb07
gt-diagnostic-v2::rk2_gt::synth_0034::seed_000,synth_0034,0,rk2_gt,head,unicorn,small,expansion,A dog at a mountain,A dog with unicorn head at a mountain,core/data/partedit_subset/cases/synth_0034/source.png,core/data/partedit_subset/cases/synth_0034/gt_mask.png,core/results/gt_mask_diagnostic_v2/rk2_gt/synth_0034/seed_000/img_0.jpg,True,,7788e7d84535019af8bec35cca6f8433bf29eef88c3fa04a418b2cc3b500dec3
gt-diagnostic-v2::rk2_n15_auto::synth_0034::seed_000,synth_0034,0,rk2_n15_auto,head,unicorn,small,expansion,A dog at a mountain,A dog with unicorn head at a mountain,core/data/partedit_subset/cases/synth_0034/source.png,core/data/partedit_subset/cases/synth_0034/gt_mask.png,core/results/gt_mask_diagnostic_v2/rk2_n15_auto/synth_0034/seed_000/img_0.jpg,True,,3c64ed88418f46653ec281280f053fffd6d3a9a4806a05b32150be5861e22c2f
gt-diagnostic-v2::rk2_n15_gt::synth_0034::seed_000,synth_0034,0,rk2_n15_gt,head,unicorn,small,expansion,A dog at a mountain,A dog with unicorn head at a mountain,core/data/partedit_subset/cases/synth_0034/source.png,core/data/partedit_subset/cases/synth_0034/gt_mask.png,core/results/gt_mask_diagnostic_v2/rk2_n15_gt/synth_0034/seed_000/img_0.jpg,True,,1d5d7a6da5220cb12defc3f1af23f0b5df8a73c45cf40fe7e66fec48fbc8fa56
gt-diagnostic-v2::endpoint_auto::synth_0035::seed_000,synth_0035,0,endpoint_auto,head,cheetah,small,expansion,A cat at a museum,A cat with cheetah head at a museum,core/data/partedit_subset/cases/synth_0035/source.png,core/data/partedit_subset/cases/synth_0035/gt_mask.png,core/results/heldout_control_comparison/endpoint_projection/synth_0035/seed_000/img_0.jpg,True,,e3707d893f25b30a5d0f42d592a8de6ecb3413419008df500dbc165479056151
gt-diagnostic-v2::endpoint_gt::synth_0035::seed_000,synth_0035,0,endpoint_gt,head,cheetah,small,expansion,A cat at a museum,A cat with cheetah head at a museum,core/data/partedit_subset/cases/synth_0035/source.png,core/data/partedit_subset/cases/synth_0035/gt_mask.png,core/results/gt_mask_diagnostic_v2/endpoint_gt/synth_0035/seed_000/img_0.jpg,True,,f92b785fd4e36a7fe9a154c0a738ee7bfc05f337ace6ab3b1c0e0746df1f51ef
gt-diagnostic-v2::rk2_auto::synth_0035::seed_000,synth_0035,0,rk2_auto,head,cheetah,small,expansion,A cat at a museum,A cat with cheetah head at a museum,core/data/partedit_subset/cases/synth_0035/source.png,core/data/partedit_subset/cases/synth_0035/gt_mask.png,core/results/heldout_control_comparison/residual_rk2/synth_0035/seed_000/img_0.jpg,True,,1bbce23108f4def97e1922df1cb8f6e073edc33297180d9f9df2554f0ae6a65f
gt-diagnostic-v2::rk2_gt::synth_0035::seed_000,synth_0035,0,rk2_gt,head,cheetah,small,expansion,A cat at a museum,A cat with cheetah head at a museum,core/data/partedit_subset/cases/synth_0035/source.png,core/data/partedit_subset/cases/synth_0035/gt_mask.png,core/results/gt_mask_diagnostic_v2/rk2_gt/synth_0035/seed_000/img_0.jpg,True,,9138bf88c0b1233c4005df843bbcab9129a8806b1ae6c9d157e051169eae4d87
gt-diagnostic-v2::rk2_n15_auto::synth_0035::seed_000,synth_0035,0,rk2_n15_auto,head,cheetah,small,expansion,A cat at a museum,A cat with cheetah head at a museum,core/data/partedit_subset/cases/synth_0035/source.png,core/data/partedit_subset/cases/synth_0035/gt_mask.png,core/results/gt_mask_diagnostic_v2/rk2_n15_auto/synth_0035/seed_000/img_0.jpg,True,,54cf113c136ee4aec0346996bd196b3efd32dcb397e4f5611859023e32f8488c
gt-diagnostic-v2::rk2_n15_gt::synth_0035::seed_000,synth_0035,0,rk2_n15_gt,head,cheetah,small,expansion,A cat at a museum,A cat with cheetah head at a museum,core/data/partedit_subset/cases/synth_0035/source.png,core/data/partedit_subset/cases/synth_0035/gt_mask.png,core/results/gt_mask_diagnostic_v2/rk2_n15_gt/synth_0035/seed_000/img_0.jpg,True,,acee1727ff4b558ef0b4c1abc32cfe3a1d35c82288b393db9b11ca98b90ef61b
gt-diagnostic-v2::endpoint_auto::synth_0036::seed_000,synth_0036,0,endpoint_auto,head,lion,medium,comparable,A bear at a zoo,A bear with lion head at a zoo,core/data/partedit_subset/cases/synth_0036/source.png,core/data/partedit_subset/cases/synth_0036/gt_mask.png,core/results/heldout_control_comparison/endpoint_projection/synth_0036/seed_000/img_0.jpg,True,,6e2c1d1496fe1e105425b22c48489beb4648611cbfb256e27bf42ce5f11f3426
gt-diagnostic-v2::endpoint_gt::synth_0036::seed_000,synth_0036,0,endpoint_gt,head,lion,medium,comparable,A bear at a zoo,A bear with lion head at a zoo,core/data/partedit_subset/cases/synth_0036/source.png,core/data/partedit_subset/cases/synth_0036/gt_mask.png,core/results/gt_mask_diagnostic_v2/endpoint_gt/synth_0036/seed_000/img_0.jpg,True,,f5e55a28da286b5e65b6bf8a9c180b6701a10f7fc10ea2b262c95db23b9a371c
gt-diagnostic-v2::rk2_auto::synth_0036::seed_000,synth_0036,0,rk2_auto,head,lion,medium,comparable,A bear at a zoo,A bear with lion head at a zoo,core/data/partedit_subset/cases/synth_0036/source.png,core/data/partedit_subset/cases/synth_0036/gt_mask.png,core/results/heldout_control_comparison/residual_rk2/synth_0036/seed_000/img_0.jpg,True,,c042230afcff880568675f8b5eb9a72b63a8e46d53abbc3f5d01ff99a7fbbc70
gt-diagnostic-v2::rk2_gt::synth_0036::seed_000,synth_0036,0,rk2_gt,head,lion,medium,comparable,A bear at a zoo,A bear with lion head at a zoo,core/data/partedit_subset/cases/synth_0036/source.png,core/data/partedit_subset/cases/synth_0036/gt_mask.png,core/results/gt_mask_diagnostic_v2/rk2_gt/synth_0036/seed_000/img_0.jpg,True,,7369ca3b2c5dde87a1c4ae5f1b9a5bc1e98c1d8d1658ad32a1293bff197fde4a
gt-diagnostic-v2::rk2_n15_auto::synth_0036::seed_000,synth_0036,0,rk2_n15_auto,head,lion,medium,comparable,A bear at a zoo,A bear with lion head at a zoo,core/data/partedit_subset/cases/synth_0036/source.png,core/data/partedit_subset/cases/synth_0036/gt_mask.png,core/results/gt_mask_diagnostic_v2/rk2_n15_auto/synth_0036/seed_000/img_0.jpg,True,,b20fad5076e2dc72f7ade624360e5e755e57a39ea1c756168e8b8608e39a5f53
gt-diagnostic-v2::rk2_n15_gt::synth_0036::seed_000,synth_0036,0,rk2_n15_gt,head,lion,medium,comparable,A bear at a zoo,A bear with lion head at a zoo,core/data/partedit_subset/cases/synth_0036/source.png,core/data/partedit_subset/cases/synth_0036/gt_mask.png,core/results/gt_mask_diagnostic_v2/rk2_n15_gt/synth_0036/seed_000/img_0.jpg,True,,b4d9dd8c117f02b8544c5a1d776f890c2a1c3b1e972b5921af4d32bc6ca47ca0
gt-diagnostic-v2::endpoint_auto::synth_0037::seed_000,synth_0037,0,endpoint_auto,head,dragon,small,expansion,A dog at a farm,A dog with dragon head at a farm,core/data/partedit_subset/cases/synth_0037/source.png,core/data/partedit_subset/cases/synth_0037/gt_mask.png,core/results/heldout_control_comparison/endpoint_projection/synth_0037/seed_000/img_0.jpg,True,,18e4c738fc55d0ba55668a67e567a53e3df6cea605271dc53e2dcb77d6927274
gt-diagnostic-v2::endpoint_gt::synth_0037::seed_000,synth_0037,0,endpoint_gt,head,dragon,small,expansion,A dog at a farm,A dog with dragon head at a farm,core/data/partedit_subset/cases/synth_0037/source.png,core/data/partedit_subset/cases/synth_0037/gt_mask.png,core/results/gt_mask_diagnostic_v2/endpoint_gt/synth_0037/seed_000/img_0.jpg,True,,4763602244900de37980041a55d2517e2341c666f9186b896c1107fe28204a6e
gt-diagnostic-v2::rk2_auto::synth_0037::seed_000,synth_0037,0,rk2_auto,head,dragon,small,expansion,A dog at a farm,A dog with dragon head at a farm,core/data/partedit_subset/cases/synth_0037/source.png,core/data/partedit_subset/cases/synth_0037/gt_mask.png,core/results/heldout_control_comparison/residual_rk2/synth_0037/seed_000/img_0.jpg,True,,26e4cc7679a7e55d18e34526ad9bf08c1a471739e73b729668589336e4b32d75
gt-diagnostic-v2::rk2_gt::synth_0037::seed_000,synth_0037,0,rk2_gt,head,dragon,small,expansion,A dog at a farm,A dog with dragon head at a farm,core/data/partedit_subset/cases/synth_0037/source.png,core/data/partedit_subset/cases/synth_0037/gt_mask.png,core/results/gt_mask_diagnostic_v2/rk2_gt/synth_0037/seed_000/img_0.jpg,True,,adacc66f1f38a8498a52224379d57dc9b8bb377ad5388d56cd53deab798ecbcb
gt-diagnostic-v2::rk2_n15_auto::synth_0037::seed_000,synth_0037,0,rk2_n15_auto,head,dragon,small,expansion,A dog at a farm,A dog with dragon head at a farm,core/data/partedit_subset/cases/synth_0037/source.png,core/data/partedit_subset/cases/synth_0037/gt_mask.png,core/results/gt_mask_diagnostic_v2/rk2_n15_auto/synth_0037/seed_000/img_0.jpg,True,,3102e845a99f1701d9b1759562707a8bc24ea89d257a623d8a31e1ff41089409
gt-diagnostic-v2::rk2_n15_gt::synth_0037::seed_000,synth_0037,0,rk2_n15_gt,head,dragon,small,expansion,A dog at a farm,A dog with dragon head at a farm,core/data/partedit_subset/cases/synth_0037/source.png,core/data/partedit_subset/cases/synth_0037/gt_mask.png,core/results/gt_mask_diagnostic_v2/rk2_n15_gt/synth_0037/seed_000/img_0.jpg,True,,76369484472bbf839d63c57c75c1b539d5bbbdddce68c4d75f5813ba937988d8
gt-diagnostic-v2::endpoint_auto::synth_0038::seed_000,synth_0038,0,endpoint_auto,head,dragon,large,expansion,A horse at a zoo,A horse with dragon head at a zoo,core/data/partedit_subset/cases/synth_0038/source.png,core/data/partedit_subset/cases/synth_0038/gt_mask.png,core/results/heldout_control_comparison/endpoint_projection/synth_0038/seed_000/img_0.jpg,True,,c3693eb7f8b9efedece25bfd0fd0a13ecd91417c1a52bc21855b93d3b29cff64
gt-diagnostic-v2::endpoint_gt::synth_0038::seed_000,synth_0038,0,endpoint_gt,head,dragon,large,expansion,A horse at a zoo,A horse with dragon head at a zoo,core/data/partedit_subset/cases/synth_0038/source.png,core/data/partedit_subset/cases/synth_0038/gt_mask.png,core/results/gt_mask_diagnostic_v2/endpoint_gt/synth_0038/seed_000/img_0.jpg,True,,ae49daa7326965d2a7fc1d069958f7e11fa078a646a0b68c598d93f68faa90ba
gt-diagnostic-v2::rk2_auto::synth_0038::seed_000,synth_0038,0,rk2_auto,head,dragon,large,expansion,A horse at a zoo,A horse with dragon head at a zoo,core/data/partedit_subset/cases/synth_0038/source.png,core/data/partedit_subset/cases/synth_0038/gt_mask.png,core/results/heldout_control_comparison/residual_rk2/synth_0038/seed_000/img_0.jpg,True,,904b87710d0cf7f921d9b884281ad2d44ceff8d285426526d86a1f7435e89d24
gt-diagnostic-v2::rk2_gt::synth_0038::seed_000,synth_0038,0,rk2_gt,head,dragon,large,expansion,A horse at a zoo,A horse with dragon head at a zoo,core/data/partedit_subset/cases/synth_0038/source.png,core/data/partedit_subset/cases/synth_0038/gt_mask.png,core/results/gt_mask_diagnostic_v2/rk2_gt/synth_0038/seed_000/img_0.jpg,True,,b6c5ef78731f2899191d203b1a763d383e0c1d8fa43c8655bea98d78648ebfd6
gt-diagnostic-v2::rk2_n15_auto::synth_0038::seed_000,synth_0038,0,rk2_n15_auto,head,dragon,large,expansion,A horse at a zoo,A horse with dragon head at a zoo,core/data/partedit_subset/cases/synth_0038/source.png,core/data/partedit_subset/cases/synth_0038/gt_mask.png,core/results/gt_mask_diagnostic_v2/rk2_n15_auto/synth_0038/seed_000/img_0.jpg,True,,8c73904290ab21a425dfe148316a0581e89a317b2db7a9cc0ef1d96efeded991
gt-diagnostic-v2::rk2_n15_gt::synth_0038::seed_000,synth_0038,0,rk2_n15_gt,head,dragon,large,expansion,A horse at a zoo,A horse with dragon head at a zoo,core/data/partedit_subset/cases/synth_0038/source.png,core/data/partedit_subset/cases/synth_0038/gt_mask.png,core/results/gt_mask_diagnostic_v2/rk2_n15_gt/synth_0038/seed_000/img_0.jpg,True,,3dda1671b03999e049e42e266ef780e726c6d89b03c9e77df9cd91edede4a826
gt-diagnostic-v2::endpoint_auto::synth_0039::seed_000,synth_0039,0,endpoint_auto,head,unicorn,small,expansion,A cow at a house,A cow with unicorn head at a house,core/data/partedit_subset/cases/synth_0039/source.png,core/data/partedit_subset/cases/synth_0039/gt_mask.png,core/results/heldout_control_comparison/endpoint_projection/synth_0039/seed_000/img_0.jpg,True,,10d9c6bfb8b584e630d372c495be9d494c56de3deaa785e36ec11c63f42735a7
gt-diagnostic-v2::endpoint_gt::synth_0039::seed_000,synth_0039,0,endpoint_gt,head,unicorn,small,expansion,A cow at a house,A cow with unicorn head at a house,core/data/partedit_subset/cases/synth_0039/source.png,core/data/partedit_subset/cases/synth_0039/gt_mask.png,core/results/gt_mask_diagnostic_v2/endpoint_gt/synth_0039/seed_000/img_0.jpg,True,,64a93acd311ac04f851cfb168d48a80653c0a8745704a5f644a18f0f59a10f26
gt-diagnostic-v2::rk2_auto::synth_0039::seed_000,synth_0039,0,rk2_auto,head,unicorn,small,expansion,A cow at a house,A cow with unicorn head at a house,core/data/partedit_subset/cases/synth_0039/source.png,core/data/partedit_subset/cases/synth_0039/gt_mask.png,core/results/heldout_control_comparison/residual_rk2/synth_0039/seed_000/img_0.jpg,True,,50e768d2d5d59408b05276bf304fb157516a0880c50accd4a7cec2f63f62d06f
gt-diagnostic-v2::rk2_gt::synth_0039::seed_000,synth_0039,0,rk2_gt,head,unicorn,small,expansion,A cow at a house,A cow with unicorn head at a house,core/data/partedit_subset/cases/synth_0039/source.png,core/data/partedit_subset/cases/synth_0039/gt_mask.png,core/results/gt_mask_diagnostic_v2/rk2_gt/synth_0039/seed_000/img_0.jpg,True,,488fe1810fc2d692a31152bbda306008370f5d6355a162ecd84bdfc7ebb02a25
gt-diagnostic-v2::rk2_n15_auto::synth_0039::seed_000,synth_0039,0,rk2_n15_auto,head,unicorn,small,expansion,A cow at a house,A cow with unicorn head at a house,core/data/partedit_subset/cases/synth_0039/source.png,core/data/partedit_subset/cases/synth_0039/gt_mask.png,core/results/gt_mask_diagnostic_v2/rk2_n15_auto/synth_0039/seed_000/img_0.jpg,True,,6a22659fd4e9d6ce786781cd2c31818a183f276149137281c995bddd880f517e
gt-diagnostic-v2::rk2_n15_gt::synth_0039::seed_000,synth_0039,0,rk2_n15_gt,head,unicorn,small,expansion,A cow at a house,A cow with unicorn head at a house,core/data/partedit_subset/cases/synth_0039/source.png,core/data/partedit_subset/cases/synth_0039/gt_mask.png,core/results/gt_mask_diagnostic_v2/rk2_n15_gt/synth_0039/seed_000/img_0.jpg,True,,aa24b77f5878946cf95ea0233094a3a603ba93779a641bc7fb2105c4fada8020
gt-diagnostic-v2::endpoint_auto::synth_0040::seed_000,synth_0040,0,endpoint_auto,head,tiger,small,comparable,A bear at a pool,A bear with tiger head at a pool,core/data/partedit_subset/cases/synth_0040/source.png,core/data/partedit_subset/cases/synth_0040/gt_mask.png,core/results/heldout_control_comparison/endpoint_projection/synth_0040/seed_000/img_0.jpg,True,,0bef0cb252bed1cb2e26673f435bc403528d0e84347ade745dcb688c506f68a9
gt-diagnostic-v2::endpoint_gt::synth_0040::seed_000,synth_0040,0,endpoint_gt,head,tiger,small,comparable,A bear at a pool,A bear with tiger head at a pool,core/data/partedit_subset/cases/synth_0040/source.png,core/data/partedit_subset/cases/synth_0040/gt_mask.png,core/results/gt_mask_diagnostic_v2/endpoint_gt/synth_0040/seed_000/img_0.jpg,True,,b14bad135e62fb0c2f5bd39bcf46553d2e455772f30c9599a2d38dd241279783
gt-diagnostic-v2::rk2_auto::synth_0040::seed_000,synth_0040,0,rk2_auto,head,tiger,small,comparable,A bear at a pool,A bear with tiger head at a pool,core/data/partedit_subset/cases/synth_0040/source.png,core/data/partedit_subset/cases/synth_0040/gt_mask.png,core/results/heldout_control_comparison/residual_rk2/synth_0040/seed_000/img_0.jpg,True,,0a09ee94400962a19bfdc245a59baf6fc8961c7bbed37bb24236d00c9fad2372
gt-diagnostic-v2::rk2_gt::synth_0040::seed_000,synth_0040,0,rk2_gt,head,tiger,small,comparable,A bear at a pool,A bear with tiger head at a pool,core/data/partedit_subset/cases/synth_0040/source.png,core/data/partedit_subset/cases/synth_0040/gt_mask.png,core/results/gt_mask_diagnostic_v2/rk2_gt/synth_0040/seed_000/img_0.jpg,True,,5cbadadafa883ee662870295593a81bf837c92cfefb67d58f06c69473919c52f
gt-diagnostic-v2::rk2_n15_auto::synth_0040::seed_000,synth_0040,0,rk2_n15_auto,head,tiger,small,comparable,A bear at a pool,A bear with tiger head at a pool,core/data/partedit_subset/cases/synth_0040/source.png,core/data/partedit_subset/cases/synth_0040/gt_mask.png,core/results/gt_mask_diagnostic_v2/rk2_n15_auto/synth_0040/seed_000/img_0.jpg,True,,ebcc8612f6874978d22365ecda037633be380b359c0febfe3f66a9813196a9d0
gt-diagnostic-v2::rk2_n15_gt::synth_0040::seed_000,synth_0040,0,rk2_n15_gt,head,tiger,small,comparable,A bear at a pool,A bear with tiger head at a pool,core/data/partedit_subset/cases/synth_0040/source.png,core/data/partedit_subset/cases/synth_0040/gt_mask.png,core/results/gt_mask_diagnostic_v2/rk2_n15_gt/synth_0040/seed_000/img_0.jpg,True,,846a199f1e04afb7b61e2fb5520c2d0990f5f2882779505ba6bbfb957d91eefe
gt-diagnostic-v2::endpoint_auto::synth_0041::seed_000,synth_0041,0,endpoint_auto,head,panda,medium,expansion,A cat at a mountain,A cat with panda head at a mountain,core/data/partedit_subset/cases/synth_0041/source.png,core/data/partedit_subset/cases/synth_0041/gt_mask.png,core/results/heldout_control_comparison/endpoint_projection/synth_0041/seed_000/img_0.jpg,True,,d461c6dac760eb91d000d787ff79e7c33aa22ace030b30369120a01c48c56e5b
gt-diagnostic-v2::endpoint_gt::synth_0041::seed_000,synth_0041,0,endpoint_gt,head,panda,medium,expansion,A cat at a mountain,A cat with panda head at a mountain,core/data/partedit_subset/cases/synth_0041/source.png,core/data/partedit_subset/cases/synth_0041/gt_mask.png,core/results/gt_mask_diagnostic_v2/endpoint_gt/synth_0041/seed_000/img_0.jpg,True,,082fb33492ce609871960ec5e5c0a5435ecfdaed75161be0eb67161a606f6920
gt-diagnostic-v2::rk2_auto::synth_0041::seed_000,synth_0041,0,rk2_auto,head,panda,medium,expansion,A cat at a mountain,A cat with panda head at a mountain,core/data/partedit_subset/cases/synth_0041/source.png,core/data/partedit_subset/cases/synth_0041/gt_mask.png,core/results/heldout_control_comparison/residual_rk2/synth_0041/seed_000/img_0.jpg,True,,55662122a7a4e9f150f8d83fc4360f3bf803ce601e7416d5d96f9893f8992969
gt-diagnostic-v2::rk2_gt::synth_0041::seed_000,synth_0041,0,rk2_gt,head,panda,medium,expansion,A cat at a mountain,A cat with panda head at a mountain,core/data/partedit_subset/cases/synth_0041/source.png,core/data/partedit_subset/cases/synth_0041/gt_mask.png,core/results/gt_mask_diagnostic_v2/rk2_gt/synth_0041/seed_000/img_0.jpg,True,,047e4b013384b0904c877e5115a74b79aaf384d3f3623500a3d10b21158f07e5
gt-diagnostic-v2::rk2_n15_auto::synth_0041::seed_000,synth_0041,0,rk2_n15_auto,head,panda,medium,expansion,A cat at a mountain,A cat with panda head at a mountain,core/data/partedit_subset/cases/synth_0041/source.png,core/data/partedit_subset/cases/synth_0041/gt_mask.png,core/results/gt_mask_diagnostic_v2/rk2_n15_auto/synth_0041/seed_000/img_0.jpg,True,,7c4ada8e69271135c2e40ead568743f1607425deaf3ed6c97e3a313c9265f827
gt-diagnostic-v2::rk2_n15_gt::synth_0041::seed_000,synth_0041,0,rk2_n15_gt,head,panda,medium,expansion,A cat at a mountain,A cat with panda head at a mountain,core/data/partedit_subset/cases/synth_0041/source.png,core/data/partedit_subset/cases/synth_0041/gt_mask.png,core/results/gt_mask_diagnostic_v2/rk2_n15_gt/synth_0041/seed_000/img_0.jpg,True,,284dbf72a9f96f577eac71c15d1716cd60ce45c5e1669f1acbcc91685cbf28a5
gt-diagnostic-v2::endpoint_auto::synth_0042::seed_000,synth_0042,0,endpoint_auto,head,cheetah,medium,comparable,A panda at a school,A panda with cheetah head at a school,core/data/partedit_subset/cases/synth_0042/source.png,core/data/partedit_subset/cases/synth_0042/gt_mask.png,core/results/heldout_control_comparison/endpoint_projection/synth_0042/seed_000/img_0.jpg,True,,415ceff2b7921278df373512f824e55abe216ac3dbd7ad2077adfa9b53ed3b1b
gt-diagnostic-v2::endpoint_gt::synth_0042::seed_000,synth_0042,0,endpoint_gt,head,cheetah,medium,comparable,A panda at a school,A panda with cheetah head at a school,core/data/partedit_subset/cases/synth_0042/source.png,core/data/partedit_subset/cases/synth_0042/gt_mask.png,core/results/gt_mask_diagnostic_v2/endpoint_gt/synth_0042/seed_000/img_0.jpg,True,,828c3c3e6274bbba5228374eedda7b778f86f55195dbda641a25b9820ceeb28a
gt-diagnostic-v2::rk2_auto::synth_0042::seed_000,synth_0042,0,rk2_auto,head,cheetah,medium,comparable,A panda at a school,A panda with cheetah head at a school,core/data/partedit_subset/cases/synth_0042/source.png,core/data/partedit_subset/cases/synth_0042/gt_mask.png,core/results/heldout_control_comparison/residual_rk2/synth_0042/seed_000/img_0.jpg,True,,d71de821f607ec6ad210a07a63f0ac2b6dd62e0184907054af4bcb92d7a1b64c
gt-diagnostic-v2::rk2_gt::synth_0042::seed_000,synth_0042,0,rk2_gt,head,cheetah,medium,comparable,A panda at a school,A panda with cheetah head at a school,core/data/partedit_subset/cases/synth_0042/source.png,core/data/partedit_subset/cases/synth_0042/gt_mask.png,core/results/gt_mask_diagnostic_v2/rk2_gt/synth_0042/seed_000/img_0.jpg,True,,8190b83b7906494a72a6156604f206e41f8beb9d9f53735c4df94e986d516dc7
gt-diagnostic-v2::rk2_n15_auto::synth_0042::seed_000,synth_0042,0,rk2_n15_auto,head,cheetah,medium,comparable,A panda at a school,A panda with cheetah head at a school,core/data/partedit_subset/cases/synth_0042/source.png,core/data/partedit_subset/cases/synth_0042/gt_mask.png,core/results/gt_mask_diagnostic_v2/rk2_n15_auto/synth_0042/seed_000/img_0.jpg,True,,7ea017c63fbda9d560dd3cdfc84773025073993b4261e54be03d286baeb8f62c
gt-diagnostic-v2::rk2_n15_gt::synth_0042::seed_000,synth_0042,0,rk2_n15_gt,head,cheetah,medium,comparable,A panda at a school,A panda with cheetah head at a school,core/data/partedit_subset/cases/synth_0042/source.png,core/data/partedit_subset/cases/synth_0042/gt_mask.png,core/results/gt_mask_diagnostic_v2/rk2_n15_gt/synth_0042/seed_000/img_0.jpg,True,,00d1f57c5b7ac1a2f5e018f161bfc369fa11cf6f8597610ff5e129028f7de23b
gt-diagnostic-v2::endpoint_auto::synth_0043::seed_000,synth_0043,0,endpoint_auto,head,dragon,small,expansion,A bear at a jungle,A bear with dragon head at a jungle,core/data/partedit_subset/cases/synth_0043/source.png,core/data/partedit_subset/cases/synth_0043/gt_mask.png,core/results/heldout_control_comparison/endpoint_projection/synth_0043/seed_000/img_0.jpg,True,,ed6316e1238dd999b20d653a6b6a40fbfbcdd8b8c683d161ee4d83317b395d68
gt-diagnostic-v2::endpoint_gt::synth_0043::seed_000,synth_0043,0,endpoint_gt,head,dragon,small,expansion,A bear at a jungle,A bear with dragon head at a jungle,core/data/partedit_subset/cases/synth_0043/source.png,core/data/partedit_subset/cases/synth_0043/gt_mask.png,core/results/gt_mask_diagnostic_v2/endpoint_gt/synth_0043/seed_000/img_0.jpg,True,,a5c03bb835191dad6e42ae0471dae8f6e26608516df4e15cfd49b49ceccf16be
gt-diagnostic-v2::rk2_auto::synth_0043::seed_000,synth_0043,0,rk2_auto,head,dragon,small,expansion,A bear at a jungle,A bear with dragon head at a jungle,core/data/partedit_subset/cases/synth_0043/source.png,core/data/partedit_subset/cases/synth_0043/gt_mask.png,core/results/heldout_control_comparison/residual_rk2/synth_0043/seed_000/img_0.jpg,True,,dd6bae6c42c28dd8ac511c9eaedbab7d556106906395624043badbb908b8a787
gt-diagnostic-v2::rk2_gt::synth_0043::seed_000,synth_0043,0,rk2_gt,head,dragon,small,expansion,A bear at a jungle,A bear with dragon head at a jungle,core/data/partedit_subset/cases/synth_0043/source.png,core/data/partedit_subset/cases/synth_0043/gt_mask.png,core/results/gt_mask_diagnostic_v2/rk2_gt/synth_0043/seed_000/img_0.jpg,True,,03b01a7b5c24681bee3c4b729f3d223a452a23c8205dbc2836f4bc5cbdd3c3d4
gt-diagnostic-v2::rk2_n15_auto::synth_0043::seed_000,synth_0043,0,rk2_n15_auto,head,dragon,small,expansion,A bear at a jungle,A bear with dragon head at a jungle,core/data/partedit_subset/cases/synth_0043/source.png,core/data/partedit_subset/cases/synth_0043/gt_mask.png,core/results/gt_mask_diagnostic_v2/rk2_n15_auto/synth_0043/seed_000/img_0.jpg,True,,3dda9f1a0fe8a4dd7fa008c12f48c7599b78296befd524fd0f3e554ea34e9907
gt-diagnostic-v2::rk2_n15_gt::synth_0043::seed_000,synth_0043,0,rk2_n15_gt,head,dragon,small,expansion,A bear at a jungle,A bear with dragon head at a jungle,core/data/partedit_subset/cases/synth_0043/source.png,core/data/partedit_subset/cases/synth_0043/gt_mask.png,core/results/gt_mask_diagnostic_v2/rk2_n15_gt/synth_0043/seed_000/img_0.jpg,True,,552a68735ac28f4aeee8a58ae322cdd64d826a95d53549818d6f526f4eae1245
gt-diagnostic-v2::endpoint_auto::synth_0044::seed_000,synth_0044,0,endpoint_auto,head,lion,large,comparable,A bear at a zoo,A bear with lion head at a zoo,core/data/partedit_subset/cases/synth_0044/source.png,core/data/partedit_subset/cases/synth_0044/gt_mask.png,core/results/heldout_control_comparison/endpoint_projection/synth_0044/seed_000/img_0.jpg,True,,1922087ddd1147b68583faef697046dd5f2ae1e05fbd7862092c89d7010788f4
gt-diagnostic-v2::endpoint_gt::synth_0044::seed_000,synth_0044,0,endpoint_gt,head,lion,large,comparable,A bear at a zoo,A bear with lion head at a zoo,core/data/partedit_subset/cases/synth_0044/source.png,core/data/partedit_subset/cases/synth_0044/gt_mask.png,core/results/gt_mask_diagnostic_v2/endpoint_gt/synth_0044/seed_000/img_0.jpg,True,,6e769a5bcb335368fabcd23c5efde52182ea6988117a716bf8d10cd5ef329b2d
gt-diagnostic-v2::rk2_auto::synth_0044::seed_000,synth_0044,0,rk2_auto,head,lion,large,comparable,A bear at a zoo,A bear with lion head at a zoo,core/data/partedit_subset/cases/synth_0044/source.png,core/data/partedit_subset/cases/synth_0044/gt_mask.png,core/results/heldout_control_comparison/residual_rk2/synth_0044/seed_000/img_0.jpg,True,,08484a3354f6d7fecca9a5f359b9bfeb4e0220d76a11ed3adc089e1beae54819
gt-diagnostic-v2::rk2_gt::synth_0044::seed_000,synth_0044,0,rk2_gt,head,lion,large,comparable,A bear at a zoo,A bear with lion head at a zoo,core/data/partedit_subset/cases/synth_0044/source.png,core/data/partedit_subset/cases/synth_0044/gt_mask.png,core/results/gt_mask_diagnostic_v2/rk2_gt/synth_0044/seed_000/img_0.jpg,True,,a4429d7cd01dea4926f27e0cb2820d4244ad023c7b3155e6dac35430689606d7
gt-diagnostic-v2::rk2_n15_auto::synth_0044::seed_000,synth_0044,0,rk2_n15_auto,head,lion,large,comparable,A bear at a zoo,A bear with lion head at a zoo,core/data/partedit_subset/cases/synth_0044/source.png,core/data/partedit_subset/cases/synth_0044/gt_mask.png,core/results/gt_mask_diagnostic_v2/rk2_n15_auto/synth_0044/seed_000/img_0.jpg,True,,5276f5708306ca21224c64ff63fdd7e47837a8b0ebabd724c02d7fff543d1366
gt-diagnostic-v2::rk2_n15_gt::synth_0044::seed_000,synth_0044,0,rk2_n15_gt,head,lion,large,comparable,A bear at a zoo,A bear with lion head at a zoo,core/data/partedit_subset/cases/synth_0044/source.png,core/data/partedit_subset/cases/synth_0044/gt_mask.png,core/results/gt_mask_diagnostic_v2/rk2_n15_gt/synth_0044/seed_000/img_0.jpg,True,,9f5cff316f09fa369ef8fa700b6983bd995d8a5a0b2ab42698370a86142c4a9b
gt-diagnostic-v2::endpoint_auto::synth_0045::seed_000,synth_0045,0,endpoint_auto,head,panda,medium,expansion,A dog at a store,A dog with panda head at a store,core/data/partedit_subset/cases/synth_0045/source.png,core/data/partedit_subset/cases/synth_0045/gt_mask.png,core/results/heldout_control_comparison/endpoint_projection/synth_0045/seed_000/img_0.jpg,True,,471dfaece9998fa700d1d113e3bf18c56638a55638dd1cafb18f0fac5356da38
gt-diagnostic-v2::endpoint_gt::synth_0045::seed_000,synth_0045,0,endpoint_gt,head,panda,medium,expansion,A dog at a store,A dog with panda head at a store,core/data/partedit_subset/cases/synth_0045/source.png,core/data/partedit_subset/cases/synth_0045/gt_mask.png,core/results/gt_mask_diagnostic_v2/endpoint_gt/synth_0045/seed_000/img_0.jpg,True,,325744dd927fca229c407ded0ff8a0c887b7c2c3ec2f0db123f90d20d53292b6
gt-diagnostic-v2::rk2_auto::synth_0045::seed_000,synth_0045,0,rk2_auto,head,panda,medium,expansion,A dog at a store,A dog with panda head at a store,core/data/partedit_subset/cases/synth_0045/source.png,core/data/partedit_subset/cases/synth_0045/gt_mask.png,core/results/heldout_control_comparison/residual_rk2/synth_0045/seed_000/img_0.jpg,True,,da5a6758d7c3ed767be9fc687c2320d606eb4144e82c1b7869a56c4e8ede54db
gt-diagnostic-v2::rk2_gt::synth_0045::seed_000,synth_0045,0,rk2_gt,head,panda,medium,expansion,A dog at a store,A dog with panda head at a store,core/data/partedit_subset/cases/synth_0045/source.png,core/data/partedit_subset/cases/synth_0045/gt_mask.png,core/results/gt_mask_diagnostic_v2/rk2_gt/synth_0045/seed_000/img_0.jpg,True,,4c559f7cae4723b489aa4338bcc692458dee8429f0ef3c404b630dfc376a8c4a
gt-diagnostic-v2::rk2_n15_auto::synth_0045::seed_000,synth_0045,0,rk2_n15_auto,head,panda,medium,expansion,A dog at a store,A dog with panda head at a store,core/data/partedit_subset/cases/synth_0045/source.png,core/data/partedit_subset/cases/synth_0045/gt_mask.png,core/results/gt_mask_diagnostic_v2/rk2_n15_auto/synth_0045/seed_000/img_0.jpg,True,,4ebcd4ebd02f83f1cd2ed432c75c231a7258864270f38cb530f881996d760e0a
gt-diagnostic-v2::rk2_n15_gt::synth_0045::seed_000,synth_0045,0,rk2_n15_gt,head,panda,medium,expansion,A dog at a store,A dog with panda head at a store,core/data/partedit_subset/cases/synth_0045/source.png,core/data/partedit_subset/cases/synth_0045/gt_mask.png,core/results/gt_mask_diagnostic_v2/rk2_n15_gt/synth_0045/seed_000/img_0.jpg,True,,44859a70a1288c641e4ccca479828d0d63c7e4339c6bc37d3337cedc7241f136
gt-diagnostic-v2::endpoint_auto::synth_0046::seed_000,synth_0046,0,endpoint_auto,car body,armored,large,comparable,A luxury-car at a mountain road,A luxury-car with armored car body at a mountain road,core/data/partedit_subset/cases/synth_0046/source.png,core/data/partedit_subset/cases/synth_0046/gt_mask.png,core/results/heldout_control_comparison/endpoint_projection/synth_0046/seed_000/img_0.jpg,True,,c8515ffdb63f025a050bc005dada19294a9aa938062f7ae6fd27bd4e046e905c
gt-diagnostic-v2::endpoint_gt::synth_0046::seed_000,synth_0046,0,endpoint_gt,car body,armored,large,comparable,A luxury-car at a mountain road,A luxury-car with armored car body at a mountain road,core/data/partedit_subset/cases/synth_0046/source.png,core/data/partedit_subset/cases/synth_0046/gt_mask.png,core/results/gt_mask_diagnostic_v2/endpoint_gt/synth_0046/seed_000/img_0.jpg,True,,8170be0779e8001d7eaa7e1ce139318d3bc1736ea680de34f85c7d0927cf5f44
gt-diagnostic-v2::rk2_auto::synth_0046::seed_000,synth_0046,0,rk2_auto,car body,armored,large,comparable,A luxury-car at a mountain road,A luxury-car with armored car body at a mountain road,core/data/partedit_subset/cases/synth_0046/source.png,core/data/partedit_subset/cases/synth_0046/gt_mask.png,core/results/heldout_control_comparison/residual_rk2/synth_0046/seed_000/img_0.jpg,True,,0bb3c1e1232cbede7b0e561a15e5238e350c05c9531723e681060f9b56d4989a
gt-diagnostic-v2::rk2_gt::synth_0046::seed_000,synth_0046,0,rk2_gt,car body,armored,large,comparable,A luxury-car at a mountain road,A luxury-car with armored car body at a mountain road,core/data/partedit_subset/cases/synth_0046/source.png,core/data/partedit_subset/cases/synth_0046/gt_mask.png,core/results/gt_mask_diagnostic_v2/rk2_gt/synth_0046/seed_000/img_0.jpg,True,,2bea26f32454f1398032445d26ec34fed836d495ad1f8b34b31429f97b0fbe51
gt-diagnostic-v2::rk2_n15_auto::synth_0046::seed_000,synth_0046,0,rk2_n15_auto,car body,armored,large,comparable,A luxury-car at a mountain road,A luxury-car with armored car body at a mountain road,core/data/partedit_subset/cases/synth_0046/source.png,core/data/partedit_subset/cases/synth_0046/gt_mask.png,core/results/gt_mask_diagnostic_v2/rk2_n15_auto/synth_0046/seed_000/img_0.jpg,True,,afe9b00780d7e56bd2ca7385c438a550baf198a94827bb04d8aa2e114d08d23b
gt-diagnostic-v2::rk2_n15_gt::synth_0046::seed_000,synth_0046,0,rk2_n15_gt,car body,armored,large,comparable,A luxury-car at a mountain road,A luxury-car with armored car body at a mountain road,core/data/partedit_subset/cases/synth_0046/source.png,core/data/partedit_subset/cases/synth_0046/gt_mask.png,core/results/gt_mask_diagnostic_v2/rk2_n15_gt/synth_0046/seed_000/img_0.jpg,True,,2a8bcf86a19c90ae1c19dc0035b0be7d82214d06cd80d63d4ad247aa8cb173c7
gt-diagnostic-v2::endpoint_auto::synth_0047::seed_000,synth_0047,0,endpoint_auto,car body,futuristic,large,comparable,A sedan at a parking lot,A sedan with futuristic car body at a parking lot,core/data/partedit_subset/cases/synth_0047/source.png,core/data/partedit_subset/cases/synth_0047/gt_mask.png,core/results/heldout_control_comparison/endpoint_projection/synth_0047/seed_000/img_0.jpg,True,,9b0842bea0b2dad6b4f0d15d41967c7ff160d891c648b2bee7337f99d12db321
gt-diagnostic-v2::endpoint_gt::synth_0047::seed_000,synth_0047,0,endpoint_gt,car body,futuristic,large,comparable,A sedan at a parking lot,A sedan with futuristic car body at a parking lot,core/data/partedit_subset/cases/synth_0047/source.png,core/data/partedit_subset/cases/synth_0047/gt_mask.png,core/results/gt_mask_diagnostic_v2/endpoint_gt/synth_0047/seed_000/img_0.jpg,True,,255cd47170452fd49391ab2e775daba669f8b620ae62c580d34c864e1b290348
gt-diagnostic-v2::rk2_auto::synth_0047::seed_000,synth_0047,0,rk2_auto,car body,futuristic,large,comparable,A sedan at a parking lot,A sedan with futuristic car body at a parking lot,core/data/partedit_subset/cases/synth_0047/source.png,core/data/partedit_subset/cases/synth_0047/gt_mask.png,core/results/heldout_control_comparison/residual_rk2/synth_0047/seed_000/img_0.jpg,True,,80859beadd8d1469ac7700f135af00715bde565e44a8c75e1b754e8d2ef6be70
gt-diagnostic-v2::rk2_gt::synth_0047::seed_000,synth_0047,0,rk2_gt,car body,futuristic,large,comparable,A sedan at a parking lot,A sedan with futuristic car body at a parking lot,core/data/partedit_subset/cases/synth_0047/source.png,core/data/partedit_subset/cases/synth_0047/gt_mask.png,core/results/gt_mask_diagnostic_v2/rk2_gt/synth_0047/seed_000/img_0.jpg,True,,ff85278f376490e7a3367e16f7318e37a77b4624b16799b9aaa93e07e4d827ca
gt-diagnostic-v2::rk2_n15_auto::synth_0047::seed_000,synth_0047,0,rk2_n15_auto,car body,futuristic,large,comparable,A sedan at a parking lot,A sedan with futuristic car body at a parking lot,core/data/partedit_subset/cases/synth_0047/source.png,core/data/partedit_subset/cases/synth_0047/gt_mask.png,core/results/gt_mask_diagnostic_v2/rk2_n15_auto/synth_0047/seed_000/img_0.jpg,True,,26d75596651b28821b93e2381931d5cf39f54e300960add5606e3f0d89984bf9
gt-diagnostic-v2::rk2_n15_gt::synth_0047::seed_000,synth_0047,0,rk2_n15_gt,car body,futuristic,large,comparable,A sedan at a parking lot,A sedan with futuristic car body at a parking lot,core/data/partedit_subset/cases/synth_0047/source.png,core/data/partedit_subset/cases/synth_0047/gt_mask.png,core/results/gt_mask_diagnostic_v2/rk2_n15_gt/synth_0047/seed_000/img_0.jpg,True,,e5f82aa004e4b9782bd607525654f58d8b020109a3232b4ac4b88c8690050de1
gt-diagnostic-v2::endpoint_auto::synth_0048::seed_000,synth_0048,0,endpoint_auto,car body,rusted,large,comparable,A classic-car at a suburban road,A classic-car with rusted car body at a suburban road,core/data/partedit_subset/cases/synth_0048/source.png,core/data/partedit_subset/cases/synth_0048/gt_mask.png,core/results/heldout_control_comparison/endpoint_projection/synth_0048/seed_000/img_0.jpg,True,,7b875ff81f3045c3893c0565b930a6fcb5b6dad6b00d4a753e318bbaa2b0d217
gt-diagnostic-v2::endpoint_gt::synth_0048::seed_000,synth_0048,0,endpoint_gt,car body,rusted,large,comparable,A classic-car at a suburban road,A classic-car with rusted car body at a suburban road,core/data/partedit_subset/cases/synth_0048/source.png,core/data/partedit_subset/cases/synth_0048/gt_mask.png,core/results/gt_mask_diagnostic_v2/endpoint_gt/synth_0048/seed_000/img_0.jpg,True,,a93acaef50461288ae28a60aa24dda03cad9a7a071ff209692b22938629a13e3
gt-diagnostic-v2::rk2_auto::synth_0048::seed_000,synth_0048,0,rk2_auto,car body,rusted,large,comparable,A classic-car at a suburban road,A classic-car with rusted car body at a suburban road,core/data/partedit_subset/cases/synth_0048/source.png,core/data/partedit_subset/cases/synth_0048/gt_mask.png,core/results/heldout_control_comparison/residual_rk2/synth_0048/seed_000/img_0.jpg,True,,48711e7a5b7d8c65a9e8b707105f1abf1373c99f66b110f5cd821a757a9d22c7
gt-diagnostic-v2::rk2_gt::synth_0048::seed_000,synth_0048,0,rk2_gt,car body,rusted,large,comparable,A classic-car at a suburban road,A classic-car with rusted car body at a suburban road,core/data/partedit_subset/cases/synth_0048/source.png,core/data/partedit_subset/cases/synth_0048/gt_mask.png,core/results/gt_mask_diagnostic_v2/rk2_gt/synth_0048/seed_000/img_0.jpg,True,,98951f8c34604e4925e8f107cc40d0b3035c1372644f7fa85e381db17c90bee4
gt-diagnostic-v2::rk2_n15_auto::synth_0048::seed_000,synth_0048,0,rk2_n15_auto,car body,rusted,large,comparable,A classic-car at a suburban road,A classic-car with rusted car body at a suburban road,core/data/partedit_subset/cases/synth_0048/source.png,core/data/partedit_subset/cases/synth_0048/gt_mask.png,core/results/gt_mask_diagnostic_v2/rk2_n15_auto/synth_0048/seed_000/img_0.jpg,True,,44dcac39deeff6c4a72f825db815b5bdbc45f8647d6070f5e90611b1bba394fd
gt-diagnostic-v2::rk2_n15_gt::synth_0048::seed_000,synth_0048,0,rk2_n15_gt,car body,rusted,large,comparable,A classic-car at a suburban road,A classic-car with rusted car body at a suburban road,core/data/partedit_subset/cases/synth_0048/source.png,core/data/partedit_subset/cases/synth_0048/gt_mask.png,core/results/gt_mask_diagnostic_v2/rk2_n15_gt/synth_0048/seed_000/img_0.jpg,True,,6215a9281e05de3a15ff9c402151ae49e3cdf1bfc2e3d12775a6a5de2c94eba0
gt-diagnostic-v2::endpoint_auto::synth_0049::seed_000,synth_0049,0,endpoint_auto,car body,neon-lit,large,comparable,A classic-car at a suburban road,A classic-car with neon-lit car body at a suburban road,core/data/partedit_subset/cases/synth_0049/source.png,core/data/partedit_subset/cases/synth_0049/gt_mask.png,core/results/heldout_control_comparison/endpoint_projection/synth_0049/seed_000/img_0.jpg,True,,cf30360a66abbc5f6997832102b12dc64698e8c742b9fc8baa444239d1b4d341
gt-diagnostic-v2::endpoint_gt::synth_0049::seed_000,synth_0049,0,endpoint_gt,car body,neon-lit,large,comparable,A classic-car at a suburban road,A classic-car with neon-lit car body at a suburban road,core/data/partedit_subset/cases/synth_0049/source.png,core/data/partedit_subset/cases/synth_0049/gt_mask.png,core/results/gt_mask_diagnostic_v2/endpoint_gt/synth_0049/seed_000/img_0.jpg,True,,64a786c39edd04d29caba781d65979a0e39d56567e1a370ef648fd2d59134ee9
gt-diagnostic-v2::rk2_auto::synth_0049::seed_000,synth_0049,0,rk2_auto,car body,neon-lit,large,comparable,A classic-car at a suburban road,A classic-car with neon-lit car body at a suburban road,core/data/partedit_subset/cases/synth_0049/source.png,core/data/partedit_subset/cases/synth_0049/gt_mask.png,core/results/heldout_control_comparison/residual_rk2/synth_0049/seed_000/img_0.jpg,True,,83743c1040eeae7bb5511c93911f652ac944490b6a5a2d148df343583ebf55e0
gt-diagnostic-v2::rk2_gt::synth_0049::seed_000,synth_0049,0,rk2_gt,car body,neon-lit,large,comparable,A classic-car at a suburban road,A classic-car with neon-lit car body at a suburban road,core/data/partedit_subset/cases/synth_0049/source.png,core/data/partedit_subset/cases/synth_0049/gt_mask.png,core/results/gt_mask_diagnostic_v2/rk2_gt/synth_0049/seed_000/img_0.jpg,True,,5b0425dede203bfaa4bedceaaa51eb2745fd35d4ec2c24f8007a61a0f3fd93ba
gt-diagnostic-v2::rk2_n15_auto::synth_0049::seed_000,synth_0049,0,rk2_n15_auto,car body,neon-lit,large,comparable,A classic-car at a suburban road,A classic-car with neon-lit car body at a suburban road,core/data/partedit_subset/cases/synth_0049/source.png,core/data/partedit_subset/cases/synth_0049/gt_mask.png,core/results/gt_mask_diagnostic_v2/rk2_n15_auto/synth_0049/seed_000/img_0.jpg,True,,0742cb11de59bdcc25251e39bb497df9b3bb0ed401913959387f9d41e8803b85
gt-diagnostic-v2::rk2_n15_gt::synth_0049::seed_000,synth_0049,0,rk2_n15_gt,car body,neon-lit,large,comparable,A classic-car at a suburban road,A classic-car with neon-lit car body at a suburban road,core/data/partedit_subset/cases/synth_0049/source.png,core/data/partedit_subset/cases/synth_0049/gt_mask.png,core/results/gt_mask_diagnostic_v2/rk2_n15_gt/synth_0049/seed_000/img_0.jpg,True,,42e8960fd73b9b0025b2bce74c46aead56b9d4e76ee556fd94b8b5efcaef8dd2
gt-diagnostic-v2::endpoint_auto::synth_0050::seed_000,synth_0050,0,endpoint_auto,car hood,black,small,comparable,A racing-car at a highway,A racing-car with black car hood at a highway,core/data/partedit_subset/cases/synth_0050/source.png,core/data/partedit_subset/cases/synth_0050/gt_mask.png,core/results/heldout_control_comparison/endpoint_projection/synth_0050/seed_000/img_0.jpg,True,,e878bc4e07a8759d64a78101783aa59fb25f51d5737f3c9c9a39b03f3b0348ec
gt-diagnostic-v2::endpoint_gt::synth_0050::seed_000,synth_0050,0,endpoint_gt,car hood,black,small,comparable,A racing-car at a highway,A racing-car with black car hood at a highway,core/data/partedit_subset/cases/synth_0050/source.png,core/data/partedit_subset/cases/synth_0050/gt_mask.png,core/results/gt_mask_diagnostic_v2/endpoint_gt/synth_0050/seed_000/img_0.jpg,True,,9e78ef1aceaa202d53267c6d5924ce30f1bfc7a6730e6e8751bb3f007c63d7a0
gt-diagnostic-v2::rk2_auto::synth_0050::seed_000,synth_0050,0,rk2_auto,car hood,black,small,comparable,A racing-car at a highway,A racing-car with black car hood at a highway,core/data/partedit_subset/cases/synth_0050/source.png,core/data/partedit_subset/cases/synth_0050/gt_mask.png,core/results/heldout_control_comparison/residual_rk2/synth_0050/seed_000/img_0.jpg,True,,a9aa878ada5dfefb79bfdc49f511abda4c1119980fbbdcfa9768b67307d494d9
gt-diagnostic-v2::rk2_gt::synth_0050::seed_000,synth_0050,0,rk2_gt,car hood,black,small,comparable,A racing-car at a highway,A racing-car with black car hood at a highway,core/data/partedit_subset/cases/synth_0050/source.png,core/data/partedit_subset/cases/synth_0050/gt_mask.png,core/results/gt_mask_diagnostic_v2/rk2_gt/synth_0050/seed_000/img_0.jpg,True,,462744c9aad3b8f232eabbbba57947e6785d401294e81832acbb8fdb28ba59a4
gt-diagnostic-v2::rk2_n15_auto::synth_0050::seed_000,synth_0050,0,rk2_n15_auto,car hood,black,small,comparable,A racing-car at a highway,A racing-car with black car hood at a highway,core/data/partedit_subset/cases/synth_0050/source.png,core/data/partedit_subset/cases/synth_0050/gt_mask.png,core/results/gt_mask_diagnostic_v2/rk2_n15_auto/synth_0050/seed_000/img_0.jpg,True,,d885895c734b373a0669d228abe354f1cfe3d755eff0a23c29371ab661f002dd
gt-diagnostic-v2::rk2_n15_gt::synth_0050::seed_000,synth_0050,0,rk2_n15_gt,car hood,black,small,comparable,A racing-car at a highway,A racing-car with black car hood at a highway,core/data/partedit_subset/cases/synth_0050/source.png,core/data/partedit_subset/cases/synth_0050/gt_mask.png,core/results/gt_mask_diagnostic_v2/rk2_n15_gt/synth_0050/seed_000/img_0.jpg,True,,4e1818b4317795ce4e738e0af2e1988041cdadf510cf167f036175a6deea37b6
gt-diagnostic-v2::endpoint_auto::synth_0051::seed_000,synth_0051,0,endpoint_auto,car hood,vinyl-art,small,comparable,A classic-car at a garage,A classic-car with vinyl-art car hood at a garage,core/data/partedit_subset/cases/synth_0051/source.png,core/data/partedit_subset/cases/synth_0051/gt_mask.png,core/results/heldout_control_comparison/endpoint_projection/synth_0051/seed_000/img_0.jpg,True,,a6cd061aca6828012f3309d9f5b7f7beacac92001af26e7a3a5abd991b42b5b1
gt-diagnostic-v2::endpoint_gt::synth_0051::seed_000,synth_0051,0,endpoint_gt,car hood,vinyl-art,small,comparable,A classic-car at a garage,A classic-car with vinyl-art car hood at a garage,core/data/partedit_subset/cases/synth_0051/source.png,core/data/partedit_subset/cases/synth_0051/gt_mask.png,core/results/gt_mask_diagnostic_v2/endpoint_gt/synth_0051/seed_000/img_0.jpg,True,,fa9d4b6f336e399704cdc8443284b6ee0cb267bc3a02babff81ebbea63f7be15
gt-diagnostic-v2::rk2_auto::synth_0051::seed_000,synth_0051,0,rk2_auto,car hood,vinyl-art,small,comparable,A classic-car at a garage,A classic-car with vinyl-art car hood at a garage,core/data/partedit_subset/cases/synth_0051/source.png,core/data/partedit_subset/cases/synth_0051/gt_mask.png,core/results/heldout_control_comparison/residual_rk2/synth_0051/seed_000/img_0.jpg,True,,8a5d9f386f87db25c3fb2c3d18f287a34b23918178856e7c9513f837cef689ff
gt-diagnostic-v2::rk2_gt::synth_0051::seed_000,synth_0051,0,rk2_gt,car hood,vinyl-art,small,comparable,A classic-car at a garage,A classic-car with vinyl-art car hood at a garage,core/data/partedit_subset/cases/synth_0051/source.png,core/data/partedit_subset/cases/synth_0051/gt_mask.png,core/results/gt_mask_diagnostic_v2/rk2_gt/synth_0051/seed_000/img_0.jpg,True,,7f17c0119b12a1ffa7332ab05c67415394637ecb0f981382dd851bdb6d254080
gt-diagnostic-v2::rk2_n15_auto::synth_0051::seed_000,synth_0051,0,rk2_n15_auto,car hood,vinyl-art,small,comparable,A classic-car at a garage,A classic-car with vinyl-art car hood at a garage,core/data/partedit_subset/cases/synth_0051/source.png,core/data/partedit_subset/cases/synth_0051/gt_mask.png,core/results/gt_mask_diagnostic_v2/rk2_n15_auto/synth_0051/seed_000/img_0.jpg,True,,a472dacb44ba3acd50b49ac0eb0da78625caf5d95c372a9c635713eef8824b92
gt-diagnostic-v2::rk2_n15_gt::synth_0051::seed_000,synth_0051,0,rk2_n15_gt,car hood,vinyl-art,small,comparable,A classic-car at a garage,A classic-car with vinyl-art car hood at a garage,core/data/partedit_subset/cases/synth_0051/source.png,core/data/partedit_subset/cases/synth_0051/gt_mask.png,core/results/gt_mask_diagnostic_v2/rk2_n15_gt/synth_0051/seed_000/img_0.jpg,True,,72dbe13d917ee030a2360b3ce0bfe6ed6620a841ff018b79c9f7c4cb22222c09
gt-diagnostic-v2::endpoint_auto::synth_0052::seed_000,synth_0052,0,endpoint_auto,car hood,Digital-Camouflage,medium,comparable,A full front facing view of racing car at a parking lot,A full front facing view of racing car with Digital-Camouflage car hood at a parking lot,core/data/partedit_subset/cases/synth_0052/source.png,core/data/partedit_subset/cases/synth_0052/gt_mask.png,core/results/heldout_control_comparison/endpoint_projection/synth_0052/seed_000/img_0.jpg,True,,2fb88a1be8481b4340054e04144538b2f1baa662d297322c34605839dfd7ff6d
gt-diagnostic-v2::endpoint_gt::synth_0052::seed_000,synth_0052,0,endpoint_gt,car hood,Digital-Camouflage,medium,comparable,A full front facing view of racing car at a parking lot,A full front facing view of racing car with Digital-Camouflage car hood at a parking lot,core/data/partedit_subset/cases/synth_0052/source.png,core/data/partedit_subset/cases/synth_0052/gt_mask.png,core/results/gt_mask_diagnostic_v2/endpoint_gt/synth_0052/seed_000/img_0.jpg,True,,ebf1139aa970d637e8fb7b3e0929ed41d58fc87c1771aae6a8625ec3c13cad9e
gt-diagnostic-v2::rk2_auto::synth_0052::seed_000,synth_0052,0,rk2_auto,car hood,Digital-Camouflage,medium,comparable,A full front facing view of racing car at a parking lot,A full front facing view of racing car with Digital-Camouflage car hood at a parking lot,core/data/partedit_subset/cases/synth_0052/source.png,core/data/partedit_subset/cases/synth_0052/gt_mask.png,core/results/heldout_control_comparison/residual_rk2/synth_0052/seed_000/img_0.jpg,True,,3c61590f881cbdec517a58b4eccb8f9af6b32d4c617e55b4a2625721e5adc945
gt-diagnostic-v2::rk2_gt::synth_0052::seed_000,synth_0052,0,rk2_gt,car hood,Digital-Camouflage,medium,comparable,A full front facing view of racing car at a parking lot,A full front facing view of racing car with Digital-Camouflage car hood at a parking lot,core/data/partedit_subset/cases/synth_0052/source.png,core/data/partedit_subset/cases/synth_0052/gt_mask.png,core/results/gt_mask_diagnostic_v2/rk2_gt/synth_0052/seed_000/img_0.jpg,True,,82a55bf1590b2134ad93668921c4dd9910bcd5573d129b3e41bf42fc915dc70e
gt-diagnostic-v2::rk2_n15_auto::synth_0052::seed_000,synth_0052,0,rk2_n15_auto,car hood,Digital-Camouflage,medium,comparable,A full front facing view of racing car at a parking lot,A full front facing view of racing car with Digital-Camouflage car hood at a parking lot,core/data/partedit_subset/cases/synth_0052/source.png,core/data/partedit_subset/cases/synth_0052/gt_mask.png,core/results/gt_mask_diagnostic_v2/rk2_n15_auto/synth_0052/seed_000/img_0.jpg,True,,6b5f1392f3ed26e7e3b82a19452a6a8bcb81ef11d37e38b96b9571b83edc5d97
gt-diagnostic-v2::rk2_n15_gt::synth_0052::seed_000,synth_0052,0,rk2_n15_gt,car hood,Digital-Camouflage,medium,comparable,A full front facing view of racing car at a parking lot,A full front facing view of racing car with Digital-Camouflage car hood at a parking lot,core/data/partedit_subset/cases/synth_0052/source.png,core/data/partedit_subset/cases/synth_0052/gt_mask.png,core/results/gt_mask_diagnostic_v2/rk2_n15_gt/synth_0052/seed_000/img_0.jpg,True,,49a4ca00f3c7e61cf4dc104cfd44df2c96a0aa77ab76c7d96590743c48e098d8
gt-diagnostic-v2::endpoint_auto::synth_0053::seed_000,synth_0053,0,endpoint_auto,car hood,Destroyed,large,comparable,A full front facing view of BMW car at a parking lot,A full front facing view of BMW car with Destroyed car hood at a parking lot,core/data/partedit_subset/cases/synth_0053/source.png,core/data/partedit_subset/cases/synth_0053/gt_mask.png,core/results/heldout_control_comparison/endpoint_projection/synth_0053/seed_000/img_0.jpg,True,,ad1d51e8210427a4351f105af327346b39f2bcbaa83c5717de4356afa8b8dc41
gt-diagnostic-v2::endpoint_gt::synth_0053::seed_000,synth_0053,0,endpoint_gt,car hood,Destroyed,large,comparable,A full front facing view of BMW car at a parking lot,A full front facing view of BMW car with Destroyed car hood at a parking lot,core/data/partedit_subset/cases/synth_0053/source.png,core/data/partedit_subset/cases/synth_0053/gt_mask.png,core/results/gt_mask_diagnostic_v2/endpoint_gt/synth_0053/seed_000/img_0.jpg,True,,532656350bae7499275410554a0ce0dcb7746a04acc40320638b03bf762ef595
gt-diagnostic-v2::rk2_auto::synth_0053::seed_000,synth_0053,0,rk2_auto,car hood,Destroyed,large,comparable,A full front facing view of BMW car at a parking lot,A full front facing view of BMW car with Destroyed car hood at a parking lot,core/data/partedit_subset/cases/synth_0053/source.png,core/data/partedit_subset/cases/synth_0053/gt_mask.png,core/results/heldout_control_comparison/residual_rk2/synth_0053/seed_000/img_0.jpg,True,,dacaeec996fa60841e214ed6920248f848540c8ab5e6b81cbd4faad0692c654b
gt-diagnostic-v2::rk2_gt::synth_0053::seed_000,synth_0053,0,rk2_gt,car hood,Destroyed,large,comparable,A full front facing view of BMW car at a parking lot,A full front facing view of BMW car with Destroyed car hood at a parking lot,core/data/partedit_subset/cases/synth_0053/source.png,core/data/partedit_subset/cases/synth_0053/gt_mask.png,core/results/gt_mask_diagnostic_v2/rk2_gt/synth_0053/seed_000/img_0.jpg,True,,5924a356e65d33c0383c1bea77dbd072717ddf87ec280fb9bf7f6ad59b98b6e3
gt-diagnostic-v2::rk2_n15_auto::synth_0053::seed_000,synth_0053,0,rk2_n15_auto,car hood,Destroyed,large,comparable,A full front facing view of BMW car at a parking lot,A full front facing view of BMW car with Destroyed car hood at a parking lot,core/data/partedit_subset/cases/synth_0053/source.png,core/data/partedit_subset/cases/synth_0053/gt_mask.png,core/results/gt_mask_diagnostic_v2/rk2_n15_auto/synth_0053/seed_000/img_0.jpg,True,,aaa6b9387222f5543f8164bd0fccec84e4fb9c5fdb0e821589b8d93dccab0d20
gt-diagnostic-v2::rk2_n15_gt::synth_0053::seed_000,synth_0053,0,rk2_n15_gt,car hood,Destroyed,large,comparable,A full front facing view of BMW car at a parking lot,A full front facing view of BMW car with Destroyed car hood at a parking lot,core/data/partedit_subset/cases/synth_0053/source.png,core/data/partedit_subset/cases/synth_0053/gt_mask.png,core/results/gt_mask_diagnostic_v2/rk2_n15_gt/synth_0053/seed_000/img_0.jpg,True,,4f5d7d5b8dc6ada7986c8088746d799bbadbcc36376490356687cba8708a108b
gt-diagnostic-v2::endpoint_auto::synth_0054::seed_000,synth_0054,0,endpoint_auto,car hood,Rusty,small,comparable,A full front facing view of Porsche car at a road,A full front facing view of Porsche car with Rusty car hood at a road,core/data/partedit_subset/cases/synth_0054/source.png,core/data/partedit_subset/cases/synth_0054/gt_mask.png,core/results/heldout_control_comparison/endpoint_projection/synth_0054/seed_000/img_0.jpg,True,,e3ff3af5989f539a509e3f2faf050a35676ff15673c771d8f65196294e2fb02e
gt-diagnostic-v2::endpoint_gt::synth_0054::seed_000,synth_0054,0,endpoint_gt,car hood,Rusty,small,comparable,A full front facing view of Porsche car at a road,A full front facing view of Porsche car with Rusty car hood at a road,core/data/partedit_subset/cases/synth_0054/source.png,core/data/partedit_subset/cases/synth_0054/gt_mask.png,core/results/gt_mask_diagnostic_v2/endpoint_gt/synth_0054/seed_000/img_0.jpg,True,,5bd245094b4d6be5fcb5486af551571b96b8e0376a29aa6a4dedea385eef168c
gt-diagnostic-v2::rk2_auto::synth_0054::seed_000,synth_0054,0,rk2_auto,car hood,Rusty,small,comparable,A full front facing view of Porsche car at a road,A full front facing view of Porsche car with Rusty car hood at a road,core/data/partedit_subset/cases/synth_0054/source.png,core/data/partedit_subset/cases/synth_0054/gt_mask.png,core/results/heldout_control_comparison/residual_rk2/synth_0054/seed_000/img_0.jpg,True,,80b2ad9377f259ae47dd143f138560150416c0316e677d0bb5226ac2848ff547
gt-diagnostic-v2::rk2_gt::synth_0054::seed_000,synth_0054,0,rk2_gt,car hood,Rusty,small,comparable,A full front facing view of Porsche car at a road,A full front facing view of Porsche car with Rusty car hood at a road,core/data/partedit_subset/cases/synth_0054/source.png,core/data/partedit_subset/cases/synth_0054/gt_mask.png,core/results/gt_mask_diagnostic_v2/rk2_gt/synth_0054/seed_000/img_0.jpg,True,,669aa642a7c64fd7b0a26d554229b70092325537280dcf3e64c19868062feac7
gt-diagnostic-v2::rk2_n15_auto::synth_0054::seed_000,synth_0054,0,rk2_n15_auto,car hood,Rusty,small,comparable,A full front facing view of Porsche car at a road,A full front facing view of Porsche car with Rusty car hood at a road,core/data/partedit_subset/cases/synth_0054/source.png,core/data/partedit_subset/cases/synth_0054/gt_mask.png,core/results/gt_mask_diagnostic_v2/rk2_n15_auto/synth_0054/seed_000/img_0.jpg,True,,ce2ed28d6b0b05ea8fcb2c76a8b46b77228311e3ad4188f33f679433907cbc9b
gt-diagnostic-v2::rk2_n15_gt::synth_0054::seed_000,synth_0054,0,rk2_n15_gt,car hood,Rusty,small,comparable,A full front facing view of Porsche car at a road,A full front facing view of Porsche car with Rusty car hood at a road,core/data/partedit_subset/cases/synth_0054/source.png,core/data/partedit_subset/cases/synth_0054/gt_mask.png,core/results/gt_mask_diagnostic_v2/rk2_n15_gt/synth_0054/seed_000/img_0.jpg,True,,57104603c78167ceb5f6707c0be1d3b9a77ad10af1e17033b64b40fd17c56461
gt-diagnostic-v2::endpoint_auto::synth_0055::seed_000,synth_0055,0,endpoint_auto,car hood,Graffiti,large,comparable,A full front facing view of Toyota car at a parking lot,A full front facing view of Toyota car with Graffiti car hood at a parking lot,core/data/partedit_subset/cases/synth_0055/source.png,core/data/partedit_subset/cases/synth_0055/gt_mask.png,core/results/heldout_control_comparison/endpoint_projection/synth_0055/seed_000/img_0.jpg,True,,e51d5587b609a9a21922c7350556b9ea0ac55c5bdf48f3db239ee0a08ccca4a6
gt-diagnostic-v2::endpoint_gt::synth_0055::seed_000,synth_0055,0,endpoint_gt,car hood,Graffiti,large,comparable,A full front facing view of Toyota car at a parking lot,A full front facing view of Toyota car with Graffiti car hood at a parking lot,core/data/partedit_subset/cases/synth_0055/source.png,core/data/partedit_subset/cases/synth_0055/gt_mask.png,core/results/gt_mask_diagnostic_v2/endpoint_gt/synth_0055/seed_000/img_0.jpg,True,,844078f823cfe6f5038495ed6cc714f7de292bdd5e990d7e3d0e6d5ff8db8f8d
gt-diagnostic-v2::rk2_auto::synth_0055::seed_000,synth_0055,0,rk2_auto,car hood,Graffiti,large,comparable,A full front facing view of Toyota car at a parking lot,A full front facing view of Toyota car with Graffiti car hood at a parking lot,core/data/partedit_subset/cases/synth_0055/source.png,core/data/partedit_subset/cases/synth_0055/gt_mask.png,core/results/heldout_control_comparison/residual_rk2/synth_0055/seed_000/img_0.jpg,True,,316d5477e2ab7023361c2f2b17816fe57289d6b1e487aa74fc5cea83f3606e04
gt-diagnostic-v2::rk2_gt::synth_0055::seed_000,synth_0055,0,rk2_gt,car hood,Graffiti,large,comparable,A full front facing view of Toyota car at a parking lot,A full front facing view of Toyota car with Graffiti car hood at a parking lot,core/data/partedit_subset/cases/synth_0055/source.png,core/data/partedit_subset/cases/synth_0055/gt_mask.png,core/results/gt_mask_diagnostic_v2/rk2_gt/synth_0055/seed_000/img_0.jpg,True,,5b5ee29361916ca81b0fe24983b23c4f9e1878a0cb011bd267fb84af9a01f18f
gt-diagnostic-v2::rk2_n15_auto::synth_0055::seed_000,synth_0055,0,rk2_n15_auto,car hood,Graffiti,large,comparable,A full front facing view of Toyota car at a parking lot,A full front facing view of Toyota car with Graffiti car hood at a parking lot,core/data/partedit_subset/cases/synth_0055/source.png,core/data/partedit_subset/cases/synth_0055/gt_mask.png,core/results/gt_mask_diagnostic_v2/rk2_n15_auto/synth_0055/seed_000/img_0.jpg,True,,b48222f52e5706bb509f8bee1ec5713cbcd49e85624e1517471602971870e00b
gt-diagnostic-v2::rk2_n15_gt::synth_0055::seed_000,synth_0055,0,rk2_n15_gt,car hood,Graffiti,large,comparable,A full front facing view of Toyota car at a parking lot,A full front facing view of Toyota car with Graffiti car hood at a parking lot,core/data/partedit_subset/cases/synth_0055/source.png,core/data/partedit_subset/cases/synth_0055/gt_mask.png,core/results/gt_mask_diagnostic_v2/rk2_n15_gt/synth_0055/seed_000/img_0.jpg,True,,0b861e700f1703c386c5153f544ec9986cf45316759df5b1430725015dd2205f
gt-diagnostic-v2::endpoint_auto::synth_0056::seed_000,synth_0056,0,endpoint_auto,seat,fabric,medium,comparable,A closeup leather chair at a apartment,A closeup leather chair with fabric seat at a apartment,core/data/partedit_subset/cases/synth_0056/source.png,core/data/partedit_subset/cases/synth_0056/gt_mask.png,core/results/heldout_control_comparison/endpoint_projection/synth_0056/seed_000/img_0.jpg,True,,95af19b7385642b23e733bc5f2f5355b6893a4d023851b50023380095595a808
gt-diagnostic-v2::endpoint_gt::synth_0056::seed_000,synth_0056,0,endpoint_gt,seat,fabric,medium,comparable,A closeup leather chair at a apartment,A closeup leather chair with fabric seat at a apartment,core/data/partedit_subset/cases/synth_0056/source.png,core/data/partedit_subset/cases/synth_0056/gt_mask.png,core/results/gt_mask_diagnostic_v2/endpoint_gt/synth_0056/seed_000/img_0.jpg,True,,b829891ee41c823d1e933c9912946ec8d905b795ef45483c723d045a01ed64e0
gt-diagnostic-v2::rk2_auto::synth_0056::seed_000,synth_0056,0,rk2_auto,seat,fabric,medium,comparable,A closeup leather chair at a apartment,A closeup leather chair with fabric seat at a apartment,core/data/partedit_subset/cases/synth_0056/source.png,core/data/partedit_subset/cases/synth_0056/gt_mask.png,core/results/heldout_control_comparison/residual_rk2/synth_0056/seed_000/img_0.jpg,True,,53c8bcc6be46a3c3ff6baba9755681c7ce74e03061c2700221e37d4a0707de76
gt-diagnostic-v2::rk2_gt::synth_0056::seed_000,synth_0056,0,rk2_gt,seat,fabric,medium,comparable,A closeup leather chair at a apartment,A closeup leather chair with fabric seat at a apartment,core/data/partedit_subset/cases/synth_0056/source.png,core/data/partedit_subset/cases/synth_0056/gt_mask.png,core/results/gt_mask_diagnostic_v2/rk2_gt/synth_0056/seed_000/img_0.jpg,True,,89c61402f2681f9a9a3abb8f15268cd241c71ac1a617316882738fc62f5b69c3
gt-diagnostic-v2::rk2_n15_auto::synth_0056::seed_000,synth_0056,0,rk2_n15_auto,seat,fabric,medium,comparable,A closeup leather chair at a apartment,A closeup leather chair with fabric seat at a apartment,core/data/partedit_subset/cases/synth_0056/source.png,core/data/partedit_subset/cases/synth_0056/gt_mask.png,core/results/gt_mask_diagnostic_v2/rk2_n15_auto/synth_0056/seed_000/img_0.jpg,True,,09dc0f915f338328a9bb8584fc07db95f3dd42c3cc0c43ecbff326aebc3040a1
gt-diagnostic-v2::rk2_n15_gt::synth_0056::seed_000,synth_0056,0,rk2_n15_gt,seat,fabric,medium,comparable,A closeup leather chair at a apartment,A closeup leather chair with fabric seat at a apartment,core/data/partedit_subset/cases/synth_0056/source.png,core/data/partedit_subset/cases/synth_0056/gt_mask.png,core/results/gt_mask_diagnostic_v2/rk2_n15_gt/synth_0056/seed_000/img_0.jpg,True,,fc4b8e02aefbe4a9623fe2bd46ceaf0ec503405cd3e2da865426b80b3824fa2f
gt-diagnostic-v2::endpoint_auto::synth_0057::seed_000,synth_0057,0,endpoint_auto,seat,plastic,large,comparable,A closeup soft chair at a photo studio,A closeup soft chair with plastic seat at a photo studio,core/data/partedit_subset/cases/synth_0057/source.png,core/data/partedit_subset/cases/synth_0057/gt_mask.png,core/results/heldout_control_comparison/endpoint_projection/synth_0057/seed_000/img_0.jpg,True,,1193af4aaaf9842b0a5e1fd65ab3121ede954c25d8dedab322171b1ee09c886a
gt-diagnostic-v2::endpoint_gt::synth_0057::seed_000,synth_0057,0,endpoint_gt,seat,plastic,large,comparable,A closeup soft chair at a photo studio,A closeup soft chair with plastic seat at a photo studio,core/data/partedit_subset/cases/synth_0057/source.png,core/data/partedit_subset/cases/synth_0057/gt_mask.png,core/results/gt_mask_diagnostic_v2/endpoint_gt/synth_0057/seed_000/img_0.jpg,True,,2dcd39c7aeb1bd3da62a656a167f4dc24d513eb00cf9162f9fa8736e8179506c
gt-diagnostic-v2::rk2_auto::synth_0057::seed_000,synth_0057,0,rk2_auto,seat,plastic,large,comparable,A closeup soft chair at a photo studio,A closeup soft chair with plastic seat at a photo studio,core/data/partedit_subset/cases/synth_0057/source.png,core/data/partedit_subset/cases/synth_0057/gt_mask.png,core/results/heldout_control_comparison/residual_rk2/synth_0057/seed_000/img_0.jpg,True,,7488a7956ea003d899f39f9b9cf8abe17f74493e6eec8b7b04ec67c3b75318bb
gt-diagnostic-v2::rk2_gt::synth_0057::seed_000,synth_0057,0,rk2_gt,seat,plastic,large,comparable,A closeup soft chair at a photo studio,A closeup soft chair with plastic seat at a photo studio,core/data/partedit_subset/cases/synth_0057/source.png,core/data/partedit_subset/cases/synth_0057/gt_mask.png,core/results/gt_mask_diagnostic_v2/rk2_gt/synth_0057/seed_000/img_0.jpg,True,,7501a32355a7b9bf020e9d5e449d044e3971d1bf3d734898d9f01b8e2706f8e9
gt-diagnostic-v2::rk2_n15_auto::synth_0057::seed_000,synth_0057,0,rk2_n15_auto,seat,plastic,large,comparable,A closeup soft chair at a photo studio,A closeup soft chair with plastic seat at a photo studio,core/data/partedit_subset/cases/synth_0057/source.png,core/data/partedit_subset/cases/synth_0057/gt_mask.png,core/results/gt_mask_diagnostic_v2/rk2_n15_auto/synth_0057/seed_000/img_0.jpg,True,,180c84384d0182647cfad8f9076856ccadc58670ef476c1e1501aad7dbb4844d
gt-diagnostic-v2::rk2_n15_gt::synth_0057::seed_000,synth_0057,0,rk2_n15_gt,seat,plastic,large,comparable,A closeup soft chair at a photo studio,A closeup soft chair with plastic seat at a photo studio,core/data/partedit_subset/cases/synth_0057/source.png,core/data/partedit_subset/cases/synth_0057/gt_mask.png,core/results/gt_mask_diagnostic_v2/rk2_n15_gt/synth_0057/seed_000/img_0.jpg,True,,11caad830ec26c4780110012c3be5b77064610dad9df05d5fe8a84197fd56730
gt-diagnostic-v2::endpoint_auto::synth_0058::seed_000,synth_0058,0,endpoint_auto,seat,rusted,medium,comparable,A closeup folding chair at a classroom,A closeup folding chair with rusted seat at a classroom,core/data/partedit_subset/cases/synth_0058/source.png,core/data/partedit_subset/cases/synth_0058/gt_mask.png,core/results/heldout_control_comparison/endpoint_projection/synth_0058/seed_000/img_0.jpg,True,,68060f3ee6ec7b16b0177ad53dd13665c432a58b8da77f7dc7dd3e5aaf083894
gt-diagnostic-v2::endpoint_gt::synth_0058::seed_000,synth_0058,0,endpoint_gt,seat,rusted,medium,comparable,A closeup folding chair at a classroom,A closeup folding chair with rusted seat at a classroom,core/data/partedit_subset/cases/synth_0058/source.png,core/data/partedit_subset/cases/synth_0058/gt_mask.png,core/results/gt_mask_diagnostic_v2/endpoint_gt/synth_0058/seed_000/img_0.jpg,True,,b3168dec538764ee95b70dab010185cb955e8976639eaa4c8871234e23237bd5
gt-diagnostic-v2::rk2_auto::synth_0058::seed_000,synth_0058,0,rk2_auto,seat,rusted,medium,comparable,A closeup folding chair at a classroom,A closeup folding chair with rusted seat at a classroom,core/data/partedit_subset/cases/synth_0058/source.png,core/data/partedit_subset/cases/synth_0058/gt_mask.png,core/results/heldout_control_comparison/residual_rk2/synth_0058/seed_000/img_0.jpg,True,,da4bdf865e2e433d143a13978ee2e8e3dd0f603f8e5d6564362fe1e2916d677c
gt-diagnostic-v2::rk2_gt::synth_0058::seed_000,synth_0058,0,rk2_gt,seat,rusted,medium,comparable,A closeup folding chair at a classroom,A closeup folding chair with rusted seat at a classroom,core/data/partedit_subset/cases/synth_0058/source.png,core/data/partedit_subset/cases/synth_0058/gt_mask.png,core/results/gt_mask_diagnostic_v2/rk2_gt/synth_0058/seed_000/img_0.jpg,True,,44075672cd1a87f6aca915224b0dcd03583d9afa0bcc9a5d81023cc237c9bfbe
gt-diagnostic-v2::rk2_n15_auto::synth_0058::seed_000,synth_0058,0,rk2_n15_auto,seat,rusted,medium,comparable,A closeup folding chair at a classroom,A closeup folding chair with rusted seat at a classroom,core/data/partedit_subset/cases/synth_0058/source.png,core/data/partedit_subset/cases/synth_0058/gt_mask.png,core/results/gt_mask_diagnostic_v2/rk2_n15_auto/synth_0058/seed_000/img_0.jpg,True,,9114461abc6634d45217c974545ef726a1dd704e2f40645dbe2251e38d93eca8
gt-diagnostic-v2::rk2_n15_gt::synth_0058::seed_000,synth_0058,0,rk2_n15_gt,seat,rusted,medium,comparable,A closeup folding chair at a classroom,A closeup folding chair with rusted seat at a classroom,core/data/partedit_subset/cases/synth_0058/source.png,core/data/partedit_subset/cases/synth_0058/gt_mask.png,core/results/gt_mask_diagnostic_v2/rk2_n15_gt/synth_0058/seed_000/img_0.jpg,True,,01174fe8b7995666f8f6da90f44d0ff83222beba9f101baff7cac9d34eece848
gt-diagnostic-v2::endpoint_auto::synth_0059::seed_000,synth_0059,0,endpoint_auto,seat,wooden,medium,comparable,A closeup leather chair at a classroom,A closeup leather chair with wooden seat at a classroom,core/data/partedit_subset/cases/synth_0059/source.png,core/data/partedit_subset/cases/synth_0059/gt_mask.png,core/results/heldout_control_comparison/endpoint_projection/synth_0059/seed_000/img_0.jpg,True,,6c223a4652ebf8f66273fb22bdbe589f369c8211d075625bc09afeaa3b27b29a
gt-diagnostic-v2::endpoint_gt::synth_0059::seed_000,synth_0059,0,endpoint_gt,seat,wooden,medium,comparable,A closeup leather chair at a classroom,A closeup leather chair with wooden seat at a classroom,core/data/partedit_subset/cases/synth_0059/source.png,core/data/partedit_subset/cases/synth_0059/gt_mask.png,core/results/gt_mask_diagnostic_v2/endpoint_gt/synth_0059/seed_000/img_0.jpg,True,,0477ad6bf646e52615e9ba75272822cc5c2f4d0b158ef4db602c76c7d07dfe41
gt-diagnostic-v2::rk2_auto::synth_0059::seed_000,synth_0059,0,rk2_auto,seat,wooden,medium,comparable,A closeup leather chair at a classroom,A closeup leather chair with wooden seat at a classroom,core/data/partedit_subset/cases/synth_0059/source.png,core/data/partedit_subset/cases/synth_0059/gt_mask.png,core/results/heldout_control_comparison/residual_rk2/synth_0059/seed_000/img_0.jpg,True,,e03ea3842bde0bf5c4b0259ceaecb86f684cd866b4c614725d78cfee72d0a31a
gt-diagnostic-v2::rk2_gt::synth_0059::seed_000,synth_0059,0,rk2_gt,seat,wooden,medium,comparable,A closeup leather chair at a classroom,A closeup leather chair with wooden seat at a classroom,core/data/partedit_subset/cases/synth_0059/source.png,core/data/partedit_subset/cases/synth_0059/gt_mask.png,core/results/gt_mask_diagnostic_v2/rk2_gt/synth_0059/seed_000/img_0.jpg,True,,4c97a1b23d57ea52ae1cb89182dea939ac90a6c703d5fd2dbff80662dc8c8aee
gt-diagnostic-v2::rk2_n15_auto::synth_0059::seed_000,synth_0059,0,rk2_n15_auto,seat,wooden,medium,comparable,A closeup leather chair at a classroom,A closeup leather chair with wooden seat at a classroom,core/data/partedit_subset/cases/synth_0059/source.png,core/data/partedit_subset/cases/synth_0059/gt_mask.png,core/results/gt_mask_diagnostic_v2/rk2_n15_auto/synth_0059/seed_000/img_0.jpg,True,,c44081434bbca937b4ee3fe28d02f58f53c289b66ac758eca2ae335e23e156c7
gt-diagnostic-v2::rk2_n15_gt::synth_0059::seed_000,synth_0059,0,rk2_n15_gt,seat,wooden,medium,comparable,A closeup leather chair at a classroom,A closeup leather chair with wooden seat at a classroom,core/data/partedit_subset/cases/synth_0059/source.png,core/data/partedit_subset/cases/synth_0059/gt_mask.png,core/results/gt_mask_diagnostic_v2/rk2_n15_gt/synth_0059/seed_000/img_0.jpg,True,,abc9ca68da5a561cc5d347c8a053d653a8296d614ed7164ac9a90f37f628947c
