review_uid,part,edit,source_prompt,target_prompt,source_image,candidate_image,local_edit_success_0_2,non_target_preservation_0_2,overall_prompt_adherence_0_2,visual_quality_0_2,short_note,reviewer_id,review_position,row_uid,case_uid,seed,method,part_size,footprint_change,frozen_review_position,joint_success,strict_joint_success
item_45dada8dba19,head,cheetah,A cat at a museum,A cat with cheetah head at a museum,assets/source_f3d1d79f0351.png,assets/item_45dada8dba19.jpg,0,2,0,2,,reviewer_1,1,gt-diagnostic-v2::rk2_n15_gt::synth_0035::seed_000,synth_0035,0,rk2_n15_gt,small,expansion,1,0,0
item_e1fa71bbcd96,car body,armored,A luxury-car at a mountain road,A luxury-car with armored car body at a mountain road,assets/source_4a1c085cfce4.png,assets/item_e1fa71bbcd96.jpg,0,2,0,2,,reviewer_1,2,gt-diagnostic-v2::rk2_n15_gt::synth_0046::seed_000,synth_0046,0,rk2_n15_gt,large,comparable,2,0,0
item_124e52dc52e1,head,bear,A alien at a museum,A alien with bear head at a museum,assets/source_30f9afb55b24.png,assets/item_124e52dc52e1.jpg,0,1,1,2,,reviewer_1,3,gt-diagnostic-v2::rk2_gt::synth_0009::seed_000,synth_0009,0,rk2_gt,large,comparable,3,0,0
item_6b84759daf6c,torso,batman,A robot at a school,A robot with batman torso at a school,assets/source_8bcbeeb53dd4.png,assets/item_6b84759daf6c.jpg,2,0,2,2,,reviewer_1,4,gt-diagnostic-v2::rk2_n15_auto::synth_0010::seed_000,synth_0010,0,rk2_n15_auto,medium,comparable,4,0,0
item_597465409638,head,dog,A bear at a jungle,A bear with dog head at a jungle,assets/source_f71c7b525544.png,assets/item_597465409638.jpg,0,2,1,2,,reviewer_1,5,gt-diagnostic-v2::rk2_n15_gt::synth_0030::seed_000,synth_0030,0,rk2_n15_gt,small,contraction,5,0,0
item_2176877c6721,car hood,vinyl-art,A classic-car at a garage,A classic-car with vinyl-art car hood at a garage,assets/source_f3b27b9b2ef0.png,assets/item_2176877c6721.jpg,2,2,2,2,,reviewer_1,6,gt-diagnostic-v2::rk2_n15_gt::synth_0051::seed_000,synth_0051,0,rk2_n15_gt,small,comparable,6,1,1
item_30338ac34616,head,dragon,A horse at a zoo,A horse with dragon head at a zoo,assets/source_dbfa710ac399.png,assets/item_30338ac34616.jpg,0,2,2,2,,reviewer_1,7,gt-diagnostic-v2::rk2_gt::synth_0038::seed_000,synth_0038,0,rk2_gt,large,expansion,7,0,0
item_182b08c7f7de,head,bear,A robot at a park,A robot with bear head at a park,assets/source_64fe128aaf52.png,assets/item_182b08c7f7de.jpg,0,0,1,2,,reviewer_1,8,gt-diagnostic-v2::rk2_auto::synth_0002::seed_000,synth_0002,0,rk2_auto,large,comparable,8,0,0
item_69b4de75a8c5,head,robot,A man at a gym,A man with robot head at a gym,assets/source_9db278f7152f.png,assets/item_69b4de75a8c5.jpg,0,1,2,2,,reviewer_1,9,gt-diagnostic-v2::rk2_gt::synth_0005::seed_000,synth_0005,0,rk2_gt,medium,comparable,9,0,0
item_c00791735bdb,head,robot,A alien at a city,A alien with robot head at a city,assets/source_6094cd95fb45.png,assets/item_c00791735bdb.jpg,1,1,2,2,,reviewer_1,10,gt-diagnostic-v2::rk2_gt::synth_0000::seed_000,synth_0000,0,rk2_gt,small,comparable,10,1,0
item_b497a65068c7,hair,Curls,A Portrait of boy at a park,A Portrait of boy with Curls hair at a park,assets/source_b4d7f2d52a43.png,assets/item_b497a65068c7.jpg,2,2,2,2,,reviewer_1,11,gt-diagnostic-v2::endpoint_auto::synth_0020::seed_000,synth_0020,0,endpoint_auto,large,comparable,11,1,1
item_2bacc19567e0,head,robot,A girl at a beach,A girl with robot head at a beach,assets/source_eddd21d6a1c2.png,assets/item_2bacc19567e0.jpg,0,0,1,2,,reviewer_1,12,gt-diagnostic-v2::rk2_gt::synth_0006::seed_000,synth_0006,0,rk2_gt,small,comparable,12,0,0
item_abe9d361e756,hair,Curls,A Portrait of man at a house,A Portrait of man with Curls hair at a house,assets/source_1837be64cd68.png,assets/item_abe9d361e756.jpg,0,2,1,2,,reviewer_1,13,gt-diagnostic-v2::rk2_n15_gt::synth_0026::seed_000,synth_0026,0,rk2_n15_gt,small,expansion,13,0,0
item_85e416e01a2f,head,dragon,A cat at a desert,A cat with dragon head at a desert,assets/source_bb5f44e8a25b.png,assets/item_85e416e01a2f.jpg,0,2,1,2,,reviewer_1,14,gt-diagnostic-v2::rk2_gt::synth_0032::seed_000,synth_0032,0,rk2_gt,small,expansion,14,0,0
item_4a51b98410a4,head,dragon,A horse at a jungle,A horse with dragon head at a jungle,assets/source_2b822a970173.png,assets/item_4a51b98410a4.jpg,0,1,1,2,,reviewer_1,15,gt-diagnostic-v2::rk2_auto::synth_0031::seed_000,synth_0031,0,rk2_auto,medium,expansion,15,0,0
item_d2c144690d63,head,robot,A alien at a museum,A alien with robot head at a museum,assets/source_0776f3ccf0e9.png,assets/item_d2c144690d63.jpg,2,0,1,2,,reviewer_1,16,gt-diagnostic-v2::endpoint_auto::synth_0003::seed_000,synth_0003,0,endpoint_auto,large,comparable,16,0,0
item_eb60950c3170,torso,spiderman,A robot at a museum,A robot with spiderman torso at a museum,assets/source_63f2eb2cd129.png,assets/item_eb60950c3170.jpg,2,2,2,2,,reviewer_1,17,gt-diagnostic-v2::rk2_n15_auto::synth_0011::seed_000,synth_0011,0,rk2_n15_auto,small,comparable,17,1,1
item_5c2abecf0812,seat,fabric,A closeup leather chair at a apartment,A closeup leather chair with fabric seat at a apartment,assets/source_278976611c82.png,assets/item_5c2abecf0812.jpg,0,2,1,2,,reviewer_1,18,gt-diagnostic-v2::rk2_n15_auto::synth_0056::seed_000,synth_0056,0,rk2_n15_auto,medium,comparable,18,0,0
item_cfa3f23825c9,torso,armor,A girl at a stadium,A girl with armor torso at a stadium,assets/source_05f0e921e87d.png,assets/item_cfa3f23825c9.jpg,2,2,2,2,,reviewer_1,19,gt-diagnostic-v2::rk2_gt::synth_0016::seed_000,synth_0016,0,rk2_gt,large,comparable,19,1,1
item_02138830745c,hair,Curls,A Portrait of man at a house,A Portrait of man with Curls hair at a house,assets/source_1837be64cd68.png,assets/item_02138830745c.jpg,1,1,1,2,,reviewer_1,20,gt-diagnostic-v2::endpoint_gt::synth_0026::seed_000,synth_0026,0,endpoint_gt,small,expansion,20,1,0
item_94e6733b2ca5,head,dragon,A cow at a restaurant,A cow with dragon head at a restaurant,assets/source_591f63abb2fa.png,assets/item_94e6733b2ca5.jpg,0,1,1,2,,reviewer_1,21,gt-diagnostic-v2::rk2_gt::synth_0028::seed_000,synth_0028,0,rk2_gt,small,comparable,21,0,0
item_b555155249e5,torso,spiderman,A robot at a museum,A robot with spiderman torso at a museum,assets/source_7e6e7b988446.png,assets/item_b555155249e5.jpg,1,0,1,2,,reviewer_1,22,gt-diagnostic-v2::rk2_auto::synth_0012::seed_000,synth_0012,0,rk2_auto,large,comparable,22,0,0
item_bdfa59edb03b,torso,spiderman,A robot at a museum,A robot with spiderman torso at a museum,assets/source_7e6e7b988446.png,assets/item_bdfa59edb03b.jpg,2,1,2,2,,reviewer_1,23,gt-diagnostic-v2::rk2_n15_gt::synth_0012::seed_000,synth_0012,0,rk2_n15_gt,large,comparable,23,1,0
item_99a3e9883be5,head,robot,A man at a gym,A man with robot head at a gym,assets/source_9db278f7152f.png,assets/item_99a3e9883be5.jpg,2,1,2,2,,reviewer_1,24,gt-diagnostic-v2::rk2_auto::synth_0005::seed_000,synth_0005,0,rk2_auto,medium,comparable,24,1,0
item_c386ebc89920,car hood,Graffiti,A full front facing view of Toyota car at a parking lot,A full front facing view of Toyota car with Graffiti car hood at a parking lot,assets/source_d13dfe80a435.png,assets/item_c386ebc89920.jpg,2,2,2,2,,reviewer_1,25,gt-diagnostic-v2::rk2_n15_gt::synth_0055::seed_000,synth_0055,0,rk2_n15_gt,large,comparable,25,1,1
item_4c7e3a6e6a9f,head,cheetah,A cat at a museum,A cat with cheetah head at a museum,assets/source_f3d1d79f0351.png,assets/item_4c7e3a6e6a9f.jpg,0,2,0,2,,reviewer_1,26,gt-diagnostic-v2::rk2_gt::synth_0035::seed_000,synth_0035,0,rk2_gt,small,expansion,26,0,0
item_5213931b4068,seat,wooden,A closeup leather chair at a classroom,A closeup leather chair with wooden seat at a classroom,assets/source_bda38536db22.png,assets/item_5213931b4068.jpg,0,2,1,2,,reviewer_1,27,gt-diagnostic-v2::rk2_gt::synth_0059::seed_000,synth_0059,0,rk2_gt,medium,comparable,27,0,0
item_174887985d9c,hair,Curls,A Portrait of woman at a school,A Portrait of woman with Curls hair at a school,assets/source_8a5f145d5ed6.png,assets/item_174887985d9c.jpg,2,1,2,2,,reviewer_1,28,gt-diagnostic-v2::rk2_auto::synth_0027::seed_000,synth_0027,0,rk2_auto,large,comparable,28,1,0
item_ed24085c3c8e,head,robot,A girl at a beach,A girl with robot head at a beach,assets/source_eddd21d6a1c2.png,assets/item_ed24085c3c8e.jpg,0,2,1,2,,reviewer_1,29,gt-diagnostic-v2::endpoint_gt::synth_0006::seed_000,synth_0006,0,endpoint_gt,small,comparable,29,0,0
item_ff1b7a12d33d,head,dragon,A dog at a farm,A dog with dragon head at a farm,assets/source_2a043df583fd.png,assets/item_ff1b7a12d33d.jpg,0,2,1,2,,reviewer_1,30,gt-diagnostic-v2::endpoint_gt::synth_0037::seed_000,synth_0037,0,endpoint_gt,small,expansion,30,0,0
item_bdafcb92483d,head,cat,A dog at a restaurant,A dog with cat head at a restaurant,assets/source_ca463355e687.png,assets/item_bdafcb92483d.jpg,0,0,1,2,,reviewer_1,31,gt-diagnostic-v2::rk2_n15_auto::synth_0033::seed_000,synth_0033,0,rk2_n15_auto,medium,comparable,31,0,0
item_2291015d44b7,head,dog,A bear at a jungle,A bear with dog head at a jungle,assets/source_f71c7b525544.png,assets/item_2291015d44b7.jpg,0,2,1,2,,reviewer_1,32,gt-diagnostic-v2::rk2_n15_auto::synth_0030::seed_000,synth_0030,0,rk2_n15_auto,small,contraction,32,0,0
item_bbf9c8243464,head,dragon,A horse at a zoo,A horse with dragon head at a zoo,assets/source_dbfa710ac399.png,assets/item_bbf9c8243464.jpg,0,1,1,2,,reviewer_1,33,gt-diagnostic-v2::rk2_n15_auto::synth_0038::seed_000,synth_0038,0,rk2_n15_auto,large,expansion,33,0,0
item_d9596d60871b,head,bear,A robot at a park,A robot with bear head at a park,assets/source_64fe128aaf52.png,assets/item_d9596d60871b.jpg,0,0,0,1,,reviewer_1,34,gt-diagnostic-v2::rk2_n15_auto::synth_0002::seed_000,synth_0002,0,rk2_n15_auto,large,comparable,34,0,0
item_39b1816beb15,head,unicorn,A dog at a mountain,A dog with unicorn head at a mountain,assets/source_ee57f3a3ed86.png,assets/item_39b1816beb15.jpg,0,2,1,2,,reviewer_1,35,gt-diagnostic-v2::rk2_auto::synth_0034::seed_000,synth_0034,0,rk2_auto,small,expansion,35,0,0
item_4255a7d199b8,torso,batman,A robot at a school,A robot with batman torso at a school,assets/source_8bcbeeb53dd4.png,assets/item_4255a7d199b8.jpg,2,1,2,2,,reviewer_1,36,gt-diagnostic-v2::endpoint_gt::synth_0010::seed_000,synth_0010,0,endpoint_gt,medium,comparable,36,1,0
item_825fb4159398,head,dragon,A horse at a jungle,A horse with dragon head at a jungle,assets/source_2b822a970173.png,assets/item_825fb4159398.jpg,0,2,1,2,,reviewer_1,37,gt-diagnostic-v2::rk2_n15_gt::synth_0031::seed_000,synth_0031,0,rk2_n15_gt,medium,expansion,37,0,0
item_7278b95ac83c,head,dragon,A horse at a jungle,A horse with dragon head at a jungle,assets/source_2b822a970173.png,assets/item_7278b95ac83c.jpg,0,2,1,2,,reviewer_1,38,gt-diagnostic-v2::rk2_n15_auto::synth_0031::seed_000,synth_0031,0,rk2_n15_auto,medium,expansion,38,0,0
item_e0396ee401e3,torso,spiderman,A robot at a museum,A robot with spiderman torso at a museum,assets/source_7e6e7b988446.png,assets/item_e0396ee401e3.jpg,2,0,2,2,,reviewer_1,39,gt-diagnostic-v2::rk2_n15_auto::synth_0012::seed_000,synth_0012,0,rk2_n15_auto,large,comparable,39,0,0
item_56907b42b591,car hood,Digital-Camouflage,A full front facing view of racing car at a parking lot,A full front facing view of racing car with Digital-Camouflage car hood at a parking lot,assets/source_073b896945b5.png,assets/item_56907b42b591.jpg,2,1,1,2,,reviewer_1,40,gt-diagnostic-v2::endpoint_auto::synth_0052::seed_000,synth_0052,0,endpoint_auto,medium,comparable,40,1,0
item_ec5b73a81c14,car body,futuristic,A sedan at a parking lot,A sedan with futuristic car body at a parking lot,assets/source_ef3648f18171.png,assets/item_ec5b73a81c14.jpg,2,0,1,2,,reviewer_1,41,gt-diagnostic-v2::endpoint_auto::synth_0047::seed_000,synth_0047,0,endpoint_auto,large,comparable,41,0,0
item_1cb7ef7113f6,hair,Botticelli-Curls,A Portrait of boy at a street,A Portrait of boy with Botticelli-Curls hair at a street,assets/source_1efd8f28c69b.png,assets/item_1cb7ef7113f6.jpg,2,2,2,2,,reviewer_1,42,gt-diagnostic-v2::rk2_gt::synth_0025::seed_000,synth_0025,0,rk2_gt,medium,comparable,42,1,1
item_0df1af2db84d,head,dragon,A horse at a jungle,A horse with dragon head at a jungle,assets/source_2b822a970173.png,assets/item_0df1af2db84d.jpg,0,2,2,2,,reviewer_1,43,gt-diagnostic-v2::rk2_gt::synth_0031::seed_000,synth_0031,0,rk2_gt,medium,expansion,43,0,0
item_73d48fb8f708,torso,uniform,A alien at a school,A alien with uniform torso at a school,assets/source_4ad3086c4953.png,assets/item_73d48fb8f708.jpg,2,1,1,2,,reviewer_1,44,gt-diagnostic-v2::endpoint_auto::synth_0013::seed_000,synth_0013,0,endpoint_auto,small,comparable,44,1,0
item_c80ce6f7e697,seat,rusted,A closeup folding chair at a classroom,A closeup folding chair with rusted seat at a classroom,assets/source_97eab3ccdecd.png,assets/item_c80ce6f7e697.jpg,2,2,2,2,,reviewer_1,45,gt-diagnostic-v2::endpoint_auto::synth_0058::seed_000,synth_0058,0,endpoint_auto,medium,comparable,45,1,1
item_aa6f575ad293,head,dragon,A bear at a jungle,A bear with dragon head at a jungle,assets/source_a29b0df6a570.png,assets/item_aa6f575ad293.jpg,0,2,1,2,,reviewer_1,46,gt-diagnostic-v2::rk2_n15_auto::synth_0043::seed_000,synth_0043,0,rk2_n15_auto,small,expansion,46,0,0
item_14d7bcc2eda6,hair,Wavy,A Portrait of girl at a forest,A Portrait of girl with Wavy hair at a forest,assets/source_53e8e39bcf1e.png,assets/item_14d7bcc2eda6.jpg,2,2,2,2,,reviewer_1,47,gt-diagnostic-v2::endpoint_gt::synth_0019::seed_000,synth_0019,0,endpoint_gt,medium,comparable,47,1,1
item_ca8b7d824f70,car hood,Destroyed,A full front facing view of BMW car at a parking lot,A full front facing view of BMW car with Destroyed car hood at a parking lot,assets/source_146c36946692.png,assets/item_ca8b7d824f70.jpg,0,2,1,2,,reviewer_1,48,gt-diagnostic-v2::rk2_n15_auto::synth_0053::seed_000,synth_0053,0,rk2_n15_auto,large,comparable,48,0,0
item_8bb5bef28700,hair,blond,A Portrait of man at a beach,A Portrait of man with blond hair at a beach,assets/source_6ce9a1e568d3.png,assets/item_8bb5bef28700.jpg,2,1,2,2,,reviewer_1,49,gt-diagnostic-v2::endpoint_gt::synth_0023::seed_000,synth_0023,0,endpoint_gt,small,comparable,49,1,0
item_370f69f516f0,head,dragon,A dog at a farm,A dog with dragon head at a farm,assets/source_2a043df583fd.png,assets/item_370f69f516f0.jpg,0,2,1,2,,reviewer_1,50,gt-diagnostic-v2::rk2_gt::synth_0037::seed_000,synth_0037,0,rk2_gt,small,expansion,50,0,0
item_edca7a6a6ece,head,panda,A cat at a mountain,A cat with panda head at a mountain,assets/source_dd35579b4d43.png,assets/item_edca7a6a6ece.jpg,1,2,2,2,,reviewer_1,51,gt-diagnostic-v2::rk2_gt::synth_0041::seed_000,synth_0041,0,rk2_gt,medium,expansion,51,1,0
item_4ab4f0bc2b08,head,bear,A robot at a park,A robot with bear head at a park,assets/source_64fe128aaf52.png,assets/item_4ab4f0bc2b08.jpg,2,2,2,2,,reviewer_1,52,gt-diagnostic-v2::rk2_n15_gt::synth_0002::seed_000,synth_0002,0,rk2_n15_gt,large,comparable,52,1,1
item_53144568a59a,torso,spiderman,A robot at a museum,A robot with spiderman torso at a museum,assets/source_63f2eb2cd129.png,assets/item_53144568a59a.jpg,2,1,2,2,,reviewer_1,53,gt-diagnostic-v2::endpoint_auto::synth_0011::seed_000,synth_0011,0,endpoint_auto,small,comparable,53,1,0
item_d887cbd19e63,torso,armor,A boy at a restaurant,A boy with armor torso at a restaurant,assets/source_cea0cb0755a1.png,assets/item_d887cbd19e63.jpg,2,1,2,2,,reviewer_1,54,gt-diagnostic-v2::rk2_n15_auto::synth_0018::seed_000,synth_0018,0,rk2_n15_auto,medium,comparable,55,1,0
item_e055ca2e1664,hair,blond,A Portrait of man at a beach,A Portrait of man with blond hair at a beach,assets/source_6ce9a1e568d3.png,assets/item_e055ca2e1664.jpg,2,2,2,2,,reviewer_1,55,gt-diagnostic-v2::rk2_n15_auto::synth_0023::seed_000,synth_0023,0,rk2_n15_auto,small,comparable,56,1,1
item_6b6aa421d93d,head,tattooed,A robot at a office,A robot with tattooed head at a office,assets/source_1e365ebd5ac6.png,assets/item_6b6aa421d93d.jpg,0,1,1,2,,reviewer_1,56,gt-diagnostic-v2::rk2_auto::synth_0004::seed_000,synth_0004,0,rk2_auto,medium,comparable,57,0,0
item_7d2ef9c63e41,head,dragon,A horse at a zoo,A horse with dragon head at a zoo,assets/source_dbfa710ac399.png,assets/item_7d2ef9c63e41.jpg,0,2,1,2,,reviewer_1,57,gt-diagnostic-v2::rk2_auto::synth_0038::seed_000,synth_0038,0,rk2_auto,large,expansion,58,0,0
item_de9c2e2b1919,head,panda,A dog at a store,A dog with panda head at a store,assets/source_de70faeee4dc.png,assets/item_de9c2e2b1919.jpg,2,1,2,2,,reviewer_1,58,gt-diagnostic-v2::rk2_auto::synth_0045::seed_000,synth_0045,0,rk2_auto,medium,expansion,59,1,0
item_bb0c4af55488,head,tattooed,A robot at a office,A robot with tattooed head at a office,assets/source_1e365ebd5ac6.png,assets/item_bb0c4af55488.jpg,0,1,1,2,,reviewer_1,59,gt-diagnostic-v2::endpoint_gt::synth_0004::seed_000,synth_0004,0,endpoint_gt,medium,comparable,60,0,0
item_6ad807e3f305,head,robot,A girl at a beach,A girl with robot head at a beach,assets/source_eddd21d6a1c2.png,assets/item_6ad807e3f305.jpg,0,1,1,2,,reviewer_1,60,gt-diagnostic-v2::endpoint_auto::synth_0006::seed_000,synth_0006,0,endpoint_auto,small,comparable,61,0,0
item_1a4caa1bb01a,head,robot,A alien at a city,A alien with robot head at a city,assets/source_6094cd95fb45.png,assets/item_1a4caa1bb01a.jpg,2,0,1,2,,reviewer_1,61,gt-diagnostic-v2::endpoint_auto::synth_0000::seed_000,synth_0000,0,endpoint_auto,small,comparable,62,0,0
item_1a8a99ee1347,car body,neon-lit,A classic-car at a suburban road,A classic-car with neon-lit car body at a suburban road,assets/source_3ae69c2a9e97.png,assets/item_1a8a99ee1347.jpg,2,2,2,2,,reviewer_1,62,gt-diagnostic-v2::rk2_n15_gt::synth_0049::seed_000,synth_0049,0,rk2_n15_gt,large,comparable,63,1,1
item_630857df0336,head,robot,A alien at a school,A alien with robot head at a school,assets/source_26285f2b90f2.png,assets/item_630857df0336.jpg,0,1,1,2,,reviewer_1,63,gt-diagnostic-v2::rk2_n15_auto::synth_0007::seed_000,synth_0007,0,rk2_n15_auto,medium,comparable,64,0,0
item_0bbe281ba042,car body,armored,A luxury-car at a mountain road,A luxury-car with armored car body at a mountain road,assets/source_4a1c085cfce4.png,assets/item_0bbe281ba042.jpg,0,1,1,2,,reviewer_1,64,gt-diagnostic-v2::endpoint_gt::synth_0046::seed_000,synth_0046,0,endpoint_gt,large,comparable,65,0,0
item_240bcea380df,car hood,Destroyed,A full front facing view of BMW car at a parking lot,A full front facing view of BMW car with Destroyed car hood at a parking lot,assets/source_146c36946692.png,assets/item_240bcea380df.jpg,0,1,1,2,,reviewer_1,65,gt-diagnostic-v2::rk2_auto::synth_0053::seed_000,synth_0053,0,rk2_auto,large,comparable,66,0,0
item_e7335c87734f,hair,blond,A Portrait of man at a beach,A Portrait of man with blond hair at a beach,assets/source_6ce9a1e568d3.png,assets/item_e7335c87734f.jpg,2,1,2,2,,reviewer_1,66,gt-diagnostic-v2::rk2_gt::synth_0023::seed_000,synth_0023,0,rk2_gt,small,comparable,67,1,0
item_c7bd94cde1c6,car hood,Destroyed,A full front facing view of BMW car at a parking lot,A full front facing view of BMW car with Destroyed car hood at a parking lot,assets/source_146c36946692.png,assets/item_c7bd94cde1c6.jpg,1,1,2,2,,reviewer_1,67,gt-diagnostic-v2::rk2_gt::synth_0053::seed_000,synth_0053,0,rk2_gt,large,comparable,68,1,0
item_620a51b7ba0b,seat,wooden,A closeup leather chair at a classroom,A closeup leather chair with wooden seat at a classroom,assets/source_bda38536db22.png,assets/item_620a51b7ba0b.jpg,0,2,1,2,,reviewer_1,68,gt-diagnostic-v2::endpoint_gt::synth_0059::seed_000,synth_0059,0,endpoint_gt,medium,comparable,69,0,0
item_d4c808da9db7,head,tiger,A bear at a pool,A bear with tiger head at a pool,assets/source_41c7b285ef4c.png,assets/item_d4c808da9db7.jpg,1,2,1,2,,reviewer_1,69,gt-diagnostic-v2::endpoint_gt::synth_0040::seed_000,synth_0040,0,endpoint_gt,small,comparable,70,1,0
item_27a4d0ed9a9f,head,robot,A alien at a school,A alien with robot head at a school,assets/source_26285f2b90f2.png,assets/item_27a4d0ed9a9f.jpg,2,2,2,2,,reviewer_1,70,gt-diagnostic-v2::rk2_n15_gt::synth_0007::seed_000,synth_0007,0,rk2_n15_gt,medium,comparable,71,1,1
item_c06b4df6850e,head,panda,A dog at a store,A dog with panda head at a store,assets/source_de70faeee4dc.png,assets/item_c06b4df6850e.jpg,1,2,2,2,,reviewer_1,71,gt-diagnostic-v2::rk2_gt::synth_0045::seed_000,synth_0045,0,rk2_gt,medium,expansion,72,1,0
item_aa348037f0e3,torso,uniform,A alien at a school,A alien with uniform torso at a school,assets/source_4ad3086c4953.png,assets/item_aa348037f0e3.jpg,2,2,2,2,,reviewer_1,72,gt-diagnostic-v2::rk2_gt::synth_0013::seed_000,synth_0013,0,rk2_gt,small,comparable,73,1,1
item_0548a0ad8063,head,lion,A dog at a pool,A dog with lion head at a pool,assets/source_fc07bb02f53f.png,assets/item_0548a0ad8063.jpg,0,2,1,2,,reviewer_1,73,gt-diagnostic-v2::endpoint_gt::synth_0029::seed_000,synth_0029,0,endpoint_gt,small,expansion,74,0,0
item_3e4d9aadad51,hair,Curls,A Portrait of man at a house,A Portrait of man with Curls hair at a house,assets/source_1837be64cd68.png,assets/item_3e4d9aadad51.jpg,2,1,2,2,,reviewer_1,74,gt-diagnostic-v2::rk2_auto::synth_0026::seed_000,synth_0026,0,rk2_auto,small,expansion,75,1,0
item_920a50c781f7,head,cat,A dog at a restaurant,A dog with cat head at a restaurant,assets/source_ca463355e687.png,assets/item_920a50c781f7.jpg,0,0,1,2,,reviewer_1,75,gt-diagnostic-v2::rk2_auto::synth_0033::seed_000,synth_0033,0,rk2_auto,medium,comparable,76,0,0
item_a514517323eb,head,panda,A dog at a store,A dog with panda head at a store,assets/source_de70faeee4dc.png,assets/item_a514517323eb.jpg,1,2,1,2,,reviewer_1,76,gt-diagnostic-v2::endpoint_gt::synth_0045::seed_000,synth_0045,0,endpoint_gt,medium,expansion,77,1,0
item_9fc44f86eecc,seat,fabric,A closeup leather chair at a apartment,A closeup leather chair with fabric seat at a apartment,assets/source_278976611c82.png,assets/item_9fc44f86eecc.jpg,2,2,2,2,,reviewer_1,77,gt-diagnostic-v2::rk2_auto::synth_0056::seed_000,synth_0056,0,rk2_auto,medium,comparable,78,1,1
item_650194c17fe9,hair,Kinky,A Portrait of boy at a park,A Portrait of boy with Kinky hair at a park,assets/source_0d500a8d6ca9.png,assets/item_650194c17fe9.jpg,2,2,2,2,,reviewer_1,78,gt-diagnostic-v2::endpoint_auto::synth_0022::seed_000,synth_0022,0,endpoint_auto,medium,comparable,79,1,1
item_a4fc7cc8fbf7,head,robot,A alien at a museum,A alien with robot head at a museum,assets/source_0776f3ccf0e9.png,assets/item_a4fc7cc8fbf7.jpg,2,1,2,2,,reviewer_1,79,gt-diagnostic-v2::rk2_n15_auto::synth_0003::seed_000,synth_0003,0,rk2_n15_auto,large,comparable,80,1,0
item_70b6fdaa597b,head,dog,A bear at a jungle,A bear with dog head at a jungle,assets/source_f71c7b525544.png,assets/item_70b6fdaa597b.jpg,0,2,1,2,,reviewer_1,80,gt-diagnostic-v2::endpoint_auto::synth_0030::seed_000,synth_0030,0,endpoint_auto,small,contraction,81,0,0
item_5aec94646b4f,car hood,Digital-Camouflage,A full front facing view of racing car at a parking lot,A full front facing view of racing car with Digital-Camouflage car hood at a parking lot,assets/source_073b896945b5.png,assets/item_5aec94646b4f.jpg,2,2,2,2,,reviewer_1,81,gt-diagnostic-v2::rk2_n15_auto::synth_0052::seed_000,synth_0052,0,rk2_n15_auto,medium,comparable,82,1,1
item_8ab590982603,head,lion,A bear at a zoo,A bear with lion head at a zoo,assets/source_1d46ca4f754d.png,assets/item_8ab590982603.jpg,0,2,1,2,,reviewer_1,82,gt-diagnostic-v2::endpoint_auto::synth_0036::seed_000,synth_0036,0,endpoint_auto,medium,comparable,83,0,0
item_e54871cdb99e,hair,Afro,A Portrait of boy at a beach,A Portrait of boy with Afro hair at a beach,assets/source_0038f682b22a.png,assets/item_e54871cdb99e.jpg,2,1,2,2,,reviewer_1,83,gt-diagnostic-v2::endpoint_gt::synth_0021::seed_000,synth_0021,0,endpoint_gt,large,comparable,84,1,0
item_d997fe4cd243,car hood,black,A racing-car at a highway,A racing-car with black car hood at a highway,assets/source_af6b5e577958.png,assets/item_d997fe4cd243.jpg,2,1,2,2,,reviewer_1,84,gt-diagnostic-v2::rk2_n15_auto::synth_0050::seed_000,synth_0050,0,rk2_n15_auto,small,comparable,85,1,0
item_b3fae24f1935,head,robot,A alien at a city,A alien with robot head at a city,assets/source_6094cd95fb45.png,assets/item_b3fae24f1935.jpg,2,2,2,2,,reviewer_1,85,gt-diagnostic-v2::rk2_n15_gt::synth_0000::seed_000,synth_0000,0,rk2_n15_gt,small,comparable,86,1,1
item_f55f03076069,head,robot,A alien at a museum,A alien with robot head at a museum,assets/source_0776f3ccf0e9.png,assets/item_f55f03076069.jpg,2,2,2,2,,reviewer_1,86,gt-diagnostic-v2::rk2_n15_gt::synth_0003::seed_000,synth_0003,0,rk2_n15_gt,large,comparable,87,1,1
item_fbe65f828066,seat,rusted,A closeup folding chair at a classroom,A closeup folding chair with rusted seat at a classroom,assets/source_97eab3ccdecd.png,assets/item_fbe65f828066.jpg,2,2,2,2,,reviewer_1,87,gt-diagnostic-v2::endpoint_gt::synth_0058::seed_000,synth_0058,0,endpoint_gt,medium,comparable,88,1,1
item_998bd4e469d0,hair,Curls,A Portrait of boy at a park,A Portrait of boy with Curls hair at a park,assets/source_b4d7f2d52a43.png,assets/item_998bd4e469d0.jpg,2,2,2,2,,reviewer_1,88,gt-diagnostic-v2::rk2_n15_auto::synth_0020::seed_000,synth_0020,0,rk2_n15_auto,large,comparable,89,1,1
item_d3a5fdc1f399,head,bear,A robot at a park,A robot with bear head at a park,assets/source_64fe128aaf52.png,assets/item_d3a5fdc1f399.jpg,1,0,2,2,,reviewer_1,89,gt-diagnostic-v2::endpoint_auto::synth_0002::seed_000,synth_0002,0,endpoint_auto,large,comparable,90,0,0
item_3e29367852e0,head,dragon,A horse at a zoo,A horse with dragon head at a zoo,assets/source_dbfa710ac399.png,assets/item_3e29367852e0.jpg,0,2,1,2,,reviewer_1,90,gt-diagnostic-v2::rk2_n15_gt::synth_0038::seed_000,synth_0038,0,rk2_n15_gt,large,expansion,91,0,0
item_7edc3cc786be,seat,rusted,A closeup folding chair at a classroom,A closeup folding chair with rusted seat at a classroom,assets/source_97eab3ccdecd.png,assets/item_7edc3cc786be.jpg,1,2,2,2,,reviewer_1,91,gt-diagnostic-v2::rk2_n15_auto::synth_0058::seed_000,synth_0058,0,rk2_n15_auto,medium,comparable,92,1,0
item_224d0f0ee0bf,car body,rusted,A classic-car at a suburban road,A classic-car with rusted car body at a suburban road,assets/source_a90c17d919ed.png,assets/item_224d0f0ee0bf.jpg,2,1,2,2,,reviewer_1,92,gt-diagnostic-v2::rk2_gt::synth_0048::seed_000,synth_0048,0,rk2_gt,large,comparable,93,1,0
item_38f1fc23cc67,car hood,vinyl-art,A classic-car at a garage,A classic-car with vinyl-art car hood at a garage,assets/source_f3b27b9b2ef0.png,assets/item_38f1fc23cc67.jpg,2,1,2,2,,reviewer_1,93,gt-diagnostic-v2::endpoint_gt::synth_0051::seed_000,synth_0051,0,endpoint_gt,small,comparable,94,1,0
item_8827f1ef7c0c,car hood,Destroyed,A full front facing view of BMW car at a parking lot,A full front facing view of BMW car with Destroyed car hood at a parking lot,assets/source_146c36946692.png,assets/item_8827f1ef7c0c.jpg,2,1,2,2,,reviewer_1,94,gt-diagnostic-v2::endpoint_auto::synth_0053::seed_000,synth_0053,0,endpoint_auto,large,comparable,95,1,0
item_0d5756e51c7a,torso,uniform,A alien at a school,A alien with uniform torso at a school,assets/source_4ad3086c4953.png,assets/item_0d5756e51c7a.jpg,2,1,2,2,,reviewer_1,95,gt-diagnostic-v2::endpoint_gt::synth_0013::seed_000,synth_0013,0,endpoint_gt,small,comparable,96,1,0
item_f08a7197c25b,head,cheetah,A panda at a school,A panda with cheetah head at a school,assets/source_3506d9604bf8.png,assets/item_f08a7197c25b.jpg,0,2,0,2,,reviewer_1,96,gt-diagnostic-v2::endpoint_gt::synth_0042::seed_000,synth_0042,0,endpoint_gt,medium,comparable,97,0,0
item_23228f9cec9b,car hood,Rusty,A full front facing view of Porsche car at a road,A full front facing view of Porsche car with Rusty car hood at a road,assets/source_7e515b8abb95.png,assets/item_23228f9cec9b.jpg,2,2,2,2,,reviewer_1,97,gt-diagnostic-v2::rk2_n15_gt::synth_0054::seed_000,synth_0054,0,rk2_n15_gt,small,comparable,98,1,1
item_f860f5b5238f,head,dragon,A dog at a farm,A dog with dragon head at a farm,assets/source_2a043df583fd.png,assets/item_f860f5b5238f.jpg,0,2,1,2,,reviewer_1,98,gt-diagnostic-v2::rk2_n15_gt::synth_0037::seed_000,synth_0037,0,rk2_n15_gt,small,expansion,99,0,0
item_16e7eaf6d6b7,head,lion,A bear at a zoo,A bear with lion head at a zoo,assets/source_1d46ca4f754d.png,assets/item_16e7eaf6d6b7.jpg,1,2,1,2,,reviewer_1,99,gt-diagnostic-v2::rk2_gt::synth_0036::seed_000,synth_0036,0,rk2_gt,medium,comparable,100,1,0
item_ca3c18622a71,torso,armor,A girl at a stadium,A girl with armor torso at a stadium,assets/source_05f0e921e87d.png,assets/item_ca3c18622a71.jpg,2,2,2,2,,reviewer_1,100,gt-diagnostic-v2::endpoint_gt::synth_0016::seed_000,synth_0016,0,endpoint_gt,large,comparable,101,1,1
item_f7b51dced9ec,head,bear,A alien at a museum,A alien with bear head at a museum,assets/source_30f9afb55b24.png,assets/item_f7b51dced9ec.jpg,0,1,1,2,,reviewer_1,101,gt-diagnostic-v2::rk2_auto::synth_0009::seed_000,synth_0009,0,rk2_auto,large,comparable,102,0,0
item_96b76146da65,hair,Wavy,A Portrait of girl at a forest,A Portrait of girl with Wavy hair at a forest,assets/source_53e8e39bcf1e.png,assets/item_96b76146da65.jpg,2,2,2,2,,reviewer_1,102,gt-diagnostic-v2::rk2_gt::synth_0019::seed_000,synth_0019,0,rk2_gt,medium,comparable,103,1,1
item_7c59c9062e99,head,panda,A cat at a mountain,A cat with panda head at a mountain,assets/source_dd35579b4d43.png,assets/item_7c59c9062e99.jpg,1,2,2,2,,reviewer_1,103,gt-diagnostic-v2::endpoint_auto::synth_0041::seed_000,synth_0041,0,endpoint_auto,medium,expansion,104,1,0
item_8be51270a337,torso,robotic-parts,A dinosaur at a museum,A dinosaur with robotic-parts torso at a museum,assets/source_1e3c08a912fe.png,assets/item_8be51270a337.jpg,2,2,2,2,,reviewer_1,104,gt-diagnostic-v2::rk2_n15_auto::synth_0017::seed_000,synth_0017,0,rk2_n15_auto,large,comparable,105,1,1
item_b65ebba9a164,head,robot,A alien at a city,A alien with robot head at a city,assets/source_6094cd95fb45.png,assets/item_b65ebba9a164.jpg,2,1,2,2,,reviewer_1,105,gt-diagnostic-v2::endpoint_gt::synth_0000::seed_000,synth_0000,0,endpoint_gt,small,comparable,106,1,0
item_651ee56198a8,car body,rusted,A classic-car at a suburban road,A classic-car with rusted car body at a suburban road,assets/source_a90c17d919ed.png,assets/item_651ee56198a8.jpg,2,1,2,2,,reviewer_1,106,gt-diagnostic-v2::endpoint_gt::synth_0048::seed_000,synth_0048,0,endpoint_gt,large,comparable,107,1,0
item_b06f3f62e1f0,hair,Afro,A Portrait of boy at a beach,A Portrait of boy with Afro hair at a beach,assets/source_0038f682b22a.png,assets/item_b06f3f62e1f0.jpg,2,2,2,2,,reviewer_1,107,gt-diagnostic-v2::endpoint_auto::synth_0021::seed_000,synth_0021,0,endpoint_auto,large,comparable,108,1,1
item_c3c0b59edaf8,torso,spiderman,A robot at a museum,A robot with spiderman torso at a museum,assets/source_7e6e7b988446.png,assets/item_c3c0b59edaf8.jpg,2,1,2,2,,reviewer_1,108,gt-diagnostic-v2::endpoint_gt::synth_0012::seed_000,synth_0012,0,endpoint_gt,large,comparable,109,1,0
item_0303e81dd5a9,head,tattooed,A robot at a office,A robot with tattooed head at a office,assets/source_1e365ebd5ac6.png,assets/item_0303e81dd5a9.jpg,1,2,2,2,,reviewer_1,109,gt-diagnostic-v2::rk2_n15_gt::synth_0004::seed_000,synth_0004,0,rk2_n15_gt,medium,comparable,110,1,0
item_d9a9b114a4aa,car body,futuristic,A sedan at a parking lot,A sedan with futuristic car body at a parking lot,assets/source_ef3648f18171.png,assets/item_d9a9b114a4aa.jpg,2,2,2,2,,reviewer_1,110,gt-diagnostic-v2::rk2_gt::synth_0047::seed_000,synth_0047,0,rk2_gt,large,comparable,111,1,1
item_6f7666199ef0,car hood,vinyl-art,A classic-car at a garage,A classic-car with vinyl-art car hood at a garage,assets/source_f3b27b9b2ef0.png,assets/item_6f7666199ef0.jpg,2,1,2,2,,reviewer_1,111,gt-diagnostic-v2::rk2_auto::synth_0051::seed_000,synth_0051,0,rk2_auto,small,comparable,112,1,0
item_6c28243b84c3,head,cat,A dog at a restaurant,A dog with cat head at a restaurant,assets/source_ca463355e687.png,assets/item_6c28243b84c3.jpg,0,2,1,2,,reviewer_1,112,gt-diagnostic-v2::rk2_n15_gt::synth_0033::seed_000,synth_0033,0,rk2_n15_gt,medium,comparable,114,0,0
item_80818e9dc5c8,head,unicorn,A dog at a mountain,A dog with unicorn head at a mountain,assets/source_ee57f3a3ed86.png,assets/item_80818e9dc5c8.jpg,0,2,1,2,,reviewer_1,113,gt-diagnostic-v2::endpoint_auto::synth_0034::seed_000,synth_0034,0,endpoint_auto,small,expansion,115,0,0
item_56143b4d24ab,head,bear,A alien at a museum,A alien with bear head at a museum,assets/source_30f9afb55b24.png,assets/item_56143b4d24ab.jpg,0,2,1,2,,reviewer_1,114,gt-diagnostic-v2::rk2_n15_gt::synth_0009::seed_000,synth_0009,0,rk2_n15_gt,large,comparable,116,0,0
item_e102415f4d19,hair,Botticelli-Curls,A Portrait of boy at a street,A Portrait of boy with Botticelli-Curls hair at a street,assets/source_1efd8f28c69b.png,assets/item_e102415f4d19.jpg,2,2,2,2,,reviewer_1,115,gt-diagnostic-v2::rk2_auto::synth_0025::seed_000,synth_0025,0,rk2_auto,medium,comparable,117,1,1
item_598b5f11dd77,head,dragon,A cow at a restaurant,A cow with dragon head at a restaurant,assets/source_591f63abb2fa.png,assets/item_598b5f11dd77.jpg,0,1,1,2,,reviewer_1,116,gt-diagnostic-v2::endpoint_gt::synth_0028::seed_000,synth_0028,0,endpoint_gt,small,comparable,118,0,0
item_605ee97425cc,head,dragon,A horse at a zoo,A horse with dragon head at a zoo,assets/source_dbfa710ac399.png,assets/item_605ee97425cc.jpg,0,2,2,2,,reviewer_1,117,gt-diagnostic-v2::endpoint_auto::synth_0038::seed_000,synth_0038,0,endpoint_auto,large,expansion,119,0,0
item_3d952b96ad13,seat,plastic,A closeup soft chair at a photo studio,A closeup soft chair with plastic seat at a photo studio,assets/source_b25f9980445d.png,assets/item_3d952b96ad13.jpg,2,1,1,2,,reviewer_1,118,gt-diagnostic-v2::endpoint_auto::synth_0057::seed_000,synth_0057,0,endpoint_auto,large,comparable,120,1,0
item_b138bddf6937,head,dragon,A cat at a desert,A cat with dragon head at a desert,assets/source_bb5f44e8a25b.png,assets/item_b138bddf6937.jpg,0,2,2,2,,reviewer_1,119,gt-diagnostic-v2::rk2_n15_auto::synth_0032::seed_000,synth_0032,0,rk2_n15_auto,small,expansion,121,0,0
item_f0a91492a69a,hair,Kinky,A Portrait of boy at a park,A Portrait of boy with Kinky hair at a park,assets/source_0d500a8d6ca9.png,assets/item_f0a91492a69a.jpg,2,2,2,2,,reviewer_1,120,gt-diagnostic-v2::rk2_auto::synth_0022::seed_000,synth_0022,0,rk2_auto,medium,comparable,122,1,1
item_02d6f4d2dcb0,hair,blond,A Portrait of man at a beach,A Portrait of man with blond hair at a beach,assets/source_6ce9a1e568d3.png,assets/item_02d6f4d2dcb0.jpg,2,2,2,2,,reviewer_1,121,gt-diagnostic-v2::endpoint_auto::synth_0023::seed_000,synth_0023,0,endpoint_auto,small,comparable,123,1,1
item_543eef3481f2,head,tiger,A bear at a pool,A bear with tiger head at a pool,assets/source_41c7b285ef4c.png,assets/item_543eef3481f2.jpg,1,2,1,2,,reviewer_1,122,gt-diagnostic-v2::rk2_n15_auto::synth_0040::seed_000,synth_0040,0,rk2_n15_auto,small,comparable,124,1,0
item_d46f028f517b,head,bear,A robot at a school,A robot with bear head at a school,assets/source_5bd8b0acdbd5.png,assets/item_d46f028f517b.jpg,2,1,2,2,,reviewer_1,123,gt-diagnostic-v2::rk2_gt::synth_0001::seed_000,synth_0001,0,rk2_gt,medium,comparable,125,1,0
item_299f57d116cc,head,unicorn,A cow at a house,A cow with unicorn head at a house,assets/source_70a3202c4158.png,assets/item_299f57d116cc.jpg,2,1,2,2,,reviewer_1,124,gt-diagnostic-v2::endpoint_auto::synth_0039::seed_000,synth_0039,0,endpoint_auto,small,expansion,126,1,0
item_cda601baf1d2,seat,wooden,A closeup leather chair at a classroom,A closeup leather chair with wooden seat at a classroom,assets/source_bda38536db22.png,assets/item_cda601baf1d2.jpg,0,2,1,2,,reviewer_1,125,gt-diagnostic-v2::endpoint_auto::synth_0059::seed_000,synth_0059,0,endpoint_auto,medium,comparable,127,0,0
item_afc8da6c2d1d,head,lion,A bear at a zoo,A bear with lion head at a zoo,assets/source_b8ba5e41ea31.png,assets/item_afc8da6c2d1d.jpg,0,2,2,2,,reviewer_1,126,gt-diagnostic-v2::rk2_n15_gt::synth_0044::seed_000,synth_0044,0,rk2_n15_gt,large,comparable,128,0,0
item_fc7a3393efca,head,dragon,A dog at a farm,A dog with dragon head at a farm,assets/source_2a043df583fd.png,assets/item_fc7a3393efca.jpg,0,2,2,2,,reviewer_1,127,gt-diagnostic-v2::rk2_auto::synth_0037::seed_000,synth_0037,0,rk2_auto,small,expansion,129,0,0
item_ca73f9341133,head,panda,A cat at a mountain,A cat with panda head at a mountain,assets/source_dd35579b4d43.png,assets/item_ca73f9341133.jpg,1,2,1,2,,reviewer_1,128,gt-diagnostic-v2::endpoint_gt::synth_0041::seed_000,synth_0041,0,endpoint_gt,medium,expansion,130,1,0
item_206e9019fbf0,car hood,Digital-Camouflage,A full front facing view of racing car at a parking lot,A full front facing view of racing car with Digital-Camouflage car hood at a parking lot,assets/source_073b896945b5.png,assets/item_206e9019fbf0.jpg,2,2,2,2,,reviewer_1,129,gt-diagnostic-v2::rk2_gt::synth_0052::seed_000,synth_0052,0,rk2_gt,medium,comparable,131,1,1
item_7fe919153983,torso,formal-suit,A robot at a restaurant,A robot with formal-suit torso at a restaurant,assets/source_2e6979609916.png,assets/item_7fe919153983.jpg,2,2,2,2,,reviewer_1,130,gt-diagnostic-v2::endpoint_gt::synth_0015::seed_000,synth_0015,0,endpoint_gt,large,comparable,132,1,1
item_f777dcdfdb44,hair,Curls,A Portrait of woman at a school,A Portrait of woman with Curls hair at a school,assets/source_8a5f145d5ed6.png,assets/item_f777dcdfdb44.jpg,2,2,2,2,,reviewer_1,131,gt-diagnostic-v2::rk2_n15_auto::synth_0027::seed_000,synth_0027,0,rk2_n15_auto,large,comparable,133,1,1
item_5b0ff6638729,head,lion,A bear at a zoo,A bear with lion head at a zoo,assets/source_b8ba5e41ea31.png,assets/item_5b0ff6638729.jpg,0,1,1,2,,reviewer_1,132,gt-diagnostic-v2::rk2_gt::synth_0044::seed_000,synth_0044,0,rk2_gt,large,comparable,134,0,0
item_a0e9c15877aa,head,dragon,A bear at a jungle,A bear with dragon head at a jungle,assets/source_a29b0df6a570.png,assets/item_a0e9c15877aa.jpg,0,2,1,2,,reviewer_1,133,gt-diagnostic-v2::endpoint_gt::synth_0043::seed_000,synth_0043,0,endpoint_gt,small,expansion,135,0,0
item_6027f6151123,hair,Curls,A Portrait of man at a house,A Portrait of man with Curls hair at a house,assets/source_1837be64cd68.png,assets/item_6027f6151123.jpg,2,2,2,2,,reviewer_1,134,gt-diagnostic-v2::rk2_n15_auto::synth_0026::seed_000,synth_0026,0,rk2_n15_auto,small,expansion,136,1,1
item_0c3e7c6fbd94,head,lion,A dog at a pool,A dog with lion head at a pool,assets/source_fc07bb02f53f.png,assets/item_0c3e7c6fbd94.jpg,0,1,1,2,,reviewer_1,135,gt-diagnostic-v2::rk2_n15_auto::synth_0029::seed_000,synth_0029,0,rk2_n15_auto,small,expansion,137,0,0
item_16cc1698c3be,head,tattooed,A robot at a office,A robot with tattooed head at a office,assets/source_1e365ebd5ac6.png,assets/item_16cc1698c3be.jpg,0,0,1,2,,reviewer_1,136,gt-diagnostic-v2::endpoint_auto::synth_0004::seed_000,synth_0004,0,endpoint_auto,medium,comparable,139,0,0
item_dec327c4bfc2,head,bear,A robot at a school,A robot with bear head at a school,assets/source_5bd8b0acdbd5.png,assets/item_dec327c4bfc2.jpg,2,0,2,2,,reviewer_1,137,gt-diagnostic-v2::endpoint_auto::synth_0001::seed_000,synth_0001,0,endpoint_auto,medium,comparable,140,0,0
item_186d99b3f7b4,torso,formal-suit,A robot at a restaurant,A robot with formal-suit torso at a restaurant,assets/source_2e6979609916.png,assets/item_186d99b3f7b4.jpg,1,0,2,2,,reviewer_1,138,gt-diagnostic-v2::rk2_n15_auto::synth_0015::seed_000,synth_0015,0,rk2_n15_auto,large,comparable,141,0,0
item_4366dbc38ef6,head,lion,A bear at a zoo,A bear with lion head at a zoo,assets/source_b8ba5e41ea31.png,assets/item_4366dbc38ef6.jpg,0,2,1,2,,reviewer_1,139,gt-diagnostic-v2::rk2_n15_auto::synth_0044::seed_000,synth_0044,0,rk2_n15_auto,large,comparable,142,0,0
item_6399ba844575,hair,blond,A Portrait of man at a beach,A Portrait of man with blond hair at a beach,assets/source_6ce9a1e568d3.png,assets/item_6399ba844575.jpg,2,1,2,2,,reviewer_1,140,gt-diagnostic-v2::rk2_auto::synth_0023::seed_000,synth_0023,0,rk2_auto,small,comparable,143,1,0
item_a73b62715810,car body,neon-lit,A classic-car at a suburban road,A classic-car with neon-lit car body at a suburban road,assets/source_3ae69c2a9e97.png,assets/item_a73b62715810.jpg,2,2,2,2,,reviewer_1,141,gt-diagnostic-v2::rk2_n15_auto::synth_0049::seed_000,synth_0049,0,rk2_n15_auto,large,comparable,144,1,1
item_0054b88beb5f,car hood,Rusty,A full front facing view of Porsche car at a road,A full front facing view of Porsche car with Rusty car hood at a road,assets/source_7e515b8abb95.png,assets/item_0054b88beb5f.jpg,1,1,2,2,,reviewer_1,142,gt-diagnostic-v2::rk2_auto::synth_0054::seed_000,synth_0054,0,rk2_auto,small,comparable,145,1,0
item_1ac1cc63b0d1,car hood,Graffiti,A full front facing view of Toyota car at a parking lot,A full front facing view of Toyota car with Graffiti car hood at a parking lot,assets/source_d13dfe80a435.png,assets/item_1ac1cc63b0d1.jpg,2,1,2,2,,reviewer_1,143,gt-diagnostic-v2::rk2_gt::synth_0055::seed_000,synth_0055,0,rk2_gt,large,comparable,146,1,0
item_56d5de5225f9,head,cheetah,A cat at a museum,A cat with cheetah head at a museum,assets/source_f3d1d79f0351.png,assets/item_56d5de5225f9.jpg,1,1,1,2,,reviewer_1,144,gt-diagnostic-v2::rk2_auto::synth_0035::seed_000,synth_0035,0,rk2_auto,small,expansion,147,1,0
item_a7e9127cb647,head,dragon,A cow at a restaurant,A cow with dragon head at a restaurant,assets/source_591f63abb2fa.png,assets/item_a7e9127cb647.jpg,0,1,1,2,,reviewer_1,145,gt-diagnostic-v2::endpoint_auto::synth_0028::seed_000,synth_0028,0,endpoint_auto,small,comparable,148,0,0
item_cde7c215c7ca,car hood,black,A racing-car at a highway,A racing-car with black car hood at a highway,assets/source_af6b5e577958.png,assets/item_cde7c215c7ca.jpg,2,1,2,2,,reviewer_1,146,gt-diagnostic-v2::endpoint_auto::synth_0050::seed_000,synth_0050,0,endpoint_auto,small,comparable,149,1,0
item_9073fdc9628d,head,robot,A alien at a museum,A alien with robot head at a museum,assets/source_0776f3ccf0e9.png,assets/item_9073fdc9628d.jpg,2,2,2,2,,reviewer_1,147,gt-diagnostic-v2::endpoint_gt::synth_0003::seed_000,synth_0003,0,endpoint_gt,large,comparable,150,1,1
item_9c74857ef807,head,robot,A alien at a museum,A alien with robot head at a museum,assets/source_0776f3ccf0e9.png,assets/item_9c74857ef807.jpg,2,0,2,2,,reviewer_1,148,gt-diagnostic-v2::rk2_auto::synth_0003::seed_000,synth_0003,0,rk2_auto,large,comparable,151,0,0
item_e2f0b0d2d784,head,cheetah,A panda at a school,A panda with cheetah head at a school,assets/source_3506d9604bf8.png,assets/item_e2f0b0d2d784.jpg,0,0,0,2,,reviewer_1,149,gt-diagnostic-v2::endpoint_auto::synth_0042::seed_000,synth_0042,0,endpoint_auto,medium,comparable,152,0,0
item_1c7b10e09e5e,torso,armor,A boy at a restaurant,A boy with armor torso at a restaurant,assets/source_cea0cb0755a1.png,assets/item_1c7b10e09e5e.jpg,2,1,2,2,,reviewer_1,150,gt-diagnostic-v2::rk2_auto::synth_0018::seed_000,synth_0018,0,rk2_auto,medium,comparable,153,1,0
item_c29e3b99411e,car body,rusted,A classic-car at a suburban road,A classic-car with rusted car body at a suburban road,assets/source_a90c17d919ed.png,assets/item_c29e3b99411e.jpg,2,1,2,2,,reviewer_1,151,gt-diagnostic-v2::rk2_auto::synth_0048::seed_000,synth_0048,0,rk2_auto,large,comparable,154,1,0
item_692a226ab13d,head,bear,A alien at a museum,A alien with bear head at a museum,assets/source_30f9afb55b24.png,assets/item_692a226ab13d.jpg,0,1,1,2,,reviewer_1,152,gt-diagnostic-v2::endpoint_auto::synth_0009::seed_000,synth_0009,0,endpoint_auto,large,comparable,155,0,0
item_b637adaae8bb,torso,armor,A girl at a stadium,A girl with armor torso at a stadium,assets/source_05f0e921e87d.png,assets/item_b637adaae8bb.jpg,2,1,2,2,,reviewer_1,153,gt-diagnostic-v2::rk2_auto::synth_0016::seed_000,synth_0016,0,rk2_auto,large,comparable,156,1,0
item_32b2b7d66e55,head,alien,A robot at a park,A robot with alien head at a park,assets/source_f388d78833d6.png,assets/item_32b2b7d66e55.jpg,2,2,2,2,,reviewer_1,154,gt-diagnostic-v2::endpoint_gt::synth_0008::seed_000,synth_0008,0,endpoint_gt,small,comparable,157,1,1
item_6b2531cc464a,head,robot,A man at a gym,A man with robot head at a gym,assets/source_9db278f7152f.png,assets/item_6b2531cc464a.jpg,2,1,2,2,,reviewer_1,155,gt-diagnostic-v2::endpoint_gt::synth_0005::seed_000,synth_0005,0,endpoint_gt,medium,comparable,158,1,0
item_0a42dbb2957c,head,bear,A robot at a school,A robot with bear head at a school,assets/source_5bd8b0acdbd5.png,assets/item_0a42dbb2957c.jpg,2,1,2,2,,reviewer_1,156,gt-diagnostic-v2::rk2_n15_auto::synth_0001::seed_000,synth_0001,0,rk2_n15_auto,medium,comparable,159,1,0
item_c035da712e46,head,lion,A dog at a pool,A dog with lion head at a pool,assets/source_fc07bb02f53f.png,assets/item_c035da712e46.jpg,0,2,1,2,,reviewer_1,157,gt-diagnostic-v2::rk2_n15_gt::synth_0029::seed_000,synth_0029,0,rk2_n15_gt,small,expansion,160,0,0
item_479ead902529,torso,robotic-parts,A dinosaur at a museum,A dinosaur with robotic-parts torso at a museum,assets/source_1e3c08a912fe.png,assets/item_479ead902529.jpg,2,0,1,2,,reviewer_1,158,gt-diagnostic-v2::endpoint_gt::synth_0017::seed_000,synth_0017,0,endpoint_gt,large,comparable,161,0,0
item_68f80bdea885,head,cheetah,A panda at a school,A panda with cheetah head at a school,assets/source_3506d9604bf8.png,assets/item_68f80bdea885.jpg,0,1,0,2,,reviewer_1,159,gt-diagnostic-v2::rk2_n15_auto::synth_0042::seed_000,synth_0042,0,rk2_n15_auto,medium,comparable,162,0,0
item_e8219d1566e0,seat,rusted,A closeup folding chair at a classroom,A closeup folding chair with rusted seat at a classroom,assets/source_97eab3ccdecd.png,assets/item_e8219d1566e0.jpg,2,2,2,2,,reviewer_1,160,gt-diagnostic-v2::rk2_auto::synth_0058::seed_000,synth_0058,0,rk2_auto,medium,comparable,164,1,1
item_5c811ec1d62e,head,lion,A bear at a zoo,A bear with lion head at a zoo,assets/source_1d46ca4f754d.png,assets/item_5c811ec1d62e.jpg,1,2,1,2,,reviewer_1,161,gt-diagnostic-v2::endpoint_gt::synth_0036::seed_000,synth_0036,0,endpoint_gt,medium,comparable,165,1,0
item_52e219846910,car hood,vinyl-art,A classic-car at a garage,A classic-car with vinyl-art car hood at a garage,assets/source_f3b27b9b2ef0.png,assets/item_52e219846910.jpg,1,0,2,2,,reviewer_1,162,gt-diagnostic-v2::rk2_n15_auto::synth_0051::seed_000,synth_0051,0,rk2_n15_auto,small,comparable,166,0,0
item_534b50ac2876,torso,spiderman,A robot at a museum,A robot with spiderman torso at a museum,assets/source_63f2eb2cd129.png,assets/item_534b50ac2876.jpg,2,2,2,2,,reviewer_1,163,gt-diagnostic-v2::rk2_n15_gt::synth_0011::seed_000,synth_0011,0,rk2_n15_gt,small,comparable,167,1,1
item_e9dc9584a940,torso,uniform,A alien at a school,A alien with uniform torso at a school,assets/source_4ad3086c4953.png,assets/item_e9dc9584a940.jpg,2,1,1,2,,reviewer_1,164,gt-diagnostic-v2::rk2_auto::synth_0013::seed_000,synth_0013,0,rk2_auto,small,comparable,168,1,0
item_194c7c0b7aad,head,cat,A dog at a restaurant,A dog with cat head at a restaurant,assets/source_ca463355e687.png,assets/item_194c7c0b7aad.jpg,0,0,1,2,,reviewer_1,165,gt-diagnostic-v2::endpoint_auto::synth_0033::seed_000,synth_0033,0,endpoint_auto,medium,comparable,169,0,0
item_a82511f98b2b,head,dragon,A cat at a desert,A cat with dragon head at a desert,assets/source_bb5f44e8a25b.png,assets/item_a82511f98b2b.jpg,0,2,1,2,,reviewer_1,166,gt-diagnostic-v2::endpoint_gt::synth_0032::seed_000,synth_0032,0,endpoint_gt,small,expansion,170,0,0
item_bd168f272b56,head,dragon,A dog at a farm,A dog with dragon head at a farm,assets/source_2a043df583fd.png,assets/item_bd168f272b56.jpg,0,1,1,2,,reviewer_1,167,gt-diagnostic-v2::endpoint_auto::synth_0037::seed_000,synth_0037,0,endpoint_auto,small,expansion,171,0,0
item_3c31b071967d,head,panda,A cat at a mountain,A cat with panda head at a mountain,assets/source_dd35579b4d43.png,assets/item_3c31b071967d.jpg,1,2,1,2,,reviewer_1,168,gt-diagnostic-v2::rk2_n15_auto::synth_0041::seed_000,synth_0041,0,rk2_n15_auto,medium,expansion,172,1,0
item_78dd6694ba97,car hood,Digital-Camouflage,A full front facing view of racing car at a parking lot,A full front facing view of racing car with Digital-Camouflage car hood at a parking lot,assets/source_073b896945b5.png,assets/item_78dd6694ba97.jpg,2,2,2,2,,reviewer_1,169,gt-diagnostic-v2::endpoint_gt::synth_0052::seed_000,synth_0052,0,endpoint_gt,medium,comparable,173,1,1
item_7b2ae7679912,head,robot,A alien at a city,A alien with robot head at a city,assets/source_6094cd95fb45.png,assets/item_7b2ae7679912.jpg,2,0,2,2,,reviewer_1,170,gt-diagnostic-v2::rk2_auto::synth_0000::seed_000,synth_0000,0,rk2_auto,small,comparable,174,0,0
item_e1bae71c2977,seat,fabric,A closeup leather chair at a apartment,A closeup leather chair with fabric seat at a apartment,assets/source_278976611c82.png,assets/item_e1bae71c2977.jpg,2,2,2,2,,reviewer_1,171,gt-diagnostic-v2::rk2_n15_gt::synth_0056::seed_000,synth_0056,0,rk2_n15_gt,medium,comparable,175,1,1
item_02d45d8f8d5c,torso,batman,A robot at a school,A robot with batman torso at a school,assets/source_8bcbeeb53dd4.png,assets/item_02d45d8f8d5c.jpg,2,0,2,2,,reviewer_1,172,gt-diagnostic-v2::rk2_auto::synth_0010::seed_000,synth_0010,0,rk2_auto,medium,comparable,176,0,0
item_4e87583e5fc7,head,tattooed,A robot at a office,A robot with tattooed head at a office,assets/source_1e365ebd5ac6.png,assets/item_4e87583e5fc7.jpg,1,2,1,2,,reviewer_1,173,gt-diagnostic-v2::rk2_n15_auto::synth_0004::seed_000,synth_0004,0,rk2_n15_auto,medium,comparable,177,1,0
item_c2d1a52a4bcb,head,robot,A girl at a beach,A girl with robot head at a beach,assets/source_eddd21d6a1c2.png,assets/item_c2d1a52a4bcb.jpg,0,1,0,2,,reviewer_1,174,gt-diagnostic-v2::rk2_auto::synth_0006::seed_000,synth_0006,0,rk2_auto,small,comparable,178,0,0
item_7598a4b29d6e,torso,formal-suit,A robot at a restaurant,A robot with formal-suit torso at a restaurant,assets/source_2e6979609916.png,assets/item_7598a4b29d6e.jpg,2,2,2,2,,reviewer_1,175,gt-diagnostic-v2::rk2_n15_gt::synth_0015::seed_000,synth_0015,0,rk2_n15_gt,large,comparable,179,1,1
item_2c7a7e6f0dca,car hood,Destroyed,A full front facing view of BMW car at a parking lot,A full front facing view of BMW car with Destroyed car hood at a parking lot,assets/source_146c36946692.png,assets/item_2c7a7e6f0dca.jpg,2,1,1,2,,reviewer_1,176,gt-diagnostic-v2::endpoint_gt::synth_0053::seed_000,synth_0053,0,endpoint_gt,large,comparable,180,1,0
item_b9905af1e79b,seat,fabric,A closeup leather chair at a apartment,A closeup leather chair with fabric seat at a apartment,assets/source_278976611c82.png,assets/item_b9905af1e79b.jpg,1,2,2,2,,reviewer_1,177,gt-diagnostic-v2::endpoint_auto::synth_0056::seed_000,synth_0056,0,endpoint_auto,medium,comparable,181,1,0
item_b49d04425739,car hood,Graffiti,A full front facing view of Toyota car at a parking lot,A full front facing view of Toyota car with Graffiti car hood at a parking lot,assets/source_d13dfe80a435.png,assets/item_b49d04425739.jpg,2,1,2,2,,reviewer_1,178,gt-diagnostic-v2::endpoint_auto::synth_0055::seed_000,synth_0055,0,endpoint_auto,large,comparable,182,1,0
item_75b6add51a40,head,tattooed,A robot at a office,A robot with tattooed head at a office,assets/source_1e365ebd5ac6.png,assets/item_75b6add51a40.jpg,0,1,1,2,,reviewer_1,179,gt-diagnostic-v2::rk2_gt::synth_0004::seed_000,synth_0004,0,rk2_gt,medium,comparable,183,0,0
item_75b48f593d1f,head,bear,A robot at a park,A robot with bear head at a park,assets/source_64fe128aaf52.png,assets/item_75b48f593d1f.jpg,2,2,2,2,,reviewer_1,180,gt-diagnostic-v2::rk2_gt::synth_0002::seed_000,synth_0002,0,rk2_gt,large,comparable,184,1,1
item_de559f7781a7,torso,armor,A boy at a restaurant,A boy with armor torso at a restaurant,assets/source_cea0cb0755a1.png,assets/item_de559f7781a7.jpg,2,1,2,2,,reviewer_1,181,gt-diagnostic-v2::endpoint_gt::synth_0018::seed_000,synth_0018,0,endpoint_gt,medium,comparable,185,1,0
item_5405f4bfa625,torso,armor,A girl at a stadium,A girl with armor torso at a stadium,assets/source_05f0e921e87d.png,assets/item_5405f4bfa625.jpg,2,1,2,2,,reviewer_1,182,gt-diagnostic-v2::endpoint_auto::synth_0016::seed_000,synth_0016,0,endpoint_auto,large,comparable,186,1,0
item_ddf8cdda4a04,car hood,vinyl-art,A classic-car at a garage,A classic-car with vinyl-art car hood at a garage,assets/source_f3b27b9b2ef0.png,assets/item_ddf8cdda4a04.jpg,2,0,2,2,,reviewer_1,183,gt-diagnostic-v2::endpoint_auto::synth_0051::seed_000,synth_0051,0,endpoint_auto,small,comparable,187,0,0
item_8195e5248a32,car body,futuristic,A sedan at a parking lot,A sedan with futuristic car body at a parking lot,assets/source_ef3648f18171.png,assets/item_8195e5248a32.jpg,2,0,2,2,,reviewer_1,184,gt-diagnostic-v2::rk2_auto::synth_0047::seed_000,synth_0047,0,rk2_auto,large,comparable,188,0,0
item_6b5d93fd3590,torso,batman,A robot at a school,A robot with batman torso at a school,assets/source_8bcbeeb53dd4.png,assets/item_6b5d93fd3590.jpg,2,2,2,2,,reviewer_1,185,gt-diagnostic-v2::rk2_n15_gt::synth_0010::seed_000,synth_0010,0,rk2_n15_gt,medium,comparable,189,1,1
item_5c918cd7e625,car hood,Graffiti,A full front facing view of Toyota car at a parking lot,A full front facing view of Toyota car with Graffiti car hood at a parking lot,assets/source_d13dfe80a435.png,assets/item_5c918cd7e625.jpg,2,1,2,2,,reviewer_1,186,gt-diagnostic-v2::rk2_auto::synth_0055::seed_000,synth_0055,0,rk2_auto,large,comparable,190,1,0
item_eca9ac08dd13,hair,Botticelli-Curls,A Portrait of boy at a street,A Portrait of boy with Botticelli-Curls hair at a street,assets/source_1efd8f28c69b.png,assets/item_eca9ac08dd13.jpg,2,2,2,2,,reviewer_1,187,gt-diagnostic-v2::endpoint_gt::synth_0025::seed_000,synth_0025,0,endpoint_gt,medium,comparable,191,1,1
item_f4f4a5f4f1d2,head,panda,A dog at a store,A dog with panda head at a store,assets/source_de70faeee4dc.png,assets/item_f4f4a5f4f1d2.jpg,2,2,2,2,,reviewer_1,188,gt-diagnostic-v2::rk2_n15_auto::synth_0045::seed_000,synth_0045,0,rk2_n15_auto,medium,expansion,192,1,1
item_7ee4326b54bf,head,lion,A dog at a pool,A dog with lion head at a pool,assets/source_fc07bb02f53f.png,assets/item_7ee4326b54bf.jpg,1,1,1,2,,reviewer_1,189,gt-diagnostic-v2::endpoint_auto::synth_0029::seed_000,synth_0029,0,endpoint_auto,small,expansion,193,1,0
item_0f34621b9f3b,head,alien,A robot at a park,A robot with alien head at a park,assets/source_f388d78833d6.png,assets/item_0f34621b9f3b.jpg,2,1,2,2,,reviewer_1,190,gt-diagnostic-v2::rk2_auto::synth_0008::seed_000,synth_0008,0,rk2_auto,small,comparable,194,1,0
item_21d85159ec19,car body,armored,A luxury-car at a mountain road,A luxury-car with armored car body at a mountain road,assets/source_4a1c085cfce4.png,assets/item_21d85159ec19.jpg,0,1,1,2,,reviewer_1,191,gt-diagnostic-v2::rk2_auto::synth_0046::seed_000,synth_0046,0,rk2_auto,large,comparable,195,0,0
item_e22afa8e9b8a,head,dragon,A bear at a jungle,A bear with dragon head at a jungle,assets/source_a29b0df6a570.png,assets/item_e22afa8e9b8a.jpg,0,1,1,2,,reviewer_1,192,gt-diagnostic-v2::endpoint_auto::synth_0043::seed_000,synth_0043,0,endpoint_auto,small,expansion,196,0,0
item_7938687b9cc3,seat,rusted,A closeup folding chair at a classroom,A closeup folding chair with rusted seat at a classroom,assets/source_97eab3ccdecd.png,assets/item_7938687b9cc3.jpg,1,2,2,2,,reviewer_1,193,gt-diagnostic-v2::rk2_n15_gt::synth_0058::seed_000,synth_0058,0,rk2_n15_gt,medium,comparable,197,1,0
item_bbf6189b5f2c,car hood,black,A racing-car at a highway,A racing-car with black car hood at a highway,assets/source_af6b5e577958.png,assets/item_bbf6189b5f2c.jpg,2,2,2,2,,reviewer_1,194,gt-diagnostic-v2::rk2_n15_gt::synth_0050::seed_000,synth_0050,0,rk2_n15_gt,small,comparable,198,1,1
item_e713a9249ef4,hair,Wavy,A Portrait of girl at a forest,A Portrait of girl with Wavy hair at a forest,assets/source_53e8e39bcf1e.png,assets/item_e713a9249ef4.jpg,2,1,2,2,,reviewer_1,195,gt-diagnostic-v2::rk2_auto::synth_0019::seed_000,synth_0019,0,rk2_auto,medium,comparable,199,1,0
item_edecb13b6169,head,cat,A dog at a restaurant,A dog with cat head at a restaurant,assets/source_ca463355e687.png,assets/item_edecb13b6169.jpg,0,2,1,2,,reviewer_1,196,gt-diagnostic-v2::rk2_gt::synth_0033::seed_000,synth_0033,0,rk2_gt,medium,comparable,200,0,0
item_9a739ed8663d,car body,rusted,A classic-car at a suburban road,A classic-car with rusted car body at a suburban road,assets/source_a90c17d919ed.png,assets/item_9a739ed8663d.jpg,2,1,2,2,,reviewer_1,197,gt-diagnostic-v2::rk2_n15_auto::synth_0048::seed_000,synth_0048,0,rk2_n15_auto,large,comparable,201,1,0
item_276025e3f276,head,robot,A alien at a school,A alien with robot head at a school,assets/source_26285f2b90f2.png,assets/item_276025e3f276.jpg,2,1,2,2,,reviewer_1,198,gt-diagnostic-v2::endpoint_gt::synth_0007::seed_000,synth_0007,0,endpoint_gt,medium,comparable,202,1,0
item_be041a91d1a2,car body,armored,A luxury-car at a mountain road,A luxury-car with armored car body at a mountain road,assets/source_4a1c085cfce4.png,assets/item_be041a91d1a2.jpg,0,1,1,2,,reviewer_1,199,gt-diagnostic-v2::rk2_gt::synth_0046::seed_000,synth_0046,0,rk2_gt,large,comparable,203,0,0
item_fcf2f171cfb5,head,robot,A alien at a school,A alien with robot head at a school,assets/source_26285f2b90f2.png,assets/item_fcf2f171cfb5.jpg,2,1,1,2,,reviewer_1,200,gt-diagnostic-v2::rk2_gt::synth_0007::seed_000,synth_0007,0,rk2_gt,medium,comparable,204,1,0
item_e62c47aefbc7,torso,batman,A robot at a school,A robot with batman torso at a school,assets/source_8bcbeeb53dd4.png,assets/item_e62c47aefbc7.jpg,2,0,2,2,,reviewer_1,201,gt-diagnostic-v2::endpoint_auto::synth_0010::seed_000,synth_0010,0,endpoint_auto,medium,comparable,205,0,0
item_139169836982,head,lion,A bear at a zoo,A bear with lion head at a zoo,assets/source_b8ba5e41ea31.png,assets/item_139169836982.jpg,0,1,2,2,,reviewer_1,202,gt-diagnostic-v2::rk2_auto::synth_0044::seed_000,synth_0044,0,rk2_auto,large,comparable,206,0,0
item_01bc81e5a386,head,cheetah,A panda at a school,A panda with cheetah head at a school,assets/source_3506d9604bf8.png,assets/item_01bc81e5a386.jpg,0,2,1,2,,reviewer_1,203,gt-diagnostic-v2::rk2_n15_gt::synth_0042::seed_000,synth_0042,0,rk2_n15_gt,medium,comparable,207,0,0
item_147bdbe19c20,head,robot,A alien at a school,A alien with robot head at a school,assets/source_26285f2b90f2.png,assets/item_147bdbe19c20.jpg,1,1,1,2,,reviewer_1,204,gt-diagnostic-v2::rk2_auto::synth_0007::seed_000,synth_0007,0,rk2_auto,medium,comparable,208,1,0
item_b8d81af134ff,head,bear,A robot at a school,A robot with bear head at a school,assets/source_5bd8b0acdbd5.png,assets/item_b8d81af134ff.jpg,2,1,2,2,,reviewer_1,205,gt-diagnostic-v2::endpoint_gt::synth_0001::seed_000,synth_0001,0,endpoint_gt,medium,comparable,209,1,0
item_63c70f7e0865,head,robot,A man at a gym,A man with robot head at a gym,assets/source_9db278f7152f.png,assets/item_63c70f7e0865.jpg,2,2,2,2,,reviewer_1,206,gt-diagnostic-v2::rk2_n15_gt::synth_0005::seed_000,synth_0005,0,rk2_n15_gt,medium,comparable,210,1,1
item_b172ab71488c,head,cat,A dog at a restaurant,A dog with cat head at a restaurant,assets/source_ca463355e687.png,assets/item_b172ab71488c.jpg,0,2,1,2,,reviewer_1,207,gt-diagnostic-v2::endpoint_gt::synth_0033::seed_000,synth_0033,0,endpoint_gt,medium,comparable,211,0,0
item_a156755883a3,head,lion,A bear at a zoo,A bear with lion head at a zoo,assets/source_b8ba5e41ea31.png,assets/item_a156755883a3.jpg,0,1,1,2,,reviewer_1,208,gt-diagnostic-v2::endpoint_auto::synth_0044::seed_000,synth_0044,0,endpoint_auto,large,comparable,212,0,0
item_27985efd668d,head,robot,A girl at a beach,A girl with robot head at a beach,assets/source_eddd21d6a1c2.png,assets/item_27985efd668d.jpg,0,2,2,2,,reviewer_1,209,gt-diagnostic-v2::rk2_n15_gt::synth_0006::seed_000,synth_0006,0,rk2_n15_gt,small,comparable,213,0,0
item_ca5b5fced2a8,head,robot,A man at a gym,A man with robot head at a gym,assets/source_9db278f7152f.png,assets/item_ca5b5fced2a8.jpg,2,1,2,2,,reviewer_1,210,gt-diagnostic-v2::endpoint_auto::synth_0005::seed_000,synth_0005,0,endpoint_auto,medium,comparable,214,1,0
item_f3c29913d5c1,torso,armor,A boy at a restaurant,A boy with armor torso at a restaurant,assets/source_cea0cb0755a1.png,assets/item_f3c29913d5c1.jpg,2,1,2,2,,reviewer_1,211,gt-diagnostic-v2::rk2_gt::synth_0018::seed_000,synth_0018,0,rk2_gt,medium,comparable,215,1,0
item_6ee0779ba8e1,car body,armored,A luxury-car at a mountain road,A luxury-car with armored car body at a mountain road,assets/source_4a1c085cfce4.png,assets/item_6ee0779ba8e1.jpg,0,2,1,2,,reviewer_1,212,gt-diagnostic-v2::rk2_n15_auto::synth_0046::seed_000,synth_0046,0,rk2_n15_auto,large,comparable,216,0,0
item_d4725bd29517,head,cheetah,A cat at a museum,A cat with cheetah head at a museum,assets/source_f3d1d79f0351.png,assets/item_d4725bd29517.jpg,1,2,1,2,,reviewer_1,213,gt-diagnostic-v2::endpoint_gt::synth_0035::seed_000,synth_0035,0,endpoint_gt,small,expansion,217,1,0
item_52a0c3ae0f3f,head,tiger,A bear at a pool,A bear with tiger head at a pool,assets/source_41c7b285ef4c.png,assets/item_52a0c3ae0f3f.jpg,1,2,2,2,,reviewer_1,214,gt-diagnostic-v2::rk2_n15_gt::synth_0040::seed_000,synth_0040,0,rk2_n15_gt,small,comparable,218,1,0
item_c87890bd114f,torso,formal-suit,A robot at a restaurant,A robot with formal-suit torso at a restaurant,assets/source_2e6979609916.png,assets/item_c87890bd114f.jpg,2,1,1,2,,reviewer_1,215,gt-diagnostic-v2::rk2_auto::synth_0015::seed_000,synth_0015,0,rk2_auto,large,comparable,219,1,0
item_5c9cd4411fbb,hair,Afro,A Portrait of boy at a beach,A Portrait of boy with Afro hair at a beach,assets/source_0038f682b22a.png,assets/item_5c9cd4411fbb.jpg,2,1,2,2,,reviewer_1,216,gt-diagnostic-v2::rk2_auto::synth_0021::seed_000,synth_0021,0,rk2_auto,large,comparable,220,1,0
item_6023d2e39580,hair,Curley,A Portrait of girl at a mountain,A Portrait of girl with Curley hair at a mountain,assets/source_c6abd9790d67.png,assets/item_6023d2e39580.jpg,2,2,2,2,,reviewer_1,217,gt-diagnostic-v2::endpoint_gt::synth_0024::seed_000,synth_0024,0,endpoint_gt,large,expansion,221,1,1
item_1351eb7463ae,head,alien,A robot at a park,A robot with alien head at a park,assets/source_f388d78833d6.png,assets/item_1351eb7463ae.jpg,2,1,2,2,,reviewer_1,218,gt-diagnostic-v2::rk2_gt::synth_0008::seed_000,synth_0008,0,rk2_gt,small,comparable,222,1,0
item_e0b5b0ddadaa,car hood,Rusty,A full front facing view of Porsche car at a road,A full front facing view of Porsche car with Rusty car hood at a road,assets/source_7e515b8abb95.png,assets/item_e0b5b0ddadaa.jpg,2,1,2,2,,reviewer_1,219,gt-diagnostic-v2::endpoint_gt::synth_0054::seed_000,synth_0054,0,endpoint_gt,small,comparable,223,1,0
item_5eb2d61e4cf4,seat,rusted,A closeup folding chair at a classroom,A closeup folding chair with rusted seat at a classroom,assets/source_97eab3ccdecd.png,assets/item_5eb2d61e4cf4.jpg,2,2,2,2,,reviewer_1,220,gt-diagnostic-v2::rk2_gt::synth_0058::seed_000,synth_0058,0,rk2_gt,medium,comparable,224,1,1
item_5edd73bbe73e,car hood,black,A racing-car at a highway,A racing-car with black car hood at a highway,assets/source_af6b5e577958.png,assets/item_5edd73bbe73e.jpg,2,2,2,2,,reviewer_1,221,gt-diagnostic-v2::rk2_gt::synth_0050::seed_000,synth_0050,0,rk2_gt,small,comparable,225,1,1
item_6491d8dbb952,torso,spiderman,A robot at a museum,A robot with spiderman torso at a museum,assets/source_63f2eb2cd129.png,assets/item_6491d8dbb952.jpg,2,1,2,2,,reviewer_1,222,gt-diagnostic-v2::endpoint_gt::synth_0011::seed_000,synth_0011,0,endpoint_gt,small,comparable,226,1,0
item_11c2d959ab66,seat,fabric,A closeup leather chair at a apartment,A closeup leather chair with fabric seat at a apartment,assets/source_278976611c82.png,assets/item_11c2d959ab66.jpg,2,1,2,2,,reviewer_1,223,gt-diagnostic-v2::rk2_gt::synth_0056::seed_000,synth_0056,0,rk2_gt,medium,comparable,227,1,0
item_68df0d37be58,head,dog,A bear at a jungle,A bear with dog head at a jungle,assets/source_f71c7b525544.png,assets/item_68df0d37be58.jpg,0,1,1,2,,reviewer_1,224,gt-diagnostic-v2::rk2_gt::synth_0030::seed_000,synth_0030,0,rk2_gt,small,contraction,228,0,0
item_1d4055950c98,torso,armor,A boy at a restaurant,A boy with armor torso at a restaurant,assets/source_cea0cb0755a1.png,assets/item_1d4055950c98.jpg,2,2,2,2,,reviewer_1,225,gt-diagnostic-v2::rk2_n15_gt::synth_0018::seed_000,synth_0018,0,rk2_n15_gt,medium,comparable,229,1,1
item_bc82b97b369f,head,unicorn,A dog at a mountain,A dog with unicorn head at a mountain,assets/source_ee57f3a3ed86.png,assets/item_bc82b97b369f.jpg,0,2,1,2,,reviewer_1,226,gt-diagnostic-v2::rk2_n15_gt::synth_0034::seed_000,synth_0034,0,rk2_n15_gt,small,expansion,230,0,0
item_f585357671af,head,dragon,A cow at a restaurant,A cow with dragon head at a restaurant,assets/source_591f63abb2fa.png,assets/item_f585357671af.jpg,0,2,1,2,,reviewer_1,227,gt-diagnostic-v2::rk2_n15_gt::synth_0028::seed_000,synth_0028,0,rk2_n15_gt,small,comparable,231,0,0
item_33e7eb67b8e5,hair,Wavy,A Portrait of girl at a forest,A Portrait of girl with Wavy hair at a forest,assets/source_53e8e39bcf1e.png,assets/item_33e7eb67b8e5.jpg,2,2,2,2,,reviewer_1,228,gt-diagnostic-v2::rk2_n15_gt::synth_0019::seed_000,synth_0019,0,rk2_n15_gt,medium,comparable,232,1,1
item_5a9f6dde4fad,car body,rusted,A classic-car at a suburban road,A classic-car with rusted car body at a suburban road,assets/source_a90c17d919ed.png,assets/item_5a9f6dde4fad.jpg,2,1,2,2,,reviewer_1,229,gt-diagnostic-v2::endpoint_auto::synth_0048::seed_000,synth_0048,0,endpoint_auto,large,comparable,233,1,0
item_b1a49cf25e20,head,dragon,A cat at a desert,A cat with dragon head at a desert,assets/source_bb5f44e8a25b.png,assets/item_b1a49cf25e20.jpg,0,2,1,2,,reviewer_1,230,gt-diagnostic-v2::rk2_n15_gt::synth_0032::seed_000,synth_0032,0,rk2_n15_gt,small,expansion,234,0,0
item_fe4cacdc038b,head,unicorn,A dog at a mountain,A dog with unicorn head at a mountain,assets/source_ee57f3a3ed86.png,assets/item_fe4cacdc038b.jpg,0,2,1,2,,reviewer_1,231,gt-diagnostic-v2::rk2_n15_auto::synth_0034::seed_000,synth_0034,0,rk2_n15_auto,small,expansion,235,0,0
item_8e0afd699163,car body,rusted,A classic-car at a suburban road,A classic-car with rusted car body at a suburban road,assets/source_a90c17d919ed.png,assets/item_8e0afd699163.jpg,2,1,2,2,,reviewer_1,232,gt-diagnostic-v2::rk2_n15_gt::synth_0048::seed_000,synth_0048,0,rk2_n15_gt,large,comparable,236,1,0
item_10caadcb8746,head,cheetah,A cat at a museum,A cat with cheetah head at a museum,assets/source_f3d1d79f0351.png,assets/item_10caadcb8746.jpg,1,1,1,2,,reviewer_1,233,gt-diagnostic-v2::endpoint_auto::synth_0035::seed_000,synth_0035,0,endpoint_auto,small,expansion,237,1,0
item_da257ca13417,car hood,Graffiti,A full front facing view of Toyota car at a parking lot,A full front facing view of Toyota car with Graffiti car hood at a parking lot,assets/source_d13dfe80a435.png,assets/item_da257ca13417.jpg,2,1,2,2,,reviewer_1,234,gt-diagnostic-v2::endpoint_gt::synth_0055::seed_000,synth_0055,0,endpoint_gt,large,comparable,238,1,0
item_8b35fae2038f,torso,robotic-parts,A dinosaur at a museum,A dinosaur with robotic-parts torso at a museum,assets/source_1e3c08a912fe.png,assets/item_8b35fae2038f.jpg,1,0,2,2,,reviewer_1,235,gt-diagnostic-v2::rk2_auto::synth_0017::seed_000,synth_0017,0,rk2_auto,large,comparable,239,0,0
item_04dcf5491a08,hair,Botticelli-Curls,A Portrait of boy at a street,A Portrait of boy with Botticelli-Curls hair at a street,assets/source_1efd8f28c69b.png,assets/item_04dcf5491a08.jpg,2,2,2,2,,reviewer_1,236,gt-diagnostic-v2::endpoint_auto::synth_0025::seed_000,synth_0025,0,endpoint_auto,medium,comparable,240,1,1
item_846a50fc86f5,head,tiger,A bear at a pool,A bear with tiger head at a pool,assets/source_41c7b285ef4c.png,assets/item_846a50fc86f5.jpg,1,1,1,2,,reviewer_1,237,gt-diagnostic-v2::rk2_gt::synth_0040::seed_000,synth_0040,0,rk2_gt,small,comparable,241,1,0
item_0dda0106be65,head,unicorn,A cow at a house,A cow with unicorn head at a house,assets/source_70a3202c4158.png,assets/item_0dda0106be65.jpg,0,2,1,2,,reviewer_1,238,gt-diagnostic-v2::rk2_n15_gt::synth_0039::seed_000,synth_0039,0,rk2_n15_gt,small,expansion,242,0,0
item_9c46a070415d,head,bear,A alien at a museum,A alien with bear head at a museum,assets/source_30f9afb55b24.png,assets/item_9c46a070415d.jpg,0,1,1,2,,reviewer_1,239,gt-diagnostic-v2::endpoint_gt::synth_0009::seed_000,synth_0009,0,endpoint_gt,large,comparable,243,0,0
item_2c05cda62d95,hair,Curls,A Portrait of man at a house,A Portrait of man with Curls hair at a house,assets/source_1837be64cd68.png,assets/item_2c05cda62d95.jpg,2,1,2,2,,reviewer_1,240,gt-diagnostic-v2::rk2_gt::synth_0026::seed_000,synth_0026,0,rk2_gt,small,expansion,244,1,0
item_be76f773f37b,head,lion,A dog at a pool,A dog with lion head at a pool,assets/source_fc07bb02f53f.png,assets/item_be76f773f37b.jpg,1,1,1,2,,reviewer_1,241,gt-diagnostic-v2::rk2_auto::synth_0029::seed_000,synth_0029,0,rk2_auto,small,expansion,245,1,0
item_e8999f9c1c63,head,dragon,A horse at a jungle,A horse with dragon head at a jungle,assets/source_2b822a970173.png,assets/item_e8999f9c1c63.jpg,0,1,1,2,,reviewer_1,242,gt-diagnostic-v2::endpoint_auto::synth_0031::seed_000,synth_0031,0,endpoint_auto,medium,expansion,246,0,0
item_7bf90b723feb,head,cheetah,A panda at a school,A panda with cheetah head at a school,assets/source_3506d9604bf8.png,assets/item_7bf90b723feb.jpg,0,1,1,2,,reviewer_1,243,gt-diagnostic-v2::rk2_auto::synth_0042::seed_000,synth_0042,0,rk2_auto,medium,comparable,247,0,0
item_0fe5eb1be258,head,bear,A alien at a museum,A alien with bear head at a museum,assets/source_30f9afb55b24.png,assets/item_0fe5eb1be258.jpg,0,2,1,2,,reviewer_1,244,gt-diagnostic-v2::rk2_n15_auto::synth_0009::seed_000,synth_0009,0,rk2_n15_auto,large,comparable,248,0,0
item_acb18bc157da,torso,batman,A robot at a school,A robot with batman torso at a school,assets/source_8bcbeeb53dd4.png,assets/item_acb18bc157da.jpg,2,2,2,2,,reviewer_1,245,gt-diagnostic-v2::rk2_gt::synth_0010::seed_000,synth_0010,0,rk2_gt,medium,comparable,249,1,1
item_df28bcdd417e,car hood,black,A racing-car at a highway,A racing-car with black car hood at a highway,assets/source_af6b5e577958.png,assets/item_df28bcdd417e.jpg,2,1,2,2,,reviewer_1,246,gt-diagnostic-v2::rk2_auto::synth_0050::seed_000,synth_0050,0,rk2_auto,small,comparable,250,1,0
item_ada8788eb79e,hair,Curls,A Portrait of woman at a school,A Portrait of woman with Curls hair at a school,assets/source_8a5f145d5ed6.png,assets/item_ada8788eb79e.jpg,2,1,2,2,,reviewer_1,247,gt-diagnostic-v2::rk2_gt::synth_0027::seed_000,synth_0027,0,rk2_gt,large,comparable,251,1,0
item_7979ac179b9a,hair,Curls,A Portrait of woman at a school,A Portrait of woman with Curls hair at a school,assets/source_8a5f145d5ed6.png,assets/item_7979ac179b9a.jpg,2,2,2,2,,reviewer_1,248,gt-diagnostic-v2::endpoint_auto::synth_0027::seed_000,synth_0027,0,endpoint_auto,large,comparable,252,1,1
item_90dd1f860959,hair,Afro,A Portrait of boy at a beach,A Portrait of boy with Afro hair at a beach,assets/source_0038f682b22a.png,assets/item_90dd1f860959.jpg,2,2,2,2,,reviewer_1,249,gt-diagnostic-v2::rk2_n15_gt::synth_0021::seed_000,synth_0021,0,rk2_n15_gt,large,comparable,253,1,1
item_d764c20e0779,torso,uniform,A alien at a school,A alien with uniform torso at a school,assets/source_4ad3086c4953.png,assets/item_d764c20e0779.jpg,2,2,2,2,,reviewer_1,250,gt-diagnostic-v2::rk2_n15_gt::synth_0013::seed_000,synth_0013,0,rk2_n15_gt,small,comparable,254,1,1
item_d34814b9a56f,head,robot,A alien at a school,A alien with robot head at a school,assets/source_26285f2b90f2.png,assets/item_d34814b9a56f.jpg,1,1,1,2,,reviewer_1,251,gt-diagnostic-v2::endpoint_auto::synth_0007::seed_000,synth_0007,0,endpoint_auto,medium,comparable,255,1,0
item_4a1da8a0213b,hair,Curley,A Portrait of girl at a mountain,A Portrait of girl with Curley hair at a mountain,assets/source_c6abd9790d67.png,assets/item_4a1da8a0213b.jpg,2,2,2,2,,reviewer_1,252,gt-diagnostic-v2::rk2_auto::synth_0024::seed_000,synth_0024,0,rk2_auto,large,expansion,256,1,1
item_f476a662a498,head,dog,A bear at a jungle,A bear with dog head at a jungle,assets/source_f71c7b525544.png,assets/item_f476a662a498.jpg,2,2,1,2,,reviewer_1,253,gt-diagnostic-v2::rk2_auto::synth_0030::seed_000,synth_0030,0,rk2_auto,small,contraction,257,1,1
item_76afba08f67a,car hood,Graffiti,A full front facing view of Toyota car at a parking lot,A full front facing view of Toyota car with Graffiti car hood at a parking lot,assets/source_d13dfe80a435.png,assets/item_76afba08f67a.jpg,2,2,2,2,,reviewer_1,254,gt-diagnostic-v2::rk2_n15_auto::synth_0055::seed_000,synth_0055,0,rk2_n15_auto,large,comparable,258,1,1
item_64b3e58964a5,hair,Kinky,A Portrait of boy at a park,A Portrait of boy with Kinky hair at a park,assets/source_0d500a8d6ca9.png,assets/item_64b3e58964a5.jpg,2,2,2,2,,reviewer_1,255,gt-diagnostic-v2::rk2_n15_gt::synth_0022::seed_000,synth_0022,0,rk2_n15_gt,medium,comparable,259,1,1
item_660690d21be0,hair,Botticelli-Curls,A Portrait of boy at a street,A Portrait of boy with Botticelli-Curls hair at a street,assets/source_1efd8f28c69b.png,assets/item_660690d21be0.jpg,2,2,2,2,,reviewer_1,256,gt-diagnostic-v2::rk2_n15_auto::synth_0025::seed_000,synth_0025,0,rk2_n15_auto,medium,comparable,260,1,1
item_7924bdce3368,car body,neon-lit,A classic-car at a suburban road,A classic-car with neon-lit car body at a suburban road,assets/source_3ae69c2a9e97.png,assets/item_7924bdce3368.jpg,2,1,2,2,,reviewer_1,257,gt-diagnostic-v2::rk2_gt::synth_0049::seed_000,synth_0049,0,rk2_gt,large,comparable,261,1,0
item_421f8d4b71a7,car hood,Rusty,A full front facing view of Porsche car at a road,A full front facing view of Porsche car with Rusty car hood at a road,assets/source_7e515b8abb95.png,assets/item_421f8d4b71a7.jpg,2,1,2,2,,reviewer_1,258,gt-diagnostic-v2::rk2_gt::synth_0054::seed_000,synth_0054,0,rk2_gt,small,comparable,262,1,0
item_b915b8de32c2,head,lion,A bear at a zoo,A bear with lion head at a zoo,assets/source_1d46ca4f754d.png,assets/item_b915b8de32c2.jpg,0,2,1,2,,reviewer_1,259,gt-diagnostic-v2::rk2_auto::synth_0036::seed_000,synth_0036,0,rk2_auto,medium,comparable,263,0,0
item_3328c6d0f74e,head,unicorn,A dog at a mountain,A dog with unicorn head at a mountain,assets/source_ee57f3a3ed86.png,assets/item_3328c6d0f74e.jpg,0,2,1,2,,reviewer_1,260,gt-diagnostic-v2::endpoint_gt::synth_0034::seed_000,synth_0034,0,endpoint_gt,small,expansion,264,0,0
item_8abbf6ea1b24,head,dragon,A dog at a farm,A dog with dragon head at a farm,assets/source_2a043df583fd.png,assets/item_8abbf6ea1b24.jpg,0,2,2,2,,reviewer_1,261,gt-diagnostic-v2::rk2_n15_auto::synth_0037::seed_000,synth_0037,0,rk2_n15_auto,small,expansion,265,0,0
item_7408d4de3b1c,seat,wooden,A closeup leather chair at a classroom,A closeup leather chair with wooden seat at a classroom,assets/source_bda38536db22.png,assets/item_7408d4de3b1c.jpg,0,2,1,2,,reviewer_1,262,gt-diagnostic-v2::rk2_n15_gt::synth_0059::seed_000,synth_0059,0,rk2_n15_gt,medium,comparable,266,0,0
item_93ce532c4c08,torso,uniform,A alien at a school,A alien with uniform torso at a school,assets/source_4ad3086c4953.png,assets/item_93ce532c4c08.jpg,2,1,2,2,,reviewer_1,263,gt-diagnostic-v2::rk2_n15_auto::synth_0013::seed_000,synth_0013,0,rk2_n15_auto,small,comparable,267,1,0
item_b956a2673c73,head,robot,A man at a gym,A man with robot head at a gym,assets/source_9db278f7152f.png,assets/item_b956a2673c73.jpg,1,2,2,2,,reviewer_1,264,gt-diagnostic-v2::rk2_n15_auto::synth_0005::seed_000,synth_0005,0,rk2_n15_auto,medium,comparable,268,1,0
item_c062fd2faa48,torso,armor,A girl at a stadium,A girl with armor torso at a stadium,assets/source_05f0e921e87d.png,assets/item_c062fd2faa48.jpg,2,2,2,2,,reviewer_1,265,gt-diagnostic-v2::rk2_n15_auto::synth_0016::seed_000,synth_0016,0,rk2_n15_auto,large,comparable,269,1,1
item_1abd29064d9e,head,robot,A girl at a beach,A girl with robot head at a beach,assets/source_eddd21d6a1c2.png,assets/item_1abd29064d9e.jpg,0,1,1,2,,reviewer_1,266,gt-diagnostic-v2::rk2_n15_auto::synth_0006::seed_000,synth_0006,0,rk2_n15_auto,small,comparable,270,0,0
item_022131742a44,head,dragon,A cat at a desert,A cat with dragon head at a desert,assets/source_bb5f44e8a25b.png,assets/item_022131742a44.jpg,0,2,1,2,,reviewer_1,267,gt-diagnostic-v2::rk2_auto::synth_0032::seed_000,synth_0032,0,rk2_auto,small,expansion,271,0,0
item_38fa3a9109fd,car hood,Digital-Camouflage,A full front facing view of racing car at a parking lot,A full front facing view of racing car with Digital-Camouflage car hood at a parking lot,assets/source_073b896945b5.png,assets/item_38fa3a9109fd.jpg,2,2,2,2,,reviewer_1,268,gt-diagnostic-v2::rk2_n15_gt::synth_0052::seed_000,synth_0052,0,rk2_n15_gt,medium,comparable,272,1,1
item_9dfdfbfb119a,hair,Curls,A Portrait of woman at a school,A Portrait of woman with Curls hair at a school,assets/source_8a5f145d5ed6.png,assets/item_9dfdfbfb119a.jpg,2,2,2,2,,reviewer_1,269,gt-diagnostic-v2::endpoint_gt::synth_0027::seed_000,synth_0027,0,endpoint_gt,large,comparable,273,1,1
item_88178bf731db,car hood,Rusty,A full front facing view of Porsche car at a road,A full front facing view of Porsche car with Rusty car hood at a road,assets/source_7e515b8abb95.png,assets/item_88178bf731db.jpg,1,1,1,2,,reviewer_1,270,gt-diagnostic-v2::rk2_n15_auto::synth_0054::seed_000,synth_0054,0,rk2_n15_auto,small,comparable,274,1,0
item_5db5e017c2ff,torso,formal-suit,A robot at a restaurant,A robot with formal-suit torso at a restaurant,assets/source_2e6979609916.png,assets/item_5db5e017c2ff.jpg,1,0,1,2,,reviewer_1,271,gt-diagnostic-v2::endpoint_auto::synth_0015::seed_000,synth_0015,0,endpoint_auto,large,comparable,275,0,0
item_b97cc886fd2b,hair,Curley,A Portrait of girl at a mountain,A Portrait of girl with Curley hair at a mountain,assets/source_c6abd9790d67.png,assets/item_b97cc886fd2b.jpg,2,2,2,2,,reviewer_1,272,gt-diagnostic-v2::rk2_n15_auto::synth_0024::seed_000,synth_0024,0,rk2_n15_auto,large,expansion,276,1,1
item_d632897b5661,head,unicorn,A cow at a house,A cow with unicorn head at a house,assets/source_70a3202c4158.png,assets/item_d632897b5661.jpg,0,1,1,2,,reviewer_1,273,gt-diagnostic-v2::rk2_gt::synth_0039::seed_000,synth_0039,0,rk2_gt,small,expansion,277,0,0
item_19adf1923158,head,alien,A robot at a park,A robot with alien head at a park,assets/source_f388d78833d6.png,assets/item_19adf1923158.jpg,2,1,2,2,,reviewer_1,274,gt-diagnostic-v2::endpoint_auto::synth_0008::seed_000,synth_0008,0,endpoint_auto,small,comparable,278,1,0
item_459694a44967,seat,plastic,A closeup soft chair at a photo studio,A closeup soft chair with plastic seat at a photo studio,assets/source_b25f9980445d.png,assets/item_459694a44967.jpg,2,1,2,2,,reviewer_1,275,gt-diagnostic-v2::rk2_auto::synth_0057::seed_000,synth_0057,0,rk2_auto,large,comparable,279,1,0
item_fdeba37396bd,seat,plastic,A closeup soft chair at a photo studio,A closeup soft chair with plastic seat at a photo studio,assets/source_b25f9980445d.png,assets/item_fdeba37396bd.jpg,0,2,0,2,,reviewer_1,276,gt-diagnostic-v2::rk2_n15_gt::synth_0057::seed_000,synth_0057,0,rk2_n15_gt,large,comparable,280,0,0
item_3679431812b3,hair,Curls,A Portrait of woman at a school,A Portrait of woman with Curls hair at a school,assets/source_8a5f145d5ed6.png,assets/item_3679431812b3.jpg,2,2,2,2,,reviewer_1,277,gt-diagnostic-v2::rk2_n15_gt::synth_0027::seed_000,synth_0027,0,rk2_n15_gt,large,comparable,281,1,1
item_8bfca6801db1,torso,spiderman,A robot at a museum,A robot with spiderman torso at a museum,assets/source_63f2eb2cd129.png,assets/item_8bfca6801db1.jpg,2,1,2,2,,reviewer_1,278,gt-diagnostic-v2::rk2_auto::synth_0011::seed_000,synth_0011,0,rk2_auto,small,comparable,282,1,0
item_2ffea755df35,head,dragon,A cow at a restaurant,A cow with dragon head at a restaurant,assets/source_591f63abb2fa.png,assets/item_2ffea755df35.jpg,0,1,1,2,,reviewer_1,279,gt-diagnostic-v2::rk2_auto::synth_0028::seed_000,synth_0028,0,rk2_auto,small,comparable,283,0,0
item_14080d6067fc,hair,Afro,A Portrait of boy at a beach,A Portrait of boy with Afro hair at a beach,assets/source_0038f682b22a.png,assets/item_14080d6067fc.jpg,2,1,1,2,,reviewer_1,280,gt-diagnostic-v2::rk2_gt::synth_0021::seed_000,synth_0021,0,rk2_gt,large,comparable,284,1,0
item_93e10bd75c76,torso,robotic-parts,A dinosaur at a museum,A dinosaur with robotic-parts torso at a museum,assets/source_1e3c08a912fe.png,assets/item_93e10bd75c76.jpg,2,1,2,2,,reviewer_1,281,gt-diagnostic-v2::rk2_gt::synth_0017::seed_000,synth_0017,0,rk2_gt,large,comparable,285,1,0
item_c99f59d5dc28,head,dragon,A cat at a desert,A cat with dragon head at a desert,assets/source_bb5f44e8a25b.png,assets/item_c99f59d5dc28.jpg,0,2,1,2,,reviewer_1,282,gt-diagnostic-v2::endpoint_auto::synth_0032::seed_000,synth_0032,0,endpoint_auto,small,expansion,286,0,0
item_15dcd313d24c,car hood,vinyl-art,A classic-car at a garage,A classic-car with vinyl-art car hood at a garage,assets/source_f3b27b9b2ef0.png,assets/item_15dcd313d24c.jpg,2,2,2,2,,reviewer_1,283,gt-diagnostic-v2::rk2_gt::synth_0051::seed_000,synth_0051,0,rk2_gt,small,comparable,287,1,1
item_9528526d71f6,torso,spiderman,A robot at a museum,A robot with spiderman torso at a museum,assets/source_7e6e7b988446.png,assets/item_9528526d71f6.jpg,2,0,2,2,,reviewer_1,284,gt-diagnostic-v2::endpoint_auto::synth_0012::seed_000,synth_0012,0,endpoint_auto,large,comparable,288,0,0
item_ff0ea52217d3,car body,futuristic,A sedan at a parking lot,A sedan with futuristic car body at a parking lot,assets/source_ef3648f18171.png,assets/item_ff0ea52217d3.jpg,2,2,2,2,,reviewer_1,285,gt-diagnostic-v2::rk2_n15_gt::synth_0047::seed_000,synth_0047,0,rk2_n15_gt,large,comparable,289,1,1
item_1f2d3365ff38,hair,Botticelli-Curls,A Portrait of boy at a street,A Portrait of boy with Botticelli-Curls hair at a street,assets/source_1efd8f28c69b.png,assets/item_1f2d3365ff38.jpg,2,2,2,2,,reviewer_1,286,gt-diagnostic-v2::rk2_n15_gt::synth_0025::seed_000,synth_0025,0,rk2_n15_gt,medium,comparable,290,1,1
item_da32d1228e25,head,dog,A bear at a jungle,A bear with dog head at a jungle,assets/source_f71c7b525544.png,assets/item_da32d1228e25.jpg,0,2,1,2,,reviewer_1,287,gt-diagnostic-v2::endpoint_gt::synth_0030::seed_000,synth_0030,0,endpoint_gt,small,contraction,291,0,0
item_7c250cce6887,car body,futuristic,A sedan at a parking lot,A sedan with futuristic car body at a parking lot,assets/source_ef3648f18171.png,assets/item_7c250cce6887.jpg,2,1,2,2,,reviewer_1,288,gt-diagnostic-v2::rk2_n15_auto::synth_0047::seed_000,synth_0047,0,rk2_n15_auto,large,comparable,292,1,0
item_9f7206e700b3,car body,neon-lit,A classic-car at a suburban road,A classic-car with neon-lit car body at a suburban road,assets/source_3ae69c2a9e97.png,assets/item_9f7206e700b3.jpg,2,2,2,2,,reviewer_1,289,gt-diagnostic-v2::endpoint_gt::synth_0049::seed_000,synth_0049,0,endpoint_gt,large,comparable,293,1,1
item_993cd89e4d1b,hair,Kinky,A Portrait of boy at a park,A Portrait of boy with Kinky hair at a park,assets/source_0d500a8d6ca9.png,assets/item_993cd89e4d1b.jpg,2,2,2,2,,reviewer_1,290,gt-diagnostic-v2::rk2_n15_auto::synth_0022::seed_000,synth_0022,0,rk2_n15_auto,medium,comparable,294,1,1
item_c0d80455635d,head,cheetah,A panda at a school,A panda with cheetah head at a school,assets/source_3506d9604bf8.png,assets/item_c0d80455635d.jpg,0,2,1,2,,reviewer_1,291,gt-diagnostic-v2::rk2_gt::synth_0042::seed_000,synth_0042,0,rk2_gt,medium,comparable,295,0,0
item_0fd8858b21fc,hair,Curls,A Portrait of man at a house,A Portrait of man with Curls hair at a house,assets/source_1837be64cd68.png,assets/item_0fd8858b21fc.jpg,2,1,2,2,,reviewer_1,292,gt-diagnostic-v2::endpoint_auto::synth_0026::seed_000,synth_0026,0,endpoint_auto,small,expansion,296,1,0
item_1c5535f58cfc,hair,Afro,A Portrait of boy at a beach,A Portrait of boy with Afro hair at a beach,assets/source_0038f682b22a.png,assets/item_1c5535f58cfc.jpg,2,2,2,2,,reviewer_1,293,gt-diagnostic-v2::rk2_n15_auto::synth_0021::seed_000,synth_0021,0,rk2_n15_auto,large,comparable,297,1,1
item_c3af7b205b58,hair,Curley,A Portrait of girl at a mountain,A Portrait of girl with Curley hair at a mountain,assets/source_c6abd9790d67.png,assets/item_c3af7b205b58.jpg,2,2,2,2,,reviewer_1,294,gt-diagnostic-v2::endpoint_auto::synth_0024::seed_000,synth_0024,0,endpoint_auto,large,expansion,298,1,1
item_c6ce83fe50b1,head,dragon,A horse at a jungle,A horse with dragon head at a jungle,assets/source_2b822a970173.png,assets/item_c6ce83fe50b1.jpg,0,1,1,2,,reviewer_1,295,gt-diagnostic-v2::endpoint_gt::synth_0031::seed_000,synth_0031,0,endpoint_gt,medium,expansion,299,0,0
item_197388cb2950,seat,fabric,A closeup leather chair at a apartment,A closeup leather chair with fabric seat at a apartment,assets/source_278976611c82.png,assets/item_197388cb2950.jpg,2,1,2,2,,reviewer_1,296,gt-diagnostic-v2::endpoint_gt::synth_0056::seed_000,synth_0056,0,endpoint_gt,medium,comparable,300,1,0
item_56d5adb187bf,car hood,black,A racing-car at a highway,A racing-car with black car hood at a highway,assets/source_af6b5e577958.png,assets/item_56d5adb187bf.jpg,2,1,2,2,,reviewer_1,297,gt-diagnostic-v2::endpoint_gt::synth_0050::seed_000,synth_0050,0,endpoint_gt,small,comparable,301,1,0
item_20bf80dee2f8,head,dragon,A cow at a restaurant,A cow with dragon head at a restaurant,assets/source_591f63abb2fa.png,assets/item_20bf80dee2f8.jpg,0,2,2,2,,reviewer_1,298,gt-diagnostic-v2::rk2_n15_auto::synth_0028::seed_000,synth_0028,0,rk2_n15_auto,small,comparable,302,0,0
item_ebe1d5d43c9d,head,lion,A bear at a zoo,A bear with lion head at a zoo,assets/source_1d46ca4f754d.png,assets/item_ebe1d5d43c9d.jpg,0,2,1,2,,reviewer_1,299,gt-diagnostic-v2::rk2_n15_auto::synth_0036::seed_000,synth_0036,0,rk2_n15_auto,medium,comparable,303,0,0
item_12c8b8d01a45,hair,Curls,A Portrait of boy at a park,A Portrait of boy with Curls hair at a park,assets/source_b4d7f2d52a43.png,assets/item_12c8b8d01a45.jpg,2,2,2,2,,reviewer_1,300,gt-diagnostic-v2::rk2_gt::synth_0020::seed_000,synth_0020,0,rk2_gt,large,comparable,304,1,1
item_f9f9ee09cbab,hair,Curley,A Portrait of girl at a mountain,A Portrait of girl with Curley hair at a mountain,assets/source_c6abd9790d67.png,assets/item_f9f9ee09cbab.jpg,2,2,2,2,,reviewer_1,301,gt-diagnostic-v2::rk2_n15_gt::synth_0024::seed_000,synth_0024,0,rk2_n15_gt,large,expansion,305,1,1
item_3d61f5b14d37,head,tiger,A bear at a pool,A bear with tiger head at a pool,assets/source_41c7b285ef4c.png,assets/item_3d61f5b14d37.jpg,1,1,1,2,,reviewer_1,302,gt-diagnostic-v2::rk2_auto::synth_0040::seed_000,synth_0040,0,rk2_auto,small,comparable,306,1,0
item_1954c1773bf3,hair,blond,A Portrait of man at a beach,A Portrait of man with blond hair at a beach,assets/source_6ce9a1e568d3.png,assets/item_1954c1773bf3.jpg,2,2,2,2,,reviewer_1,303,gt-diagnostic-v2::rk2_n15_gt::synth_0023::seed_000,synth_0023,0,rk2_n15_gt,small,comparable,307,1,1
item_4251a6db61b3,car body,neon-lit,A classic-car at a suburban road,A classic-car with neon-lit car body at a suburban road,assets/source_3ae69c2a9e97.png,assets/item_4251a6db61b3.jpg,2,1,2,2,,reviewer_1,304,gt-diagnostic-v2::rk2_auto::synth_0049::seed_000,synth_0049,0,rk2_auto,large,comparable,308,1,0
item_86121d7c9bf2,head,robot,A alien at a city,A alien with robot head at a city,assets/source_6094cd95fb45.png,assets/item_86121d7c9bf2.jpg,2,0,2,2,,reviewer_1,305,gt-diagnostic-v2::rk2_n15_auto::synth_0000::seed_000,synth_0000,0,rk2_n15_auto,small,comparable,309,0,0
item_088f6b46a4be,seat,wooden,A closeup leather chair at a classroom,A closeup leather chair with wooden seat at a classroom,assets/source_bda38536db22.png,assets/item_088f6b46a4be.jpg,0,2,1,2,,reviewer_1,306,gt-diagnostic-v2::rk2_auto::synth_0059::seed_000,synth_0059,0,rk2_auto,medium,comparable,310,0,0
item_25732f8b8c9a,torso,spiderman,A robot at a museum,A robot with spiderman torso at a museum,assets/source_7e6e7b988446.png,assets/item_25732f8b8c9a.jpg,2,1,2,2,,reviewer_1,307,gt-diagnostic-v2::rk2_gt::synth_0012::seed_000,synth_0012,0,rk2_gt,large,comparable,311,1,0
item_25707b098c55,hair,Wavy,A Portrait of girl at a forest,A Portrait of girl with Wavy hair at a forest,assets/source_53e8e39bcf1e.png,assets/item_25707b098c55.jpg,2,1,2,2,,reviewer_1,308,gt-diagnostic-v2::endpoint_auto::synth_0019::seed_000,synth_0019,0,endpoint_auto,medium,comparable,312,1,0
item_8eebf99803e3,head,bear,A robot at a school,A robot with bear head at a school,assets/source_5bd8b0acdbd5.png,assets/item_8eebf99803e3.jpg,2,1,2,1,,reviewer_1,309,gt-diagnostic-v2::rk2_auto::synth_0001::seed_000,synth_0001,0,rk2_auto,medium,comparable,313,1,0
item_77070741b09d,seat,wooden,A closeup leather chair at a classroom,A closeup leather chair with wooden seat at a classroom,assets/source_bda38536db22.png,assets/item_77070741b09d.jpg,0,2,1,2,,reviewer_1,310,gt-diagnostic-v2::rk2_n15_auto::synth_0059::seed_000,synth_0059,0,rk2_n15_auto,medium,comparable,314,0,0
item_f9403a461177,head,dragon,A bear at a jungle,A bear with dragon head at a jungle,assets/source_a29b0df6a570.png,assets/item_f9403a461177.jpg,0,2,1,2,,reviewer_1,311,gt-diagnostic-v2::rk2_n15_gt::synth_0043::seed_000,synth_0043,0,rk2_n15_gt,small,expansion,315,0,0
item_ddc4ad03141f,hair,Kinky,A Portrait of boy at a park,A Portrait of boy with Kinky hair at a park,assets/source_0d500a8d6ca9.png,assets/item_ddc4ad03141f.jpg,2,2,2,2,,reviewer_1,312,gt-diagnostic-v2::rk2_gt::synth_0022::seed_000,synth_0022,0,rk2_gt,medium,comparable,316,1,1
item_135751b58ec7,head,bear,A robot at a school,A robot with bear head at a school,assets/source_5bd8b0acdbd5.png,assets/item_135751b58ec7.jpg,2,2,2,2,,reviewer_1,313,gt-diagnostic-v2::rk2_n15_gt::synth_0001::seed_000,synth_0001,0,rk2_n15_gt,medium,comparable,317,1,1
item_f23f3638546a,hair,Curls,A Portrait of boy at a park,A Portrait of boy with Curls hair at a park,assets/source_b4d7f2d52a43.png,assets/item_f23f3638546a.jpg,2,2,2,2,,reviewer_1,314,gt-diagnostic-v2::rk2_n15_gt::synth_0020::seed_000,synth_0020,0,rk2_n15_gt,large,comparable,318,1,1
item_e05eaeac550e,head,tiger,A bear at a pool,A bear with tiger head at a pool,assets/source_41c7b285ef4c.png,assets/item_e05eaeac550e.jpg,1,1,1,2,,reviewer_1,315,gt-diagnostic-v2::endpoint_auto::synth_0040::seed_000,synth_0040,0,endpoint_auto,small,comparable,319,1,0
item_a735632826df,head,panda,A dog at a store,A dog with panda head at a store,assets/source_de70faeee4dc.png,assets/item_a735632826df.jpg,2,2,2,2,,reviewer_1,316,gt-diagnostic-v2::endpoint_auto::synth_0045::seed_000,synth_0045,0,endpoint_auto,medium,expansion,320,1,1
item_01b2765d147b,head,lion,A dog at a pool,A dog with lion head at a pool,assets/source_fc07bb02f53f.png,assets/item_01b2765d147b.jpg,0,2,1,2,,reviewer_1,317,gt-diagnostic-v2::rk2_gt::synth_0029::seed_000,synth_0029,0,rk2_gt,small,expansion,321,0,0
item_1896ecb6dae4,hair,Curley,A Portrait of girl at a mountain,A Portrait of girl with Curley hair at a mountain,assets/source_c6abd9790d67.png,assets/item_1896ecb6dae4.jpg,2,2,2,2,,reviewer_1,318,gt-diagnostic-v2::rk2_gt::synth_0024::seed_000,synth_0024,0,rk2_gt,large,expansion,322,1,1
item_dd083ee178aa,torso,robotic-parts,A dinosaur at a museum,A dinosaur with robotic-parts torso at a museum,assets/source_1e3c08a912fe.png,assets/item_dd083ee178aa.jpg,1,1,1,2,,reviewer_1,319,gt-diagnostic-v2::endpoint_auto::synth_0017::seed_000,synth_0017,0,endpoint_auto,large,comparable,323,1,0
item_fb056d3e7aec,seat,plastic,A closeup soft chair at a photo studio,A closeup soft chair with plastic seat at a photo studio,assets/source_b25f9980445d.png,assets/item_fb056d3e7aec.jpg,1,1,1,2,,reviewer_1,320,gt-diagnostic-v2::endpoint_gt::synth_0057::seed_000,synth_0057,0,endpoint_gt,large,comparable,324,1,0
item_5fd6a3d7f625,head,dragon,A bear at a jungle,A bear with dragon head at a jungle,assets/source_a29b0df6a570.png,assets/item_5fd6a3d7f625.jpg,0,1,1,2,,reviewer_1,321,gt-diagnostic-v2::rk2_gt::synth_0043::seed_000,synth_0043,0,rk2_gt,small,expansion,325,0,0
item_cccf231e0e60,hair,Curls,A Portrait of boy at a park,A Portrait of boy with Curls hair at a park,assets/source_b4d7f2d52a43.png,assets/item_cccf231e0e60.jpg,2,2,2,2,,reviewer_1,322,gt-diagnostic-v2::endpoint_gt::synth_0020::seed_000,synth_0020,0,endpoint_gt,large,comparable,326,1,1
item_fbd9b98ee45e,torso,robotic-parts,A dinosaur at a museum,A dinosaur with robotic-parts torso at a museum,assets/source_1e3c08a912fe.png,assets/item_fbd9b98ee45e.jpg,2,2,2,2,,reviewer_1,323,gt-diagnostic-v2::rk2_n15_gt::synth_0017::seed_000,synth_0017,0,rk2_n15_gt,large,comparable,327,1,1
item_938ba2cc1400,head,unicorn,A cow at a house,A cow with unicorn head at a house,assets/source_70a3202c4158.png,assets/item_938ba2cc1400.jpg,2,1,2,2,,reviewer_1,324,gt-diagnostic-v2::rk2_auto::synth_0039::seed_000,synth_0039,0,rk2_auto,small,expansion,328,1,0
item_f54781fb645b,head,bear,A robot at a park,A robot with bear head at a park,assets/source_64fe128aaf52.png,assets/item_f54781fb645b.jpg,1,2,2,2,,reviewer_1,325,gt-diagnostic-v2::endpoint_gt::synth_0002::seed_000,synth_0002,0,endpoint_gt,large,comparable,329,1,0
item_1e2b11204898,car body,neon-lit,A classic-car at a suburban road,A classic-car with neon-lit car body at a suburban road,assets/source_3ae69c2a9e97.png,assets/item_1e2b11204898.jpg,2,1,2,2,,reviewer_1,326,gt-diagnostic-v2::endpoint_auto::synth_0049::seed_000,synth_0049,0,endpoint_auto,large,comparable,330,1,0
item_bfc46cd83423,car hood,Rusty,A full front facing view of Porsche car at a road,A full front facing view of Porsche car with Rusty car hood at a road,assets/source_7e515b8abb95.png,assets/item_bfc46cd83423.jpg,1,1,1,2,,reviewer_1,327,gt-diagnostic-v2::endpoint_auto::synth_0054::seed_000,synth_0054,0,endpoint_auto,small,comparable,331,1,0
item_019361c9c50b,torso,formal-suit,A robot at a restaurant,A robot with formal-suit torso at a restaurant,assets/source_2e6979609916.png,assets/item_019361c9c50b.jpg,2,2,2,2,,reviewer_1,328,gt-diagnostic-v2::rk2_gt::synth_0015::seed_000,synth_0015,0,rk2_gt,large,comparable,332,1,1
item_c45d198a4e20,car hood,Digital-Camouflage,A full front facing view of racing car at a parking lot,A full front facing view of racing car with Digital-Camouflage car hood at a parking lot,assets/source_073b896945b5.png,assets/item_c45d198a4e20.jpg,2,2,2,2,,reviewer_1,329,gt-diagnostic-v2::rk2_auto::synth_0052::seed_000,synth_0052,0,rk2_auto,medium,comparable,333,1,1
item_20a64dc99d26,head,unicorn,A dog at a mountain,A dog with unicorn head at a mountain,assets/source_ee57f3a3ed86.png,assets/item_20a64dc99d26.jpg,0,2,1,2,,reviewer_1,330,gt-diagnostic-v2::rk2_gt::synth_0034::seed_000,synth_0034,0,rk2_gt,small,expansion,334,0,0
item_0a734771bf70,head,dragon,A bear at a jungle,A bear with dragon head at a jungle,assets/source_a29b0df6a570.png,assets/item_0a734771bf70.jpg,0,1,1,2,,reviewer_1,331,gt-diagnostic-v2::rk2_auto::synth_0043::seed_000,synth_0043,0,rk2_auto,small,expansion,335,0,0
item_85546e9fb003,seat,plastic,A closeup soft chair at a photo studio,A closeup soft chair with plastic seat at a photo studio,assets/source_b25f9980445d.png,assets/item_85546e9fb003.jpg,1,1,1,2,,reviewer_1,332,gt-diagnostic-v2::rk2_gt::synth_0057::seed_000,synth_0057,0,rk2_gt,large,comparable,336,1,0
item_ff57b30987aa,head,lion,A bear at a zoo,A bear with lion head at a zoo,assets/source_1d46ca4f754d.png,assets/item_ff57b30987aa.jpg,0,2,1,2,,reviewer_1,333,gt-diagnostic-v2::rk2_n15_gt::synth_0036::seed_000,synth_0036,0,rk2_n15_gt,medium,comparable,337,0,0
item_d6843770b5d2,head,cheetah,A cat at a museum,A cat with cheetah head at a museum,assets/source_f3d1d79f0351.png,assets/item_d6843770b5d2.jpg,1,2,1,2,,reviewer_1,334,gt-diagnostic-v2::rk2_n15_auto::synth_0035::seed_000,synth_0035,0,rk2_n15_auto,small,expansion,340,1,0
item_f8083cc240b2,car body,futuristic,A sedan at a parking lot,A sedan with futuristic car body at a parking lot,assets/source_ef3648f18171.png,assets/item_f8083cc240b2.jpg,2,2,2,2,,reviewer_1,335,gt-diagnostic-v2::endpoint_gt::synth_0047::seed_000,synth_0047,0,endpoint_gt,large,comparable,341,1,1
item_d920a5dd04a9,head,robot,A alien at a museum,A alien with robot head at a museum,assets/source_0776f3ccf0e9.png,assets/item_d920a5dd04a9.jpg,2,2,2,2,,reviewer_1,336,gt-diagnostic-v2::rk2_gt::synth_0003::seed_000,synth_0003,0,rk2_gt,large,comparable,342,1,1
item_504969d6c714,hair,Kinky,A Portrait of boy at a park,A Portrait of boy with Kinky hair at a park,assets/source_0d500a8d6ca9.png,assets/item_504969d6c714.jpg,2,2,2,2,,reviewer_1,337,gt-diagnostic-v2::endpoint_gt::synth_0022::seed_000,synth_0022,0,endpoint_gt,medium,comparable,343,1,1
item_35b4eac688a1,torso,armor,A girl at a stadium,A girl with armor torso at a stadium,assets/source_05f0e921e87d.png,assets/item_35b4eac688a1.jpg,2,2,2,2,,reviewer_1,338,gt-diagnostic-v2::rk2_n15_gt::synth_0016::seed_000,synth_0016,0,rk2_n15_gt,large,comparable,344,1,1
item_ef510d924619,head,alien,A robot at a park,A robot with alien head at a park,assets/source_f388d78833d6.png,assets/item_ef510d924619.jpg,2,2,2,2,,reviewer_1,339,gt-diagnostic-v2::rk2_n15_auto::synth_0008::seed_000,synth_0008,0,rk2_n15_auto,small,comparable,345,1,1
item_3f0ff4b0bfe8,head,panda,A cat at a mountain,A cat with panda head at a mountain,assets/source_dd35579b4d43.png,assets/item_3f0ff4b0bfe8.jpg,1,2,1,2,,reviewer_1,340,gt-diagnostic-v2::rk2_n15_gt::synth_0041::seed_000,synth_0041,0,rk2_n15_gt,medium,expansion,346,1,0
item_dee9826a1eac,head,panda,A dog at a store,A dog with panda head at a store,assets/source_de70faeee4dc.png,assets/item_dee9826a1eac.jpg,1,2,1,2,,reviewer_1,341,gt-diagnostic-v2::rk2_n15_gt::synth_0045::seed_000,synth_0045,0,rk2_n15_gt,medium,expansion,347,1,0
item_1f8fcabdcfd5,seat,plastic,A closeup soft chair at a photo studio,A closeup soft chair with plastic seat at a photo studio,assets/source_b25f9980445d.png,assets/item_1f8fcabdcfd5.jpg,2,1,1,2,,reviewer_1,342,gt-diagnostic-v2::rk2_n15_auto::synth_0057::seed_000,synth_0057,0,rk2_n15_auto,large,comparable,348,1,0
item_bf3fbb7bed32,car body,armored,A luxury-car at a mountain road,A luxury-car with armored car body at a mountain road,assets/source_4a1c085cfce4.png,assets/item_bf3fbb7bed32.jpg,0,1,1,2,,reviewer_1,343,gt-diagnostic-v2::endpoint_auto::synth_0046::seed_000,synth_0046,0,endpoint_auto,large,comparable,349,0,0
item_32a7b78df769,torso,armor,A boy at a restaurant,A boy with armor torso at a restaurant,assets/source_cea0cb0755a1.png,assets/item_32a7b78df769.jpg,2,1,2,2,,reviewer_1,344,gt-diagnostic-v2::endpoint_auto::synth_0018::seed_000,synth_0018,0,endpoint_auto,medium,comparable,350,1,0
item_c7246812ca72,hair,Wavy,A Portrait of girl at a forest,A Portrait of girl with Wavy hair at a forest,assets/source_53e8e39bcf1e.png,assets/item_c7246812ca72.jpg,2,2,2,2,,reviewer_1,345,gt-diagnostic-v2::rk2_n15_auto::synth_0019::seed_000,synth_0019,0,rk2_n15_auto,medium,comparable,351,1,1
item_b99fd48511c5,head,alien,A robot at a park,A robot with alien head at a park,assets/source_f388d78833d6.png,assets/item_b99fd48511c5.jpg,2,2,2,2,,reviewer_1,346,gt-diagnostic-v2::rk2_n15_gt::synth_0008::seed_000,synth_0008,0,rk2_n15_gt,small,comparable,352,1,1
item_7d8775665aa6,torso,spiderman,A robot at a museum,A robot with spiderman torso at a museum,assets/source_63f2eb2cd129.png,assets/item_7d8775665aa6.jpg,2,1,2,2,,reviewer_1,347,gt-diagnostic-v2::rk2_gt::synth_0011::seed_000,synth_0011,0,rk2_gt,small,comparable,353,1,0
item_696435f74193,head,panda,A cat at a mountain,A cat with panda head at a mountain,assets/source_dd35579b4d43.png,assets/item_696435f74193.jpg,1,2,1,2,,reviewer_1,348,gt-diagnostic-v2::rk2_auto::synth_0041::seed_000,synth_0041,0,rk2_auto,medium,expansion,354,1,0
item_fefcd9db1ad2,head,dragon,A horse at a zoo,A horse with dragon head at a zoo,assets/source_dbfa710ac399.png,assets/item_fefcd9db1ad2.jpg,0,2,1,2,,reviewer_1,349,gt-diagnostic-v2::endpoint_gt::synth_0038::seed_000,synth_0038,0,endpoint_gt,large,expansion,355,0,0
item_c5d343bc3ae0,head,lion,A bear at a zoo,A bear with lion head at a zoo,assets/source_b8ba5e41ea31.png,assets/item_c5d343bc3ae0.jpg,1,2,1,2,,reviewer_1,350,gt-diagnostic-v2::endpoint_gt::synth_0044::seed_000,synth_0044,0,endpoint_gt,large,comparable,356,1,0
item_4e8d188d13fe,car hood,Destroyed,A full front facing view of BMW car at a parking lot,A full front facing view of BMW car with Destroyed car hood at a parking lot,assets/source_146c36946692.png,assets/item_4e8d188d13fe.jpg,2,2,2,2,,reviewer_1,351,gt-diagnostic-v2::rk2_n15_gt::synth_0053::seed_000,synth_0053,0,rk2_n15_gt,large,comparable,357,1,1
item_65fdfe14c9e2,head,unicorn,A cow at a house,A cow with unicorn head at a house,assets/source_70a3202c4158.png,assets/item_65fdfe14c9e2.jpg,0,1,1,2,,reviewer_1,352,gt-diagnostic-v2::endpoint_gt::synth_0039::seed_000,synth_0039,0,endpoint_gt,small,expansion,358,0,0
item_d8dfe4556085,head,unicorn,A cow at a house,A cow with unicorn head at a house,assets/source_70a3202c4158.png,assets/item_d8dfe4556085.jpg,2,1,2,2,,reviewer_1,353,gt-diagnostic-v2::rk2_n15_auto::synth_0039::seed_000,synth_0039,0,rk2_n15_auto,small,expansion,359,1,0
item_5eb8dac6ed83,hair,Curls,A Portrait of boy at a park,A Portrait of boy with Curls hair at a park,assets/source_b4d7f2d52a43.png,assets/item_5eb8dac6ed83.jpg,2,2,2,2,,reviewer_1,354,gt-diagnostic-v2::rk2_auto::synth_0020::seed_000,synth_0020,0,rk2_auto,large,comparable,360,1,1
