case_uid,condition,seed,output_dir,control_mask_path,command
synth_0000,endpoint_gt,0,core/results/gt_mask_diagnostic_v2/endpoint_gt/synth_0000/seed_000,core/protocols/gt_mask_diagnostic_v2/gt_masks/synth_0000.npy,cd ${REPO_ROOT}/core/third_party/FollowYourShape/src && python edit.py --source_img_dir ${REPO_ROOT}/core/data/partedit_subset/cases/synth_0000/source.png --source_prompt 'A alien at a city' --target_prompt 'A alien with robot head at a city' --guidance 2.0 --num_steps 15 --front 2 --inject 4 --seed 0 --name flux-dev --controlnet_type none --output_dir ${REPO_ROOT}/core/results/gt_mask_diagnostic_v2/endpoint_gt/synth_0000/seed_000 --vis_path ${REPO_ROOT}/core/results/gt_mask_diagnostic_v2/endpoint_gt/synth_0000/seed_000/tdm --feature_path ${REPO_ROOT}/core/results/gt_mask_diagnostic_v2/endpoint_gt/synth_0000/seed_000/features --attention_part head --attention_edit robot --control-plan-resolved ${REPO_ROOT}/core/protocols/gt_mask_diagnostic_v2/resolved_plans/endpoint_projection_n07.json --tdm_mask_mode original --control-mask-path ${REPO_ROOT}/core/protocols/gt_mask_diagnostic_v2/gt_masks/synth_0000.npy --offload
synth_0000,rk2_gt,0,core/results/gt_mask_diagnostic_v2/rk2_gt/synth_0000/seed_000,core/protocols/gt_mask_diagnostic_v2/gt_masks/synth_0000.npy,cd ${REPO_ROOT}/core/third_party/FollowYourShape/src && python edit.py --source_img_dir ${REPO_ROOT}/core/data/partedit_subset/cases/synth_0000/source.png --source_prompt 'A alien at a city' --target_prompt 'A alien with robot head at a city' --guidance 2.0 --num_steps 15 --front 2 --inject 4 --seed 0 --name flux-dev --controlnet_type none --output_dir ${REPO_ROOT}/core/results/gt_mask_diagnostic_v2/rk2_gt/synth_0000/seed_000 --vis_path ${REPO_ROOT}/core/results/gt_mask_diagnostic_v2/rk2_gt/synth_0000/seed_000/tdm --feature_path ${REPO_ROOT}/core/results/gt_mask_diagnostic_v2/rk2_gt/synth_0000/seed_000/features --attention_part head --attention_edit robot --control-plan-resolved ${REPO_ROOT}/core/protocols/gt_mask_diagnostic_v2/resolved_plans/residual_rk2_n07.json --tdm_mask_mode original --control-mask-path ${REPO_ROOT}/core/protocols/gt_mask_diagnostic_v2/gt_masks/synth_0000.npy --offload
synth_0000,rk2_n15_auto,0,core/results/gt_mask_diagnostic_v2/rk2_n15_auto/synth_0000/seed_000,core/results/heldout_control_comparison/attention_mask_scout/synth_0000/seed_000/tdm/hybrid_binary_tdm_attention.npy,cd ${REPO_ROOT}/core/third_party/FollowYourShape/src && python edit.py --source_img_dir ${REPO_ROOT}/core/data/partedit_subset/cases/synth_0000/source.png --source_prompt 'A alien at a city' --target_prompt 'A alien with robot head at a city' --guidance 2.0 --num_steps 15 --front 2 --inject 4 --seed 0 --name flux-dev --controlnet_type none --output_dir ${REPO_ROOT}/core/results/gt_mask_diagnostic_v2/rk2_n15_auto/synth_0000/seed_000 --vis_path ${REPO_ROOT}/core/results/gt_mask_diagnostic_v2/rk2_n15_auto/synth_0000/seed_000/tdm --feature_path ${REPO_ROOT}/core/results/gt_mask_diagnostic_v2/rk2_n15_auto/synth_0000/seed_000/features --attention_part head --attention_edit robot --control-plan-resolved ${REPO_ROOT}/core/protocols/gt_mask_diagnostic_v2/resolved_plans/residual_rk2_n15.json --tdm_mask_mode original --control-mask-path ${REPO_ROOT}/core/results/heldout_control_comparison/attention_mask_scout/synth_0000/seed_000/tdm/hybrid_binary_tdm_attention.npy --offload
synth_0000,rk2_n15_gt,0,core/results/gt_mask_diagnostic_v2/rk2_n15_gt/synth_0000/seed_000,core/protocols/gt_mask_diagnostic_v2/gt_masks/synth_0000.npy,cd ${REPO_ROOT}/core/third_party/FollowYourShape/src && python edit.py --source_img_dir ${REPO_ROOT}/core/data/partedit_subset/cases/synth_0000/source.png --source_prompt 'A alien at a city' --target_prompt 'A alien with robot head at a city' --guidance 2.0 --num_steps 15 --front 2 --inject 4 --seed 0 --name flux-dev --controlnet_type none --output_dir ${REPO_ROOT}/core/results/gt_mask_diagnostic_v2/rk2_n15_gt/synth_0000/seed_000 --vis_path ${REPO_ROOT}/core/results/gt_mask_diagnostic_v2/rk2_n15_gt/synth_0000/seed_000/tdm --feature_path ${REPO_ROOT}/core/results/gt_mask_diagnostic_v2/rk2_n15_gt/synth_0000/seed_000/features --attention_part head --attention_edit robot --control-plan-resolved ${REPO_ROOT}/core/protocols/gt_mask_diagnostic_v2/resolved_plans/residual_rk2_n15.json --tdm_mask_mode original --control-mask-path ${REPO_ROOT}/core/protocols/gt_mask_diagnostic_v2/gt_masks/synth_0000.npy --offload
synth_0001,endpoint_gt,0,core/results/gt_mask_diagnostic_v2/endpoint_gt/synth_0001/seed_000,core/protocols/gt_mask_diagnostic_v2/gt_masks/synth_0001.npy,cd ${REPO_ROOT}/core/third_party/FollowYourShape/src && python edit.py --source_img_dir ${REPO_ROOT}/core/data/partedit_subset/cases/synth_0001/source.png --source_prompt 'A robot at a school' --target_prompt 'A robot with bear head at a school' --guidance 2.0 --num_steps 15 --front 2 --inject 4 --seed 0 --name flux-dev --controlnet_type none --output_dir ${REPO_ROOT}/core/results/gt_mask_diagnostic_v2/endpoint_gt/synth_0001/seed_000 --vis_path ${REPO_ROOT}/core/results/gt_mask_diagnostic_v2/endpoint_gt/synth_0001/seed_000/tdm --feature_path ${REPO_ROOT}/core/results/gt_mask_diagnostic_v2/endpoint_gt/synth_0001/seed_000/features --attention_part head --attention_edit bear --control-plan-resolved ${REPO_ROOT}/core/protocols/gt_mask_diagnostic_v2/resolved_plans/endpoint_projection_n07.json --tdm_mask_mode original --control-mask-path ${REPO_ROOT}/core/protocols/gt_mask_diagnostic_v2/gt_masks/synth_0001.npy --offload
synth_0001,rk2_gt,0,core/results/gt_mask_diagnostic_v2/rk2_gt/synth_0001/seed_000,core/protocols/gt_mask_diagnostic_v2/gt_masks/synth_0001.npy,cd ${REPO_ROOT}/core/third_party/FollowYourShape/src && python edit.py --source_img_dir ${REPO_ROOT}/core/data/partedit_subset/cases/synth_0001/source.png --source_prompt 'A robot at a school' --target_prompt 'A robot with bear head at a school' --guidance 2.0 --num_steps 15 --front 2 --inject 4 --seed 0 --name flux-dev --controlnet_type none --output_dir ${REPO_ROOT}/core/results/gt_mask_diagnostic_v2/rk2_gt/synth_0001/seed_000 --vis_path ${REPO_ROOT}/core/results/gt_mask_diagnostic_v2/rk2_gt/synth_0001/seed_000/tdm --feature_path ${REPO_ROOT}/core/results/gt_mask_diagnostic_v2/rk2_gt/synth_0001/seed_000/features --attention_part head --attention_edit bear --control-plan-resolved ${REPO_ROOT}/core/protocols/gt_mask_diagnostic_v2/resolved_plans/residual_rk2_n07.json --tdm_mask_mode original --control-mask-path ${REPO_ROOT}/core/protocols/gt_mask_diagnostic_v2/gt_masks/synth_0001.npy --offload
synth_0001,rk2_n15_auto,0,core/results/gt_mask_diagnostic_v2/rk2_n15_auto/synth_0001/seed_000,core/results/heldout_control_comparison/attention_mask_scout/synth_0001/seed_000/tdm/hybrid_binary_tdm_attention.npy,cd ${REPO_ROOT}/core/third_party/FollowYourShape/src && python edit.py --source_img_dir ${REPO_ROOT}/core/data/partedit_subset/cases/synth_0001/source.png --source_prompt 'A robot at a school' --target_prompt 'A robot with bear head at a school' --guidance 2.0 --num_steps 15 --front 2 --inject 4 --seed 0 --name flux-dev --controlnet_type none --output_dir ${REPO_ROOT}/core/results/gt_mask_diagnostic_v2/rk2_n15_auto/synth_0001/seed_000 --vis_path ${REPO_ROOT}/core/results/gt_mask_diagnostic_v2/rk2_n15_auto/synth_0001/seed_000/tdm --feature_path ${REPO_ROOT}/core/results/gt_mask_diagnostic_v2/rk2_n15_auto/synth_0001/seed_000/features --attention_part head --attention_edit bear --control-plan-resolved ${REPO_ROOT}/core/protocols/gt_mask_diagnostic_v2/resolved_plans/residual_rk2_n15.json --tdm_mask_mode original --control-mask-path ${REPO_ROOT}/core/results/heldout_control_comparison/attention_mask_scout/synth_0001/seed_000/tdm/hybrid_binary_tdm_attention.npy --offload
synth_0001,rk2_n15_gt,0,core/results/gt_mask_diagnostic_v2/rk2_n15_gt/synth_0001/seed_000,core/protocols/gt_mask_diagnostic_v2/gt_masks/synth_0001.npy,cd ${REPO_ROOT}/core/third_party/FollowYourShape/src && python edit.py --source_img_dir ${REPO_ROOT}/core/data/partedit_subset/cases/synth_0001/source.png --source_prompt 'A robot at a school' --target_prompt 'A robot with bear head at a school' --guidance 2.0 --num_steps 15 --front 2 --inject 4 --seed 0 --name flux-dev --controlnet_type none --output_dir ${REPO_ROOT}/core/results/gt_mask_diagnostic_v2/rk2_n15_gt/synth_0001/seed_000 --vis_path ${REPO_ROOT}/core/results/gt_mask_diagnostic_v2/rk2_n15_gt/synth_0001/seed_000/tdm --feature_path ${REPO_ROOT}/core/results/gt_mask_diagnostic_v2/rk2_n15_gt/synth_0001/seed_000/features --attention_part head --attention_edit bear --control-plan-resolved ${REPO_ROOT}/core/protocols/gt_mask_diagnostic_v2/resolved_plans/residual_rk2_n15.json --tdm_mask_mode original --control-mask-path ${REPO_ROOT}/core/protocols/gt_mask_diagnostic_v2/gt_masks/synth_0001.npy --offload
synth_0002,endpoint_gt,0,core/results/gt_mask_diagnostic_v2/endpoint_gt/synth_0002/seed_000,core/protocols/gt_mask_diagnostic_v2/gt_masks/synth_0002.npy,cd ${REPO_ROOT}/core/third_party/FollowYourShape/src && python edit.py --source_img_dir ${REPO_ROOT}/core/data/partedit_subset/cases/synth_0002/source.png --source_prompt 'A robot at a park' --target_prompt 'A robot with bear head at a park' --guidance 2.0 --num_steps 15 --front 2 --inject 4 --seed 0 --name flux-dev --controlnet_type none --output_dir ${REPO_ROOT}/core/results/gt_mask_diagnostic_v2/endpoint_gt/synth_0002/seed_000 --vis_path ${REPO_ROOT}/core/results/gt_mask_diagnostic_v2/endpoint_gt/synth_0002/seed_000/tdm --feature_path ${REPO_ROOT}/core/results/gt_mask_diagnostic_v2/endpoint_gt/synth_0002/seed_000/features --attention_part head --attention_edit bear --control-plan-resolved ${REPO_ROOT}/core/protocols/gt_mask_diagnostic_v2/resolved_plans/endpoint_projection_n07.json --tdm_mask_mode original --control-mask-path ${REPO_ROOT}/core/protocols/gt_mask_diagnostic_v2/gt_masks/synth_0002.npy --offload
synth_0002,rk2_gt,0,core/results/gt_mask_diagnostic_v2/rk2_gt/synth_0002/seed_000,core/protocols/gt_mask_diagnostic_v2/gt_masks/synth_0002.npy,cd ${REPO_ROOT}/core/third_party/FollowYourShape/src && python edit.py --source_img_dir ${REPO_ROOT}/core/data/partedit_subset/cases/synth_0002/source.png --source_prompt 'A robot at a park' --target_prompt 'A robot with bear head at a park' --guidance 2.0 --num_steps 15 --front 2 --inject 4 --seed 0 --name flux-dev --controlnet_type none --output_dir ${REPO_ROOT}/core/results/gt_mask_diagnostic_v2/rk2_gt/synth_0002/seed_000 --vis_path ${REPO_ROOT}/core/results/gt_mask_diagnostic_v2/rk2_gt/synth_0002/seed_000/tdm --feature_path ${REPO_ROOT}/core/results/gt_mask_diagnostic_v2/rk2_gt/synth_0002/seed_000/features --attention_part head --attention_edit bear --control-plan-resolved ${REPO_ROOT}/core/protocols/gt_mask_diagnostic_v2/resolved_plans/residual_rk2_n07.json --tdm_mask_mode original --control-mask-path ${REPO_ROOT}/core/protocols/gt_mask_diagnostic_v2/gt_masks/synth_0002.npy --offload
synth_0002,rk2_n15_auto,0,core/results/gt_mask_diagnostic_v2/rk2_n15_auto/synth_0002/seed_000,core/results/heldout_control_comparison/attention_mask_scout/synth_0002/seed_000/tdm/hybrid_binary_tdm_attention.npy,cd ${REPO_ROOT}/core/third_party/FollowYourShape/src && python edit.py --source_img_dir ${REPO_ROOT}/core/data/partedit_subset/cases/synth_0002/source.png --source_prompt 'A robot at a park' --target_prompt 'A robot with bear head at a park' --guidance 2.0 --num_steps 15 --front 2 --inject 4 --seed 0 --name flux-dev --controlnet_type none --output_dir ${REPO_ROOT}/core/results/gt_mask_diagnostic_v2/rk2_n15_auto/synth_0002/seed_000 --vis_path ${REPO_ROOT}/core/results/gt_mask_diagnostic_v2/rk2_n15_auto/synth_0002/seed_000/tdm --feature_path ${REPO_ROOT}/core/results/gt_mask_diagnostic_v2/rk2_n15_auto/synth_0002/seed_000/features --attention_part head --attention_edit bear --control-plan-resolved ${REPO_ROOT}/core/protocols/gt_mask_diagnostic_v2/resolved_plans/residual_rk2_n15.json --tdm_mask_mode original --control-mask-path ${REPO_ROOT}/core/results/heldout_control_comparison/attention_mask_scout/synth_0002/seed_000/tdm/hybrid_binary_tdm_attention.npy --offload
synth_0002,rk2_n15_gt,0,core/results/gt_mask_diagnostic_v2/rk2_n15_gt/synth_0002/seed_000,core/protocols/gt_mask_diagnostic_v2/gt_masks/synth_0002.npy,cd ${REPO_ROOT}/core/third_party/FollowYourShape/src && python edit.py --source_img_dir ${REPO_ROOT}/core/data/partedit_subset/cases/synth_0002/source.png --source_prompt 'A robot at a park' --target_prompt 'A robot with bear head at a park' --guidance 2.0 --num_steps 15 --front 2 --inject 4 --seed 0 --name flux-dev --controlnet_type none --output_dir ${REPO_ROOT}/core/results/gt_mask_diagnostic_v2/rk2_n15_gt/synth_0002/seed_000 --vis_path ${REPO_ROOT}/core/results/gt_mask_diagnostic_v2/rk2_n15_gt/synth_0002/seed_000/tdm --feature_path ${REPO_ROOT}/core/results/gt_mask_diagnostic_v2/rk2_n15_gt/synth_0002/seed_000/features --attention_part head --attention_edit bear --control-plan-resolved ${REPO_ROOT}/core/protocols/gt_mask_diagnostic_v2/resolved_plans/residual_rk2_n15.json --tdm_mask_mode original --control-mask-path ${REPO_ROOT}/core/protocols/gt_mask_diagnostic_v2/gt_masks/synth_0002.npy --offload
synth_0003,endpoint_gt,0,core/results/gt_mask_diagnostic_v2/endpoint_gt/synth_0003/seed_000,core/protocols/gt_mask_diagnostic_v2/gt_masks/synth_0003.npy,cd ${REPO_ROOT}/core/third_party/FollowYourShape/src && python edit.py --source_img_dir ${REPO_ROOT}/core/data/partedit_subset/cases/synth_0003/source.png --source_prompt 'A alien at a museum' --target_prompt 'A alien with robot head at a museum' --guidance 2.0 --num_steps 15 --front 2 --inject 4 --seed 0 --name flux-dev --controlnet_type none --output_dir ${REPO_ROOT}/core/results/gt_mask_diagnostic_v2/endpoint_gt/synth_0003/seed_000 --vis_path ${REPO_ROOT}/core/results/gt_mask_diagnostic_v2/endpoint_gt/synth_0003/seed_000/tdm --feature_path ${REPO_ROOT}/core/results/gt_mask_diagnostic_v2/endpoint_gt/synth_0003/seed_000/features --attention_part head --attention_edit robot --control-plan-resolved ${REPO_ROOT}/core/protocols/gt_mask_diagnostic_v2/resolved_plans/endpoint_projection_n07.json --tdm_mask_mode original --control-mask-path ${REPO_ROOT}/core/protocols/gt_mask_diagnostic_v2/gt_masks/synth_0003.npy --offload
synth_0003,rk2_gt,0,core/results/gt_mask_diagnostic_v2/rk2_gt/synth_0003/seed_000,core/protocols/gt_mask_diagnostic_v2/gt_masks/synth_0003.npy,cd ${REPO_ROOT}/core/third_party/FollowYourShape/src && python edit.py --source_img_dir ${REPO_ROOT}/core/data/partedit_subset/cases/synth_0003/source.png --source_prompt 'A alien at a museum' --target_prompt 'A alien with robot head at a museum' --guidance 2.0 --num_steps 15 --front 2 --inject 4 --seed 0 --name flux-dev --controlnet_type none --output_dir ${REPO_ROOT}/core/results/gt_mask_diagnostic_v2/rk2_gt/synth_0003/seed_000 --vis_path ${REPO_ROOT}/core/results/gt_mask_diagnostic_v2/rk2_gt/synth_0003/seed_000/tdm --feature_path ${REPO_ROOT}/core/results/gt_mask_diagnostic_v2/rk2_gt/synth_0003/seed_000/features --attention_part head --attention_edit robot --control-plan-resolved ${REPO_ROOT}/core/protocols/gt_mask_diagnostic_v2/resolved_plans/residual_rk2_n07.json --tdm_mask_mode original --control-mask-path ${REPO_ROOT}/core/protocols/gt_mask_diagnostic_v2/gt_masks/synth_0003.npy --offload
synth_0003,rk2_n15_auto,0,core/results/gt_mask_diagnostic_v2/rk2_n15_auto/synth_0003/seed_000,core/results/heldout_control_comparison/attention_mask_scout/synth_0003/seed_000/tdm/hybrid_binary_tdm_attention.npy,cd ${REPO_ROOT}/core/third_party/FollowYourShape/src && python edit.py --source_img_dir ${REPO_ROOT}/core/data/partedit_subset/cases/synth_0003/source.png --source_prompt 'A alien at a museum' --target_prompt 'A alien with robot head at a museum' --guidance 2.0 --num_steps 15 --front 2 --inject 4 --seed 0 --name flux-dev --controlnet_type none --output_dir ${REPO_ROOT}/core/results/gt_mask_diagnostic_v2/rk2_n15_auto/synth_0003/seed_000 --vis_path ${REPO_ROOT}/core/results/gt_mask_diagnostic_v2/rk2_n15_auto/synth_0003/seed_000/tdm --feature_path ${REPO_ROOT}/core/results/gt_mask_diagnostic_v2/rk2_n15_auto/synth_0003/seed_000/features --attention_part head --attention_edit robot --control-plan-resolved ${REPO_ROOT}/core/protocols/gt_mask_diagnostic_v2/resolved_plans/residual_rk2_n15.json --tdm_mask_mode original --control-mask-path ${REPO_ROOT}/core/results/heldout_control_comparison/attention_mask_scout/synth_0003/seed_000/tdm/hybrid_binary_tdm_attention.npy --offload
synth_0003,rk2_n15_gt,0,core/results/gt_mask_diagnostic_v2/rk2_n15_gt/synth_0003/seed_000,core/protocols/gt_mask_diagnostic_v2/gt_masks/synth_0003.npy,cd ${REPO_ROOT}/core/third_party/FollowYourShape/src && python edit.py --source_img_dir ${REPO_ROOT}/core/data/partedit_subset/cases/synth_0003/source.png --source_prompt 'A alien at a museum' --target_prompt 'A alien with robot head at a museum' --guidance 2.0 --num_steps 15 --front 2 --inject 4 --seed 0 --name flux-dev --controlnet_type none --output_dir ${REPO_ROOT}/core/results/gt_mask_diagnostic_v2/rk2_n15_gt/synth_0003/seed_000 --vis_path ${REPO_ROOT}/core/results/gt_mask_diagnostic_v2/rk2_n15_gt/synth_0003/seed_000/tdm --feature_path ${REPO_ROOT}/core/results/gt_mask_diagnostic_v2/rk2_n15_gt/synth_0003/seed_000/features --attention_part head --attention_edit robot --control-plan-resolved ${REPO_ROOT}/core/protocols/gt_mask_diagnostic_v2/resolved_plans/residual_rk2_n15.json --tdm_mask_mode original --control-mask-path ${REPO_ROOT}/core/protocols/gt_mask_diagnostic_v2/gt_masks/synth_0003.npy --offload
synth_0004,endpoint_gt,0,core/results/gt_mask_diagnostic_v2/endpoint_gt/synth_0004/seed_000,core/protocols/gt_mask_diagnostic_v2/gt_masks/synth_0004.npy,cd ${REPO_ROOT}/core/third_party/FollowYourShape/src && python edit.py --source_img_dir ${REPO_ROOT}/core/data/partedit_subset/cases/synth_0004/source.png --source_prompt 'A robot at a office' --target_prompt 'A robot with tattooed head at a office' --guidance 2.0 --num_steps 15 --front 2 --inject 4 --seed 0 --name flux-dev --controlnet_type none --output_dir ${REPO_ROOT}/core/results/gt_mask_diagnostic_v2/endpoint_gt/synth_0004/seed_000 --vis_path ${REPO_ROOT}/core/results/gt_mask_diagnostic_v2/endpoint_gt/synth_0004/seed_000/tdm --feature_path ${REPO_ROOT}/core/results/gt_mask_diagnostic_v2/endpoint_gt/synth_0004/seed_000/features --attention_part head --attention_edit tattooed --control-plan-resolved ${REPO_ROOT}/core/protocols/gt_mask_diagnostic_v2/resolved_plans/endpoint_projection_n07.json --tdm_mask_mode original --control-mask-path ${REPO_ROOT}/core/protocols/gt_mask_diagnostic_v2/gt_masks/synth_0004.npy --offload
synth_0004,rk2_gt,0,core/results/gt_mask_diagnostic_v2/rk2_gt/synth_0004/seed_000,core/protocols/gt_mask_diagnostic_v2/gt_masks/synth_0004.npy,cd ${REPO_ROOT}/core/third_party/FollowYourShape/src && python edit.py --source_img_dir ${REPO_ROOT}/core/data/partedit_subset/cases/synth_0004/source.png --source_prompt 'A robot at a office' --target_prompt 'A robot with tattooed head at a office' --guidance 2.0 --num_steps 15 --front 2 --inject 4 --seed 0 --name flux-dev --controlnet_type none --output_dir ${REPO_ROOT}/core/results/gt_mask_diagnostic_v2/rk2_gt/synth_0004/seed_000 --vis_path ${REPO_ROOT}/core/results/gt_mask_diagnostic_v2/rk2_gt/synth_0004/seed_000/tdm --feature_path ${REPO_ROOT}/core/results/gt_mask_diagnostic_v2/rk2_gt/synth_0004/seed_000/features --attention_part head --attention_edit tattooed --control-plan-resolved ${REPO_ROOT}/core/protocols/gt_mask_diagnostic_v2/resolved_plans/residual_rk2_n07.json --tdm_mask_mode original --control-mask-path ${REPO_ROOT}/core/protocols/gt_mask_diagnostic_v2/gt_masks/synth_0004.npy --offload
synth_0004,rk2_n15_auto,0,core/results/gt_mask_diagnostic_v2/rk2_n15_auto/synth_0004/seed_000,core/results/heldout_control_comparison/attention_mask_scout/synth_0004/seed_000/tdm/hybrid_binary_tdm_attention.npy,cd ${REPO_ROOT}/core/third_party/FollowYourShape/src && python edit.py --source_img_dir ${REPO_ROOT}/core/data/partedit_subset/cases/synth_0004/source.png --source_prompt 'A robot at a office' --target_prompt 'A robot with tattooed head at a office' --guidance 2.0 --num_steps 15 --front 2 --inject 4 --seed 0 --name flux-dev --controlnet_type none --output_dir ${REPO_ROOT}/core/results/gt_mask_diagnostic_v2/rk2_n15_auto/synth_0004/seed_000 --vis_path ${REPO_ROOT}/core/results/gt_mask_diagnostic_v2/rk2_n15_auto/synth_0004/seed_000/tdm --feature_path ${REPO_ROOT}/core/results/gt_mask_diagnostic_v2/rk2_n15_auto/synth_0004/seed_000/features --attention_part head --attention_edit tattooed --control-plan-resolved ${REPO_ROOT}/core/protocols/gt_mask_diagnostic_v2/resolved_plans/residual_rk2_n15.json --tdm_mask_mode original --control-mask-path ${REPO_ROOT}/core/results/heldout_control_comparison/attention_mask_scout/synth_0004/seed_000/tdm/hybrid_binary_tdm_attention.npy --offload
synth_0004,rk2_n15_gt,0,core/results/gt_mask_diagnostic_v2/rk2_n15_gt/synth_0004/seed_000,core/protocols/gt_mask_diagnostic_v2/gt_masks/synth_0004.npy,cd ${REPO_ROOT}/core/third_party/FollowYourShape/src && python edit.py --source_img_dir ${REPO_ROOT}/core/data/partedit_subset/cases/synth_0004/source.png --source_prompt 'A robot at a office' --target_prompt 'A robot with tattooed head at a office' --guidance 2.0 --num_steps 15 --front 2 --inject 4 --seed 0 --name flux-dev --controlnet_type none --output_dir ${REPO_ROOT}/core/results/gt_mask_diagnostic_v2/rk2_n15_gt/synth_0004/seed_000 --vis_path ${REPO_ROOT}/core/results/gt_mask_diagnostic_v2/rk2_n15_gt/synth_0004/seed_000/tdm --feature_path ${REPO_ROOT}/core/results/gt_mask_diagnostic_v2/rk2_n15_gt/synth_0004/seed_000/features --attention_part head --attention_edit tattooed --control-plan-resolved ${REPO_ROOT}/core/protocols/gt_mask_diagnostic_v2/resolved_plans/residual_rk2_n15.json --tdm_mask_mode original --control-mask-path ${REPO_ROOT}/core/protocols/gt_mask_diagnostic_v2/gt_masks/synth_0004.npy --offload
synth_0005,endpoint_gt,0,core/results/gt_mask_diagnostic_v2/endpoint_gt/synth_0005/seed_000,core/protocols/gt_mask_diagnostic_v2/gt_masks/synth_0005.npy,cd ${REPO_ROOT}/core/third_party/FollowYourShape/src && python edit.py --source_img_dir ${REPO_ROOT}/core/data/partedit_subset/cases/synth_0005/source.png --source_prompt 'A man at a gym' --target_prompt 'A man with robot head at a gym' --guidance 2.0 --num_steps 15 --front 2 --inject 4 --seed 0 --name flux-dev --controlnet_type none --output_dir ${REPO_ROOT}/core/results/gt_mask_diagnostic_v2/endpoint_gt/synth_0005/seed_000 --vis_path ${REPO_ROOT}/core/results/gt_mask_diagnostic_v2/endpoint_gt/synth_0005/seed_000/tdm --feature_path ${REPO_ROOT}/core/results/gt_mask_diagnostic_v2/endpoint_gt/synth_0005/seed_000/features --attention_part head --attention_edit robot --control-plan-resolved ${REPO_ROOT}/core/protocols/gt_mask_diagnostic_v2/resolved_plans/endpoint_projection_n07.json --tdm_mask_mode original --control-mask-path ${REPO_ROOT}/core/protocols/gt_mask_diagnostic_v2/gt_masks/synth_0005.npy --offload
synth_0005,rk2_gt,0,core/results/gt_mask_diagnostic_v2/rk2_gt/synth_0005/seed_000,core/protocols/gt_mask_diagnostic_v2/gt_masks/synth_0005.npy,cd ${REPO_ROOT}/core/third_party/FollowYourShape/src && python edit.py --source_img_dir ${REPO_ROOT}/core/data/partedit_subset/cases/synth_0005/source.png --source_prompt 'A man at a gym' --target_prompt 'A man with robot head at a gym' --guidance 2.0 --num_steps 15 --front 2 --inject 4 --seed 0 --name flux-dev --controlnet_type none --output_dir ${REPO_ROOT}/core/results/gt_mask_diagnostic_v2/rk2_gt/synth_0005/seed_000 --vis_path ${REPO_ROOT}/core/results/gt_mask_diagnostic_v2/rk2_gt/synth_0005/seed_000/tdm --feature_path ${REPO_ROOT}/core/results/gt_mask_diagnostic_v2/rk2_gt/synth_0005/seed_000/features --attention_part head --attention_edit robot --control-plan-resolved ${REPO_ROOT}/core/protocols/gt_mask_diagnostic_v2/resolved_plans/residual_rk2_n07.json --tdm_mask_mode original --control-mask-path ${REPO_ROOT}/core/protocols/gt_mask_diagnostic_v2/gt_masks/synth_0005.npy --offload
synth_0005,rk2_n15_auto,0,core/results/gt_mask_diagnostic_v2/rk2_n15_auto/synth_0005/seed_000,core/results/heldout_control_comparison/attention_mask_scout/synth_0005/seed_000/tdm/hybrid_binary_tdm_attention.npy,cd ${REPO_ROOT}/core/third_party/FollowYourShape/src && python edit.py --source_img_dir ${REPO_ROOT}/core/data/partedit_subset/cases/synth_0005/source.png --source_prompt 'A man at a gym' --target_prompt 'A man with robot head at a gym' --guidance 2.0 --num_steps 15 --front 2 --inject 4 --seed 0 --name flux-dev --controlnet_type none --output_dir ${REPO_ROOT}/core/results/gt_mask_diagnostic_v2/rk2_n15_auto/synth_0005/seed_000 --vis_path ${REPO_ROOT}/core/results/gt_mask_diagnostic_v2/rk2_n15_auto/synth_0005/seed_000/tdm --feature_path ${REPO_ROOT}/core/results/gt_mask_diagnostic_v2/rk2_n15_auto/synth_0005/seed_000/features --attention_part head --attention_edit robot --control-plan-resolved ${REPO_ROOT}/core/protocols/gt_mask_diagnostic_v2/resolved_plans/residual_rk2_n15.json --tdm_mask_mode original --control-mask-path ${REPO_ROOT}/core/results/heldout_control_comparison/attention_mask_scout/synth_0005/seed_000/tdm/hybrid_binary_tdm_attention.npy --offload
synth_0005,rk2_n15_gt,0,core/results/gt_mask_diagnostic_v2/rk2_n15_gt/synth_0005/seed_000,core/protocols/gt_mask_diagnostic_v2/gt_masks/synth_0005.npy,cd ${REPO_ROOT}/core/third_party/FollowYourShape/src && python edit.py --source_img_dir ${REPO_ROOT}/core/data/partedit_subset/cases/synth_0005/source.png --source_prompt 'A man at a gym' --target_prompt 'A man with robot head at a gym' --guidance 2.0 --num_steps 15 --front 2 --inject 4 --seed 0 --name flux-dev --controlnet_type none --output_dir ${REPO_ROOT}/core/results/gt_mask_diagnostic_v2/rk2_n15_gt/synth_0005/seed_000 --vis_path ${REPO_ROOT}/core/results/gt_mask_diagnostic_v2/rk2_n15_gt/synth_0005/seed_000/tdm --feature_path ${REPO_ROOT}/core/results/gt_mask_diagnostic_v2/rk2_n15_gt/synth_0005/seed_000/features --attention_part head --attention_edit robot --control-plan-resolved ${REPO_ROOT}/core/protocols/gt_mask_diagnostic_v2/resolved_plans/residual_rk2_n15.json --tdm_mask_mode original --control-mask-path ${REPO_ROOT}/core/protocols/gt_mask_diagnostic_v2/gt_masks/synth_0005.npy --offload
synth_0006,endpoint_gt,0,core/results/gt_mask_diagnostic_v2/endpoint_gt/synth_0006/seed_000,core/protocols/gt_mask_diagnostic_v2/gt_masks/synth_0006.npy,cd ${REPO_ROOT}/core/third_party/FollowYourShape/src && python edit.py --source_img_dir ${REPO_ROOT}/core/data/partedit_subset/cases/synth_0006/source.png --source_prompt 'A girl at a beach' --target_prompt 'A girl with robot head at a beach' --guidance 2.0 --num_steps 15 --front 2 --inject 4 --seed 0 --name flux-dev --controlnet_type none --output_dir ${REPO_ROOT}/core/results/gt_mask_diagnostic_v2/endpoint_gt/synth_0006/seed_000 --vis_path ${REPO_ROOT}/core/results/gt_mask_diagnostic_v2/endpoint_gt/synth_0006/seed_000/tdm --feature_path ${REPO_ROOT}/core/results/gt_mask_diagnostic_v2/endpoint_gt/synth_0006/seed_000/features --attention_part head --attention_edit robot --control-plan-resolved ${REPO_ROOT}/core/protocols/gt_mask_diagnostic_v2/resolved_plans/endpoint_projection_n07.json --tdm_mask_mode original --control-mask-path ${REPO_ROOT}/core/protocols/gt_mask_diagnostic_v2/gt_masks/synth_0006.npy --offload
synth_0006,rk2_gt,0,core/results/gt_mask_diagnostic_v2/rk2_gt/synth_0006/seed_000,core/protocols/gt_mask_diagnostic_v2/gt_masks/synth_0006.npy,cd ${REPO_ROOT}/core/third_party/FollowYourShape/src && python edit.py --source_img_dir ${REPO_ROOT}/core/data/partedit_subset/cases/synth_0006/source.png --source_prompt 'A girl at a beach' --target_prompt 'A girl with robot head at a beach' --guidance 2.0 --num_steps 15 --front 2 --inject 4 --seed 0 --name flux-dev --controlnet_type none --output_dir ${REPO_ROOT}/core/results/gt_mask_diagnostic_v2/rk2_gt/synth_0006/seed_000 --vis_path ${REPO_ROOT}/core/results/gt_mask_diagnostic_v2/rk2_gt/synth_0006/seed_000/tdm --feature_path ${REPO_ROOT}/core/results/gt_mask_diagnostic_v2/rk2_gt/synth_0006/seed_000/features --attention_part head --attention_edit robot --control-plan-resolved ${REPO_ROOT}/core/protocols/gt_mask_diagnostic_v2/resolved_plans/residual_rk2_n07.json --tdm_mask_mode original --control-mask-path ${REPO_ROOT}/core/protocols/gt_mask_diagnostic_v2/gt_masks/synth_0006.npy --offload
synth_0006,rk2_n15_auto,0,core/results/gt_mask_diagnostic_v2/rk2_n15_auto/synth_0006/seed_000,core/results/heldout_control_comparison/attention_mask_scout/synth_0006/seed_000/tdm/hybrid_binary_tdm_attention.npy,cd ${REPO_ROOT}/core/third_party/FollowYourShape/src && python edit.py --source_img_dir ${REPO_ROOT}/core/data/partedit_subset/cases/synth_0006/source.png --source_prompt 'A girl at a beach' --target_prompt 'A girl with robot head at a beach' --guidance 2.0 --num_steps 15 --front 2 --inject 4 --seed 0 --name flux-dev --controlnet_type none --output_dir ${REPO_ROOT}/core/results/gt_mask_diagnostic_v2/rk2_n15_auto/synth_0006/seed_000 --vis_path ${REPO_ROOT}/core/results/gt_mask_diagnostic_v2/rk2_n15_auto/synth_0006/seed_000/tdm --feature_path ${REPO_ROOT}/core/results/gt_mask_diagnostic_v2/rk2_n15_auto/synth_0006/seed_000/features --attention_part head --attention_edit robot --control-plan-resolved ${REPO_ROOT}/core/protocols/gt_mask_diagnostic_v2/resolved_plans/residual_rk2_n15.json --tdm_mask_mode original --control-mask-path ${REPO_ROOT}/core/results/heldout_control_comparison/attention_mask_scout/synth_0006/seed_000/tdm/hybrid_binary_tdm_attention.npy --offload
synth_0006,rk2_n15_gt,0,core/results/gt_mask_diagnostic_v2/rk2_n15_gt/synth_0006/seed_000,core/protocols/gt_mask_diagnostic_v2/gt_masks/synth_0006.npy,cd ${REPO_ROOT}/core/third_party/FollowYourShape/src && python edit.py --source_img_dir ${REPO_ROOT}/core/data/partedit_subset/cases/synth_0006/source.png --source_prompt 'A girl at a beach' --target_prompt 'A girl with robot head at a beach' --guidance 2.0 --num_steps 15 --front 2 --inject 4 --seed 0 --name flux-dev --controlnet_type none --output_dir ${REPO_ROOT}/core/results/gt_mask_diagnostic_v2/rk2_n15_gt/synth_0006/seed_000 --vis_path ${REPO_ROOT}/core/results/gt_mask_diagnostic_v2/rk2_n15_gt/synth_0006/seed_000/tdm --feature_path ${REPO_ROOT}/core/results/gt_mask_diagnostic_v2/rk2_n15_gt/synth_0006/seed_000/features --attention_part head --attention_edit robot --control-plan-resolved ${REPO_ROOT}/core/protocols/gt_mask_diagnostic_v2/resolved_plans/residual_rk2_n15.json --tdm_mask_mode original --control-mask-path ${REPO_ROOT}/core/protocols/gt_mask_diagnostic_v2/gt_masks/synth_0006.npy --offload
synth_0007,endpoint_gt,0,core/results/gt_mask_diagnostic_v2/endpoint_gt/synth_0007/seed_000,core/protocols/gt_mask_diagnostic_v2/gt_masks/synth_0007.npy,cd ${REPO_ROOT}/core/third_party/FollowYourShape/src && python edit.py --source_img_dir ${REPO_ROOT}/core/data/partedit_subset/cases/synth_0007/source.png --source_prompt 'A alien at a school' --target_prompt 'A alien with robot head at a school' --guidance 2.0 --num_steps 15 --front 2 --inject 4 --seed 0 --name flux-dev --controlnet_type none --output_dir ${REPO_ROOT}/core/results/gt_mask_diagnostic_v2/endpoint_gt/synth_0007/seed_000 --vis_path ${REPO_ROOT}/core/results/gt_mask_diagnostic_v2/endpoint_gt/synth_0007/seed_000/tdm --feature_path ${REPO_ROOT}/core/results/gt_mask_diagnostic_v2/endpoint_gt/synth_0007/seed_000/features --attention_part head --attention_edit robot --control-plan-resolved ${REPO_ROOT}/core/protocols/gt_mask_diagnostic_v2/resolved_plans/endpoint_projection_n07.json --tdm_mask_mode original --control-mask-path ${REPO_ROOT}/core/protocols/gt_mask_diagnostic_v2/gt_masks/synth_0007.npy --offload
synth_0007,rk2_gt,0,core/results/gt_mask_diagnostic_v2/rk2_gt/synth_0007/seed_000,core/protocols/gt_mask_diagnostic_v2/gt_masks/synth_0007.npy,cd ${REPO_ROOT}/core/third_party/FollowYourShape/src && python edit.py --source_img_dir ${REPO_ROOT}/core/data/partedit_subset/cases/synth_0007/source.png --source_prompt 'A alien at a school' --target_prompt 'A alien with robot head at a school' --guidance 2.0 --num_steps 15 --front 2 --inject 4 --seed 0 --name flux-dev --controlnet_type none --output_dir ${REPO_ROOT}/core/results/gt_mask_diagnostic_v2/rk2_gt/synth_0007/seed_000 --vis_path ${REPO_ROOT}/core/results/gt_mask_diagnostic_v2/rk2_gt/synth_0007/seed_000/tdm --feature_path ${REPO_ROOT}/core/results/gt_mask_diagnostic_v2/rk2_gt/synth_0007/seed_000/features --attention_part head --attention_edit robot --control-plan-resolved ${REPO_ROOT}/core/protocols/gt_mask_diagnostic_v2/resolved_plans/residual_rk2_n07.json --tdm_mask_mode original --control-mask-path ${REPO_ROOT}/core/protocols/gt_mask_diagnostic_v2/gt_masks/synth_0007.npy --offload
synth_0007,rk2_n15_auto,0,core/results/gt_mask_diagnostic_v2/rk2_n15_auto/synth_0007/seed_000,core/results/heldout_control_comparison/attention_mask_scout/synth_0007/seed_000/tdm/hybrid_binary_tdm_attention.npy,cd ${REPO_ROOT}/core/third_party/FollowYourShape/src && python edit.py --source_img_dir ${REPO_ROOT}/core/data/partedit_subset/cases/synth_0007/source.png --source_prompt 'A alien at a school' --target_prompt 'A alien with robot head at a school' --guidance 2.0 --num_steps 15 --front 2 --inject 4 --seed 0 --name flux-dev --controlnet_type none --output_dir ${REPO_ROOT}/core/results/gt_mask_diagnostic_v2/rk2_n15_auto/synth_0007/seed_000 --vis_path ${REPO_ROOT}/core/results/gt_mask_diagnostic_v2/rk2_n15_auto/synth_0007/seed_000/tdm --feature_path ${REPO_ROOT}/core/results/gt_mask_diagnostic_v2/rk2_n15_auto/synth_0007/seed_000/features --attention_part head --attention_edit robot --control-plan-resolved ${REPO_ROOT}/core/protocols/gt_mask_diagnostic_v2/resolved_plans/residual_rk2_n15.json --tdm_mask_mode original --control-mask-path ${REPO_ROOT}/core/results/heldout_control_comparison/attention_mask_scout/synth_0007/seed_000/tdm/hybrid_binary_tdm_attention.npy --offload
synth_0007,rk2_n15_gt,0,core/results/gt_mask_diagnostic_v2/rk2_n15_gt/synth_0007/seed_000,core/protocols/gt_mask_diagnostic_v2/gt_masks/synth_0007.npy,cd ${REPO_ROOT}/core/third_party/FollowYourShape/src && python edit.py --source_img_dir ${REPO_ROOT}/core/data/partedit_subset/cases/synth_0007/source.png --source_prompt 'A alien at a school' --target_prompt 'A alien with robot head at a school' --guidance 2.0 --num_steps 15 --front 2 --inject 4 --seed 0 --name flux-dev --controlnet_type none --output_dir ${REPO_ROOT}/core/results/gt_mask_diagnostic_v2/rk2_n15_gt/synth_0007/seed_000 --vis_path ${REPO_ROOT}/core/results/gt_mask_diagnostic_v2/rk2_n15_gt/synth_0007/seed_000/tdm --feature_path ${REPO_ROOT}/core/results/gt_mask_diagnostic_v2/rk2_n15_gt/synth_0007/seed_000/features --attention_part head --attention_edit robot --control-plan-resolved ${REPO_ROOT}/core/protocols/gt_mask_diagnostic_v2/resolved_plans/residual_rk2_n15.json --tdm_mask_mode original --control-mask-path ${REPO_ROOT}/core/protocols/gt_mask_diagnostic_v2/gt_masks/synth_0007.npy --offload
synth_0008,endpoint_gt,0,core/results/gt_mask_diagnostic_v2/endpoint_gt/synth_0008/seed_000,core/protocols/gt_mask_diagnostic_v2/gt_masks/synth_0008.npy,cd ${REPO_ROOT}/core/third_party/FollowYourShape/src && python edit.py --source_img_dir ${REPO_ROOT}/core/data/partedit_subset/cases/synth_0008/source.png --source_prompt 'A robot at a park' --target_prompt 'A robot with alien head at a park' --guidance 2.0 --num_steps 15 --front 2 --inject 4 --seed 0 --name flux-dev --controlnet_type none --output_dir ${REPO_ROOT}/core/results/gt_mask_diagnostic_v2/endpoint_gt/synth_0008/seed_000 --vis_path ${REPO_ROOT}/core/results/gt_mask_diagnostic_v2/endpoint_gt/synth_0008/seed_000/tdm --feature_path ${REPO_ROOT}/core/results/gt_mask_diagnostic_v2/endpoint_gt/synth_0008/seed_000/features --attention_part head --attention_edit alien --control-plan-resolved ${REPO_ROOT}/core/protocols/gt_mask_diagnostic_v2/resolved_plans/endpoint_projection_n07.json --tdm_mask_mode original --control-mask-path ${REPO_ROOT}/core/protocols/gt_mask_diagnostic_v2/gt_masks/synth_0008.npy --offload
synth_0008,rk2_gt,0,core/results/gt_mask_diagnostic_v2/rk2_gt/synth_0008/seed_000,core/protocols/gt_mask_diagnostic_v2/gt_masks/synth_0008.npy,cd ${REPO_ROOT}/core/third_party/FollowYourShape/src && python edit.py --source_img_dir ${REPO_ROOT}/core/data/partedit_subset/cases/synth_0008/source.png --source_prompt 'A robot at a park' --target_prompt 'A robot with alien head at a park' --guidance 2.0 --num_steps 15 --front 2 --inject 4 --seed 0 --name flux-dev --controlnet_type none --output_dir ${REPO_ROOT}/core/results/gt_mask_diagnostic_v2/rk2_gt/synth_0008/seed_000 --vis_path ${REPO_ROOT}/core/results/gt_mask_diagnostic_v2/rk2_gt/synth_0008/seed_000/tdm --feature_path ${REPO_ROOT}/core/results/gt_mask_diagnostic_v2/rk2_gt/synth_0008/seed_000/features --attention_part head --attention_edit alien --control-plan-resolved ${REPO_ROOT}/core/protocols/gt_mask_diagnostic_v2/resolved_plans/residual_rk2_n07.json --tdm_mask_mode original --control-mask-path ${REPO_ROOT}/core/protocols/gt_mask_diagnostic_v2/gt_masks/synth_0008.npy --offload
synth_0008,rk2_n15_auto,0,core/results/gt_mask_diagnostic_v2/rk2_n15_auto/synth_0008/seed_000,core/results/heldout_control_comparison/attention_mask_scout/synth_0008/seed_000/tdm/hybrid_binary_tdm_attention.npy,cd ${REPO_ROOT}/core/third_party/FollowYourShape/src && python edit.py --source_img_dir ${REPO_ROOT}/core/data/partedit_subset/cases/synth_0008/source.png --source_prompt 'A robot at a park' --target_prompt 'A robot with alien head at a park' --guidance 2.0 --num_steps 15 --front 2 --inject 4 --seed 0 --name flux-dev --controlnet_type none --output_dir ${REPO_ROOT}/core/results/gt_mask_diagnostic_v2/rk2_n15_auto/synth_0008/seed_000 --vis_path ${REPO_ROOT}/core/results/gt_mask_diagnostic_v2/rk2_n15_auto/synth_0008/seed_000/tdm --feature_path ${REPO_ROOT}/core/results/gt_mask_diagnostic_v2/rk2_n15_auto/synth_0008/seed_000/features --attention_part head --attention_edit alien --control-plan-resolved ${REPO_ROOT}/core/protocols/gt_mask_diagnostic_v2/resolved_plans/residual_rk2_n15.json --tdm_mask_mode original --control-mask-path ${REPO_ROOT}/core/results/heldout_control_comparison/attention_mask_scout/synth_0008/seed_000/tdm/hybrid_binary_tdm_attention.npy --offload
synth_0008,rk2_n15_gt,0,core/results/gt_mask_diagnostic_v2/rk2_n15_gt/synth_0008/seed_000,core/protocols/gt_mask_diagnostic_v2/gt_masks/synth_0008.npy,cd ${REPO_ROOT}/core/third_party/FollowYourShape/src && python edit.py --source_img_dir ${REPO_ROOT}/core/data/partedit_subset/cases/synth_0008/source.png --source_prompt 'A robot at a park' --target_prompt 'A robot with alien head at a park' --guidance 2.0 --num_steps 15 --front 2 --inject 4 --seed 0 --name flux-dev --controlnet_type none --output_dir ${REPO_ROOT}/core/results/gt_mask_diagnostic_v2/rk2_n15_gt/synth_0008/seed_000 --vis_path ${REPO_ROOT}/core/results/gt_mask_diagnostic_v2/rk2_n15_gt/synth_0008/seed_000/tdm --feature_path ${REPO_ROOT}/core/results/gt_mask_diagnostic_v2/rk2_n15_gt/synth_0008/seed_000/features --attention_part head --attention_edit alien --control-plan-resolved ${REPO_ROOT}/core/protocols/gt_mask_diagnostic_v2/resolved_plans/residual_rk2_n15.json --tdm_mask_mode original --control-mask-path ${REPO_ROOT}/core/protocols/gt_mask_diagnostic_v2/gt_masks/synth_0008.npy --offload
synth_0009,endpoint_gt,0,core/results/gt_mask_diagnostic_v2/endpoint_gt/synth_0009/seed_000,core/protocols/gt_mask_diagnostic_v2/gt_masks/synth_0009.npy,cd ${REPO_ROOT}/core/third_party/FollowYourShape/src && python edit.py --source_img_dir ${REPO_ROOT}/core/data/partedit_subset/cases/synth_0009/source.png --source_prompt 'A alien at a museum' --target_prompt 'A alien with bear head at a museum' --guidance 2.0 --num_steps 15 --front 2 --inject 4 --seed 0 --name flux-dev --controlnet_type none --output_dir ${REPO_ROOT}/core/results/gt_mask_diagnostic_v2/endpoint_gt/synth_0009/seed_000 --vis_path ${REPO_ROOT}/core/results/gt_mask_diagnostic_v2/endpoint_gt/synth_0009/seed_000/tdm --feature_path ${REPO_ROOT}/core/results/gt_mask_diagnostic_v2/endpoint_gt/synth_0009/seed_000/features --attention_part head --attention_edit bear --control-plan-resolved ${REPO_ROOT}/core/protocols/gt_mask_diagnostic_v2/resolved_plans/endpoint_projection_n07.json --tdm_mask_mode original --control-mask-path ${REPO_ROOT}/core/protocols/gt_mask_diagnostic_v2/gt_masks/synth_0009.npy --offload
synth_0009,rk2_gt,0,core/results/gt_mask_diagnostic_v2/rk2_gt/synth_0009/seed_000,core/protocols/gt_mask_diagnostic_v2/gt_masks/synth_0009.npy,cd ${REPO_ROOT}/core/third_party/FollowYourShape/src && python edit.py --source_img_dir ${REPO_ROOT}/core/data/partedit_subset/cases/synth_0009/source.png --source_prompt 'A alien at a museum' --target_prompt 'A alien with bear head at a museum' --guidance 2.0 --num_steps 15 --front 2 --inject 4 --seed 0 --name flux-dev --controlnet_type none --output_dir ${REPO_ROOT}/core/results/gt_mask_diagnostic_v2/rk2_gt/synth_0009/seed_000 --vis_path ${REPO_ROOT}/core/results/gt_mask_diagnostic_v2/rk2_gt/synth_0009/seed_000/tdm --feature_path ${REPO_ROOT}/core/results/gt_mask_diagnostic_v2/rk2_gt/synth_0009/seed_000/features --attention_part head --attention_edit bear --control-plan-resolved ${REPO_ROOT}/core/protocols/gt_mask_diagnostic_v2/resolved_plans/residual_rk2_n07.json --tdm_mask_mode original --control-mask-path ${REPO_ROOT}/core/protocols/gt_mask_diagnostic_v2/gt_masks/synth_0009.npy --offload
synth_0009,rk2_n15_auto,0,core/results/gt_mask_diagnostic_v2/rk2_n15_auto/synth_0009/seed_000,core/results/heldout_control_comparison/attention_mask_scout/synth_0009/seed_000/tdm/hybrid_binary_tdm_attention.npy,cd ${REPO_ROOT}/core/third_party/FollowYourShape/src && python edit.py --source_img_dir ${REPO_ROOT}/core/data/partedit_subset/cases/synth_0009/source.png --source_prompt 'A alien at a museum' --target_prompt 'A alien with bear head at a museum' --guidance 2.0 --num_steps 15 --front 2 --inject 4 --seed 0 --name flux-dev --controlnet_type none --output_dir ${REPO_ROOT}/core/results/gt_mask_diagnostic_v2/rk2_n15_auto/synth_0009/seed_000 --vis_path ${REPO_ROOT}/core/results/gt_mask_diagnostic_v2/rk2_n15_auto/synth_0009/seed_000/tdm --feature_path ${REPO_ROOT}/core/results/gt_mask_diagnostic_v2/rk2_n15_auto/synth_0009/seed_000/features --attention_part head --attention_edit bear --control-plan-resolved ${REPO_ROOT}/core/protocols/gt_mask_diagnostic_v2/resolved_plans/residual_rk2_n15.json --tdm_mask_mode original --control-mask-path ${REPO_ROOT}/core/results/heldout_control_comparison/attention_mask_scout/synth_0009/seed_000/tdm/hybrid_binary_tdm_attention.npy --offload
synth_0009,rk2_n15_gt,0,core/results/gt_mask_diagnostic_v2/rk2_n15_gt/synth_0009/seed_000,core/protocols/gt_mask_diagnostic_v2/gt_masks/synth_0009.npy,cd ${REPO_ROOT}/core/third_party/FollowYourShape/src && python edit.py --source_img_dir ${REPO_ROOT}/core/data/partedit_subset/cases/synth_0009/source.png --source_prompt 'A alien at a museum' --target_prompt 'A alien with bear head at a museum' --guidance 2.0 --num_steps 15 --front 2 --inject 4 --seed 0 --name flux-dev --controlnet_type none --output_dir ${REPO_ROOT}/core/results/gt_mask_diagnostic_v2/rk2_n15_gt/synth_0009/seed_000 --vis_path ${REPO_ROOT}/core/results/gt_mask_diagnostic_v2/rk2_n15_gt/synth_0009/seed_000/tdm --feature_path ${REPO_ROOT}/core/results/gt_mask_diagnostic_v2/rk2_n15_gt/synth_0009/seed_000/features --attention_part head --attention_edit bear --control-plan-resolved ${REPO_ROOT}/core/protocols/gt_mask_diagnostic_v2/resolved_plans/residual_rk2_n15.json --tdm_mask_mode original --control-mask-path ${REPO_ROOT}/core/protocols/gt_mask_diagnostic_v2/gt_masks/synth_0009.npy --offload
synth_0010,endpoint_gt,0,core/results/gt_mask_diagnostic_v2/endpoint_gt/synth_0010/seed_000,core/protocols/gt_mask_diagnostic_v2/gt_masks/synth_0010.npy,cd ${REPO_ROOT}/core/third_party/FollowYourShape/src && python edit.py --source_img_dir ${REPO_ROOT}/core/data/partedit_subset/cases/synth_0010/source.png --source_prompt 'A robot at a school' --target_prompt 'A robot with batman torso at a school' --guidance 2.0 --num_steps 15 --front 2 --inject 4 --seed 0 --name flux-dev --controlnet_type none --output_dir ${REPO_ROOT}/core/results/gt_mask_diagnostic_v2/endpoint_gt/synth_0010/seed_000 --vis_path ${REPO_ROOT}/core/results/gt_mask_diagnostic_v2/endpoint_gt/synth_0010/seed_000/tdm --feature_path ${REPO_ROOT}/core/results/gt_mask_diagnostic_v2/endpoint_gt/synth_0010/seed_000/features --attention_part torso --attention_edit batman --control-plan-resolved ${REPO_ROOT}/core/protocols/gt_mask_diagnostic_v2/resolved_plans/endpoint_projection_n07.json --tdm_mask_mode original --control-mask-path ${REPO_ROOT}/core/protocols/gt_mask_diagnostic_v2/gt_masks/synth_0010.npy --offload
synth_0010,rk2_gt,0,core/results/gt_mask_diagnostic_v2/rk2_gt/synth_0010/seed_000,core/protocols/gt_mask_diagnostic_v2/gt_masks/synth_0010.npy,cd ${REPO_ROOT}/core/third_party/FollowYourShape/src && python edit.py --source_img_dir ${REPO_ROOT}/core/data/partedit_subset/cases/synth_0010/source.png --source_prompt 'A robot at a school' --target_prompt 'A robot with batman torso at a school' --guidance 2.0 --num_steps 15 --front 2 --inject 4 --seed 0 --name flux-dev --controlnet_type none --output_dir ${REPO_ROOT}/core/results/gt_mask_diagnostic_v2/rk2_gt/synth_0010/seed_000 --vis_path ${REPO_ROOT}/core/results/gt_mask_diagnostic_v2/rk2_gt/synth_0010/seed_000/tdm --feature_path ${REPO_ROOT}/core/results/gt_mask_diagnostic_v2/rk2_gt/synth_0010/seed_000/features --attention_part torso --attention_edit batman --control-plan-resolved ${REPO_ROOT}/core/protocols/gt_mask_diagnostic_v2/resolved_plans/residual_rk2_n07.json --tdm_mask_mode original --control-mask-path ${REPO_ROOT}/core/protocols/gt_mask_diagnostic_v2/gt_masks/synth_0010.npy --offload
synth_0010,rk2_n15_auto,0,core/results/gt_mask_diagnostic_v2/rk2_n15_auto/synth_0010/seed_000,core/results/heldout_control_comparison/attention_mask_scout/synth_0010/seed_000/tdm/hybrid_binary_tdm_attention.npy,cd ${REPO_ROOT}/core/third_party/FollowYourShape/src && python edit.py --source_img_dir ${REPO_ROOT}/core/data/partedit_subset/cases/synth_0010/source.png --source_prompt 'A robot at a school' --target_prompt 'A robot with batman torso at a school' --guidance 2.0 --num_steps 15 --front 2 --inject 4 --seed 0 --name flux-dev --controlnet_type none --output_dir ${REPO_ROOT}/core/results/gt_mask_diagnostic_v2/rk2_n15_auto/synth_0010/seed_000 --vis_path ${REPO_ROOT}/core/results/gt_mask_diagnostic_v2/rk2_n15_auto/synth_0010/seed_000/tdm --feature_path ${REPO_ROOT}/core/results/gt_mask_diagnostic_v2/rk2_n15_auto/synth_0010/seed_000/features --attention_part torso --attention_edit batman --control-plan-resolved ${REPO_ROOT}/core/protocols/gt_mask_diagnostic_v2/resolved_plans/residual_rk2_n15.json --tdm_mask_mode original --control-mask-path ${REPO_ROOT}/core/results/heldout_control_comparison/attention_mask_scout/synth_0010/seed_000/tdm/hybrid_binary_tdm_attention.npy --offload
synth_0010,rk2_n15_gt,0,core/results/gt_mask_diagnostic_v2/rk2_n15_gt/synth_0010/seed_000,core/protocols/gt_mask_diagnostic_v2/gt_masks/synth_0010.npy,cd ${REPO_ROOT}/core/third_party/FollowYourShape/src && python edit.py --source_img_dir ${REPO_ROOT}/core/data/partedit_subset/cases/synth_0010/source.png --source_prompt 'A robot at a school' --target_prompt 'A robot with batman torso at a school' --guidance 2.0 --num_steps 15 --front 2 --inject 4 --seed 0 --name flux-dev --controlnet_type none --output_dir ${REPO_ROOT}/core/results/gt_mask_diagnostic_v2/rk2_n15_gt/synth_0010/seed_000 --vis_path ${REPO_ROOT}/core/results/gt_mask_diagnostic_v2/rk2_n15_gt/synth_0010/seed_000/tdm --feature_path ${REPO_ROOT}/core/results/gt_mask_diagnostic_v2/rk2_n15_gt/synth_0010/seed_000/features --attention_part torso --attention_edit batman --control-plan-resolved ${REPO_ROOT}/core/protocols/gt_mask_diagnostic_v2/resolved_plans/residual_rk2_n15.json --tdm_mask_mode original --control-mask-path ${REPO_ROOT}/core/protocols/gt_mask_diagnostic_v2/gt_masks/synth_0010.npy --offload
synth_0011,endpoint_gt,0,core/results/gt_mask_diagnostic_v2/endpoint_gt/synth_0011/seed_000,core/protocols/gt_mask_diagnostic_v2/gt_masks/synth_0011.npy,cd ${REPO_ROOT}/core/third_party/FollowYourShape/src && python edit.py --source_img_dir ${REPO_ROOT}/core/data/partedit_subset/cases/synth_0011/source.png --source_prompt 'A robot at a museum' --target_prompt 'A robot with spiderman torso at a museum' --guidance 2.0 --num_steps 15 --front 2 --inject 4 --seed 0 --name flux-dev --controlnet_type none --output_dir ${REPO_ROOT}/core/results/gt_mask_diagnostic_v2/endpoint_gt/synth_0011/seed_000 --vis_path ${REPO_ROOT}/core/results/gt_mask_diagnostic_v2/endpoint_gt/synth_0011/seed_000/tdm --feature_path ${REPO_ROOT}/core/results/gt_mask_diagnostic_v2/endpoint_gt/synth_0011/seed_000/features --attention_part torso --attention_edit spiderman --control-plan-resolved ${REPO_ROOT}/core/protocols/gt_mask_diagnostic_v2/resolved_plans/endpoint_projection_n07.json --tdm_mask_mode original --control-mask-path ${REPO_ROOT}/core/protocols/gt_mask_diagnostic_v2/gt_masks/synth_0011.npy --offload
synth_0011,rk2_gt,0,core/results/gt_mask_diagnostic_v2/rk2_gt/synth_0011/seed_000,core/protocols/gt_mask_diagnostic_v2/gt_masks/synth_0011.npy,cd ${REPO_ROOT}/core/third_party/FollowYourShape/src && python edit.py --source_img_dir ${REPO_ROOT}/core/data/partedit_subset/cases/synth_0011/source.png --source_prompt 'A robot at a museum' --target_prompt 'A robot with spiderman torso at a museum' --guidance 2.0 --num_steps 15 --front 2 --inject 4 --seed 0 --name flux-dev --controlnet_type none --output_dir ${REPO_ROOT}/core/results/gt_mask_diagnostic_v2/rk2_gt/synth_0011/seed_000 --vis_path ${REPO_ROOT}/core/results/gt_mask_diagnostic_v2/rk2_gt/synth_0011/seed_000/tdm --feature_path ${REPO_ROOT}/core/results/gt_mask_diagnostic_v2/rk2_gt/synth_0011/seed_000/features --attention_part torso --attention_edit spiderman --control-plan-resolved ${REPO_ROOT}/core/protocols/gt_mask_diagnostic_v2/resolved_plans/residual_rk2_n07.json --tdm_mask_mode original --control-mask-path ${REPO_ROOT}/core/protocols/gt_mask_diagnostic_v2/gt_masks/synth_0011.npy --offload
synth_0011,rk2_n15_auto,0,core/results/gt_mask_diagnostic_v2/rk2_n15_auto/synth_0011/seed_000,core/results/heldout_control_comparison/attention_mask_scout/synth_0011/seed_000/tdm/hybrid_binary_tdm_attention.npy,cd ${REPO_ROOT}/core/third_party/FollowYourShape/src && python edit.py --source_img_dir ${REPO_ROOT}/core/data/partedit_subset/cases/synth_0011/source.png --source_prompt 'A robot at a museum' --target_prompt 'A robot with spiderman torso at a museum' --guidance 2.0 --num_steps 15 --front 2 --inject 4 --seed 0 --name flux-dev --controlnet_type none --output_dir ${REPO_ROOT}/core/results/gt_mask_diagnostic_v2/rk2_n15_auto/synth_0011/seed_000 --vis_path ${REPO_ROOT}/core/results/gt_mask_diagnostic_v2/rk2_n15_auto/synth_0011/seed_000/tdm --feature_path ${REPO_ROOT}/core/results/gt_mask_diagnostic_v2/rk2_n15_auto/synth_0011/seed_000/features --attention_part torso --attention_edit spiderman --control-plan-resolved ${REPO_ROOT}/core/protocols/gt_mask_diagnostic_v2/resolved_plans/residual_rk2_n15.json --tdm_mask_mode original --control-mask-path ${REPO_ROOT}/core/results/heldout_control_comparison/attention_mask_scout/synth_0011/seed_000/tdm/hybrid_binary_tdm_attention.npy --offload
synth_0011,rk2_n15_gt,0,core/results/gt_mask_diagnostic_v2/rk2_n15_gt/synth_0011/seed_000,core/protocols/gt_mask_diagnostic_v2/gt_masks/synth_0011.npy,cd ${REPO_ROOT}/core/third_party/FollowYourShape/src && python edit.py --source_img_dir ${REPO_ROOT}/core/data/partedit_subset/cases/synth_0011/source.png --source_prompt 'A robot at a museum' --target_prompt 'A robot with spiderman torso at a museum' --guidance 2.0 --num_steps 15 --front 2 --inject 4 --seed 0 --name flux-dev --controlnet_type none --output_dir ${REPO_ROOT}/core/results/gt_mask_diagnostic_v2/rk2_n15_gt/synth_0011/seed_000 --vis_path ${REPO_ROOT}/core/results/gt_mask_diagnostic_v2/rk2_n15_gt/synth_0011/seed_000/tdm --feature_path ${REPO_ROOT}/core/results/gt_mask_diagnostic_v2/rk2_n15_gt/synth_0011/seed_000/features --attention_part torso --attention_edit spiderman --control-plan-resolved ${REPO_ROOT}/core/protocols/gt_mask_diagnostic_v2/resolved_plans/residual_rk2_n15.json --tdm_mask_mode original --control-mask-path ${REPO_ROOT}/core/protocols/gt_mask_diagnostic_v2/gt_masks/synth_0011.npy --offload
synth_0012,endpoint_gt,0,core/results/gt_mask_diagnostic_v2/endpoint_gt/synth_0012/seed_000,core/protocols/gt_mask_diagnostic_v2/gt_masks/synth_0012.npy,cd ${REPO_ROOT}/core/third_party/FollowYourShape/src && python edit.py --source_img_dir ${REPO_ROOT}/core/data/partedit_subset/cases/synth_0012/source.png --source_prompt 'A robot at a museum' --target_prompt 'A robot with spiderman torso at a museum' --guidance 2.0 --num_steps 15 --front 2 --inject 4 --seed 0 --name flux-dev --controlnet_type none --output_dir ${REPO_ROOT}/core/results/gt_mask_diagnostic_v2/endpoint_gt/synth_0012/seed_000 --vis_path ${REPO_ROOT}/core/results/gt_mask_diagnostic_v2/endpoint_gt/synth_0012/seed_000/tdm --feature_path ${REPO_ROOT}/core/results/gt_mask_diagnostic_v2/endpoint_gt/synth_0012/seed_000/features --attention_part torso --attention_edit spiderman --control-plan-resolved ${REPO_ROOT}/core/protocols/gt_mask_diagnostic_v2/resolved_plans/endpoint_projection_n07.json --tdm_mask_mode original --control-mask-path ${REPO_ROOT}/core/protocols/gt_mask_diagnostic_v2/gt_masks/synth_0012.npy --offload
synth_0012,rk2_gt,0,core/results/gt_mask_diagnostic_v2/rk2_gt/synth_0012/seed_000,core/protocols/gt_mask_diagnostic_v2/gt_masks/synth_0012.npy,cd ${REPO_ROOT}/core/third_party/FollowYourShape/src && python edit.py --source_img_dir ${REPO_ROOT}/core/data/partedit_subset/cases/synth_0012/source.png --source_prompt 'A robot at a museum' --target_prompt 'A robot with spiderman torso at a museum' --guidance 2.0 --num_steps 15 --front 2 --inject 4 --seed 0 --name flux-dev --controlnet_type none --output_dir ${REPO_ROOT}/core/results/gt_mask_diagnostic_v2/rk2_gt/synth_0012/seed_000 --vis_path ${REPO_ROOT}/core/results/gt_mask_diagnostic_v2/rk2_gt/synth_0012/seed_000/tdm --feature_path ${REPO_ROOT}/core/results/gt_mask_diagnostic_v2/rk2_gt/synth_0012/seed_000/features --attention_part torso --attention_edit spiderman --control-plan-resolved ${REPO_ROOT}/core/protocols/gt_mask_diagnostic_v2/resolved_plans/residual_rk2_n07.json --tdm_mask_mode original --control-mask-path ${REPO_ROOT}/core/protocols/gt_mask_diagnostic_v2/gt_masks/synth_0012.npy --offload
synth_0012,rk2_n15_auto,0,core/results/gt_mask_diagnostic_v2/rk2_n15_auto/synth_0012/seed_000,core/results/heldout_control_comparison/attention_mask_scout/synth_0012/seed_000/tdm/hybrid_binary_tdm_attention.npy,cd ${REPO_ROOT}/core/third_party/FollowYourShape/src && python edit.py --source_img_dir ${REPO_ROOT}/core/data/partedit_subset/cases/synth_0012/source.png --source_prompt 'A robot at a museum' --target_prompt 'A robot with spiderman torso at a museum' --guidance 2.0 --num_steps 15 --front 2 --inject 4 --seed 0 --name flux-dev --controlnet_type none --output_dir ${REPO_ROOT}/core/results/gt_mask_diagnostic_v2/rk2_n15_auto/synth_0012/seed_000 --vis_path ${REPO_ROOT}/core/results/gt_mask_diagnostic_v2/rk2_n15_auto/synth_0012/seed_000/tdm --feature_path ${REPO_ROOT}/core/results/gt_mask_diagnostic_v2/rk2_n15_auto/synth_0012/seed_000/features --attention_part torso --attention_edit spiderman --control-plan-resolved ${REPO_ROOT}/core/protocols/gt_mask_diagnostic_v2/resolved_plans/residual_rk2_n15.json --tdm_mask_mode original --control-mask-path ${REPO_ROOT}/core/results/heldout_control_comparison/attention_mask_scout/synth_0012/seed_000/tdm/hybrid_binary_tdm_attention.npy --offload
synth_0012,rk2_n15_gt,0,core/results/gt_mask_diagnostic_v2/rk2_n15_gt/synth_0012/seed_000,core/protocols/gt_mask_diagnostic_v2/gt_masks/synth_0012.npy,cd ${REPO_ROOT}/core/third_party/FollowYourShape/src && python edit.py --source_img_dir ${REPO_ROOT}/core/data/partedit_subset/cases/synth_0012/source.png --source_prompt 'A robot at a museum' --target_prompt 'A robot with spiderman torso at a museum' --guidance 2.0 --num_steps 15 --front 2 --inject 4 --seed 0 --name flux-dev --controlnet_type none --output_dir ${REPO_ROOT}/core/results/gt_mask_diagnostic_v2/rk2_n15_gt/synth_0012/seed_000 --vis_path ${REPO_ROOT}/core/results/gt_mask_diagnostic_v2/rk2_n15_gt/synth_0012/seed_000/tdm --feature_path ${REPO_ROOT}/core/results/gt_mask_diagnostic_v2/rk2_n15_gt/synth_0012/seed_000/features --attention_part torso --attention_edit spiderman --control-plan-resolved ${REPO_ROOT}/core/protocols/gt_mask_diagnostic_v2/resolved_plans/residual_rk2_n15.json --tdm_mask_mode original --control-mask-path ${REPO_ROOT}/core/protocols/gt_mask_diagnostic_v2/gt_masks/synth_0012.npy --offload
synth_0013,endpoint_gt,0,core/results/gt_mask_diagnostic_v2/endpoint_gt/synth_0013/seed_000,core/protocols/gt_mask_diagnostic_v2/gt_masks/synth_0013.npy,cd ${REPO_ROOT}/core/third_party/FollowYourShape/src && python edit.py --source_img_dir ${REPO_ROOT}/core/data/partedit_subset/cases/synth_0013/source.png --source_prompt 'A alien at a school' --target_prompt 'A alien with uniform torso at a school' --guidance 2.0 --num_steps 15 --front 2 --inject 4 --seed 0 --name flux-dev --controlnet_type none --output_dir ${REPO_ROOT}/core/results/gt_mask_diagnostic_v2/endpoint_gt/synth_0013/seed_000 --vis_path ${REPO_ROOT}/core/results/gt_mask_diagnostic_v2/endpoint_gt/synth_0013/seed_000/tdm --feature_path ${REPO_ROOT}/core/results/gt_mask_diagnostic_v2/endpoint_gt/synth_0013/seed_000/features --attention_part torso --attention_edit uniform --control-plan-resolved ${REPO_ROOT}/core/protocols/gt_mask_diagnostic_v2/resolved_plans/endpoint_projection_n07.json --tdm_mask_mode original --control-mask-path ${REPO_ROOT}/core/protocols/gt_mask_diagnostic_v2/gt_masks/synth_0013.npy --offload
synth_0013,rk2_gt,0,core/results/gt_mask_diagnostic_v2/rk2_gt/synth_0013/seed_000,core/protocols/gt_mask_diagnostic_v2/gt_masks/synth_0013.npy,cd ${REPO_ROOT}/core/third_party/FollowYourShape/src && python edit.py --source_img_dir ${REPO_ROOT}/core/data/partedit_subset/cases/synth_0013/source.png --source_prompt 'A alien at a school' --target_prompt 'A alien with uniform torso at a school' --guidance 2.0 --num_steps 15 --front 2 --inject 4 --seed 0 --name flux-dev --controlnet_type none --output_dir ${REPO_ROOT}/core/results/gt_mask_diagnostic_v2/rk2_gt/synth_0013/seed_000 --vis_path ${REPO_ROOT}/core/results/gt_mask_diagnostic_v2/rk2_gt/synth_0013/seed_000/tdm --feature_path ${REPO_ROOT}/core/results/gt_mask_diagnostic_v2/rk2_gt/synth_0013/seed_000/features --attention_part torso --attention_edit uniform --control-plan-resolved ${REPO_ROOT}/core/protocols/gt_mask_diagnostic_v2/resolved_plans/residual_rk2_n07.json --tdm_mask_mode original --control-mask-path ${REPO_ROOT}/core/protocols/gt_mask_diagnostic_v2/gt_masks/synth_0013.npy --offload
synth_0013,rk2_n15_auto,0,core/results/gt_mask_diagnostic_v2/rk2_n15_auto/synth_0013/seed_000,core/results/heldout_control_comparison/attention_mask_scout/synth_0013/seed_000/tdm/hybrid_binary_tdm_attention.npy,cd ${REPO_ROOT}/core/third_party/FollowYourShape/src && python edit.py --source_img_dir ${REPO_ROOT}/core/data/partedit_subset/cases/synth_0013/source.png --source_prompt 'A alien at a school' --target_prompt 'A alien with uniform torso at a school' --guidance 2.0 --num_steps 15 --front 2 --inject 4 --seed 0 --name flux-dev --controlnet_type none --output_dir ${REPO_ROOT}/core/results/gt_mask_diagnostic_v2/rk2_n15_auto/synth_0013/seed_000 --vis_path ${REPO_ROOT}/core/results/gt_mask_diagnostic_v2/rk2_n15_auto/synth_0013/seed_000/tdm --feature_path ${REPO_ROOT}/core/results/gt_mask_diagnostic_v2/rk2_n15_auto/synth_0013/seed_000/features --attention_part torso --attention_edit uniform --control-plan-resolved ${REPO_ROOT}/core/protocols/gt_mask_diagnostic_v2/resolved_plans/residual_rk2_n15.json --tdm_mask_mode original --control-mask-path ${REPO_ROOT}/core/results/heldout_control_comparison/attention_mask_scout/synth_0013/seed_000/tdm/hybrid_binary_tdm_attention.npy --offload
synth_0013,rk2_n15_gt,0,core/results/gt_mask_diagnostic_v2/rk2_n15_gt/synth_0013/seed_000,core/protocols/gt_mask_diagnostic_v2/gt_masks/synth_0013.npy,cd ${REPO_ROOT}/core/third_party/FollowYourShape/src && python edit.py --source_img_dir ${REPO_ROOT}/core/data/partedit_subset/cases/synth_0013/source.png --source_prompt 'A alien at a school' --target_prompt 'A alien with uniform torso at a school' --guidance 2.0 --num_steps 15 --front 2 --inject 4 --seed 0 --name flux-dev --controlnet_type none --output_dir ${REPO_ROOT}/core/results/gt_mask_diagnostic_v2/rk2_n15_gt/synth_0013/seed_000 --vis_path ${REPO_ROOT}/core/results/gt_mask_diagnostic_v2/rk2_n15_gt/synth_0013/seed_000/tdm --feature_path ${REPO_ROOT}/core/results/gt_mask_diagnostic_v2/rk2_n15_gt/synth_0013/seed_000/features --attention_part torso --attention_edit uniform --control-plan-resolved ${REPO_ROOT}/core/protocols/gt_mask_diagnostic_v2/resolved_plans/residual_rk2_n15.json --tdm_mask_mode original --control-mask-path ${REPO_ROOT}/core/protocols/gt_mask_diagnostic_v2/gt_masks/synth_0013.npy --offload
synth_0014,endpoint_gt,0,core/results/gt_mask_diagnostic_v2/endpoint_gt/synth_0014/seed_000,core/protocols/gt_mask_diagnostic_v2/gt_masks/synth_0014.npy,cd ${REPO_ROOT}/core/third_party/FollowYourShape/src && python edit.py --source_img_dir ${REPO_ROOT}/core/data/partedit_subset/cases/synth_0014/source.png --source_prompt 'A alien at a gym' --target_prompt 'A alien with robot torso at a gym' --guidance 2.0 --num_steps 15 --front 2 --inject 4 --seed 0 --name flux-dev --controlnet_type none --output_dir ${REPO_ROOT}/core/results/gt_mask_diagnostic_v2/endpoint_gt/synth_0014/seed_000 --vis_path ${REPO_ROOT}/core/results/gt_mask_diagnostic_v2/endpoint_gt/synth_0014/seed_000/tdm --feature_path ${REPO_ROOT}/core/results/gt_mask_diagnostic_v2/endpoint_gt/synth_0014/seed_000/features --attention_part torso --attention_edit robot --control-plan-resolved ${REPO_ROOT}/core/protocols/gt_mask_diagnostic_v2/resolved_plans/endpoint_projection_n07.json --tdm_mask_mode original --control-mask-path ${REPO_ROOT}/core/protocols/gt_mask_diagnostic_v2/gt_masks/synth_0014.npy --offload
synth_0014,rk2_gt,0,core/results/gt_mask_diagnostic_v2/rk2_gt/synth_0014/seed_000,core/protocols/gt_mask_diagnostic_v2/gt_masks/synth_0014.npy,cd ${REPO_ROOT}/core/third_party/FollowYourShape/src && python edit.py --source_img_dir ${REPO_ROOT}/core/data/partedit_subset/cases/synth_0014/source.png --source_prompt 'A alien at a gym' --target_prompt 'A alien with robot torso at a gym' --guidance 2.0 --num_steps 15 --front 2 --inject 4 --seed 0 --name flux-dev --controlnet_type none --output_dir ${REPO_ROOT}/core/results/gt_mask_diagnostic_v2/rk2_gt/synth_0014/seed_000 --vis_path ${REPO_ROOT}/core/results/gt_mask_diagnostic_v2/rk2_gt/synth_0014/seed_000/tdm --feature_path ${REPO_ROOT}/core/results/gt_mask_diagnostic_v2/rk2_gt/synth_0014/seed_000/features --attention_part torso --attention_edit robot --control-plan-resolved ${REPO_ROOT}/core/protocols/gt_mask_diagnostic_v2/resolved_plans/residual_rk2_n07.json --tdm_mask_mode original --control-mask-path ${REPO_ROOT}/core/protocols/gt_mask_diagnostic_v2/gt_masks/synth_0014.npy --offload
synth_0014,rk2_n15_auto,0,core/results/gt_mask_diagnostic_v2/rk2_n15_auto/synth_0014/seed_000,core/results/heldout_control_comparison/attention_mask_scout/synth_0014/seed_000/tdm/hybrid_binary_tdm_attention.npy,cd ${REPO_ROOT}/core/third_party/FollowYourShape/src && python edit.py --source_img_dir ${REPO_ROOT}/core/data/partedit_subset/cases/synth_0014/source.png --source_prompt 'A alien at a gym' --target_prompt 'A alien with robot torso at a gym' --guidance 2.0 --num_steps 15 --front 2 --inject 4 --seed 0 --name flux-dev --controlnet_type none --output_dir ${REPO_ROOT}/core/results/gt_mask_diagnostic_v2/rk2_n15_auto/synth_0014/seed_000 --vis_path ${REPO_ROOT}/core/results/gt_mask_diagnostic_v2/rk2_n15_auto/synth_0014/seed_000/tdm --feature_path ${REPO_ROOT}/core/results/gt_mask_diagnostic_v2/rk2_n15_auto/synth_0014/seed_000/features --attention_part torso --attention_edit robot --control-plan-resolved ${REPO_ROOT}/core/protocols/gt_mask_diagnostic_v2/resolved_plans/residual_rk2_n15.json --tdm_mask_mode original --control-mask-path ${REPO_ROOT}/core/results/heldout_control_comparison/attention_mask_scout/synth_0014/seed_000/tdm/hybrid_binary_tdm_attention.npy --offload
synth_0014,rk2_n15_gt,0,core/results/gt_mask_diagnostic_v2/rk2_n15_gt/synth_0014/seed_000,core/protocols/gt_mask_diagnostic_v2/gt_masks/synth_0014.npy,cd ${REPO_ROOT}/core/third_party/FollowYourShape/src && python edit.py --source_img_dir ${REPO_ROOT}/core/data/partedit_subset/cases/synth_0014/source.png --source_prompt 'A alien at a gym' --target_prompt 'A alien with robot torso at a gym' --guidance 2.0 --num_steps 15 --front 2 --inject 4 --seed 0 --name flux-dev --controlnet_type none --output_dir ${REPO_ROOT}/core/results/gt_mask_diagnostic_v2/rk2_n15_gt/synth_0014/seed_000 --vis_path ${REPO_ROOT}/core/results/gt_mask_diagnostic_v2/rk2_n15_gt/synth_0014/seed_000/tdm --feature_path ${REPO_ROOT}/core/results/gt_mask_diagnostic_v2/rk2_n15_gt/synth_0014/seed_000/features --attention_part torso --attention_edit robot --control-plan-resolved ${REPO_ROOT}/core/protocols/gt_mask_diagnostic_v2/resolved_plans/residual_rk2_n15.json --tdm_mask_mode original --control-mask-path ${REPO_ROOT}/core/protocols/gt_mask_diagnostic_v2/gt_masks/synth_0014.npy --offload
synth_0015,endpoint_gt,0,core/results/gt_mask_diagnostic_v2/endpoint_gt/synth_0015/seed_000,core/protocols/gt_mask_diagnostic_v2/gt_masks/synth_0015.npy,cd ${REPO_ROOT}/core/third_party/FollowYourShape/src && python edit.py --source_img_dir ${REPO_ROOT}/core/data/partedit_subset/cases/synth_0015/source.png --source_prompt 'A robot at a restaurant' --target_prompt 'A robot with formal-suit torso at a restaurant' --guidance 2.0 --num_steps 15 --front 2 --inject 4 --seed 0 --name flux-dev --controlnet_type none --output_dir ${REPO_ROOT}/core/results/gt_mask_diagnostic_v2/endpoint_gt/synth_0015/seed_000 --vis_path ${REPO_ROOT}/core/results/gt_mask_diagnostic_v2/endpoint_gt/synth_0015/seed_000/tdm --feature_path ${REPO_ROOT}/core/results/gt_mask_diagnostic_v2/endpoint_gt/synth_0015/seed_000/features --attention_part torso --attention_edit formal-suit --control-plan-resolved ${REPO_ROOT}/core/protocols/gt_mask_diagnostic_v2/resolved_plans/endpoint_projection_n07.json --tdm_mask_mode original --control-mask-path ${REPO_ROOT}/core/protocols/gt_mask_diagnostic_v2/gt_masks/synth_0015.npy --offload
synth_0015,rk2_gt,0,core/results/gt_mask_diagnostic_v2/rk2_gt/synth_0015/seed_000,core/protocols/gt_mask_diagnostic_v2/gt_masks/synth_0015.npy,cd ${REPO_ROOT}/core/third_party/FollowYourShape/src && python edit.py --source_img_dir ${REPO_ROOT}/core/data/partedit_subset/cases/synth_0015/source.png --source_prompt 'A robot at a restaurant' --target_prompt 'A robot with formal-suit torso at a restaurant' --guidance 2.0 --num_steps 15 --front 2 --inject 4 --seed 0 --name flux-dev --controlnet_type none --output_dir ${REPO_ROOT}/core/results/gt_mask_diagnostic_v2/rk2_gt/synth_0015/seed_000 --vis_path ${REPO_ROOT}/core/results/gt_mask_diagnostic_v2/rk2_gt/synth_0015/seed_000/tdm --feature_path ${REPO_ROOT}/core/results/gt_mask_diagnostic_v2/rk2_gt/synth_0015/seed_000/features --attention_part torso --attention_edit formal-suit --control-plan-resolved ${REPO_ROOT}/core/protocols/gt_mask_diagnostic_v2/resolved_plans/residual_rk2_n07.json --tdm_mask_mode original --control-mask-path ${REPO_ROOT}/core/protocols/gt_mask_diagnostic_v2/gt_masks/synth_0015.npy --offload
synth_0015,rk2_n15_auto,0,core/results/gt_mask_diagnostic_v2/rk2_n15_auto/synth_0015/seed_000,core/results/heldout_control_comparison/attention_mask_scout/synth_0015/seed_000/tdm/hybrid_binary_tdm_attention.npy,cd ${REPO_ROOT}/core/third_party/FollowYourShape/src && python edit.py --source_img_dir ${REPO_ROOT}/core/data/partedit_subset/cases/synth_0015/source.png --source_prompt 'A robot at a restaurant' --target_prompt 'A robot with formal-suit torso at a restaurant' --guidance 2.0 --num_steps 15 --front 2 --inject 4 --seed 0 --name flux-dev --controlnet_type none --output_dir ${REPO_ROOT}/core/results/gt_mask_diagnostic_v2/rk2_n15_auto/synth_0015/seed_000 --vis_path ${REPO_ROOT}/core/results/gt_mask_diagnostic_v2/rk2_n15_auto/synth_0015/seed_000/tdm --feature_path ${REPO_ROOT}/core/results/gt_mask_diagnostic_v2/rk2_n15_auto/synth_0015/seed_000/features --attention_part torso --attention_edit formal-suit --control-plan-resolved ${REPO_ROOT}/core/protocols/gt_mask_diagnostic_v2/resolved_plans/residual_rk2_n15.json --tdm_mask_mode original --control-mask-path ${REPO_ROOT}/core/results/heldout_control_comparison/attention_mask_scout/synth_0015/seed_000/tdm/hybrid_binary_tdm_attention.npy --offload
synth_0015,rk2_n15_gt,0,core/results/gt_mask_diagnostic_v2/rk2_n15_gt/synth_0015/seed_000,core/protocols/gt_mask_diagnostic_v2/gt_masks/synth_0015.npy,cd ${REPO_ROOT}/core/third_party/FollowYourShape/src && python edit.py --source_img_dir ${REPO_ROOT}/core/data/partedit_subset/cases/synth_0015/source.png --source_prompt 'A robot at a restaurant' --target_prompt 'A robot with formal-suit torso at a restaurant' --guidance 2.0 --num_steps 15 --front 2 --inject 4 --seed 0 --name flux-dev --controlnet_type none --output_dir ${REPO_ROOT}/core/results/gt_mask_diagnostic_v2/rk2_n15_gt/synth_0015/seed_000 --vis_path ${REPO_ROOT}/core/results/gt_mask_diagnostic_v2/rk2_n15_gt/synth_0015/seed_000/tdm --feature_path ${REPO_ROOT}/core/results/gt_mask_diagnostic_v2/rk2_n15_gt/synth_0015/seed_000/features --attention_part torso --attention_edit formal-suit --control-plan-resolved ${REPO_ROOT}/core/protocols/gt_mask_diagnostic_v2/resolved_plans/residual_rk2_n15.json --tdm_mask_mode original --control-mask-path ${REPO_ROOT}/core/protocols/gt_mask_diagnostic_v2/gt_masks/synth_0015.npy --offload
synth_0016,endpoint_gt,0,core/results/gt_mask_diagnostic_v2/endpoint_gt/synth_0016/seed_000,core/protocols/gt_mask_diagnostic_v2/gt_masks/synth_0016.npy,cd ${REPO_ROOT}/core/third_party/FollowYourShape/src && python edit.py --source_img_dir ${REPO_ROOT}/core/data/partedit_subset/cases/synth_0016/source.png --source_prompt 'A girl at a stadium' --target_prompt 'A girl with armor torso at a stadium' --guidance 2.0 --num_steps 15 --front 2 --inject 4 --seed 0 --name flux-dev --controlnet_type none --output_dir ${REPO_ROOT}/core/results/gt_mask_diagnostic_v2/endpoint_gt/synth_0016/seed_000 --vis_path ${REPO_ROOT}/core/results/gt_mask_diagnostic_v2/endpoint_gt/synth_0016/seed_000/tdm --feature_path ${REPO_ROOT}/core/results/gt_mask_diagnostic_v2/endpoint_gt/synth_0016/seed_000/features --attention_part torso --attention_edit armor --control-plan-resolved ${REPO_ROOT}/core/protocols/gt_mask_diagnostic_v2/resolved_plans/endpoint_projection_n07.json --tdm_mask_mode original --control-mask-path ${REPO_ROOT}/core/protocols/gt_mask_diagnostic_v2/gt_masks/synth_0016.npy --offload
synth_0016,rk2_gt,0,core/results/gt_mask_diagnostic_v2/rk2_gt/synth_0016/seed_000,core/protocols/gt_mask_diagnostic_v2/gt_masks/synth_0016.npy,cd ${REPO_ROOT}/core/third_party/FollowYourShape/src && python edit.py --source_img_dir ${REPO_ROOT}/core/data/partedit_subset/cases/synth_0016/source.png --source_prompt 'A girl at a stadium' --target_prompt 'A girl with armor torso at a stadium' --guidance 2.0 --num_steps 15 --front 2 --inject 4 --seed 0 --name flux-dev --controlnet_type none --output_dir ${REPO_ROOT}/core/results/gt_mask_diagnostic_v2/rk2_gt/synth_0016/seed_000 --vis_path ${REPO_ROOT}/core/results/gt_mask_diagnostic_v2/rk2_gt/synth_0016/seed_000/tdm --feature_path ${REPO_ROOT}/core/results/gt_mask_diagnostic_v2/rk2_gt/synth_0016/seed_000/features --attention_part torso --attention_edit armor --control-plan-resolved ${REPO_ROOT}/core/protocols/gt_mask_diagnostic_v2/resolved_plans/residual_rk2_n07.json --tdm_mask_mode original --control-mask-path ${REPO_ROOT}/core/protocols/gt_mask_diagnostic_v2/gt_masks/synth_0016.npy --offload
synth_0016,rk2_n15_auto,0,core/results/gt_mask_diagnostic_v2/rk2_n15_auto/synth_0016/seed_000,core/results/heldout_control_comparison/attention_mask_scout/synth_0016/seed_000/tdm/hybrid_binary_tdm_attention.npy,cd ${REPO_ROOT}/core/third_party/FollowYourShape/src && python edit.py --source_img_dir ${REPO_ROOT}/core/data/partedit_subset/cases/synth_0016/source.png --source_prompt 'A girl at a stadium' --target_prompt 'A girl with armor torso at a stadium' --guidance 2.0 --num_steps 15 --front 2 --inject 4 --seed 0 --name flux-dev --controlnet_type none --output_dir ${REPO_ROOT}/core/results/gt_mask_diagnostic_v2/rk2_n15_auto/synth_0016/seed_000 --vis_path ${REPO_ROOT}/core/results/gt_mask_diagnostic_v2/rk2_n15_auto/synth_0016/seed_000/tdm --feature_path ${REPO_ROOT}/core/results/gt_mask_diagnostic_v2/rk2_n15_auto/synth_0016/seed_000/features --attention_part torso --attention_edit armor --control-plan-resolved ${REPO_ROOT}/core/protocols/gt_mask_diagnostic_v2/resolved_plans/residual_rk2_n15.json --tdm_mask_mode original --control-mask-path ${REPO_ROOT}/core/results/heldout_control_comparison/attention_mask_scout/synth_0016/seed_000/tdm/hybrid_binary_tdm_attention.npy --offload
synth_0016,rk2_n15_gt,0,core/results/gt_mask_diagnostic_v2/rk2_n15_gt/synth_0016/seed_000,core/protocols/gt_mask_diagnostic_v2/gt_masks/synth_0016.npy,cd ${REPO_ROOT}/core/third_party/FollowYourShape/src && python edit.py --source_img_dir ${REPO_ROOT}/core/data/partedit_subset/cases/synth_0016/source.png --source_prompt 'A girl at a stadium' --target_prompt 'A girl with armor torso at a stadium' --guidance 2.0 --num_steps 15 --front 2 --inject 4 --seed 0 --name flux-dev --controlnet_type none --output_dir ${REPO_ROOT}/core/results/gt_mask_diagnostic_v2/rk2_n15_gt/synth_0016/seed_000 --vis_path ${REPO_ROOT}/core/results/gt_mask_diagnostic_v2/rk2_n15_gt/synth_0016/seed_000/tdm --feature_path ${REPO_ROOT}/core/results/gt_mask_diagnostic_v2/rk2_n15_gt/synth_0016/seed_000/features --attention_part torso --attention_edit armor --control-plan-resolved ${REPO_ROOT}/core/protocols/gt_mask_diagnostic_v2/resolved_plans/residual_rk2_n15.json --tdm_mask_mode original --control-mask-path ${REPO_ROOT}/core/protocols/gt_mask_diagnostic_v2/gt_masks/synth_0016.npy --offload
synth_0017,endpoint_gt,0,core/results/gt_mask_diagnostic_v2/endpoint_gt/synth_0017/seed_000,core/protocols/gt_mask_diagnostic_v2/gt_masks/synth_0017.npy,cd ${REPO_ROOT}/core/third_party/FollowYourShape/src && python edit.py --source_img_dir ${REPO_ROOT}/core/data/partedit_subset/cases/synth_0017/source.png --source_prompt 'A dinosaur at a museum' --target_prompt 'A dinosaur with robotic-parts torso at a museum' --guidance 2.0 --num_steps 15 --front 2 --inject 4 --seed 0 --name flux-dev --controlnet_type none --output_dir ${REPO_ROOT}/core/results/gt_mask_diagnostic_v2/endpoint_gt/synth_0017/seed_000 --vis_path ${REPO_ROOT}/core/results/gt_mask_diagnostic_v2/endpoint_gt/synth_0017/seed_000/tdm --feature_path ${REPO_ROOT}/core/results/gt_mask_diagnostic_v2/endpoint_gt/synth_0017/seed_000/features --attention_part torso --attention_edit robotic-parts --control-plan-resolved ${REPO_ROOT}/core/protocols/gt_mask_diagnostic_v2/resolved_plans/endpoint_projection_n07.json --tdm_mask_mode original --control-mask-path ${REPO_ROOT}/core/protocols/gt_mask_diagnostic_v2/gt_masks/synth_0017.npy --offload
synth_0017,rk2_gt,0,core/results/gt_mask_diagnostic_v2/rk2_gt/synth_0017/seed_000,core/protocols/gt_mask_diagnostic_v2/gt_masks/synth_0017.npy,cd ${REPO_ROOT}/core/third_party/FollowYourShape/src && python edit.py --source_img_dir ${REPO_ROOT}/core/data/partedit_subset/cases/synth_0017/source.png --source_prompt 'A dinosaur at a museum' --target_prompt 'A dinosaur with robotic-parts torso at a museum' --guidance 2.0 --num_steps 15 --front 2 --inject 4 --seed 0 --name flux-dev --controlnet_type none --output_dir ${REPO_ROOT}/core/results/gt_mask_diagnostic_v2/rk2_gt/synth_0017/seed_000 --vis_path ${REPO_ROOT}/core/results/gt_mask_diagnostic_v2/rk2_gt/synth_0017/seed_000/tdm --feature_path ${REPO_ROOT}/core/results/gt_mask_diagnostic_v2/rk2_gt/synth_0017/seed_000/features --attention_part torso --attention_edit robotic-parts --control-plan-resolved ${REPO_ROOT}/core/protocols/gt_mask_diagnostic_v2/resolved_plans/residual_rk2_n07.json --tdm_mask_mode original --control-mask-path ${REPO_ROOT}/core/protocols/gt_mask_diagnostic_v2/gt_masks/synth_0017.npy --offload
synth_0017,rk2_n15_auto,0,core/results/gt_mask_diagnostic_v2/rk2_n15_auto/synth_0017/seed_000,core/results/heldout_control_comparison/attention_mask_scout/synth_0017/seed_000/tdm/hybrid_binary_tdm_attention.npy,cd ${REPO_ROOT}/core/third_party/FollowYourShape/src && python edit.py --source_img_dir ${REPO_ROOT}/core/data/partedit_subset/cases/synth_0017/source.png --source_prompt 'A dinosaur at a museum' --target_prompt 'A dinosaur with robotic-parts torso at a museum' --guidance 2.0 --num_steps 15 --front 2 --inject 4 --seed 0 --name flux-dev --controlnet_type none --output_dir ${REPO_ROOT}/core/results/gt_mask_diagnostic_v2/rk2_n15_auto/synth_0017/seed_000 --vis_path ${REPO_ROOT}/core/results/gt_mask_diagnostic_v2/rk2_n15_auto/synth_0017/seed_000/tdm --feature_path ${REPO_ROOT}/core/results/gt_mask_diagnostic_v2/rk2_n15_auto/synth_0017/seed_000/features --attention_part torso --attention_edit robotic-parts --control-plan-resolved ${REPO_ROOT}/core/protocols/gt_mask_diagnostic_v2/resolved_plans/residual_rk2_n15.json --tdm_mask_mode original --control-mask-path ${REPO_ROOT}/core/results/heldout_control_comparison/attention_mask_scout/synth_0017/seed_000/tdm/hybrid_binary_tdm_attention.npy --offload
synth_0017,rk2_n15_gt,0,core/results/gt_mask_diagnostic_v2/rk2_n15_gt/synth_0017/seed_000,core/protocols/gt_mask_diagnostic_v2/gt_masks/synth_0017.npy,cd ${REPO_ROOT}/core/third_party/FollowYourShape/src && python edit.py --source_img_dir ${REPO_ROOT}/core/data/partedit_subset/cases/synth_0017/source.png --source_prompt 'A dinosaur at a museum' --target_prompt 'A dinosaur with robotic-parts torso at a museum' --guidance 2.0 --num_steps 15 --front 2 --inject 4 --seed 0 --name flux-dev --controlnet_type none --output_dir ${REPO_ROOT}/core/results/gt_mask_diagnostic_v2/rk2_n15_gt/synth_0017/seed_000 --vis_path ${REPO_ROOT}/core/results/gt_mask_diagnostic_v2/rk2_n15_gt/synth_0017/seed_000/tdm --feature_path ${REPO_ROOT}/core/results/gt_mask_diagnostic_v2/rk2_n15_gt/synth_0017/seed_000/features --attention_part torso --attention_edit robotic-parts --control-plan-resolved ${REPO_ROOT}/core/protocols/gt_mask_diagnostic_v2/resolved_plans/residual_rk2_n15.json --tdm_mask_mode original --control-mask-path ${REPO_ROOT}/core/protocols/gt_mask_diagnostic_v2/gt_masks/synth_0017.npy --offload
synth_0018,endpoint_gt,0,core/results/gt_mask_diagnostic_v2/endpoint_gt/synth_0018/seed_000,core/protocols/gt_mask_diagnostic_v2/gt_masks/synth_0018.npy,cd ${REPO_ROOT}/core/third_party/FollowYourShape/src && python edit.py --source_img_dir ${REPO_ROOT}/core/data/partedit_subset/cases/synth_0018/source.png --source_prompt 'A boy at a restaurant' --target_prompt 'A boy with armor torso at a restaurant' --guidance 2.0 --num_steps 15 --front 2 --inject 4 --seed 0 --name flux-dev --controlnet_type none --output_dir ${REPO_ROOT}/core/results/gt_mask_diagnostic_v2/endpoint_gt/synth_0018/seed_000 --vis_path ${REPO_ROOT}/core/results/gt_mask_diagnostic_v2/endpoint_gt/synth_0018/seed_000/tdm --feature_path ${REPO_ROOT}/core/results/gt_mask_diagnostic_v2/endpoint_gt/synth_0018/seed_000/features --attention_part torso --attention_edit armor --control-plan-resolved ${REPO_ROOT}/core/protocols/gt_mask_diagnostic_v2/resolved_plans/endpoint_projection_n07.json --tdm_mask_mode original --control-mask-path ${REPO_ROOT}/core/protocols/gt_mask_diagnostic_v2/gt_masks/synth_0018.npy --offload
synth_0018,rk2_gt,0,core/results/gt_mask_diagnostic_v2/rk2_gt/synth_0018/seed_000,core/protocols/gt_mask_diagnostic_v2/gt_masks/synth_0018.npy,cd ${REPO_ROOT}/core/third_party/FollowYourShape/src && python edit.py --source_img_dir ${REPO_ROOT}/core/data/partedit_subset/cases/synth_0018/source.png --source_prompt 'A boy at a restaurant' --target_prompt 'A boy with armor torso at a restaurant' --guidance 2.0 --num_steps 15 --front 2 --inject 4 --seed 0 --name flux-dev --controlnet_type none --output_dir ${REPO_ROOT}/core/results/gt_mask_diagnostic_v2/rk2_gt/synth_0018/seed_000 --vis_path ${REPO_ROOT}/core/results/gt_mask_diagnostic_v2/rk2_gt/synth_0018/seed_000/tdm --feature_path ${REPO_ROOT}/core/results/gt_mask_diagnostic_v2/rk2_gt/synth_0018/seed_000/features --attention_part torso --attention_edit armor --control-plan-resolved ${REPO_ROOT}/core/protocols/gt_mask_diagnostic_v2/resolved_plans/residual_rk2_n07.json --tdm_mask_mode original --control-mask-path ${REPO_ROOT}/core/protocols/gt_mask_diagnostic_v2/gt_masks/synth_0018.npy --offload
synth_0018,rk2_n15_auto,0,core/results/gt_mask_diagnostic_v2/rk2_n15_auto/synth_0018/seed_000,core/results/heldout_control_comparison/attention_mask_scout/synth_0018/seed_000/tdm/hybrid_binary_tdm_attention.npy,cd ${REPO_ROOT}/core/third_party/FollowYourShape/src && python edit.py --source_img_dir ${REPO_ROOT}/core/data/partedit_subset/cases/synth_0018/source.png --source_prompt 'A boy at a restaurant' --target_prompt 'A boy with armor torso at a restaurant' --guidance 2.0 --num_steps 15 --front 2 --inject 4 --seed 0 --name flux-dev --controlnet_type none --output_dir ${REPO_ROOT}/core/results/gt_mask_diagnostic_v2/rk2_n15_auto/synth_0018/seed_000 --vis_path ${REPO_ROOT}/core/results/gt_mask_diagnostic_v2/rk2_n15_auto/synth_0018/seed_000/tdm --feature_path ${REPO_ROOT}/core/results/gt_mask_diagnostic_v2/rk2_n15_auto/synth_0018/seed_000/features --attention_part torso --attention_edit armor --control-plan-resolved ${REPO_ROOT}/core/protocols/gt_mask_diagnostic_v2/resolved_plans/residual_rk2_n15.json --tdm_mask_mode original --control-mask-path ${REPO_ROOT}/core/results/heldout_control_comparison/attention_mask_scout/synth_0018/seed_000/tdm/hybrid_binary_tdm_attention.npy --offload
synth_0018,rk2_n15_gt,0,core/results/gt_mask_diagnostic_v2/rk2_n15_gt/synth_0018/seed_000,core/protocols/gt_mask_diagnostic_v2/gt_masks/synth_0018.npy,cd ${REPO_ROOT}/core/third_party/FollowYourShape/src && python edit.py --source_img_dir ${REPO_ROOT}/core/data/partedit_subset/cases/synth_0018/source.png --source_prompt 'A boy at a restaurant' --target_prompt 'A boy with armor torso at a restaurant' --guidance 2.0 --num_steps 15 --front 2 --inject 4 --seed 0 --name flux-dev --controlnet_type none --output_dir ${REPO_ROOT}/core/results/gt_mask_diagnostic_v2/rk2_n15_gt/synth_0018/seed_000 --vis_path ${REPO_ROOT}/core/results/gt_mask_diagnostic_v2/rk2_n15_gt/synth_0018/seed_000/tdm --feature_path ${REPO_ROOT}/core/results/gt_mask_diagnostic_v2/rk2_n15_gt/synth_0018/seed_000/features --attention_part torso --attention_edit armor --control-plan-resolved ${REPO_ROOT}/core/protocols/gt_mask_diagnostic_v2/resolved_plans/residual_rk2_n15.json --tdm_mask_mode original --control-mask-path ${REPO_ROOT}/core/protocols/gt_mask_diagnostic_v2/gt_masks/synth_0018.npy --offload
synth_0019,endpoint_gt,0,core/results/gt_mask_diagnostic_v2/endpoint_gt/synth_0019/seed_000,core/protocols/gt_mask_diagnostic_v2/gt_masks/synth_0019.npy,cd ${REPO_ROOT}/core/third_party/FollowYourShape/src && python edit.py --source_img_dir ${REPO_ROOT}/core/data/partedit_subset/cases/synth_0019/source.png --source_prompt 'A Portrait of girl at a forest' --target_prompt 'A Portrait of girl with Wavy hair at a forest' --guidance 2.0 --num_steps 15 --front 2 --inject 4 --seed 0 --name flux-dev --controlnet_type none --output_dir ${REPO_ROOT}/core/results/gt_mask_diagnostic_v2/endpoint_gt/synth_0019/seed_000 --vis_path ${REPO_ROOT}/core/results/gt_mask_diagnostic_v2/endpoint_gt/synth_0019/seed_000/tdm --feature_path ${REPO_ROOT}/core/results/gt_mask_diagnostic_v2/endpoint_gt/synth_0019/seed_000/features --attention_part hair --attention_edit Wavy --control-plan-resolved ${REPO_ROOT}/core/protocols/gt_mask_diagnostic_v2/resolved_plans/endpoint_projection_n07.json --tdm_mask_mode original --control-mask-path ${REPO_ROOT}/core/protocols/gt_mask_diagnostic_v2/gt_masks/synth_0019.npy --offload
synth_0019,rk2_gt,0,core/results/gt_mask_diagnostic_v2/rk2_gt/synth_0019/seed_000,core/protocols/gt_mask_diagnostic_v2/gt_masks/synth_0019.npy,cd ${REPO_ROOT}/core/third_party/FollowYourShape/src && python edit.py --source_img_dir ${REPO_ROOT}/core/data/partedit_subset/cases/synth_0019/source.png --source_prompt 'A Portrait of girl at a forest' --target_prompt 'A Portrait of girl with Wavy hair at a forest' --guidance 2.0 --num_steps 15 --front 2 --inject 4 --seed 0 --name flux-dev --controlnet_type none --output_dir ${REPO_ROOT}/core/results/gt_mask_diagnostic_v2/rk2_gt/synth_0019/seed_000 --vis_path ${REPO_ROOT}/core/results/gt_mask_diagnostic_v2/rk2_gt/synth_0019/seed_000/tdm --feature_path ${REPO_ROOT}/core/results/gt_mask_diagnostic_v2/rk2_gt/synth_0019/seed_000/features --attention_part hair --attention_edit Wavy --control-plan-resolved ${REPO_ROOT}/core/protocols/gt_mask_diagnostic_v2/resolved_plans/residual_rk2_n07.json --tdm_mask_mode original --control-mask-path ${REPO_ROOT}/core/protocols/gt_mask_diagnostic_v2/gt_masks/synth_0019.npy --offload
synth_0019,rk2_n15_auto,0,core/results/gt_mask_diagnostic_v2/rk2_n15_auto/synth_0019/seed_000,core/results/heldout_control_comparison/attention_mask_scout/synth_0019/seed_000/tdm/hybrid_binary_tdm_attention.npy,cd ${REPO_ROOT}/core/third_party/FollowYourShape/src && python edit.py --source_img_dir ${REPO_ROOT}/core/data/partedit_subset/cases/synth_0019/source.png --source_prompt 'A Portrait of girl at a forest' --target_prompt 'A Portrait of girl with Wavy hair at a forest' --guidance 2.0 --num_steps 15 --front 2 --inject 4 --seed 0 --name flux-dev --controlnet_type none --output_dir ${REPO_ROOT}/core/results/gt_mask_diagnostic_v2/rk2_n15_auto/synth_0019/seed_000 --vis_path ${REPO_ROOT}/core/results/gt_mask_diagnostic_v2/rk2_n15_auto/synth_0019/seed_000/tdm --feature_path ${REPO_ROOT}/core/results/gt_mask_diagnostic_v2/rk2_n15_auto/synth_0019/seed_000/features --attention_part hair --attention_edit Wavy --control-plan-resolved ${REPO_ROOT}/core/protocols/gt_mask_diagnostic_v2/resolved_plans/residual_rk2_n15.json --tdm_mask_mode original --control-mask-path ${REPO_ROOT}/core/results/heldout_control_comparison/attention_mask_scout/synth_0019/seed_000/tdm/hybrid_binary_tdm_attention.npy --offload
synth_0019,rk2_n15_gt,0,core/results/gt_mask_diagnostic_v2/rk2_n15_gt/synth_0019/seed_000,core/protocols/gt_mask_diagnostic_v2/gt_masks/synth_0019.npy,cd ${REPO_ROOT}/core/third_party/FollowYourShape/src && python edit.py --source_img_dir ${REPO_ROOT}/core/data/partedit_subset/cases/synth_0019/source.png --source_prompt 'A Portrait of girl at a forest' --target_prompt 'A Portrait of girl with Wavy hair at a forest' --guidance 2.0 --num_steps 15 --front 2 --inject 4 --seed 0 --name flux-dev --controlnet_type none --output_dir ${REPO_ROOT}/core/results/gt_mask_diagnostic_v2/rk2_n15_gt/synth_0019/seed_000 --vis_path ${REPO_ROOT}/core/results/gt_mask_diagnostic_v2/rk2_n15_gt/synth_0019/seed_000/tdm --feature_path ${REPO_ROOT}/core/results/gt_mask_diagnostic_v2/rk2_n15_gt/synth_0019/seed_000/features --attention_part hair --attention_edit Wavy --control-plan-resolved ${REPO_ROOT}/core/protocols/gt_mask_diagnostic_v2/resolved_plans/residual_rk2_n15.json --tdm_mask_mode original --control-mask-path ${REPO_ROOT}/core/protocols/gt_mask_diagnostic_v2/gt_masks/synth_0019.npy --offload
synth_0020,endpoint_gt,0,core/results/gt_mask_diagnostic_v2/endpoint_gt/synth_0020/seed_000,core/protocols/gt_mask_diagnostic_v2/gt_masks/synth_0020.npy,cd ${REPO_ROOT}/core/third_party/FollowYourShape/src && python edit.py --source_img_dir ${REPO_ROOT}/core/data/partedit_subset/cases/synth_0020/source.png --source_prompt 'A Portrait of boy at a park' --target_prompt 'A Portrait of boy with Curls hair at a park' --guidance 2.0 --num_steps 15 --front 2 --inject 4 --seed 0 --name flux-dev --controlnet_type none --output_dir ${REPO_ROOT}/core/results/gt_mask_diagnostic_v2/endpoint_gt/synth_0020/seed_000 --vis_path ${REPO_ROOT}/core/results/gt_mask_diagnostic_v2/endpoint_gt/synth_0020/seed_000/tdm --feature_path ${REPO_ROOT}/core/results/gt_mask_diagnostic_v2/endpoint_gt/synth_0020/seed_000/features --attention_part hair --attention_edit Curls --control-plan-resolved ${REPO_ROOT}/core/protocols/gt_mask_diagnostic_v2/resolved_plans/endpoint_projection_n07.json --tdm_mask_mode original --control-mask-path ${REPO_ROOT}/core/protocols/gt_mask_diagnostic_v2/gt_masks/synth_0020.npy --offload
synth_0020,rk2_gt,0,core/results/gt_mask_diagnostic_v2/rk2_gt/synth_0020/seed_000,core/protocols/gt_mask_diagnostic_v2/gt_masks/synth_0020.npy,cd ${REPO_ROOT}/core/third_party/FollowYourShape/src && python edit.py --source_img_dir ${REPO_ROOT}/core/data/partedit_subset/cases/synth_0020/source.png --source_prompt 'A Portrait of boy at a park' --target_prompt 'A Portrait of boy with Curls hair at a park' --guidance 2.0 --num_steps 15 --front 2 --inject 4 --seed 0 --name flux-dev --controlnet_type none --output_dir ${REPO_ROOT}/core/results/gt_mask_diagnostic_v2/rk2_gt/synth_0020/seed_000 --vis_path ${REPO_ROOT}/core/results/gt_mask_diagnostic_v2/rk2_gt/synth_0020/seed_000/tdm --feature_path ${REPO_ROOT}/core/results/gt_mask_diagnostic_v2/rk2_gt/synth_0020/seed_000/features --attention_part hair --attention_edit Curls --control-plan-resolved ${REPO_ROOT}/core/protocols/gt_mask_diagnostic_v2/resolved_plans/residual_rk2_n07.json --tdm_mask_mode original --control-mask-path ${REPO_ROOT}/core/protocols/gt_mask_diagnostic_v2/gt_masks/synth_0020.npy --offload
synth_0020,rk2_n15_auto,0,core/results/gt_mask_diagnostic_v2/rk2_n15_auto/synth_0020/seed_000,core/results/heldout_control_comparison/attention_mask_scout/synth_0020/seed_000/tdm/hybrid_binary_tdm_attention.npy,cd ${REPO_ROOT}/core/third_party/FollowYourShape/src && python edit.py --source_img_dir ${REPO_ROOT}/core/data/partedit_subset/cases/synth_0020/source.png --source_prompt 'A Portrait of boy at a park' --target_prompt 'A Portrait of boy with Curls hair at a park' --guidance 2.0 --num_steps 15 --front 2 --inject 4 --seed 0 --name flux-dev --controlnet_type none --output_dir ${REPO_ROOT}/core/results/gt_mask_diagnostic_v2/rk2_n15_auto/synth_0020/seed_000 --vis_path ${REPO_ROOT}/core/results/gt_mask_diagnostic_v2/rk2_n15_auto/synth_0020/seed_000/tdm --feature_path ${REPO_ROOT}/core/results/gt_mask_diagnostic_v2/rk2_n15_auto/synth_0020/seed_000/features --attention_part hair --attention_edit Curls --control-plan-resolved ${REPO_ROOT}/core/protocols/gt_mask_diagnostic_v2/resolved_plans/residual_rk2_n15.json --tdm_mask_mode original --control-mask-path ${REPO_ROOT}/core/results/heldout_control_comparison/attention_mask_scout/synth_0020/seed_000/tdm/hybrid_binary_tdm_attention.npy --offload
synth_0020,rk2_n15_gt,0,core/results/gt_mask_diagnostic_v2/rk2_n15_gt/synth_0020/seed_000,core/protocols/gt_mask_diagnostic_v2/gt_masks/synth_0020.npy,cd ${REPO_ROOT}/core/third_party/FollowYourShape/src && python edit.py --source_img_dir ${REPO_ROOT}/core/data/partedit_subset/cases/synth_0020/source.png --source_prompt 'A Portrait of boy at a park' --target_prompt 'A Portrait of boy with Curls hair at a park' --guidance 2.0 --num_steps 15 --front 2 --inject 4 --seed 0 --name flux-dev --controlnet_type none --output_dir ${REPO_ROOT}/core/results/gt_mask_diagnostic_v2/rk2_n15_gt/synth_0020/seed_000 --vis_path ${REPO_ROOT}/core/results/gt_mask_diagnostic_v2/rk2_n15_gt/synth_0020/seed_000/tdm --feature_path ${REPO_ROOT}/core/results/gt_mask_diagnostic_v2/rk2_n15_gt/synth_0020/seed_000/features --attention_part hair --attention_edit Curls --control-plan-resolved ${REPO_ROOT}/core/protocols/gt_mask_diagnostic_v2/resolved_plans/residual_rk2_n15.json --tdm_mask_mode original --control-mask-path ${REPO_ROOT}/core/protocols/gt_mask_diagnostic_v2/gt_masks/synth_0020.npy --offload
synth_0021,endpoint_gt,0,core/results/gt_mask_diagnostic_v2/endpoint_gt/synth_0021/seed_000,core/protocols/gt_mask_diagnostic_v2/gt_masks/synth_0021.npy,cd ${REPO_ROOT}/core/third_party/FollowYourShape/src && python edit.py --source_img_dir ${REPO_ROOT}/core/data/partedit_subset/cases/synth_0021/source.png --source_prompt 'A Portrait of boy at a beach' --target_prompt 'A Portrait of boy with Afro hair at a beach' --guidance 2.0 --num_steps 15 --front 2 --inject 4 --seed 0 --name flux-dev --controlnet_type none --output_dir ${REPO_ROOT}/core/results/gt_mask_diagnostic_v2/endpoint_gt/synth_0021/seed_000 --vis_path ${REPO_ROOT}/core/results/gt_mask_diagnostic_v2/endpoint_gt/synth_0021/seed_000/tdm --feature_path ${REPO_ROOT}/core/results/gt_mask_diagnostic_v2/endpoint_gt/synth_0021/seed_000/features --attention_part hair --attention_edit Afro --control-plan-resolved ${REPO_ROOT}/core/protocols/gt_mask_diagnostic_v2/resolved_plans/endpoint_projection_n07.json --tdm_mask_mode original --control-mask-path ${REPO_ROOT}/core/protocols/gt_mask_diagnostic_v2/gt_masks/synth_0021.npy --offload
synth_0021,rk2_gt,0,core/results/gt_mask_diagnostic_v2/rk2_gt/synth_0021/seed_000,core/protocols/gt_mask_diagnostic_v2/gt_masks/synth_0021.npy,cd ${REPO_ROOT}/core/third_party/FollowYourShape/src && python edit.py --source_img_dir ${REPO_ROOT}/core/data/partedit_subset/cases/synth_0021/source.png --source_prompt 'A Portrait of boy at a beach' --target_prompt 'A Portrait of boy with Afro hair at a beach' --guidance 2.0 --num_steps 15 --front 2 --inject 4 --seed 0 --name flux-dev --controlnet_type none --output_dir ${REPO_ROOT}/core/results/gt_mask_diagnostic_v2/rk2_gt/synth_0021/seed_000 --vis_path ${REPO_ROOT}/core/results/gt_mask_diagnostic_v2/rk2_gt/synth_0021/seed_000/tdm --feature_path ${REPO_ROOT}/core/results/gt_mask_diagnostic_v2/rk2_gt/synth_0021/seed_000/features --attention_part hair --attention_edit Afro --control-plan-resolved ${REPO_ROOT}/core/protocols/gt_mask_diagnostic_v2/resolved_plans/residual_rk2_n07.json --tdm_mask_mode original --control-mask-path ${REPO_ROOT}/core/protocols/gt_mask_diagnostic_v2/gt_masks/synth_0021.npy --offload
synth_0021,rk2_n15_auto,0,core/results/gt_mask_diagnostic_v2/rk2_n15_auto/synth_0021/seed_000,core/results/heldout_control_comparison/attention_mask_scout/synth_0021/seed_000/tdm/hybrid_binary_tdm_attention.npy,cd ${REPO_ROOT}/core/third_party/FollowYourShape/src && python edit.py --source_img_dir ${REPO_ROOT}/core/data/partedit_subset/cases/synth_0021/source.png --source_prompt 'A Portrait of boy at a beach' --target_prompt 'A Portrait of boy with Afro hair at a beach' --guidance 2.0 --num_steps 15 --front 2 --inject 4 --seed 0 --name flux-dev --controlnet_type none --output_dir ${REPO_ROOT}/core/results/gt_mask_diagnostic_v2/rk2_n15_auto/synth_0021/seed_000 --vis_path ${REPO_ROOT}/core/results/gt_mask_diagnostic_v2/rk2_n15_auto/synth_0021/seed_000/tdm --feature_path ${REPO_ROOT}/core/results/gt_mask_diagnostic_v2/rk2_n15_auto/synth_0021/seed_000/features --attention_part hair --attention_edit Afro --control-plan-resolved ${REPO_ROOT}/core/protocols/gt_mask_diagnostic_v2/resolved_plans/residual_rk2_n15.json --tdm_mask_mode original --control-mask-path ${REPO_ROOT}/core/results/heldout_control_comparison/attention_mask_scout/synth_0021/seed_000/tdm/hybrid_binary_tdm_attention.npy --offload
synth_0021,rk2_n15_gt,0,core/results/gt_mask_diagnostic_v2/rk2_n15_gt/synth_0021/seed_000,core/protocols/gt_mask_diagnostic_v2/gt_masks/synth_0021.npy,cd ${REPO_ROOT}/core/third_party/FollowYourShape/src && python edit.py --source_img_dir ${REPO_ROOT}/core/data/partedit_subset/cases/synth_0021/source.png --source_prompt 'A Portrait of boy at a beach' --target_prompt 'A Portrait of boy with Afro hair at a beach' --guidance 2.0 --num_steps 15 --front 2 --inject 4 --seed 0 --name flux-dev --controlnet_type none --output_dir ${REPO_ROOT}/core/results/gt_mask_diagnostic_v2/rk2_n15_gt/synth_0021/seed_000 --vis_path ${REPO_ROOT}/core/results/gt_mask_diagnostic_v2/rk2_n15_gt/synth_0021/seed_000/tdm --feature_path ${REPO_ROOT}/core/results/gt_mask_diagnostic_v2/rk2_n15_gt/synth_0021/seed_000/features --attention_part hair --attention_edit Afro --control-plan-resolved ${REPO_ROOT}/core/protocols/gt_mask_diagnostic_v2/resolved_plans/residual_rk2_n15.json --tdm_mask_mode original --control-mask-path ${REPO_ROOT}/core/protocols/gt_mask_diagnostic_v2/gt_masks/synth_0021.npy --offload
synth_0022,endpoint_gt,0,core/results/gt_mask_diagnostic_v2/endpoint_gt/synth_0022/seed_000,core/protocols/gt_mask_diagnostic_v2/gt_masks/synth_0022.npy,cd ${REPO_ROOT}/core/third_party/FollowYourShape/src && python edit.py --source_img_dir ${REPO_ROOT}/core/data/partedit_subset/cases/synth_0022/source.png --source_prompt 'A Portrait of boy at a park' --target_prompt 'A Portrait of boy with Kinky hair at a park' --guidance 2.0 --num_steps 15 --front 2 --inject 4 --seed 0 --name flux-dev --controlnet_type none --output_dir ${REPO_ROOT}/core/results/gt_mask_diagnostic_v2/endpoint_gt/synth_0022/seed_000 --vis_path ${REPO_ROOT}/core/results/gt_mask_diagnostic_v2/endpoint_gt/synth_0022/seed_000/tdm --feature_path ${REPO_ROOT}/core/results/gt_mask_diagnostic_v2/endpoint_gt/synth_0022/seed_000/features --attention_part hair --attention_edit Kinky --control-plan-resolved ${REPO_ROOT}/core/protocols/gt_mask_diagnostic_v2/resolved_plans/endpoint_projection_n07.json --tdm_mask_mode original --control-mask-path ${REPO_ROOT}/core/protocols/gt_mask_diagnostic_v2/gt_masks/synth_0022.npy --offload
synth_0022,rk2_gt,0,core/results/gt_mask_diagnostic_v2/rk2_gt/synth_0022/seed_000,core/protocols/gt_mask_diagnostic_v2/gt_masks/synth_0022.npy,cd ${REPO_ROOT}/core/third_party/FollowYourShape/src && python edit.py --source_img_dir ${REPO_ROOT}/core/data/partedit_subset/cases/synth_0022/source.png --source_prompt 'A Portrait of boy at a park' --target_prompt 'A Portrait of boy with Kinky hair at a park' --guidance 2.0 --num_steps 15 --front 2 --inject 4 --seed 0 --name flux-dev --controlnet_type none --output_dir ${REPO_ROOT}/core/results/gt_mask_diagnostic_v2/rk2_gt/synth_0022/seed_000 --vis_path ${REPO_ROOT}/core/results/gt_mask_diagnostic_v2/rk2_gt/synth_0022/seed_000/tdm --feature_path ${REPO_ROOT}/core/results/gt_mask_diagnostic_v2/rk2_gt/synth_0022/seed_000/features --attention_part hair --attention_edit Kinky --control-plan-resolved ${REPO_ROOT}/core/protocols/gt_mask_diagnostic_v2/resolved_plans/residual_rk2_n07.json --tdm_mask_mode original --control-mask-path ${REPO_ROOT}/core/protocols/gt_mask_diagnostic_v2/gt_masks/synth_0022.npy --offload
synth_0022,rk2_n15_auto,0,core/results/gt_mask_diagnostic_v2/rk2_n15_auto/synth_0022/seed_000,core/results/heldout_control_comparison/attention_mask_scout/synth_0022/seed_000/tdm/hybrid_binary_tdm_attention.npy,cd ${REPO_ROOT}/core/third_party/FollowYourShape/src && python edit.py --source_img_dir ${REPO_ROOT}/core/data/partedit_subset/cases/synth_0022/source.png --source_prompt 'A Portrait of boy at a park' --target_prompt 'A Portrait of boy with Kinky hair at a park' --guidance 2.0 --num_steps 15 --front 2 --inject 4 --seed 0 --name flux-dev --controlnet_type none --output_dir ${REPO_ROOT}/core/results/gt_mask_diagnostic_v2/rk2_n15_auto/synth_0022/seed_000 --vis_path ${REPO_ROOT}/core/results/gt_mask_diagnostic_v2/rk2_n15_auto/synth_0022/seed_000/tdm --feature_path ${REPO_ROOT}/core/results/gt_mask_diagnostic_v2/rk2_n15_auto/synth_0022/seed_000/features --attention_part hair --attention_edit Kinky --control-plan-resolved ${REPO_ROOT}/core/protocols/gt_mask_diagnostic_v2/resolved_plans/residual_rk2_n15.json --tdm_mask_mode original --control-mask-path ${REPO_ROOT}/core/results/heldout_control_comparison/attention_mask_scout/synth_0022/seed_000/tdm/hybrid_binary_tdm_attention.npy --offload
synth_0022,rk2_n15_gt,0,core/results/gt_mask_diagnostic_v2/rk2_n15_gt/synth_0022/seed_000,core/protocols/gt_mask_diagnostic_v2/gt_masks/synth_0022.npy,cd ${REPO_ROOT}/core/third_party/FollowYourShape/src && python edit.py --source_img_dir ${REPO_ROOT}/core/data/partedit_subset/cases/synth_0022/source.png --source_prompt 'A Portrait of boy at a park' --target_prompt 'A Portrait of boy with Kinky hair at a park' --guidance 2.0 --num_steps 15 --front 2 --inject 4 --seed 0 --name flux-dev --controlnet_type none --output_dir ${REPO_ROOT}/core/results/gt_mask_diagnostic_v2/rk2_n15_gt/synth_0022/seed_000 --vis_path ${REPO_ROOT}/core/results/gt_mask_diagnostic_v2/rk2_n15_gt/synth_0022/seed_000/tdm --feature_path ${REPO_ROOT}/core/results/gt_mask_diagnostic_v2/rk2_n15_gt/synth_0022/seed_000/features --attention_part hair --attention_edit Kinky --control-plan-resolved ${REPO_ROOT}/core/protocols/gt_mask_diagnostic_v2/resolved_plans/residual_rk2_n15.json --tdm_mask_mode original --control-mask-path ${REPO_ROOT}/core/protocols/gt_mask_diagnostic_v2/gt_masks/synth_0022.npy --offload
synth_0023,endpoint_gt,0,core/results/gt_mask_diagnostic_v2/endpoint_gt/synth_0023/seed_000,core/protocols/gt_mask_diagnostic_v2/gt_masks/synth_0023.npy,cd ${REPO_ROOT}/core/third_party/FollowYourShape/src && python edit.py --source_img_dir ${REPO_ROOT}/core/data/partedit_subset/cases/synth_0023/source.png --source_prompt 'A Portrait of man at a beach' --target_prompt 'A Portrait of man with blond hair at a beach' --guidance 2.0 --num_steps 15 --front 2 --inject 4 --seed 0 --name flux-dev --controlnet_type none --output_dir ${REPO_ROOT}/core/results/gt_mask_diagnostic_v2/endpoint_gt/synth_0023/seed_000 --vis_path ${REPO_ROOT}/core/results/gt_mask_diagnostic_v2/endpoint_gt/synth_0023/seed_000/tdm --feature_path ${REPO_ROOT}/core/results/gt_mask_diagnostic_v2/endpoint_gt/synth_0023/seed_000/features --attention_part hair --attention_edit blond --control-plan-resolved ${REPO_ROOT}/core/protocols/gt_mask_diagnostic_v2/resolved_plans/endpoint_projection_n07.json --tdm_mask_mode original --control-mask-path ${REPO_ROOT}/core/protocols/gt_mask_diagnostic_v2/gt_masks/synth_0023.npy --offload
synth_0023,rk2_gt,0,core/results/gt_mask_diagnostic_v2/rk2_gt/synth_0023/seed_000,core/protocols/gt_mask_diagnostic_v2/gt_masks/synth_0023.npy,cd ${REPO_ROOT}/core/third_party/FollowYourShape/src && python edit.py --source_img_dir ${REPO_ROOT}/core/data/partedit_subset/cases/synth_0023/source.png --source_prompt 'A Portrait of man at a beach' --target_prompt 'A Portrait of man with blond hair at a beach' --guidance 2.0 --num_steps 15 --front 2 --inject 4 --seed 0 --name flux-dev --controlnet_type none --output_dir ${REPO_ROOT}/core/results/gt_mask_diagnostic_v2/rk2_gt/synth_0023/seed_000 --vis_path ${REPO_ROOT}/core/results/gt_mask_diagnostic_v2/rk2_gt/synth_0023/seed_000/tdm --feature_path ${REPO_ROOT}/core/results/gt_mask_diagnostic_v2/rk2_gt/synth_0023/seed_000/features --attention_part hair --attention_edit blond --control-plan-resolved ${REPO_ROOT}/core/protocols/gt_mask_diagnostic_v2/resolved_plans/residual_rk2_n07.json --tdm_mask_mode original --control-mask-path ${REPO_ROOT}/core/protocols/gt_mask_diagnostic_v2/gt_masks/synth_0023.npy --offload
synth_0023,rk2_n15_auto,0,core/results/gt_mask_diagnostic_v2/rk2_n15_auto/synth_0023/seed_000,core/results/heldout_control_comparison/attention_mask_scout/synth_0023/seed_000/tdm/hybrid_binary_tdm_attention.npy,cd ${REPO_ROOT}/core/third_party/FollowYourShape/src && python edit.py --source_img_dir ${REPO_ROOT}/core/data/partedit_subset/cases/synth_0023/source.png --source_prompt 'A Portrait of man at a beach' --target_prompt 'A Portrait of man with blond hair at a beach' --guidance 2.0 --num_steps 15 --front 2 --inject 4 --seed 0 --name flux-dev --controlnet_type none --output_dir ${REPO_ROOT}/core/results/gt_mask_diagnostic_v2/rk2_n15_auto/synth_0023/seed_000 --vis_path ${REPO_ROOT}/core/results/gt_mask_diagnostic_v2/rk2_n15_auto/synth_0023/seed_000/tdm --feature_path ${REPO_ROOT}/core/results/gt_mask_diagnostic_v2/rk2_n15_auto/synth_0023/seed_000/features --attention_part hair --attention_edit blond --control-plan-resolved ${REPO_ROOT}/core/protocols/gt_mask_diagnostic_v2/resolved_plans/residual_rk2_n15.json --tdm_mask_mode original --control-mask-path ${REPO_ROOT}/core/results/heldout_control_comparison/attention_mask_scout/synth_0023/seed_000/tdm/hybrid_binary_tdm_attention.npy --offload
synth_0023,rk2_n15_gt,0,core/results/gt_mask_diagnostic_v2/rk2_n15_gt/synth_0023/seed_000,core/protocols/gt_mask_diagnostic_v2/gt_masks/synth_0023.npy,cd ${REPO_ROOT}/core/third_party/FollowYourShape/src && python edit.py --source_img_dir ${REPO_ROOT}/core/data/partedit_subset/cases/synth_0023/source.png --source_prompt 'A Portrait of man at a beach' --target_prompt 'A Portrait of man with blond hair at a beach' --guidance 2.0 --num_steps 15 --front 2 --inject 4 --seed 0 --name flux-dev --controlnet_type none --output_dir ${REPO_ROOT}/core/results/gt_mask_diagnostic_v2/rk2_n15_gt/synth_0023/seed_000 --vis_path ${REPO_ROOT}/core/results/gt_mask_diagnostic_v2/rk2_n15_gt/synth_0023/seed_000/tdm --feature_path ${REPO_ROOT}/core/results/gt_mask_diagnostic_v2/rk2_n15_gt/synth_0023/seed_000/features --attention_part hair --attention_edit blond --control-plan-resolved ${REPO_ROOT}/core/protocols/gt_mask_diagnostic_v2/resolved_plans/residual_rk2_n15.json --tdm_mask_mode original --control-mask-path ${REPO_ROOT}/core/protocols/gt_mask_diagnostic_v2/gt_masks/synth_0023.npy --offload
synth_0024,endpoint_gt,0,core/results/gt_mask_diagnostic_v2/endpoint_gt/synth_0024/seed_000,core/protocols/gt_mask_diagnostic_v2/gt_masks/synth_0024.npy,cd ${REPO_ROOT}/core/third_party/FollowYourShape/src && python edit.py --source_img_dir ${REPO_ROOT}/core/data/partedit_subset/cases/synth_0024/source.png --source_prompt 'A Portrait of girl at a mountain' --target_prompt 'A Portrait of girl with Curley hair at a mountain' --guidance 2.0 --num_steps 15 --front 2 --inject 4 --seed 0 --name flux-dev --controlnet_type none --output_dir ${REPO_ROOT}/core/results/gt_mask_diagnostic_v2/endpoint_gt/synth_0024/seed_000 --vis_path ${REPO_ROOT}/core/results/gt_mask_diagnostic_v2/endpoint_gt/synth_0024/seed_000/tdm --feature_path ${REPO_ROOT}/core/results/gt_mask_diagnostic_v2/endpoint_gt/synth_0024/seed_000/features --attention_part hair --attention_edit Curley --control-plan-resolved ${REPO_ROOT}/core/protocols/gt_mask_diagnostic_v2/resolved_plans/endpoint_projection_n07.json --tdm_mask_mode original --control-mask-path ${REPO_ROOT}/core/protocols/gt_mask_diagnostic_v2/gt_masks/synth_0024.npy --offload
synth_0024,rk2_gt,0,core/results/gt_mask_diagnostic_v2/rk2_gt/synth_0024/seed_000,core/protocols/gt_mask_diagnostic_v2/gt_masks/synth_0024.npy,cd ${REPO_ROOT}/core/third_party/FollowYourShape/src && python edit.py --source_img_dir ${REPO_ROOT}/core/data/partedit_subset/cases/synth_0024/source.png --source_prompt 'A Portrait of girl at a mountain' --target_prompt 'A Portrait of girl with Curley hair at a mountain' --guidance 2.0 --num_steps 15 --front 2 --inject 4 --seed 0 --name flux-dev --controlnet_type none --output_dir ${REPO_ROOT}/core/results/gt_mask_diagnostic_v2/rk2_gt/synth_0024/seed_000 --vis_path ${REPO_ROOT}/core/results/gt_mask_diagnostic_v2/rk2_gt/synth_0024/seed_000/tdm --feature_path ${REPO_ROOT}/core/results/gt_mask_diagnostic_v2/rk2_gt/synth_0024/seed_000/features --attention_part hair --attention_edit Curley --control-plan-resolved ${REPO_ROOT}/core/protocols/gt_mask_diagnostic_v2/resolved_plans/residual_rk2_n07.json --tdm_mask_mode original --control-mask-path ${REPO_ROOT}/core/protocols/gt_mask_diagnostic_v2/gt_masks/synth_0024.npy --offload
synth_0024,rk2_n15_auto,0,core/results/gt_mask_diagnostic_v2/rk2_n15_auto/synth_0024/seed_000,core/results/heldout_control_comparison/attention_mask_scout/synth_0024/seed_000/tdm/hybrid_binary_tdm_attention.npy,cd ${REPO_ROOT}/core/third_party/FollowYourShape/src && python edit.py --source_img_dir ${REPO_ROOT}/core/data/partedit_subset/cases/synth_0024/source.png --source_prompt 'A Portrait of girl at a mountain' --target_prompt 'A Portrait of girl with Curley hair at a mountain' --guidance 2.0 --num_steps 15 --front 2 --inject 4 --seed 0 --name flux-dev --controlnet_type none --output_dir ${REPO_ROOT}/core/results/gt_mask_diagnostic_v2/rk2_n15_auto/synth_0024/seed_000 --vis_path ${REPO_ROOT}/core/results/gt_mask_diagnostic_v2/rk2_n15_auto/synth_0024/seed_000/tdm --feature_path ${REPO_ROOT}/core/results/gt_mask_diagnostic_v2/rk2_n15_auto/synth_0024/seed_000/features --attention_part hair --attention_edit Curley --control-plan-resolved ${REPO_ROOT}/core/protocols/gt_mask_diagnostic_v2/resolved_plans/residual_rk2_n15.json --tdm_mask_mode original --control-mask-path ${REPO_ROOT}/core/results/heldout_control_comparison/attention_mask_scout/synth_0024/seed_000/tdm/hybrid_binary_tdm_attention.npy --offload
synth_0024,rk2_n15_gt,0,core/results/gt_mask_diagnostic_v2/rk2_n15_gt/synth_0024/seed_000,core/protocols/gt_mask_diagnostic_v2/gt_masks/synth_0024.npy,cd ${REPO_ROOT}/core/third_party/FollowYourShape/src && python edit.py --source_img_dir ${REPO_ROOT}/core/data/partedit_subset/cases/synth_0024/source.png --source_prompt 'A Portrait of girl at a mountain' --target_prompt 'A Portrait of girl with Curley hair at a mountain' --guidance 2.0 --num_steps 15 --front 2 --inject 4 --seed 0 --name flux-dev --controlnet_type none --output_dir ${REPO_ROOT}/core/results/gt_mask_diagnostic_v2/rk2_n15_gt/synth_0024/seed_000 --vis_path ${REPO_ROOT}/core/results/gt_mask_diagnostic_v2/rk2_n15_gt/synth_0024/seed_000/tdm --feature_path ${REPO_ROOT}/core/results/gt_mask_diagnostic_v2/rk2_n15_gt/synth_0024/seed_000/features --attention_part hair --attention_edit Curley --control-plan-resolved ${REPO_ROOT}/core/protocols/gt_mask_diagnostic_v2/resolved_plans/residual_rk2_n15.json --tdm_mask_mode original --control-mask-path ${REPO_ROOT}/core/protocols/gt_mask_diagnostic_v2/gt_masks/synth_0024.npy --offload
synth_0025,endpoint_gt,0,core/results/gt_mask_diagnostic_v2/endpoint_gt/synth_0025/seed_000,core/protocols/gt_mask_diagnostic_v2/gt_masks/synth_0025.npy,cd ${REPO_ROOT}/core/third_party/FollowYourShape/src && python edit.py --source_img_dir ${REPO_ROOT}/core/data/partedit_subset/cases/synth_0025/source.png --source_prompt 'A Portrait of boy at a street' --target_prompt 'A Portrait of boy with Botticelli-Curls hair at a street' --guidance 2.0 --num_steps 15 --front 2 --inject 4 --seed 0 --name flux-dev --controlnet_type none --output_dir ${REPO_ROOT}/core/results/gt_mask_diagnostic_v2/endpoint_gt/synth_0025/seed_000 --vis_path ${REPO_ROOT}/core/results/gt_mask_diagnostic_v2/endpoint_gt/synth_0025/seed_000/tdm --feature_path ${REPO_ROOT}/core/results/gt_mask_diagnostic_v2/endpoint_gt/synth_0025/seed_000/features --attention_part hair --attention_edit Botticelli-Curls --control-plan-resolved ${REPO_ROOT}/core/protocols/gt_mask_diagnostic_v2/resolved_plans/endpoint_projection_n07.json --tdm_mask_mode original --control-mask-path ${REPO_ROOT}/core/protocols/gt_mask_diagnostic_v2/gt_masks/synth_0025.npy --offload
synth_0025,rk2_gt,0,core/results/gt_mask_diagnostic_v2/rk2_gt/synth_0025/seed_000,core/protocols/gt_mask_diagnostic_v2/gt_masks/synth_0025.npy,cd ${REPO_ROOT}/core/third_party/FollowYourShape/src && python edit.py --source_img_dir ${REPO_ROOT}/core/data/partedit_subset/cases/synth_0025/source.png --source_prompt 'A Portrait of boy at a street' --target_prompt 'A Portrait of boy with Botticelli-Curls hair at a street' --guidance 2.0 --num_steps 15 --front 2 --inject 4 --seed 0 --name flux-dev --controlnet_type none --output_dir ${REPO_ROOT}/core/results/gt_mask_diagnostic_v2/rk2_gt/synth_0025/seed_000 --vis_path ${REPO_ROOT}/core/results/gt_mask_diagnostic_v2/rk2_gt/synth_0025/seed_000/tdm --feature_path ${REPO_ROOT}/core/results/gt_mask_diagnostic_v2/rk2_gt/synth_0025/seed_000/features --attention_part hair --attention_edit Botticelli-Curls --control-plan-resolved ${REPO_ROOT}/core/protocols/gt_mask_diagnostic_v2/resolved_plans/residual_rk2_n07.json --tdm_mask_mode original --control-mask-path ${REPO_ROOT}/core/protocols/gt_mask_diagnostic_v2/gt_masks/synth_0025.npy --offload
synth_0025,rk2_n15_auto,0,core/results/gt_mask_diagnostic_v2/rk2_n15_auto/synth_0025/seed_000,core/results/heldout_control_comparison/attention_mask_scout/synth_0025/seed_000/tdm/hybrid_binary_tdm_attention.npy,cd ${REPO_ROOT}/core/third_party/FollowYourShape/src && python edit.py --source_img_dir ${REPO_ROOT}/core/data/partedit_subset/cases/synth_0025/source.png --source_prompt 'A Portrait of boy at a street' --target_prompt 'A Portrait of boy with Botticelli-Curls hair at a street' --guidance 2.0 --num_steps 15 --front 2 --inject 4 --seed 0 --name flux-dev --controlnet_type none --output_dir ${REPO_ROOT}/core/results/gt_mask_diagnostic_v2/rk2_n15_auto/synth_0025/seed_000 --vis_path ${REPO_ROOT}/core/results/gt_mask_diagnostic_v2/rk2_n15_auto/synth_0025/seed_000/tdm --feature_path ${REPO_ROOT}/core/results/gt_mask_diagnostic_v2/rk2_n15_auto/synth_0025/seed_000/features --attention_part hair --attention_edit Botticelli-Curls --control-plan-resolved ${REPO_ROOT}/core/protocols/gt_mask_diagnostic_v2/resolved_plans/residual_rk2_n15.json --tdm_mask_mode original --control-mask-path ${REPO_ROOT}/core/results/heldout_control_comparison/attention_mask_scout/synth_0025/seed_000/tdm/hybrid_binary_tdm_attention.npy --offload
synth_0025,rk2_n15_gt,0,core/results/gt_mask_diagnostic_v2/rk2_n15_gt/synth_0025/seed_000,core/protocols/gt_mask_diagnostic_v2/gt_masks/synth_0025.npy,cd ${REPO_ROOT}/core/third_party/FollowYourShape/src && python edit.py --source_img_dir ${REPO_ROOT}/core/data/partedit_subset/cases/synth_0025/source.png --source_prompt 'A Portrait of boy at a street' --target_prompt 'A Portrait of boy with Botticelli-Curls hair at a street' --guidance 2.0 --num_steps 15 --front 2 --inject 4 --seed 0 --name flux-dev --controlnet_type none --output_dir ${REPO_ROOT}/core/results/gt_mask_diagnostic_v2/rk2_n15_gt/synth_0025/seed_000 --vis_path ${REPO_ROOT}/core/results/gt_mask_diagnostic_v2/rk2_n15_gt/synth_0025/seed_000/tdm --feature_path ${REPO_ROOT}/core/results/gt_mask_diagnostic_v2/rk2_n15_gt/synth_0025/seed_000/features --attention_part hair --attention_edit Botticelli-Curls --control-plan-resolved ${REPO_ROOT}/core/protocols/gt_mask_diagnostic_v2/resolved_plans/residual_rk2_n15.json --tdm_mask_mode original --control-mask-path ${REPO_ROOT}/core/protocols/gt_mask_diagnostic_v2/gt_masks/synth_0025.npy --offload
synth_0026,endpoint_gt,0,core/results/gt_mask_diagnostic_v2/endpoint_gt/synth_0026/seed_000,core/protocols/gt_mask_diagnostic_v2/gt_masks/synth_0026.npy,cd ${REPO_ROOT}/core/third_party/FollowYourShape/src && python edit.py --source_img_dir ${REPO_ROOT}/core/data/partedit_subset/cases/synth_0026/source.png --source_prompt 'A Portrait of man at a house' --target_prompt 'A Portrait of man with Curls hair at a house' --guidance 2.0 --num_steps 15 --front 2 --inject 4 --seed 0 --name flux-dev --controlnet_type none --output_dir ${REPO_ROOT}/core/results/gt_mask_diagnostic_v2/endpoint_gt/synth_0026/seed_000 --vis_path ${REPO_ROOT}/core/results/gt_mask_diagnostic_v2/endpoint_gt/synth_0026/seed_000/tdm --feature_path ${REPO_ROOT}/core/results/gt_mask_diagnostic_v2/endpoint_gt/synth_0026/seed_000/features --attention_part hair --attention_edit Curls --control-plan-resolved ${REPO_ROOT}/core/protocols/gt_mask_diagnostic_v2/resolved_plans/endpoint_projection_n07.json --tdm_mask_mode original --control-mask-path ${REPO_ROOT}/core/protocols/gt_mask_diagnostic_v2/gt_masks/synth_0026.npy --offload
synth_0026,rk2_gt,0,core/results/gt_mask_diagnostic_v2/rk2_gt/synth_0026/seed_000,core/protocols/gt_mask_diagnostic_v2/gt_masks/synth_0026.npy,cd ${REPO_ROOT}/core/third_party/FollowYourShape/src && python edit.py --source_img_dir ${REPO_ROOT}/core/data/partedit_subset/cases/synth_0026/source.png --source_prompt 'A Portrait of man at a house' --target_prompt 'A Portrait of man with Curls hair at a house' --guidance 2.0 --num_steps 15 --front 2 --inject 4 --seed 0 --name flux-dev --controlnet_type none --output_dir ${REPO_ROOT}/core/results/gt_mask_diagnostic_v2/rk2_gt/synth_0026/seed_000 --vis_path ${REPO_ROOT}/core/results/gt_mask_diagnostic_v2/rk2_gt/synth_0026/seed_000/tdm --feature_path ${REPO_ROOT}/core/results/gt_mask_diagnostic_v2/rk2_gt/synth_0026/seed_000/features --attention_part hair --attention_edit Curls --control-plan-resolved ${REPO_ROOT}/core/protocols/gt_mask_diagnostic_v2/resolved_plans/residual_rk2_n07.json --tdm_mask_mode original --control-mask-path ${REPO_ROOT}/core/protocols/gt_mask_diagnostic_v2/gt_masks/synth_0026.npy --offload
synth_0026,rk2_n15_auto,0,core/results/gt_mask_diagnostic_v2/rk2_n15_auto/synth_0026/seed_000,core/results/heldout_control_comparison/attention_mask_scout/synth_0026/seed_000/tdm/hybrid_binary_tdm_attention.npy,cd ${REPO_ROOT}/core/third_party/FollowYourShape/src && python edit.py --source_img_dir ${REPO_ROOT}/core/data/partedit_subset/cases/synth_0026/source.png --source_prompt 'A Portrait of man at a house' --target_prompt 'A Portrait of man with Curls hair at a house' --guidance 2.0 --num_steps 15 --front 2 --inject 4 --seed 0 --name flux-dev --controlnet_type none --output_dir ${REPO_ROOT}/core/results/gt_mask_diagnostic_v2/rk2_n15_auto/synth_0026/seed_000 --vis_path ${REPO_ROOT}/core/results/gt_mask_diagnostic_v2/rk2_n15_auto/synth_0026/seed_000/tdm --feature_path ${REPO_ROOT}/core/results/gt_mask_diagnostic_v2/rk2_n15_auto/synth_0026/seed_000/features --attention_part hair --attention_edit Curls --control-plan-resolved ${REPO_ROOT}/core/protocols/gt_mask_diagnostic_v2/resolved_plans/residual_rk2_n15.json --tdm_mask_mode original --control-mask-path ${REPO_ROOT}/core/results/heldout_control_comparison/attention_mask_scout/synth_0026/seed_000/tdm/hybrid_binary_tdm_attention.npy --offload
synth_0026,rk2_n15_gt,0,core/results/gt_mask_diagnostic_v2/rk2_n15_gt/synth_0026/seed_000,core/protocols/gt_mask_diagnostic_v2/gt_masks/synth_0026.npy,cd ${REPO_ROOT}/core/third_party/FollowYourShape/src && python edit.py --source_img_dir ${REPO_ROOT}/core/data/partedit_subset/cases/synth_0026/source.png --source_prompt 'A Portrait of man at a house' --target_prompt 'A Portrait of man with Curls hair at a house' --guidance 2.0 --num_steps 15 --front 2 --inject 4 --seed 0 --name flux-dev --controlnet_type none --output_dir ${REPO_ROOT}/core/results/gt_mask_diagnostic_v2/rk2_n15_gt/synth_0026/seed_000 --vis_path ${REPO_ROOT}/core/results/gt_mask_diagnostic_v2/rk2_n15_gt/synth_0026/seed_000/tdm --feature_path ${REPO_ROOT}/core/results/gt_mask_diagnostic_v2/rk2_n15_gt/synth_0026/seed_000/features --attention_part hair --attention_edit Curls --control-plan-resolved ${REPO_ROOT}/core/protocols/gt_mask_diagnostic_v2/resolved_plans/residual_rk2_n15.json --tdm_mask_mode original --control-mask-path ${REPO_ROOT}/core/protocols/gt_mask_diagnostic_v2/gt_masks/synth_0026.npy --offload
synth_0027,endpoint_gt,0,core/results/gt_mask_diagnostic_v2/endpoint_gt/synth_0027/seed_000,core/protocols/gt_mask_diagnostic_v2/gt_masks/synth_0027.npy,cd ${REPO_ROOT}/core/third_party/FollowYourShape/src && python edit.py --source_img_dir ${REPO_ROOT}/core/data/partedit_subset/cases/synth_0027/source.png --source_prompt 'A Portrait of woman at a school' --target_prompt 'A Portrait of woman with Curls hair at a school' --guidance 2.0 --num_steps 15 --front 2 --inject 4 --seed 0 --name flux-dev --controlnet_type none --output_dir ${REPO_ROOT}/core/results/gt_mask_diagnostic_v2/endpoint_gt/synth_0027/seed_000 --vis_path ${REPO_ROOT}/core/results/gt_mask_diagnostic_v2/endpoint_gt/synth_0027/seed_000/tdm --feature_path ${REPO_ROOT}/core/results/gt_mask_diagnostic_v2/endpoint_gt/synth_0027/seed_000/features --attention_part hair --attention_edit Curls --control-plan-resolved ${REPO_ROOT}/core/protocols/gt_mask_diagnostic_v2/resolved_plans/endpoint_projection_n07.json --tdm_mask_mode original --control-mask-path ${REPO_ROOT}/core/protocols/gt_mask_diagnostic_v2/gt_masks/synth_0027.npy --offload
synth_0027,rk2_gt,0,core/results/gt_mask_diagnostic_v2/rk2_gt/synth_0027/seed_000,core/protocols/gt_mask_diagnostic_v2/gt_masks/synth_0027.npy,cd ${REPO_ROOT}/core/third_party/FollowYourShape/src && python edit.py --source_img_dir ${REPO_ROOT}/core/data/partedit_subset/cases/synth_0027/source.png --source_prompt 'A Portrait of woman at a school' --target_prompt 'A Portrait of woman with Curls hair at a school' --guidance 2.0 --num_steps 15 --front 2 --inject 4 --seed 0 --name flux-dev --controlnet_type none --output_dir ${REPO_ROOT}/core/results/gt_mask_diagnostic_v2/rk2_gt/synth_0027/seed_000 --vis_path ${REPO_ROOT}/core/results/gt_mask_diagnostic_v2/rk2_gt/synth_0027/seed_000/tdm --feature_path ${REPO_ROOT}/core/results/gt_mask_diagnostic_v2/rk2_gt/synth_0027/seed_000/features --attention_part hair --attention_edit Curls --control-plan-resolved ${REPO_ROOT}/core/protocols/gt_mask_diagnostic_v2/resolved_plans/residual_rk2_n07.json --tdm_mask_mode original --control-mask-path ${REPO_ROOT}/core/protocols/gt_mask_diagnostic_v2/gt_masks/synth_0027.npy --offload
synth_0027,rk2_n15_auto,0,core/results/gt_mask_diagnostic_v2/rk2_n15_auto/synth_0027/seed_000,core/results/heldout_control_comparison/attention_mask_scout/synth_0027/seed_000/tdm/hybrid_binary_tdm_attention.npy,cd ${REPO_ROOT}/core/third_party/FollowYourShape/src && python edit.py --source_img_dir ${REPO_ROOT}/core/data/partedit_subset/cases/synth_0027/source.png --source_prompt 'A Portrait of woman at a school' --target_prompt 'A Portrait of woman with Curls hair at a school' --guidance 2.0 --num_steps 15 --front 2 --inject 4 --seed 0 --name flux-dev --controlnet_type none --output_dir ${REPO_ROOT}/core/results/gt_mask_diagnostic_v2/rk2_n15_auto/synth_0027/seed_000 --vis_path ${REPO_ROOT}/core/results/gt_mask_diagnostic_v2/rk2_n15_auto/synth_0027/seed_000/tdm --feature_path ${REPO_ROOT}/core/results/gt_mask_diagnostic_v2/rk2_n15_auto/synth_0027/seed_000/features --attention_part hair --attention_edit Curls --control-plan-resolved ${REPO_ROOT}/core/protocols/gt_mask_diagnostic_v2/resolved_plans/residual_rk2_n15.json --tdm_mask_mode original --control-mask-path ${REPO_ROOT}/core/results/heldout_control_comparison/attention_mask_scout/synth_0027/seed_000/tdm/hybrid_binary_tdm_attention.npy --offload
synth_0027,rk2_n15_gt,0,core/results/gt_mask_diagnostic_v2/rk2_n15_gt/synth_0027/seed_000,core/protocols/gt_mask_diagnostic_v2/gt_masks/synth_0027.npy,cd ${REPO_ROOT}/core/third_party/FollowYourShape/src && python edit.py --source_img_dir ${REPO_ROOT}/core/data/partedit_subset/cases/synth_0027/source.png --source_prompt 'A Portrait of woman at a school' --target_prompt 'A Portrait of woman with Curls hair at a school' --guidance 2.0 --num_steps 15 --front 2 --inject 4 --seed 0 --name flux-dev --controlnet_type none --output_dir ${REPO_ROOT}/core/results/gt_mask_diagnostic_v2/rk2_n15_gt/synth_0027/seed_000 --vis_path ${REPO_ROOT}/core/results/gt_mask_diagnostic_v2/rk2_n15_gt/synth_0027/seed_000/tdm --feature_path ${REPO_ROOT}/core/results/gt_mask_diagnostic_v2/rk2_n15_gt/synth_0027/seed_000/features --attention_part hair --attention_edit Curls --control-plan-resolved ${REPO_ROOT}/core/protocols/gt_mask_diagnostic_v2/resolved_plans/residual_rk2_n15.json --tdm_mask_mode original --control-mask-path ${REPO_ROOT}/core/protocols/gt_mask_diagnostic_v2/gt_masks/synth_0027.npy --offload
synth_0028,endpoint_gt,0,core/results/gt_mask_diagnostic_v2/endpoint_gt/synth_0028/seed_000,core/protocols/gt_mask_diagnostic_v2/gt_masks/synth_0028.npy,cd ${REPO_ROOT}/core/third_party/FollowYourShape/src && python edit.py --source_img_dir ${REPO_ROOT}/core/data/partedit_subset/cases/synth_0028/source.png --source_prompt 'A cow at a restaurant' --target_prompt 'A cow with dragon head at a restaurant' --guidance 2.0 --num_steps 15 --front 2 --inject 4 --seed 0 --name flux-dev --controlnet_type none --output_dir ${REPO_ROOT}/core/results/gt_mask_diagnostic_v2/endpoint_gt/synth_0028/seed_000 --vis_path ${REPO_ROOT}/core/results/gt_mask_diagnostic_v2/endpoint_gt/synth_0028/seed_000/tdm --feature_path ${REPO_ROOT}/core/results/gt_mask_diagnostic_v2/endpoint_gt/synth_0028/seed_000/features --attention_part head --attention_edit dragon --control-plan-resolved ${REPO_ROOT}/core/protocols/gt_mask_diagnostic_v2/resolved_plans/endpoint_projection_n07.json --tdm_mask_mode original --control-mask-path ${REPO_ROOT}/core/protocols/gt_mask_diagnostic_v2/gt_masks/synth_0028.npy --offload
synth_0028,rk2_gt,0,core/results/gt_mask_diagnostic_v2/rk2_gt/synth_0028/seed_000,core/protocols/gt_mask_diagnostic_v2/gt_masks/synth_0028.npy,cd ${REPO_ROOT}/core/third_party/FollowYourShape/src && python edit.py --source_img_dir ${REPO_ROOT}/core/data/partedit_subset/cases/synth_0028/source.png --source_prompt 'A cow at a restaurant' --target_prompt 'A cow with dragon head at a restaurant' --guidance 2.0 --num_steps 15 --front 2 --inject 4 --seed 0 --name flux-dev --controlnet_type none --output_dir ${REPO_ROOT}/core/results/gt_mask_diagnostic_v2/rk2_gt/synth_0028/seed_000 --vis_path ${REPO_ROOT}/core/results/gt_mask_diagnostic_v2/rk2_gt/synth_0028/seed_000/tdm --feature_path ${REPO_ROOT}/core/results/gt_mask_diagnostic_v2/rk2_gt/synth_0028/seed_000/features --attention_part head --attention_edit dragon --control-plan-resolved ${REPO_ROOT}/core/protocols/gt_mask_diagnostic_v2/resolved_plans/residual_rk2_n07.json --tdm_mask_mode original --control-mask-path ${REPO_ROOT}/core/protocols/gt_mask_diagnostic_v2/gt_masks/synth_0028.npy --offload
synth_0028,rk2_n15_auto,0,core/results/gt_mask_diagnostic_v2/rk2_n15_auto/synth_0028/seed_000,core/results/heldout_control_comparison/attention_mask_scout/synth_0028/seed_000/tdm/hybrid_binary_tdm_attention.npy,cd ${REPO_ROOT}/core/third_party/FollowYourShape/src && python edit.py --source_img_dir ${REPO_ROOT}/core/data/partedit_subset/cases/synth_0028/source.png --source_prompt 'A cow at a restaurant' --target_prompt 'A cow with dragon head at a restaurant' --guidance 2.0 --num_steps 15 --front 2 --inject 4 --seed 0 --name flux-dev --controlnet_type none --output_dir ${REPO_ROOT}/core/results/gt_mask_diagnostic_v2/rk2_n15_auto/synth_0028/seed_000 --vis_path ${REPO_ROOT}/core/results/gt_mask_diagnostic_v2/rk2_n15_auto/synth_0028/seed_000/tdm --feature_path ${REPO_ROOT}/core/results/gt_mask_diagnostic_v2/rk2_n15_auto/synth_0028/seed_000/features --attention_part head --attention_edit dragon --control-plan-resolved ${REPO_ROOT}/core/protocols/gt_mask_diagnostic_v2/resolved_plans/residual_rk2_n15.json --tdm_mask_mode original --control-mask-path ${REPO_ROOT}/core/results/heldout_control_comparison/attention_mask_scout/synth_0028/seed_000/tdm/hybrid_binary_tdm_attention.npy --offload
synth_0028,rk2_n15_gt,0,core/results/gt_mask_diagnostic_v2/rk2_n15_gt/synth_0028/seed_000,core/protocols/gt_mask_diagnostic_v2/gt_masks/synth_0028.npy,cd ${REPO_ROOT}/core/third_party/FollowYourShape/src && python edit.py --source_img_dir ${REPO_ROOT}/core/data/partedit_subset/cases/synth_0028/source.png --source_prompt 'A cow at a restaurant' --target_prompt 'A cow with dragon head at a restaurant' --guidance 2.0 --num_steps 15 --front 2 --inject 4 --seed 0 --name flux-dev --controlnet_type none --output_dir ${REPO_ROOT}/core/results/gt_mask_diagnostic_v2/rk2_n15_gt/synth_0028/seed_000 --vis_path ${REPO_ROOT}/core/results/gt_mask_diagnostic_v2/rk2_n15_gt/synth_0028/seed_000/tdm --feature_path ${REPO_ROOT}/core/results/gt_mask_diagnostic_v2/rk2_n15_gt/synth_0028/seed_000/features --attention_part head --attention_edit dragon --control-plan-resolved ${REPO_ROOT}/core/protocols/gt_mask_diagnostic_v2/resolved_plans/residual_rk2_n15.json --tdm_mask_mode original --control-mask-path ${REPO_ROOT}/core/protocols/gt_mask_diagnostic_v2/gt_masks/synth_0028.npy --offload
synth_0029,endpoint_gt,0,core/results/gt_mask_diagnostic_v2/endpoint_gt/synth_0029/seed_000,core/protocols/gt_mask_diagnostic_v2/gt_masks/synth_0029.npy,cd ${REPO_ROOT}/core/third_party/FollowYourShape/src && python edit.py --source_img_dir ${REPO_ROOT}/core/data/partedit_subset/cases/synth_0029/source.png --source_prompt 'A dog at a pool' --target_prompt 'A dog with lion head at a pool' --guidance 2.0 --num_steps 15 --front 2 --inject 4 --seed 0 --name flux-dev --controlnet_type none --output_dir ${REPO_ROOT}/core/results/gt_mask_diagnostic_v2/endpoint_gt/synth_0029/seed_000 --vis_path ${REPO_ROOT}/core/results/gt_mask_diagnostic_v2/endpoint_gt/synth_0029/seed_000/tdm --feature_path ${REPO_ROOT}/core/results/gt_mask_diagnostic_v2/endpoint_gt/synth_0029/seed_000/features --attention_part head --attention_edit lion --control-plan-resolved ${REPO_ROOT}/core/protocols/gt_mask_diagnostic_v2/resolved_plans/endpoint_projection_n07.json --tdm_mask_mode original --control-mask-path ${REPO_ROOT}/core/protocols/gt_mask_diagnostic_v2/gt_masks/synth_0029.npy --offload
synth_0029,rk2_gt,0,core/results/gt_mask_diagnostic_v2/rk2_gt/synth_0029/seed_000,core/protocols/gt_mask_diagnostic_v2/gt_masks/synth_0029.npy,cd ${REPO_ROOT}/core/third_party/FollowYourShape/src && python edit.py --source_img_dir ${REPO_ROOT}/core/data/partedit_subset/cases/synth_0029/source.png --source_prompt 'A dog at a pool' --target_prompt 'A dog with lion head at a pool' --guidance 2.0 --num_steps 15 --front 2 --inject 4 --seed 0 --name flux-dev --controlnet_type none --output_dir ${REPO_ROOT}/core/results/gt_mask_diagnostic_v2/rk2_gt/synth_0029/seed_000 --vis_path ${REPO_ROOT}/core/results/gt_mask_diagnostic_v2/rk2_gt/synth_0029/seed_000/tdm --feature_path ${REPO_ROOT}/core/results/gt_mask_diagnostic_v2/rk2_gt/synth_0029/seed_000/features --attention_part head --attention_edit lion --control-plan-resolved ${REPO_ROOT}/core/protocols/gt_mask_diagnostic_v2/resolved_plans/residual_rk2_n07.json --tdm_mask_mode original --control-mask-path ${REPO_ROOT}/core/protocols/gt_mask_diagnostic_v2/gt_masks/synth_0029.npy --offload
synth_0029,rk2_n15_auto,0,core/results/gt_mask_diagnostic_v2/rk2_n15_auto/synth_0029/seed_000,core/results/heldout_control_comparison/attention_mask_scout/synth_0029/seed_000/tdm/hybrid_binary_tdm_attention.npy,cd ${REPO_ROOT}/core/third_party/FollowYourShape/src && python edit.py --source_img_dir ${REPO_ROOT}/core/data/partedit_subset/cases/synth_0029/source.png --source_prompt 'A dog at a pool' --target_prompt 'A dog with lion head at a pool' --guidance 2.0 --num_steps 15 --front 2 --inject 4 --seed 0 --name flux-dev --controlnet_type none --output_dir ${REPO_ROOT}/core/results/gt_mask_diagnostic_v2/rk2_n15_auto/synth_0029/seed_000 --vis_path ${REPO_ROOT}/core/results/gt_mask_diagnostic_v2/rk2_n15_auto/synth_0029/seed_000/tdm --feature_path ${REPO_ROOT}/core/results/gt_mask_diagnostic_v2/rk2_n15_auto/synth_0029/seed_000/features --attention_part head --attention_edit lion --control-plan-resolved ${REPO_ROOT}/core/protocols/gt_mask_diagnostic_v2/resolved_plans/residual_rk2_n15.json --tdm_mask_mode original --control-mask-path ${REPO_ROOT}/core/results/heldout_control_comparison/attention_mask_scout/synth_0029/seed_000/tdm/hybrid_binary_tdm_attention.npy --offload
synth_0029,rk2_n15_gt,0,core/results/gt_mask_diagnostic_v2/rk2_n15_gt/synth_0029/seed_000,core/protocols/gt_mask_diagnostic_v2/gt_masks/synth_0029.npy,cd ${REPO_ROOT}/core/third_party/FollowYourShape/src && python edit.py --source_img_dir ${REPO_ROOT}/core/data/partedit_subset/cases/synth_0029/source.png --source_prompt 'A dog at a pool' --target_prompt 'A dog with lion head at a pool' --guidance 2.0 --num_steps 15 --front 2 --inject 4 --seed 0 --name flux-dev --controlnet_type none --output_dir ${REPO_ROOT}/core/results/gt_mask_diagnostic_v2/rk2_n15_gt/synth_0029/seed_000 --vis_path ${REPO_ROOT}/core/results/gt_mask_diagnostic_v2/rk2_n15_gt/synth_0029/seed_000/tdm --feature_path ${REPO_ROOT}/core/results/gt_mask_diagnostic_v2/rk2_n15_gt/synth_0029/seed_000/features --attention_part head --attention_edit lion --control-plan-resolved ${REPO_ROOT}/core/protocols/gt_mask_diagnostic_v2/resolved_plans/residual_rk2_n15.json --tdm_mask_mode original --control-mask-path ${REPO_ROOT}/core/protocols/gt_mask_diagnostic_v2/gt_masks/synth_0029.npy --offload
synth_0030,endpoint_gt,0,core/results/gt_mask_diagnostic_v2/endpoint_gt/synth_0030/seed_000,core/protocols/gt_mask_diagnostic_v2/gt_masks/synth_0030.npy,cd ${REPO_ROOT}/core/third_party/FollowYourShape/src && python edit.py --source_img_dir ${REPO_ROOT}/core/data/partedit_subset/cases/synth_0030/source.png --source_prompt 'A bear at a jungle' --target_prompt 'A bear with dog head at a jungle' --guidance 2.0 --num_steps 15 --front 2 --inject 4 --seed 0 --name flux-dev --controlnet_type none --output_dir ${REPO_ROOT}/core/results/gt_mask_diagnostic_v2/endpoint_gt/synth_0030/seed_000 --vis_path ${REPO_ROOT}/core/results/gt_mask_diagnostic_v2/endpoint_gt/synth_0030/seed_000/tdm --feature_path ${REPO_ROOT}/core/results/gt_mask_diagnostic_v2/endpoint_gt/synth_0030/seed_000/features --attention_part head --attention_edit dog --control-plan-resolved ${REPO_ROOT}/core/protocols/gt_mask_diagnostic_v2/resolved_plans/endpoint_projection_n07.json --tdm_mask_mode original --control-mask-path ${REPO_ROOT}/core/protocols/gt_mask_diagnostic_v2/gt_masks/synth_0030.npy --offload
synth_0030,rk2_gt,0,core/results/gt_mask_diagnostic_v2/rk2_gt/synth_0030/seed_000,core/protocols/gt_mask_diagnostic_v2/gt_masks/synth_0030.npy,cd ${REPO_ROOT}/core/third_party/FollowYourShape/src && python edit.py --source_img_dir ${REPO_ROOT}/core/data/partedit_subset/cases/synth_0030/source.png --source_prompt 'A bear at a jungle' --target_prompt 'A bear with dog head at a jungle' --guidance 2.0 --num_steps 15 --front 2 --inject 4 --seed 0 --name flux-dev --controlnet_type none --output_dir ${REPO_ROOT}/core/results/gt_mask_diagnostic_v2/rk2_gt/synth_0030/seed_000 --vis_path ${REPO_ROOT}/core/results/gt_mask_diagnostic_v2/rk2_gt/synth_0030/seed_000/tdm --feature_path ${REPO_ROOT}/core/results/gt_mask_diagnostic_v2/rk2_gt/synth_0030/seed_000/features --attention_part head --attention_edit dog --control-plan-resolved ${REPO_ROOT}/core/protocols/gt_mask_diagnostic_v2/resolved_plans/residual_rk2_n07.json --tdm_mask_mode original --control-mask-path ${REPO_ROOT}/core/protocols/gt_mask_diagnostic_v2/gt_masks/synth_0030.npy --offload
synth_0030,rk2_n15_auto,0,core/results/gt_mask_diagnostic_v2/rk2_n15_auto/synth_0030/seed_000,core/results/heldout_control_comparison/attention_mask_scout/synth_0030/seed_000/tdm/hybrid_binary_tdm_attention.npy,cd ${REPO_ROOT}/core/third_party/FollowYourShape/src && python edit.py --source_img_dir ${REPO_ROOT}/core/data/partedit_subset/cases/synth_0030/source.png --source_prompt 'A bear at a jungle' --target_prompt 'A bear with dog head at a jungle' --guidance 2.0 --num_steps 15 --front 2 --inject 4 --seed 0 --name flux-dev --controlnet_type none --output_dir ${REPO_ROOT}/core/results/gt_mask_diagnostic_v2/rk2_n15_auto/synth_0030/seed_000 --vis_path ${REPO_ROOT}/core/results/gt_mask_diagnostic_v2/rk2_n15_auto/synth_0030/seed_000/tdm --feature_path ${REPO_ROOT}/core/results/gt_mask_diagnostic_v2/rk2_n15_auto/synth_0030/seed_000/features --attention_part head --attention_edit dog --control-plan-resolved ${REPO_ROOT}/core/protocols/gt_mask_diagnostic_v2/resolved_plans/residual_rk2_n15.json --tdm_mask_mode original --control-mask-path ${REPO_ROOT}/core/results/heldout_control_comparison/attention_mask_scout/synth_0030/seed_000/tdm/hybrid_binary_tdm_attention.npy --offload
synth_0030,rk2_n15_gt,0,core/results/gt_mask_diagnostic_v2/rk2_n15_gt/synth_0030/seed_000,core/protocols/gt_mask_diagnostic_v2/gt_masks/synth_0030.npy,cd ${REPO_ROOT}/core/third_party/FollowYourShape/src && python edit.py --source_img_dir ${REPO_ROOT}/core/data/partedit_subset/cases/synth_0030/source.png --source_prompt 'A bear at a jungle' --target_prompt 'A bear with dog head at a jungle' --guidance 2.0 --num_steps 15 --front 2 --inject 4 --seed 0 --name flux-dev --controlnet_type none --output_dir ${REPO_ROOT}/core/results/gt_mask_diagnostic_v2/rk2_n15_gt/synth_0030/seed_000 --vis_path ${REPO_ROOT}/core/results/gt_mask_diagnostic_v2/rk2_n15_gt/synth_0030/seed_000/tdm --feature_path ${REPO_ROOT}/core/results/gt_mask_diagnostic_v2/rk2_n15_gt/synth_0030/seed_000/features --attention_part head --attention_edit dog --control-plan-resolved ${REPO_ROOT}/core/protocols/gt_mask_diagnostic_v2/resolved_plans/residual_rk2_n15.json --tdm_mask_mode original --control-mask-path ${REPO_ROOT}/core/protocols/gt_mask_diagnostic_v2/gt_masks/synth_0030.npy --offload
synth_0031,endpoint_gt,0,core/results/gt_mask_diagnostic_v2/endpoint_gt/synth_0031/seed_000,core/protocols/gt_mask_diagnostic_v2/gt_masks/synth_0031.npy,cd ${REPO_ROOT}/core/third_party/FollowYourShape/src && python edit.py --source_img_dir ${REPO_ROOT}/core/data/partedit_subset/cases/synth_0031/source.png --source_prompt 'A horse at a jungle' --target_prompt 'A horse with dragon head at a jungle' --guidance 2.0 --num_steps 15 --front 2 --inject 4 --seed 0 --name flux-dev --controlnet_type none --output_dir ${REPO_ROOT}/core/results/gt_mask_diagnostic_v2/endpoint_gt/synth_0031/seed_000 --vis_path ${REPO_ROOT}/core/results/gt_mask_diagnostic_v2/endpoint_gt/synth_0031/seed_000/tdm --feature_path ${REPO_ROOT}/core/results/gt_mask_diagnostic_v2/endpoint_gt/synth_0031/seed_000/features --attention_part head --attention_edit dragon --control-plan-resolved ${REPO_ROOT}/core/protocols/gt_mask_diagnostic_v2/resolved_plans/endpoint_projection_n07.json --tdm_mask_mode original --control-mask-path ${REPO_ROOT}/core/protocols/gt_mask_diagnostic_v2/gt_masks/synth_0031.npy --offload
synth_0031,rk2_gt,0,core/results/gt_mask_diagnostic_v2/rk2_gt/synth_0031/seed_000,core/protocols/gt_mask_diagnostic_v2/gt_masks/synth_0031.npy,cd ${REPO_ROOT}/core/third_party/FollowYourShape/src && python edit.py --source_img_dir ${REPO_ROOT}/core/data/partedit_subset/cases/synth_0031/source.png --source_prompt 'A horse at a jungle' --target_prompt 'A horse with dragon head at a jungle' --guidance 2.0 --num_steps 15 --front 2 --inject 4 --seed 0 --name flux-dev --controlnet_type none --output_dir ${REPO_ROOT}/core/results/gt_mask_diagnostic_v2/rk2_gt/synth_0031/seed_000 --vis_path ${REPO_ROOT}/core/results/gt_mask_diagnostic_v2/rk2_gt/synth_0031/seed_000/tdm --feature_path ${REPO_ROOT}/core/results/gt_mask_diagnostic_v2/rk2_gt/synth_0031/seed_000/features --attention_part head --attention_edit dragon --control-plan-resolved ${REPO_ROOT}/core/protocols/gt_mask_diagnostic_v2/resolved_plans/residual_rk2_n07.json --tdm_mask_mode original --control-mask-path ${REPO_ROOT}/core/protocols/gt_mask_diagnostic_v2/gt_masks/synth_0031.npy --offload
synth_0031,rk2_n15_auto,0,core/results/gt_mask_diagnostic_v2/rk2_n15_auto/synth_0031/seed_000,core/results/heldout_control_comparison/attention_mask_scout/synth_0031/seed_000/tdm/hybrid_binary_tdm_attention.npy,cd ${REPO_ROOT}/core/third_party/FollowYourShape/src && python edit.py --source_img_dir ${REPO_ROOT}/core/data/partedit_subset/cases/synth_0031/source.png --source_prompt 'A horse at a jungle' --target_prompt 'A horse with dragon head at a jungle' --guidance 2.0 --num_steps 15 --front 2 --inject 4 --seed 0 --name flux-dev --controlnet_type none --output_dir ${REPO_ROOT}/core/results/gt_mask_diagnostic_v2/rk2_n15_auto/synth_0031/seed_000 --vis_path ${REPO_ROOT}/core/results/gt_mask_diagnostic_v2/rk2_n15_auto/synth_0031/seed_000/tdm --feature_path ${REPO_ROOT}/core/results/gt_mask_diagnostic_v2/rk2_n15_auto/synth_0031/seed_000/features --attention_part head --attention_edit dragon --control-plan-resolved ${REPO_ROOT}/core/protocols/gt_mask_diagnostic_v2/resolved_plans/residual_rk2_n15.json --tdm_mask_mode original --control-mask-path ${REPO_ROOT}/core/results/heldout_control_comparison/attention_mask_scout/synth_0031/seed_000/tdm/hybrid_binary_tdm_attention.npy --offload
synth_0031,rk2_n15_gt,0,core/results/gt_mask_diagnostic_v2/rk2_n15_gt/synth_0031/seed_000,core/protocols/gt_mask_diagnostic_v2/gt_masks/synth_0031.npy,cd ${REPO_ROOT}/core/third_party/FollowYourShape/src && python edit.py --source_img_dir ${REPO_ROOT}/core/data/partedit_subset/cases/synth_0031/source.png --source_prompt 'A horse at a jungle' --target_prompt 'A horse with dragon head at a jungle' --guidance 2.0 --num_steps 15 --front 2 --inject 4 --seed 0 --name flux-dev --controlnet_type none --output_dir ${REPO_ROOT}/core/results/gt_mask_diagnostic_v2/rk2_n15_gt/synth_0031/seed_000 --vis_path ${REPO_ROOT}/core/results/gt_mask_diagnostic_v2/rk2_n15_gt/synth_0031/seed_000/tdm --feature_path ${REPO_ROOT}/core/results/gt_mask_diagnostic_v2/rk2_n15_gt/synth_0031/seed_000/features --attention_part head --attention_edit dragon --control-plan-resolved ${REPO_ROOT}/core/protocols/gt_mask_diagnostic_v2/resolved_plans/residual_rk2_n15.json --tdm_mask_mode original --control-mask-path ${REPO_ROOT}/core/protocols/gt_mask_diagnostic_v2/gt_masks/synth_0031.npy --offload
synth_0032,endpoint_gt,0,core/results/gt_mask_diagnostic_v2/endpoint_gt/synth_0032/seed_000,core/protocols/gt_mask_diagnostic_v2/gt_masks/synth_0032.npy,cd ${REPO_ROOT}/core/third_party/FollowYourShape/src && python edit.py --source_img_dir ${REPO_ROOT}/core/data/partedit_subset/cases/synth_0032/source.png --source_prompt 'A cat at a desert' --target_prompt 'A cat with dragon head at a desert' --guidance 2.0 --num_steps 15 --front 2 --inject 4 --seed 0 --name flux-dev --controlnet_type none --output_dir ${REPO_ROOT}/core/results/gt_mask_diagnostic_v2/endpoint_gt/synth_0032/seed_000 --vis_path ${REPO_ROOT}/core/results/gt_mask_diagnostic_v2/endpoint_gt/synth_0032/seed_000/tdm --feature_path ${REPO_ROOT}/core/results/gt_mask_diagnostic_v2/endpoint_gt/synth_0032/seed_000/features --attention_part head --attention_edit dragon --control-plan-resolved ${REPO_ROOT}/core/protocols/gt_mask_diagnostic_v2/resolved_plans/endpoint_projection_n07.json --tdm_mask_mode original --control-mask-path ${REPO_ROOT}/core/protocols/gt_mask_diagnostic_v2/gt_masks/synth_0032.npy --offload
synth_0032,rk2_gt,0,core/results/gt_mask_diagnostic_v2/rk2_gt/synth_0032/seed_000,core/protocols/gt_mask_diagnostic_v2/gt_masks/synth_0032.npy,cd ${REPO_ROOT}/core/third_party/FollowYourShape/src && python edit.py --source_img_dir ${REPO_ROOT}/core/data/partedit_subset/cases/synth_0032/source.png --source_prompt 'A cat at a desert' --target_prompt 'A cat with dragon head at a desert' --guidance 2.0 --num_steps 15 --front 2 --inject 4 --seed 0 --name flux-dev --controlnet_type none --output_dir ${REPO_ROOT}/core/results/gt_mask_diagnostic_v2/rk2_gt/synth_0032/seed_000 --vis_path ${REPO_ROOT}/core/results/gt_mask_diagnostic_v2/rk2_gt/synth_0032/seed_000/tdm --feature_path ${REPO_ROOT}/core/results/gt_mask_diagnostic_v2/rk2_gt/synth_0032/seed_000/features --attention_part head --attention_edit dragon --control-plan-resolved ${REPO_ROOT}/core/protocols/gt_mask_diagnostic_v2/resolved_plans/residual_rk2_n07.json --tdm_mask_mode original --control-mask-path ${REPO_ROOT}/core/protocols/gt_mask_diagnostic_v2/gt_masks/synth_0032.npy --offload
synth_0032,rk2_n15_auto,0,core/results/gt_mask_diagnostic_v2/rk2_n15_auto/synth_0032/seed_000,core/results/heldout_control_comparison/attention_mask_scout/synth_0032/seed_000/tdm/hybrid_binary_tdm_attention.npy,cd ${REPO_ROOT}/core/third_party/FollowYourShape/src && python edit.py --source_img_dir ${REPO_ROOT}/core/data/partedit_subset/cases/synth_0032/source.png --source_prompt 'A cat at a desert' --target_prompt 'A cat with dragon head at a desert' --guidance 2.0 --num_steps 15 --front 2 --inject 4 --seed 0 --name flux-dev --controlnet_type none --output_dir ${REPO_ROOT}/core/results/gt_mask_diagnostic_v2/rk2_n15_auto/synth_0032/seed_000 --vis_path ${REPO_ROOT}/core/results/gt_mask_diagnostic_v2/rk2_n15_auto/synth_0032/seed_000/tdm --feature_path ${REPO_ROOT}/core/results/gt_mask_diagnostic_v2/rk2_n15_auto/synth_0032/seed_000/features --attention_part head --attention_edit dragon --control-plan-resolved ${REPO_ROOT}/core/protocols/gt_mask_diagnostic_v2/resolved_plans/residual_rk2_n15.json --tdm_mask_mode original --control-mask-path ${REPO_ROOT}/core/results/heldout_control_comparison/attention_mask_scout/synth_0032/seed_000/tdm/hybrid_binary_tdm_attention.npy --offload
synth_0032,rk2_n15_gt,0,core/results/gt_mask_diagnostic_v2/rk2_n15_gt/synth_0032/seed_000,core/protocols/gt_mask_diagnostic_v2/gt_masks/synth_0032.npy,cd ${REPO_ROOT}/core/third_party/FollowYourShape/src && python edit.py --source_img_dir ${REPO_ROOT}/core/data/partedit_subset/cases/synth_0032/source.png --source_prompt 'A cat at a desert' --target_prompt 'A cat with dragon head at a desert' --guidance 2.0 --num_steps 15 --front 2 --inject 4 --seed 0 --name flux-dev --controlnet_type none --output_dir ${REPO_ROOT}/core/results/gt_mask_diagnostic_v2/rk2_n15_gt/synth_0032/seed_000 --vis_path ${REPO_ROOT}/core/results/gt_mask_diagnostic_v2/rk2_n15_gt/synth_0032/seed_000/tdm --feature_path ${REPO_ROOT}/core/results/gt_mask_diagnostic_v2/rk2_n15_gt/synth_0032/seed_000/features --attention_part head --attention_edit dragon --control-plan-resolved ${REPO_ROOT}/core/protocols/gt_mask_diagnostic_v2/resolved_plans/residual_rk2_n15.json --tdm_mask_mode original --control-mask-path ${REPO_ROOT}/core/protocols/gt_mask_diagnostic_v2/gt_masks/synth_0032.npy --offload
synth_0033,endpoint_gt,0,core/results/gt_mask_diagnostic_v2/endpoint_gt/synth_0033/seed_000,core/protocols/gt_mask_diagnostic_v2/gt_masks/synth_0033.npy,cd ${REPO_ROOT}/core/third_party/FollowYourShape/src && python edit.py --source_img_dir ${REPO_ROOT}/core/data/partedit_subset/cases/synth_0033/source.png --source_prompt 'A dog at a restaurant' --target_prompt 'A dog with cat head at a restaurant' --guidance 2.0 --num_steps 15 --front 2 --inject 4 --seed 0 --name flux-dev --controlnet_type none --output_dir ${REPO_ROOT}/core/results/gt_mask_diagnostic_v2/endpoint_gt/synth_0033/seed_000 --vis_path ${REPO_ROOT}/core/results/gt_mask_diagnostic_v2/endpoint_gt/synth_0033/seed_000/tdm --feature_path ${REPO_ROOT}/core/results/gt_mask_diagnostic_v2/endpoint_gt/synth_0033/seed_000/features --attention_part head --attention_edit cat --control-plan-resolved ${REPO_ROOT}/core/protocols/gt_mask_diagnostic_v2/resolved_plans/endpoint_projection_n07.json --tdm_mask_mode original --control-mask-path ${REPO_ROOT}/core/protocols/gt_mask_diagnostic_v2/gt_masks/synth_0033.npy --offload
synth_0033,rk2_gt,0,core/results/gt_mask_diagnostic_v2/rk2_gt/synth_0033/seed_000,core/protocols/gt_mask_diagnostic_v2/gt_masks/synth_0033.npy,cd ${REPO_ROOT}/core/third_party/FollowYourShape/src && python edit.py --source_img_dir ${REPO_ROOT}/core/data/partedit_subset/cases/synth_0033/source.png --source_prompt 'A dog at a restaurant' --target_prompt 'A dog with cat head at a restaurant' --guidance 2.0 --num_steps 15 --front 2 --inject 4 --seed 0 --name flux-dev --controlnet_type none --output_dir ${REPO_ROOT}/core/results/gt_mask_diagnostic_v2/rk2_gt/synth_0033/seed_000 --vis_path ${REPO_ROOT}/core/results/gt_mask_diagnostic_v2/rk2_gt/synth_0033/seed_000/tdm --feature_path ${REPO_ROOT}/core/results/gt_mask_diagnostic_v2/rk2_gt/synth_0033/seed_000/features --attention_part head --attention_edit cat --control-plan-resolved ${REPO_ROOT}/core/protocols/gt_mask_diagnostic_v2/resolved_plans/residual_rk2_n07.json --tdm_mask_mode original --control-mask-path ${REPO_ROOT}/core/protocols/gt_mask_diagnostic_v2/gt_masks/synth_0033.npy --offload
synth_0033,rk2_n15_auto,0,core/results/gt_mask_diagnostic_v2/rk2_n15_auto/synth_0033/seed_000,core/results/heldout_control_comparison/attention_mask_scout/synth_0033/seed_000/tdm/hybrid_binary_tdm_attention.npy,cd ${REPO_ROOT}/core/third_party/FollowYourShape/src && python edit.py --source_img_dir ${REPO_ROOT}/core/data/partedit_subset/cases/synth_0033/source.png --source_prompt 'A dog at a restaurant' --target_prompt 'A dog with cat head at a restaurant' --guidance 2.0 --num_steps 15 --front 2 --inject 4 --seed 0 --name flux-dev --controlnet_type none --output_dir ${REPO_ROOT}/core/results/gt_mask_diagnostic_v2/rk2_n15_auto/synth_0033/seed_000 --vis_path ${REPO_ROOT}/core/results/gt_mask_diagnostic_v2/rk2_n15_auto/synth_0033/seed_000/tdm --feature_path ${REPO_ROOT}/core/results/gt_mask_diagnostic_v2/rk2_n15_auto/synth_0033/seed_000/features --attention_part head --attention_edit cat --control-plan-resolved ${REPO_ROOT}/core/protocols/gt_mask_diagnostic_v2/resolved_plans/residual_rk2_n15.json --tdm_mask_mode original --control-mask-path ${REPO_ROOT}/core/results/heldout_control_comparison/attention_mask_scout/synth_0033/seed_000/tdm/hybrid_binary_tdm_attention.npy --offload
synth_0033,rk2_n15_gt,0,core/results/gt_mask_diagnostic_v2/rk2_n15_gt/synth_0033/seed_000,core/protocols/gt_mask_diagnostic_v2/gt_masks/synth_0033.npy,cd ${REPO_ROOT}/core/third_party/FollowYourShape/src && python edit.py --source_img_dir ${REPO_ROOT}/core/data/partedit_subset/cases/synth_0033/source.png --source_prompt 'A dog at a restaurant' --target_prompt 'A dog with cat head at a restaurant' --guidance 2.0 --num_steps 15 --front 2 --inject 4 --seed 0 --name flux-dev --controlnet_type none --output_dir ${REPO_ROOT}/core/results/gt_mask_diagnostic_v2/rk2_n15_gt/synth_0033/seed_000 --vis_path ${REPO_ROOT}/core/results/gt_mask_diagnostic_v2/rk2_n15_gt/synth_0033/seed_000/tdm --feature_path ${REPO_ROOT}/core/results/gt_mask_diagnostic_v2/rk2_n15_gt/synth_0033/seed_000/features --attention_part head --attention_edit cat --control-plan-resolved ${REPO_ROOT}/core/protocols/gt_mask_diagnostic_v2/resolved_plans/residual_rk2_n15.json --tdm_mask_mode original --control-mask-path ${REPO_ROOT}/core/protocols/gt_mask_diagnostic_v2/gt_masks/synth_0033.npy --offload
synth_0034,endpoint_gt,0,core/results/gt_mask_diagnostic_v2/endpoint_gt/synth_0034/seed_000,core/protocols/gt_mask_diagnostic_v2/gt_masks/synth_0034.npy,cd ${REPO_ROOT}/core/third_party/FollowYourShape/src && python edit.py --source_img_dir ${REPO_ROOT}/core/data/partedit_subset/cases/synth_0034/source.png --source_prompt 'A dog at a mountain' --target_prompt 'A dog with unicorn head at a mountain' --guidance 2.0 --num_steps 15 --front 2 --inject 4 --seed 0 --name flux-dev --controlnet_type none --output_dir ${REPO_ROOT}/core/results/gt_mask_diagnostic_v2/endpoint_gt/synth_0034/seed_000 --vis_path ${REPO_ROOT}/core/results/gt_mask_diagnostic_v2/endpoint_gt/synth_0034/seed_000/tdm --feature_path ${REPO_ROOT}/core/results/gt_mask_diagnostic_v2/endpoint_gt/synth_0034/seed_000/features --attention_part head --attention_edit unicorn --control-plan-resolved ${REPO_ROOT}/core/protocols/gt_mask_diagnostic_v2/resolved_plans/endpoint_projection_n07.json --tdm_mask_mode original --control-mask-path ${REPO_ROOT}/core/protocols/gt_mask_diagnostic_v2/gt_masks/synth_0034.npy --offload
synth_0034,rk2_gt,0,core/results/gt_mask_diagnostic_v2/rk2_gt/synth_0034/seed_000,core/protocols/gt_mask_diagnostic_v2/gt_masks/synth_0034.npy,cd ${REPO_ROOT}/core/third_party/FollowYourShape/src && python edit.py --source_img_dir ${REPO_ROOT}/core/data/partedit_subset/cases/synth_0034/source.png --source_prompt 'A dog at a mountain' --target_prompt 'A dog with unicorn head at a mountain' --guidance 2.0 --num_steps 15 --front 2 --inject 4 --seed 0 --name flux-dev --controlnet_type none --output_dir ${REPO_ROOT}/core/results/gt_mask_diagnostic_v2/rk2_gt/synth_0034/seed_000 --vis_path ${REPO_ROOT}/core/results/gt_mask_diagnostic_v2/rk2_gt/synth_0034/seed_000/tdm --feature_path ${REPO_ROOT}/core/results/gt_mask_diagnostic_v2/rk2_gt/synth_0034/seed_000/features --attention_part head --attention_edit unicorn --control-plan-resolved ${REPO_ROOT}/core/protocols/gt_mask_diagnostic_v2/resolved_plans/residual_rk2_n07.json --tdm_mask_mode original --control-mask-path ${REPO_ROOT}/core/protocols/gt_mask_diagnostic_v2/gt_masks/synth_0034.npy --offload
synth_0034,rk2_n15_auto,0,core/results/gt_mask_diagnostic_v2/rk2_n15_auto/synth_0034/seed_000,core/results/heldout_control_comparison/attention_mask_scout/synth_0034/seed_000/tdm/hybrid_binary_tdm_attention.npy,cd ${REPO_ROOT}/core/third_party/FollowYourShape/src && python edit.py --source_img_dir ${REPO_ROOT}/core/data/partedit_subset/cases/synth_0034/source.png --source_prompt 'A dog at a mountain' --target_prompt 'A dog with unicorn head at a mountain' --guidance 2.0 --num_steps 15 --front 2 --inject 4 --seed 0 --name flux-dev --controlnet_type none --output_dir ${REPO_ROOT}/core/results/gt_mask_diagnostic_v2/rk2_n15_auto/synth_0034/seed_000 --vis_path ${REPO_ROOT}/core/results/gt_mask_diagnostic_v2/rk2_n15_auto/synth_0034/seed_000/tdm --feature_path ${REPO_ROOT}/core/results/gt_mask_diagnostic_v2/rk2_n15_auto/synth_0034/seed_000/features --attention_part head --attention_edit unicorn --control-plan-resolved ${REPO_ROOT}/core/protocols/gt_mask_diagnostic_v2/resolved_plans/residual_rk2_n15.json --tdm_mask_mode original --control-mask-path ${REPO_ROOT}/core/results/heldout_control_comparison/attention_mask_scout/synth_0034/seed_000/tdm/hybrid_binary_tdm_attention.npy --offload
synth_0034,rk2_n15_gt,0,core/results/gt_mask_diagnostic_v2/rk2_n15_gt/synth_0034/seed_000,core/protocols/gt_mask_diagnostic_v2/gt_masks/synth_0034.npy,cd ${REPO_ROOT}/core/third_party/FollowYourShape/src && python edit.py --source_img_dir ${REPO_ROOT}/core/data/partedit_subset/cases/synth_0034/source.png --source_prompt 'A dog at a mountain' --target_prompt 'A dog with unicorn head at a mountain' --guidance 2.0 --num_steps 15 --front 2 --inject 4 --seed 0 --name flux-dev --controlnet_type none --output_dir ${REPO_ROOT}/core/results/gt_mask_diagnostic_v2/rk2_n15_gt/synth_0034/seed_000 --vis_path ${REPO_ROOT}/core/results/gt_mask_diagnostic_v2/rk2_n15_gt/synth_0034/seed_000/tdm --feature_path ${REPO_ROOT}/core/results/gt_mask_diagnostic_v2/rk2_n15_gt/synth_0034/seed_000/features --attention_part head --attention_edit unicorn --control-plan-resolved ${REPO_ROOT}/core/protocols/gt_mask_diagnostic_v2/resolved_plans/residual_rk2_n15.json --tdm_mask_mode original --control-mask-path ${REPO_ROOT}/core/protocols/gt_mask_diagnostic_v2/gt_masks/synth_0034.npy --offload
synth_0035,endpoint_gt,0,core/results/gt_mask_diagnostic_v2/endpoint_gt/synth_0035/seed_000,core/protocols/gt_mask_diagnostic_v2/gt_masks/synth_0035.npy,cd ${REPO_ROOT}/core/third_party/FollowYourShape/src && python edit.py --source_img_dir ${REPO_ROOT}/core/data/partedit_subset/cases/synth_0035/source.png --source_prompt 'A cat at a museum' --target_prompt 'A cat with cheetah head at a museum' --guidance 2.0 --num_steps 15 --front 2 --inject 4 --seed 0 --name flux-dev --controlnet_type none --output_dir ${REPO_ROOT}/core/results/gt_mask_diagnostic_v2/endpoint_gt/synth_0035/seed_000 --vis_path ${REPO_ROOT}/core/results/gt_mask_diagnostic_v2/endpoint_gt/synth_0035/seed_000/tdm --feature_path ${REPO_ROOT}/core/results/gt_mask_diagnostic_v2/endpoint_gt/synth_0035/seed_000/features --attention_part head --attention_edit cheetah --control-plan-resolved ${REPO_ROOT}/core/protocols/gt_mask_diagnostic_v2/resolved_plans/endpoint_projection_n07.json --tdm_mask_mode original --control-mask-path ${REPO_ROOT}/core/protocols/gt_mask_diagnostic_v2/gt_masks/synth_0035.npy --offload
synth_0035,rk2_gt,0,core/results/gt_mask_diagnostic_v2/rk2_gt/synth_0035/seed_000,core/protocols/gt_mask_diagnostic_v2/gt_masks/synth_0035.npy,cd ${REPO_ROOT}/core/third_party/FollowYourShape/src && python edit.py --source_img_dir ${REPO_ROOT}/core/data/partedit_subset/cases/synth_0035/source.png --source_prompt 'A cat at a museum' --target_prompt 'A cat with cheetah head at a museum' --guidance 2.0 --num_steps 15 --front 2 --inject 4 --seed 0 --name flux-dev --controlnet_type none --output_dir ${REPO_ROOT}/core/results/gt_mask_diagnostic_v2/rk2_gt/synth_0035/seed_000 --vis_path ${REPO_ROOT}/core/results/gt_mask_diagnostic_v2/rk2_gt/synth_0035/seed_000/tdm --feature_path ${REPO_ROOT}/core/results/gt_mask_diagnostic_v2/rk2_gt/synth_0035/seed_000/features --attention_part head --attention_edit cheetah --control-plan-resolved ${REPO_ROOT}/core/protocols/gt_mask_diagnostic_v2/resolved_plans/residual_rk2_n07.json --tdm_mask_mode original --control-mask-path ${REPO_ROOT}/core/protocols/gt_mask_diagnostic_v2/gt_masks/synth_0035.npy --offload
synth_0035,rk2_n15_auto,0,core/results/gt_mask_diagnostic_v2/rk2_n15_auto/synth_0035/seed_000,core/results/heldout_control_comparison/attention_mask_scout/synth_0035/seed_000/tdm/hybrid_binary_tdm_attention.npy,cd ${REPO_ROOT}/core/third_party/FollowYourShape/src && python edit.py --source_img_dir ${REPO_ROOT}/core/data/partedit_subset/cases/synth_0035/source.png --source_prompt 'A cat at a museum' --target_prompt 'A cat with cheetah head at a museum' --guidance 2.0 --num_steps 15 --front 2 --inject 4 --seed 0 --name flux-dev --controlnet_type none --output_dir ${REPO_ROOT}/core/results/gt_mask_diagnostic_v2/rk2_n15_auto/synth_0035/seed_000 --vis_path ${REPO_ROOT}/core/results/gt_mask_diagnostic_v2/rk2_n15_auto/synth_0035/seed_000/tdm --feature_path ${REPO_ROOT}/core/results/gt_mask_diagnostic_v2/rk2_n15_auto/synth_0035/seed_000/features --attention_part head --attention_edit cheetah --control-plan-resolved ${REPO_ROOT}/core/protocols/gt_mask_diagnostic_v2/resolved_plans/residual_rk2_n15.json --tdm_mask_mode original --control-mask-path ${REPO_ROOT}/core/results/heldout_control_comparison/attention_mask_scout/synth_0035/seed_000/tdm/hybrid_binary_tdm_attention.npy --offload
synth_0035,rk2_n15_gt,0,core/results/gt_mask_diagnostic_v2/rk2_n15_gt/synth_0035/seed_000,core/protocols/gt_mask_diagnostic_v2/gt_masks/synth_0035.npy,cd ${REPO_ROOT}/core/third_party/FollowYourShape/src && python edit.py --source_img_dir ${REPO_ROOT}/core/data/partedit_subset/cases/synth_0035/source.png --source_prompt 'A cat at a museum' --target_prompt 'A cat with cheetah head at a museum' --guidance 2.0 --num_steps 15 --front 2 --inject 4 --seed 0 --name flux-dev --controlnet_type none --output_dir ${REPO_ROOT}/core/results/gt_mask_diagnostic_v2/rk2_n15_gt/synth_0035/seed_000 --vis_path ${REPO_ROOT}/core/results/gt_mask_diagnostic_v2/rk2_n15_gt/synth_0035/seed_000/tdm --feature_path ${REPO_ROOT}/core/results/gt_mask_diagnostic_v2/rk2_n15_gt/synth_0035/seed_000/features --attention_part head --attention_edit cheetah --control-plan-resolved ${REPO_ROOT}/core/protocols/gt_mask_diagnostic_v2/resolved_plans/residual_rk2_n15.json --tdm_mask_mode original --control-mask-path ${REPO_ROOT}/core/protocols/gt_mask_diagnostic_v2/gt_masks/synth_0035.npy --offload
synth_0036,endpoint_gt,0,core/results/gt_mask_diagnostic_v2/endpoint_gt/synth_0036/seed_000,core/protocols/gt_mask_diagnostic_v2/gt_masks/synth_0036.npy,cd ${REPO_ROOT}/core/third_party/FollowYourShape/src && python edit.py --source_img_dir ${REPO_ROOT}/core/data/partedit_subset/cases/synth_0036/source.png --source_prompt 'A bear at a zoo' --target_prompt 'A bear with lion head at a zoo' --guidance 2.0 --num_steps 15 --front 2 --inject 4 --seed 0 --name flux-dev --controlnet_type none --output_dir ${REPO_ROOT}/core/results/gt_mask_diagnostic_v2/endpoint_gt/synth_0036/seed_000 --vis_path ${REPO_ROOT}/core/results/gt_mask_diagnostic_v2/endpoint_gt/synth_0036/seed_000/tdm --feature_path ${REPO_ROOT}/core/results/gt_mask_diagnostic_v2/endpoint_gt/synth_0036/seed_000/features --attention_part head --attention_edit lion --control-plan-resolved ${REPO_ROOT}/core/protocols/gt_mask_diagnostic_v2/resolved_plans/endpoint_projection_n07.json --tdm_mask_mode original --control-mask-path ${REPO_ROOT}/core/protocols/gt_mask_diagnostic_v2/gt_masks/synth_0036.npy --offload
synth_0036,rk2_gt,0,core/results/gt_mask_diagnostic_v2/rk2_gt/synth_0036/seed_000,core/protocols/gt_mask_diagnostic_v2/gt_masks/synth_0036.npy,cd ${REPO_ROOT}/core/third_party/FollowYourShape/src && python edit.py --source_img_dir ${REPO_ROOT}/core/data/partedit_subset/cases/synth_0036/source.png --source_prompt 'A bear at a zoo' --target_prompt 'A bear with lion head at a zoo' --guidance 2.0 --num_steps 15 --front 2 --inject 4 --seed 0 --name flux-dev --controlnet_type none --output_dir ${REPO_ROOT}/core/results/gt_mask_diagnostic_v2/rk2_gt/synth_0036/seed_000 --vis_path ${REPO_ROOT}/core/results/gt_mask_diagnostic_v2/rk2_gt/synth_0036/seed_000/tdm --feature_path ${REPO_ROOT}/core/results/gt_mask_diagnostic_v2/rk2_gt/synth_0036/seed_000/features --attention_part head --attention_edit lion --control-plan-resolved ${REPO_ROOT}/core/protocols/gt_mask_diagnostic_v2/resolved_plans/residual_rk2_n07.json --tdm_mask_mode original --control-mask-path ${REPO_ROOT}/core/protocols/gt_mask_diagnostic_v2/gt_masks/synth_0036.npy --offload
synth_0036,rk2_n15_auto,0,core/results/gt_mask_diagnostic_v2/rk2_n15_auto/synth_0036/seed_000,core/results/heldout_control_comparison/attention_mask_scout/synth_0036/seed_000/tdm/hybrid_binary_tdm_attention.npy,cd ${REPO_ROOT}/core/third_party/FollowYourShape/src && python edit.py --source_img_dir ${REPO_ROOT}/core/data/partedit_subset/cases/synth_0036/source.png --source_prompt 'A bear at a zoo' --target_prompt 'A bear with lion head at a zoo' --guidance 2.0 --num_steps 15 --front 2 --inject 4 --seed 0 --name flux-dev --controlnet_type none --output_dir ${REPO_ROOT}/core/results/gt_mask_diagnostic_v2/rk2_n15_auto/synth_0036/seed_000 --vis_path ${REPO_ROOT}/core/results/gt_mask_diagnostic_v2/rk2_n15_auto/synth_0036/seed_000/tdm --feature_path ${REPO_ROOT}/core/results/gt_mask_diagnostic_v2/rk2_n15_auto/synth_0036/seed_000/features --attention_part head --attention_edit lion --control-plan-resolved ${REPO_ROOT}/core/protocols/gt_mask_diagnostic_v2/resolved_plans/residual_rk2_n15.json --tdm_mask_mode original --control-mask-path ${REPO_ROOT}/core/results/heldout_control_comparison/attention_mask_scout/synth_0036/seed_000/tdm/hybrid_binary_tdm_attention.npy --offload
synth_0036,rk2_n15_gt,0,core/results/gt_mask_diagnostic_v2/rk2_n15_gt/synth_0036/seed_000,core/protocols/gt_mask_diagnostic_v2/gt_masks/synth_0036.npy,cd ${REPO_ROOT}/core/third_party/FollowYourShape/src && python edit.py --source_img_dir ${REPO_ROOT}/core/data/partedit_subset/cases/synth_0036/source.png --source_prompt 'A bear at a zoo' --target_prompt 'A bear with lion head at a zoo' --guidance 2.0 --num_steps 15 --front 2 --inject 4 --seed 0 --name flux-dev --controlnet_type none --output_dir ${REPO_ROOT}/core/results/gt_mask_diagnostic_v2/rk2_n15_gt/synth_0036/seed_000 --vis_path ${REPO_ROOT}/core/results/gt_mask_diagnostic_v2/rk2_n15_gt/synth_0036/seed_000/tdm --feature_path ${REPO_ROOT}/core/results/gt_mask_diagnostic_v2/rk2_n15_gt/synth_0036/seed_000/features --attention_part head --attention_edit lion --control-plan-resolved ${REPO_ROOT}/core/protocols/gt_mask_diagnostic_v2/resolved_plans/residual_rk2_n15.json --tdm_mask_mode original --control-mask-path ${REPO_ROOT}/core/protocols/gt_mask_diagnostic_v2/gt_masks/synth_0036.npy --offload
synth_0037,endpoint_gt,0,core/results/gt_mask_diagnostic_v2/endpoint_gt/synth_0037/seed_000,core/protocols/gt_mask_diagnostic_v2/gt_masks/synth_0037.npy,cd ${REPO_ROOT}/core/third_party/FollowYourShape/src && python edit.py --source_img_dir ${REPO_ROOT}/core/data/partedit_subset/cases/synth_0037/source.png --source_prompt 'A dog at a farm' --target_prompt 'A dog with dragon head at a farm' --guidance 2.0 --num_steps 15 --front 2 --inject 4 --seed 0 --name flux-dev --controlnet_type none --output_dir ${REPO_ROOT}/core/results/gt_mask_diagnostic_v2/endpoint_gt/synth_0037/seed_000 --vis_path ${REPO_ROOT}/core/results/gt_mask_diagnostic_v2/endpoint_gt/synth_0037/seed_000/tdm --feature_path ${REPO_ROOT}/core/results/gt_mask_diagnostic_v2/endpoint_gt/synth_0037/seed_000/features --attention_part head --attention_edit dragon --control-plan-resolved ${REPO_ROOT}/core/protocols/gt_mask_diagnostic_v2/resolved_plans/endpoint_projection_n07.json --tdm_mask_mode original --control-mask-path ${REPO_ROOT}/core/protocols/gt_mask_diagnostic_v2/gt_masks/synth_0037.npy --offload
synth_0037,rk2_gt,0,core/results/gt_mask_diagnostic_v2/rk2_gt/synth_0037/seed_000,core/protocols/gt_mask_diagnostic_v2/gt_masks/synth_0037.npy,cd ${REPO_ROOT}/core/third_party/FollowYourShape/src && python edit.py --source_img_dir ${REPO_ROOT}/core/data/partedit_subset/cases/synth_0037/source.png --source_prompt 'A dog at a farm' --target_prompt 'A dog with dragon head at a farm' --guidance 2.0 --num_steps 15 --front 2 --inject 4 --seed 0 --name flux-dev --controlnet_type none --output_dir ${REPO_ROOT}/core/results/gt_mask_diagnostic_v2/rk2_gt/synth_0037/seed_000 --vis_path ${REPO_ROOT}/core/results/gt_mask_diagnostic_v2/rk2_gt/synth_0037/seed_000/tdm --feature_path ${REPO_ROOT}/core/results/gt_mask_diagnostic_v2/rk2_gt/synth_0037/seed_000/features --attention_part head --attention_edit dragon --control-plan-resolved ${REPO_ROOT}/core/protocols/gt_mask_diagnostic_v2/resolved_plans/residual_rk2_n07.json --tdm_mask_mode original --control-mask-path ${REPO_ROOT}/core/protocols/gt_mask_diagnostic_v2/gt_masks/synth_0037.npy --offload
synth_0037,rk2_n15_auto,0,core/results/gt_mask_diagnostic_v2/rk2_n15_auto/synth_0037/seed_000,core/results/heldout_control_comparison/attention_mask_scout/synth_0037/seed_000/tdm/hybrid_binary_tdm_attention.npy,cd ${REPO_ROOT}/core/third_party/FollowYourShape/src && python edit.py --source_img_dir ${REPO_ROOT}/core/data/partedit_subset/cases/synth_0037/source.png --source_prompt 'A dog at a farm' --target_prompt 'A dog with dragon head at a farm' --guidance 2.0 --num_steps 15 --front 2 --inject 4 --seed 0 --name flux-dev --controlnet_type none --output_dir ${REPO_ROOT}/core/results/gt_mask_diagnostic_v2/rk2_n15_auto/synth_0037/seed_000 --vis_path ${REPO_ROOT}/core/results/gt_mask_diagnostic_v2/rk2_n15_auto/synth_0037/seed_000/tdm --feature_path ${REPO_ROOT}/core/results/gt_mask_diagnostic_v2/rk2_n15_auto/synth_0037/seed_000/features --attention_part head --attention_edit dragon --control-plan-resolved ${REPO_ROOT}/core/protocols/gt_mask_diagnostic_v2/resolved_plans/residual_rk2_n15.json --tdm_mask_mode original --control-mask-path ${REPO_ROOT}/core/results/heldout_control_comparison/attention_mask_scout/synth_0037/seed_000/tdm/hybrid_binary_tdm_attention.npy --offload
synth_0037,rk2_n15_gt,0,core/results/gt_mask_diagnostic_v2/rk2_n15_gt/synth_0037/seed_000,core/protocols/gt_mask_diagnostic_v2/gt_masks/synth_0037.npy,cd ${REPO_ROOT}/core/third_party/FollowYourShape/src && python edit.py --source_img_dir ${REPO_ROOT}/core/data/partedit_subset/cases/synth_0037/source.png --source_prompt 'A dog at a farm' --target_prompt 'A dog with dragon head at a farm' --guidance 2.0 --num_steps 15 --front 2 --inject 4 --seed 0 --name flux-dev --controlnet_type none --output_dir ${REPO_ROOT}/core/results/gt_mask_diagnostic_v2/rk2_n15_gt/synth_0037/seed_000 --vis_path ${REPO_ROOT}/core/results/gt_mask_diagnostic_v2/rk2_n15_gt/synth_0037/seed_000/tdm --feature_path ${REPO_ROOT}/core/results/gt_mask_diagnostic_v2/rk2_n15_gt/synth_0037/seed_000/features --attention_part head --attention_edit dragon --control-plan-resolved ${REPO_ROOT}/core/protocols/gt_mask_diagnostic_v2/resolved_plans/residual_rk2_n15.json --tdm_mask_mode original --control-mask-path ${REPO_ROOT}/core/protocols/gt_mask_diagnostic_v2/gt_masks/synth_0037.npy --offload
synth_0038,endpoint_gt,0,core/results/gt_mask_diagnostic_v2/endpoint_gt/synth_0038/seed_000,core/protocols/gt_mask_diagnostic_v2/gt_masks/synth_0038.npy,cd ${REPO_ROOT}/core/third_party/FollowYourShape/src && python edit.py --source_img_dir ${REPO_ROOT}/core/data/partedit_subset/cases/synth_0038/source.png --source_prompt 'A horse at a zoo' --target_prompt 'A horse with dragon head at a zoo' --guidance 2.0 --num_steps 15 --front 2 --inject 4 --seed 0 --name flux-dev --controlnet_type none --output_dir ${REPO_ROOT}/core/results/gt_mask_diagnostic_v2/endpoint_gt/synth_0038/seed_000 --vis_path ${REPO_ROOT}/core/results/gt_mask_diagnostic_v2/endpoint_gt/synth_0038/seed_000/tdm --feature_path ${REPO_ROOT}/core/results/gt_mask_diagnostic_v2/endpoint_gt/synth_0038/seed_000/features --attention_part head --attention_edit dragon --control-plan-resolved ${REPO_ROOT}/core/protocols/gt_mask_diagnostic_v2/resolved_plans/endpoint_projection_n07.json --tdm_mask_mode original --control-mask-path ${REPO_ROOT}/core/protocols/gt_mask_diagnostic_v2/gt_masks/synth_0038.npy --offload
synth_0038,rk2_gt,0,core/results/gt_mask_diagnostic_v2/rk2_gt/synth_0038/seed_000,core/protocols/gt_mask_diagnostic_v2/gt_masks/synth_0038.npy,cd ${REPO_ROOT}/core/third_party/FollowYourShape/src && python edit.py --source_img_dir ${REPO_ROOT}/core/data/partedit_subset/cases/synth_0038/source.png --source_prompt 'A horse at a zoo' --target_prompt 'A horse with dragon head at a zoo' --guidance 2.0 --num_steps 15 --front 2 --inject 4 --seed 0 --name flux-dev --controlnet_type none --output_dir ${REPO_ROOT}/core/results/gt_mask_diagnostic_v2/rk2_gt/synth_0038/seed_000 --vis_path ${REPO_ROOT}/core/results/gt_mask_diagnostic_v2/rk2_gt/synth_0038/seed_000/tdm --feature_path ${REPO_ROOT}/core/results/gt_mask_diagnostic_v2/rk2_gt/synth_0038/seed_000/features --attention_part head --attention_edit dragon --control-plan-resolved ${REPO_ROOT}/core/protocols/gt_mask_diagnostic_v2/resolved_plans/residual_rk2_n07.json --tdm_mask_mode original --control-mask-path ${REPO_ROOT}/core/protocols/gt_mask_diagnostic_v2/gt_masks/synth_0038.npy --offload
synth_0038,rk2_n15_auto,0,core/results/gt_mask_diagnostic_v2/rk2_n15_auto/synth_0038/seed_000,core/results/heldout_control_comparison/attention_mask_scout/synth_0038/seed_000/tdm/hybrid_binary_tdm_attention.npy,cd ${REPO_ROOT}/core/third_party/FollowYourShape/src && python edit.py --source_img_dir ${REPO_ROOT}/core/data/partedit_subset/cases/synth_0038/source.png --source_prompt 'A horse at a zoo' --target_prompt 'A horse with dragon head at a zoo' --guidance 2.0 --num_steps 15 --front 2 --inject 4 --seed 0 --name flux-dev --controlnet_type none --output_dir ${REPO_ROOT}/core/results/gt_mask_diagnostic_v2/rk2_n15_auto/synth_0038/seed_000 --vis_path ${REPO_ROOT}/core/results/gt_mask_diagnostic_v2/rk2_n15_auto/synth_0038/seed_000/tdm --feature_path ${REPO_ROOT}/core/results/gt_mask_diagnostic_v2/rk2_n15_auto/synth_0038/seed_000/features --attention_part head --attention_edit dragon --control-plan-resolved ${REPO_ROOT}/core/protocols/gt_mask_diagnostic_v2/resolved_plans/residual_rk2_n15.json --tdm_mask_mode original --control-mask-path ${REPO_ROOT}/core/results/heldout_control_comparison/attention_mask_scout/synth_0038/seed_000/tdm/hybrid_binary_tdm_attention.npy --offload
synth_0038,rk2_n15_gt,0,core/results/gt_mask_diagnostic_v2/rk2_n15_gt/synth_0038/seed_000,core/protocols/gt_mask_diagnostic_v2/gt_masks/synth_0038.npy,cd ${REPO_ROOT}/core/third_party/FollowYourShape/src && python edit.py --source_img_dir ${REPO_ROOT}/core/data/partedit_subset/cases/synth_0038/source.png --source_prompt 'A horse at a zoo' --target_prompt 'A horse with dragon head at a zoo' --guidance 2.0 --num_steps 15 --front 2 --inject 4 --seed 0 --name flux-dev --controlnet_type none --output_dir ${REPO_ROOT}/core/results/gt_mask_diagnostic_v2/rk2_n15_gt/synth_0038/seed_000 --vis_path ${REPO_ROOT}/core/results/gt_mask_diagnostic_v2/rk2_n15_gt/synth_0038/seed_000/tdm --feature_path ${REPO_ROOT}/core/results/gt_mask_diagnostic_v2/rk2_n15_gt/synth_0038/seed_000/features --attention_part head --attention_edit dragon --control-plan-resolved ${REPO_ROOT}/core/protocols/gt_mask_diagnostic_v2/resolved_plans/residual_rk2_n15.json --tdm_mask_mode original --control-mask-path ${REPO_ROOT}/core/protocols/gt_mask_diagnostic_v2/gt_masks/synth_0038.npy --offload
synth_0039,endpoint_gt,0,core/results/gt_mask_diagnostic_v2/endpoint_gt/synth_0039/seed_000,core/protocols/gt_mask_diagnostic_v2/gt_masks/synth_0039.npy,cd ${REPO_ROOT}/core/third_party/FollowYourShape/src && python edit.py --source_img_dir ${REPO_ROOT}/core/data/partedit_subset/cases/synth_0039/source.png --source_prompt 'A cow at a house' --target_prompt 'A cow with unicorn head at a house' --guidance 2.0 --num_steps 15 --front 2 --inject 4 --seed 0 --name flux-dev --controlnet_type none --output_dir ${REPO_ROOT}/core/results/gt_mask_diagnostic_v2/endpoint_gt/synth_0039/seed_000 --vis_path ${REPO_ROOT}/core/results/gt_mask_diagnostic_v2/endpoint_gt/synth_0039/seed_000/tdm --feature_path ${REPO_ROOT}/core/results/gt_mask_diagnostic_v2/endpoint_gt/synth_0039/seed_000/features --attention_part head --attention_edit unicorn --control-plan-resolved ${REPO_ROOT}/core/protocols/gt_mask_diagnostic_v2/resolved_plans/endpoint_projection_n07.json --tdm_mask_mode original --control-mask-path ${REPO_ROOT}/core/protocols/gt_mask_diagnostic_v2/gt_masks/synth_0039.npy --offload
synth_0039,rk2_gt,0,core/results/gt_mask_diagnostic_v2/rk2_gt/synth_0039/seed_000,core/protocols/gt_mask_diagnostic_v2/gt_masks/synth_0039.npy,cd ${REPO_ROOT}/core/third_party/FollowYourShape/src && python edit.py --source_img_dir ${REPO_ROOT}/core/data/partedit_subset/cases/synth_0039/source.png --source_prompt 'A cow at a house' --target_prompt 'A cow with unicorn head at a house' --guidance 2.0 --num_steps 15 --front 2 --inject 4 --seed 0 --name flux-dev --controlnet_type none --output_dir ${REPO_ROOT}/core/results/gt_mask_diagnostic_v2/rk2_gt/synth_0039/seed_000 --vis_path ${REPO_ROOT}/core/results/gt_mask_diagnostic_v2/rk2_gt/synth_0039/seed_000/tdm --feature_path ${REPO_ROOT}/core/results/gt_mask_diagnostic_v2/rk2_gt/synth_0039/seed_000/features --attention_part head --attention_edit unicorn --control-plan-resolved ${REPO_ROOT}/core/protocols/gt_mask_diagnostic_v2/resolved_plans/residual_rk2_n07.json --tdm_mask_mode original --control-mask-path ${REPO_ROOT}/core/protocols/gt_mask_diagnostic_v2/gt_masks/synth_0039.npy --offload
synth_0039,rk2_n15_auto,0,core/results/gt_mask_diagnostic_v2/rk2_n15_auto/synth_0039/seed_000,core/results/heldout_control_comparison/attention_mask_scout/synth_0039/seed_000/tdm/hybrid_binary_tdm_attention.npy,cd ${REPO_ROOT}/core/third_party/FollowYourShape/src && python edit.py --source_img_dir ${REPO_ROOT}/core/data/partedit_subset/cases/synth_0039/source.png --source_prompt 'A cow at a house' --target_prompt 'A cow with unicorn head at a house' --guidance 2.0 --num_steps 15 --front 2 --inject 4 --seed 0 --name flux-dev --controlnet_type none --output_dir ${REPO_ROOT}/core/results/gt_mask_diagnostic_v2/rk2_n15_auto/synth_0039/seed_000 --vis_path ${REPO_ROOT}/core/results/gt_mask_diagnostic_v2/rk2_n15_auto/synth_0039/seed_000/tdm --feature_path ${REPO_ROOT}/core/results/gt_mask_diagnostic_v2/rk2_n15_auto/synth_0039/seed_000/features --attention_part head --attention_edit unicorn --control-plan-resolved ${REPO_ROOT}/core/protocols/gt_mask_diagnostic_v2/resolved_plans/residual_rk2_n15.json --tdm_mask_mode original --control-mask-path ${REPO_ROOT}/core/results/heldout_control_comparison/attention_mask_scout/synth_0039/seed_000/tdm/hybrid_binary_tdm_attention.npy --offload
synth_0039,rk2_n15_gt,0,core/results/gt_mask_diagnostic_v2/rk2_n15_gt/synth_0039/seed_000,core/protocols/gt_mask_diagnostic_v2/gt_masks/synth_0039.npy,cd ${REPO_ROOT}/core/third_party/FollowYourShape/src && python edit.py --source_img_dir ${REPO_ROOT}/core/data/partedit_subset/cases/synth_0039/source.png --source_prompt 'A cow at a house' --target_prompt 'A cow with unicorn head at a house' --guidance 2.0 --num_steps 15 --front 2 --inject 4 --seed 0 --name flux-dev --controlnet_type none --output_dir ${REPO_ROOT}/core/results/gt_mask_diagnostic_v2/rk2_n15_gt/synth_0039/seed_000 --vis_path ${REPO_ROOT}/core/results/gt_mask_diagnostic_v2/rk2_n15_gt/synth_0039/seed_000/tdm --feature_path ${REPO_ROOT}/core/results/gt_mask_diagnostic_v2/rk2_n15_gt/synth_0039/seed_000/features --attention_part head --attention_edit unicorn --control-plan-resolved ${REPO_ROOT}/core/protocols/gt_mask_diagnostic_v2/resolved_plans/residual_rk2_n15.json --tdm_mask_mode original --control-mask-path ${REPO_ROOT}/core/protocols/gt_mask_diagnostic_v2/gt_masks/synth_0039.npy --offload
synth_0040,endpoint_gt,0,core/results/gt_mask_diagnostic_v2/endpoint_gt/synth_0040/seed_000,core/protocols/gt_mask_diagnostic_v2/gt_masks/synth_0040.npy,cd ${REPO_ROOT}/core/third_party/FollowYourShape/src && python edit.py --source_img_dir ${REPO_ROOT}/core/data/partedit_subset/cases/synth_0040/source.png --source_prompt 'A bear at a pool' --target_prompt 'A bear with tiger head at a pool' --guidance 2.0 --num_steps 15 --front 2 --inject 4 --seed 0 --name flux-dev --controlnet_type none --output_dir ${REPO_ROOT}/core/results/gt_mask_diagnostic_v2/endpoint_gt/synth_0040/seed_000 --vis_path ${REPO_ROOT}/core/results/gt_mask_diagnostic_v2/endpoint_gt/synth_0040/seed_000/tdm --feature_path ${REPO_ROOT}/core/results/gt_mask_diagnostic_v2/endpoint_gt/synth_0040/seed_000/features --attention_part head --attention_edit tiger --control-plan-resolved ${REPO_ROOT}/core/protocols/gt_mask_diagnostic_v2/resolved_plans/endpoint_projection_n07.json --tdm_mask_mode original --control-mask-path ${REPO_ROOT}/core/protocols/gt_mask_diagnostic_v2/gt_masks/synth_0040.npy --offload
synth_0040,rk2_gt,0,core/results/gt_mask_diagnostic_v2/rk2_gt/synth_0040/seed_000,core/protocols/gt_mask_diagnostic_v2/gt_masks/synth_0040.npy,cd ${REPO_ROOT}/core/third_party/FollowYourShape/src && python edit.py --source_img_dir ${REPO_ROOT}/core/data/partedit_subset/cases/synth_0040/source.png --source_prompt 'A bear at a pool' --target_prompt 'A bear with tiger head at a pool' --guidance 2.0 --num_steps 15 --front 2 --inject 4 --seed 0 --name flux-dev --controlnet_type none --output_dir ${REPO_ROOT}/core/results/gt_mask_diagnostic_v2/rk2_gt/synth_0040/seed_000 --vis_path ${REPO_ROOT}/core/results/gt_mask_diagnostic_v2/rk2_gt/synth_0040/seed_000/tdm --feature_path ${REPO_ROOT}/core/results/gt_mask_diagnostic_v2/rk2_gt/synth_0040/seed_000/features --attention_part head --attention_edit tiger --control-plan-resolved ${REPO_ROOT}/core/protocols/gt_mask_diagnostic_v2/resolved_plans/residual_rk2_n07.json --tdm_mask_mode original --control-mask-path ${REPO_ROOT}/core/protocols/gt_mask_diagnostic_v2/gt_masks/synth_0040.npy --offload
synth_0040,rk2_n15_auto,0,core/results/gt_mask_diagnostic_v2/rk2_n15_auto/synth_0040/seed_000,core/results/heldout_control_comparison/attention_mask_scout/synth_0040/seed_000/tdm/hybrid_binary_tdm_attention.npy,cd ${REPO_ROOT}/core/third_party/FollowYourShape/src && python edit.py --source_img_dir ${REPO_ROOT}/core/data/partedit_subset/cases/synth_0040/source.png --source_prompt 'A bear at a pool' --target_prompt 'A bear with tiger head at a pool' --guidance 2.0 --num_steps 15 --front 2 --inject 4 --seed 0 --name flux-dev --controlnet_type none --output_dir ${REPO_ROOT}/core/results/gt_mask_diagnostic_v2/rk2_n15_auto/synth_0040/seed_000 --vis_path ${REPO_ROOT}/core/results/gt_mask_diagnostic_v2/rk2_n15_auto/synth_0040/seed_000/tdm --feature_path ${REPO_ROOT}/core/results/gt_mask_diagnostic_v2/rk2_n15_auto/synth_0040/seed_000/features --attention_part head --attention_edit tiger --control-plan-resolved ${REPO_ROOT}/core/protocols/gt_mask_diagnostic_v2/resolved_plans/residual_rk2_n15.json --tdm_mask_mode original --control-mask-path ${REPO_ROOT}/core/results/heldout_control_comparison/attention_mask_scout/synth_0040/seed_000/tdm/hybrid_binary_tdm_attention.npy --offload
synth_0040,rk2_n15_gt,0,core/results/gt_mask_diagnostic_v2/rk2_n15_gt/synth_0040/seed_000,core/protocols/gt_mask_diagnostic_v2/gt_masks/synth_0040.npy,cd ${REPO_ROOT}/core/third_party/FollowYourShape/src && python edit.py --source_img_dir ${REPO_ROOT}/core/data/partedit_subset/cases/synth_0040/source.png --source_prompt 'A bear at a pool' --target_prompt 'A bear with tiger head at a pool' --guidance 2.0 --num_steps 15 --front 2 --inject 4 --seed 0 --name flux-dev --controlnet_type none --output_dir ${REPO_ROOT}/core/results/gt_mask_diagnostic_v2/rk2_n15_gt/synth_0040/seed_000 --vis_path ${REPO_ROOT}/core/results/gt_mask_diagnostic_v2/rk2_n15_gt/synth_0040/seed_000/tdm --feature_path ${REPO_ROOT}/core/results/gt_mask_diagnostic_v2/rk2_n15_gt/synth_0040/seed_000/features --attention_part head --attention_edit tiger --control-plan-resolved ${REPO_ROOT}/core/protocols/gt_mask_diagnostic_v2/resolved_plans/residual_rk2_n15.json --tdm_mask_mode original --control-mask-path ${REPO_ROOT}/core/protocols/gt_mask_diagnostic_v2/gt_masks/synth_0040.npy --offload
synth_0041,endpoint_gt,0,core/results/gt_mask_diagnostic_v2/endpoint_gt/synth_0041/seed_000,core/protocols/gt_mask_diagnostic_v2/gt_masks/synth_0041.npy,cd ${REPO_ROOT}/core/third_party/FollowYourShape/src && python edit.py --source_img_dir ${REPO_ROOT}/core/data/partedit_subset/cases/synth_0041/source.png --source_prompt 'A cat at a mountain' --target_prompt 'A cat with panda head at a mountain' --guidance 2.0 --num_steps 15 --front 2 --inject 4 --seed 0 --name flux-dev --controlnet_type none --output_dir ${REPO_ROOT}/core/results/gt_mask_diagnostic_v2/endpoint_gt/synth_0041/seed_000 --vis_path ${REPO_ROOT}/core/results/gt_mask_diagnostic_v2/endpoint_gt/synth_0041/seed_000/tdm --feature_path ${REPO_ROOT}/core/results/gt_mask_diagnostic_v2/endpoint_gt/synth_0041/seed_000/features --attention_part head --attention_edit panda --control-plan-resolved ${REPO_ROOT}/core/protocols/gt_mask_diagnostic_v2/resolved_plans/endpoint_projection_n07.json --tdm_mask_mode original --control-mask-path ${REPO_ROOT}/core/protocols/gt_mask_diagnostic_v2/gt_masks/synth_0041.npy --offload
synth_0041,rk2_gt,0,core/results/gt_mask_diagnostic_v2/rk2_gt/synth_0041/seed_000,core/protocols/gt_mask_diagnostic_v2/gt_masks/synth_0041.npy,cd ${REPO_ROOT}/core/third_party/FollowYourShape/src && python edit.py --source_img_dir ${REPO_ROOT}/core/data/partedit_subset/cases/synth_0041/source.png --source_prompt 'A cat at a mountain' --target_prompt 'A cat with panda head at a mountain' --guidance 2.0 --num_steps 15 --front 2 --inject 4 --seed 0 --name flux-dev --controlnet_type none --output_dir ${REPO_ROOT}/core/results/gt_mask_diagnostic_v2/rk2_gt/synth_0041/seed_000 --vis_path ${REPO_ROOT}/core/results/gt_mask_diagnostic_v2/rk2_gt/synth_0041/seed_000/tdm --feature_path ${REPO_ROOT}/core/results/gt_mask_diagnostic_v2/rk2_gt/synth_0041/seed_000/features --attention_part head --attention_edit panda --control-plan-resolved ${REPO_ROOT}/core/protocols/gt_mask_diagnostic_v2/resolved_plans/residual_rk2_n07.json --tdm_mask_mode original --control-mask-path ${REPO_ROOT}/core/protocols/gt_mask_diagnostic_v2/gt_masks/synth_0041.npy --offload
synth_0041,rk2_n15_auto,0,core/results/gt_mask_diagnostic_v2/rk2_n15_auto/synth_0041/seed_000,core/results/heldout_control_comparison/attention_mask_scout/synth_0041/seed_000/tdm/hybrid_binary_tdm_attention.npy,cd ${REPO_ROOT}/core/third_party/FollowYourShape/src && python edit.py --source_img_dir ${REPO_ROOT}/core/data/partedit_subset/cases/synth_0041/source.png --source_prompt 'A cat at a mountain' --target_prompt 'A cat with panda head at a mountain' --guidance 2.0 --num_steps 15 --front 2 --inject 4 --seed 0 --name flux-dev --controlnet_type none --output_dir ${REPO_ROOT}/core/results/gt_mask_diagnostic_v2/rk2_n15_auto/synth_0041/seed_000 --vis_path ${REPO_ROOT}/core/results/gt_mask_diagnostic_v2/rk2_n15_auto/synth_0041/seed_000/tdm --feature_path ${REPO_ROOT}/core/results/gt_mask_diagnostic_v2/rk2_n15_auto/synth_0041/seed_000/features --attention_part head --attention_edit panda --control-plan-resolved ${REPO_ROOT}/core/protocols/gt_mask_diagnostic_v2/resolved_plans/residual_rk2_n15.json --tdm_mask_mode original --control-mask-path ${REPO_ROOT}/core/results/heldout_control_comparison/attention_mask_scout/synth_0041/seed_000/tdm/hybrid_binary_tdm_attention.npy --offload
synth_0041,rk2_n15_gt,0,core/results/gt_mask_diagnostic_v2/rk2_n15_gt/synth_0041/seed_000,core/protocols/gt_mask_diagnostic_v2/gt_masks/synth_0041.npy,cd ${REPO_ROOT}/core/third_party/FollowYourShape/src && python edit.py --source_img_dir ${REPO_ROOT}/core/data/partedit_subset/cases/synth_0041/source.png --source_prompt 'A cat at a mountain' --target_prompt 'A cat with panda head at a mountain' --guidance 2.0 --num_steps 15 --front 2 --inject 4 --seed 0 --name flux-dev --controlnet_type none --output_dir ${REPO_ROOT}/core/results/gt_mask_diagnostic_v2/rk2_n15_gt/synth_0041/seed_000 --vis_path ${REPO_ROOT}/core/results/gt_mask_diagnostic_v2/rk2_n15_gt/synth_0041/seed_000/tdm --feature_path ${REPO_ROOT}/core/results/gt_mask_diagnostic_v2/rk2_n15_gt/synth_0041/seed_000/features --attention_part head --attention_edit panda --control-plan-resolved ${REPO_ROOT}/core/protocols/gt_mask_diagnostic_v2/resolved_plans/residual_rk2_n15.json --tdm_mask_mode original --control-mask-path ${REPO_ROOT}/core/protocols/gt_mask_diagnostic_v2/gt_masks/synth_0041.npy --offload
synth_0042,endpoint_gt,0,core/results/gt_mask_diagnostic_v2/endpoint_gt/synth_0042/seed_000,core/protocols/gt_mask_diagnostic_v2/gt_masks/synth_0042.npy,cd ${REPO_ROOT}/core/third_party/FollowYourShape/src && python edit.py --source_img_dir ${REPO_ROOT}/core/data/partedit_subset/cases/synth_0042/source.png --source_prompt 'A panda at a school' --target_prompt 'A panda with cheetah head at a school' --guidance 2.0 --num_steps 15 --front 2 --inject 4 --seed 0 --name flux-dev --controlnet_type none --output_dir ${REPO_ROOT}/core/results/gt_mask_diagnostic_v2/endpoint_gt/synth_0042/seed_000 --vis_path ${REPO_ROOT}/core/results/gt_mask_diagnostic_v2/endpoint_gt/synth_0042/seed_000/tdm --feature_path ${REPO_ROOT}/core/results/gt_mask_diagnostic_v2/endpoint_gt/synth_0042/seed_000/features --attention_part head --attention_edit cheetah --control-plan-resolved ${REPO_ROOT}/core/protocols/gt_mask_diagnostic_v2/resolved_plans/endpoint_projection_n07.json --tdm_mask_mode original --control-mask-path ${REPO_ROOT}/core/protocols/gt_mask_diagnostic_v2/gt_masks/synth_0042.npy --offload
synth_0042,rk2_gt,0,core/results/gt_mask_diagnostic_v2/rk2_gt/synth_0042/seed_000,core/protocols/gt_mask_diagnostic_v2/gt_masks/synth_0042.npy,cd ${REPO_ROOT}/core/third_party/FollowYourShape/src && python edit.py --source_img_dir ${REPO_ROOT}/core/data/partedit_subset/cases/synth_0042/source.png --source_prompt 'A panda at a school' --target_prompt 'A panda with cheetah head at a school' --guidance 2.0 --num_steps 15 --front 2 --inject 4 --seed 0 --name flux-dev --controlnet_type none --output_dir ${REPO_ROOT}/core/results/gt_mask_diagnostic_v2/rk2_gt/synth_0042/seed_000 --vis_path ${REPO_ROOT}/core/results/gt_mask_diagnostic_v2/rk2_gt/synth_0042/seed_000/tdm --feature_path ${REPO_ROOT}/core/results/gt_mask_diagnostic_v2/rk2_gt/synth_0042/seed_000/features --attention_part head --attention_edit cheetah --control-plan-resolved ${REPO_ROOT}/core/protocols/gt_mask_diagnostic_v2/resolved_plans/residual_rk2_n07.json --tdm_mask_mode original --control-mask-path ${REPO_ROOT}/core/protocols/gt_mask_diagnostic_v2/gt_masks/synth_0042.npy --offload
synth_0042,rk2_n15_auto,0,core/results/gt_mask_diagnostic_v2/rk2_n15_auto/synth_0042/seed_000,core/results/heldout_control_comparison/attention_mask_scout/synth_0042/seed_000/tdm/hybrid_binary_tdm_attention.npy,cd ${REPO_ROOT}/core/third_party/FollowYourShape/src && python edit.py --source_img_dir ${REPO_ROOT}/core/data/partedit_subset/cases/synth_0042/source.png --source_prompt 'A panda at a school' --target_prompt 'A panda with cheetah head at a school' --guidance 2.0 --num_steps 15 --front 2 --inject 4 --seed 0 --name flux-dev --controlnet_type none --output_dir ${REPO_ROOT}/core/results/gt_mask_diagnostic_v2/rk2_n15_auto/synth_0042/seed_000 --vis_path ${REPO_ROOT}/core/results/gt_mask_diagnostic_v2/rk2_n15_auto/synth_0042/seed_000/tdm --feature_path ${REPO_ROOT}/core/results/gt_mask_diagnostic_v2/rk2_n15_auto/synth_0042/seed_000/features --attention_part head --attention_edit cheetah --control-plan-resolved ${REPO_ROOT}/core/protocols/gt_mask_diagnostic_v2/resolved_plans/residual_rk2_n15.json --tdm_mask_mode original --control-mask-path ${REPO_ROOT}/core/results/heldout_control_comparison/attention_mask_scout/synth_0042/seed_000/tdm/hybrid_binary_tdm_attention.npy --offload
synth_0042,rk2_n15_gt,0,core/results/gt_mask_diagnostic_v2/rk2_n15_gt/synth_0042/seed_000,core/protocols/gt_mask_diagnostic_v2/gt_masks/synth_0042.npy,cd ${REPO_ROOT}/core/third_party/FollowYourShape/src && python edit.py --source_img_dir ${REPO_ROOT}/core/data/partedit_subset/cases/synth_0042/source.png --source_prompt 'A panda at a school' --target_prompt 'A panda with cheetah head at a school' --guidance 2.0 --num_steps 15 --front 2 --inject 4 --seed 0 --name flux-dev --controlnet_type none --output_dir ${REPO_ROOT}/core/results/gt_mask_diagnostic_v2/rk2_n15_gt/synth_0042/seed_000 --vis_path ${REPO_ROOT}/core/results/gt_mask_diagnostic_v2/rk2_n15_gt/synth_0042/seed_000/tdm --feature_path ${REPO_ROOT}/core/results/gt_mask_diagnostic_v2/rk2_n15_gt/synth_0042/seed_000/features --attention_part head --attention_edit cheetah --control-plan-resolved ${REPO_ROOT}/core/protocols/gt_mask_diagnostic_v2/resolved_plans/residual_rk2_n15.json --tdm_mask_mode original --control-mask-path ${REPO_ROOT}/core/protocols/gt_mask_diagnostic_v2/gt_masks/synth_0042.npy --offload
synth_0043,endpoint_gt,0,core/results/gt_mask_diagnostic_v2/endpoint_gt/synth_0043/seed_000,core/protocols/gt_mask_diagnostic_v2/gt_masks/synth_0043.npy,cd ${REPO_ROOT}/core/third_party/FollowYourShape/src && python edit.py --source_img_dir ${REPO_ROOT}/core/data/partedit_subset/cases/synth_0043/source.png --source_prompt 'A bear at a jungle' --target_prompt 'A bear with dragon head at a jungle' --guidance 2.0 --num_steps 15 --front 2 --inject 4 --seed 0 --name flux-dev --controlnet_type none --output_dir ${REPO_ROOT}/core/results/gt_mask_diagnostic_v2/endpoint_gt/synth_0043/seed_000 --vis_path ${REPO_ROOT}/core/results/gt_mask_diagnostic_v2/endpoint_gt/synth_0043/seed_000/tdm --feature_path ${REPO_ROOT}/core/results/gt_mask_diagnostic_v2/endpoint_gt/synth_0043/seed_000/features --attention_part head --attention_edit dragon --control-plan-resolved ${REPO_ROOT}/core/protocols/gt_mask_diagnostic_v2/resolved_plans/endpoint_projection_n07.json --tdm_mask_mode original --control-mask-path ${REPO_ROOT}/core/protocols/gt_mask_diagnostic_v2/gt_masks/synth_0043.npy --offload
synth_0043,rk2_gt,0,core/results/gt_mask_diagnostic_v2/rk2_gt/synth_0043/seed_000,core/protocols/gt_mask_diagnostic_v2/gt_masks/synth_0043.npy,cd ${REPO_ROOT}/core/third_party/FollowYourShape/src && python edit.py --source_img_dir ${REPO_ROOT}/core/data/partedit_subset/cases/synth_0043/source.png --source_prompt 'A bear at a jungle' --target_prompt 'A bear with dragon head at a jungle' --guidance 2.0 --num_steps 15 --front 2 --inject 4 --seed 0 --name flux-dev --controlnet_type none --output_dir ${REPO_ROOT}/core/results/gt_mask_diagnostic_v2/rk2_gt/synth_0043/seed_000 --vis_path ${REPO_ROOT}/core/results/gt_mask_diagnostic_v2/rk2_gt/synth_0043/seed_000/tdm --feature_path ${REPO_ROOT}/core/results/gt_mask_diagnostic_v2/rk2_gt/synth_0043/seed_000/features --attention_part head --attention_edit dragon --control-plan-resolved ${REPO_ROOT}/core/protocols/gt_mask_diagnostic_v2/resolved_plans/residual_rk2_n07.json --tdm_mask_mode original --control-mask-path ${REPO_ROOT}/core/protocols/gt_mask_diagnostic_v2/gt_masks/synth_0043.npy --offload
synth_0043,rk2_n15_auto,0,core/results/gt_mask_diagnostic_v2/rk2_n15_auto/synth_0043/seed_000,core/results/heldout_control_comparison/attention_mask_scout/synth_0043/seed_000/tdm/hybrid_binary_tdm_attention.npy,cd ${REPO_ROOT}/core/third_party/FollowYourShape/src && python edit.py --source_img_dir ${REPO_ROOT}/core/data/partedit_subset/cases/synth_0043/source.png --source_prompt 'A bear at a jungle' --target_prompt 'A bear with dragon head at a jungle' --guidance 2.0 --num_steps 15 --front 2 --inject 4 --seed 0 --name flux-dev --controlnet_type none --output_dir ${REPO_ROOT}/core/results/gt_mask_diagnostic_v2/rk2_n15_auto/synth_0043/seed_000 --vis_path ${REPO_ROOT}/core/results/gt_mask_diagnostic_v2/rk2_n15_auto/synth_0043/seed_000/tdm --feature_path ${REPO_ROOT}/core/results/gt_mask_diagnostic_v2/rk2_n15_auto/synth_0043/seed_000/features --attention_part head --attention_edit dragon --control-plan-resolved ${REPO_ROOT}/core/protocols/gt_mask_diagnostic_v2/resolved_plans/residual_rk2_n15.json --tdm_mask_mode original --control-mask-path ${REPO_ROOT}/core/results/heldout_control_comparison/attention_mask_scout/synth_0043/seed_000/tdm/hybrid_binary_tdm_attention.npy --offload
synth_0043,rk2_n15_gt,0,core/results/gt_mask_diagnostic_v2/rk2_n15_gt/synth_0043/seed_000,core/protocols/gt_mask_diagnostic_v2/gt_masks/synth_0043.npy,cd ${REPO_ROOT}/core/third_party/FollowYourShape/src && python edit.py --source_img_dir ${REPO_ROOT}/core/data/partedit_subset/cases/synth_0043/source.png --source_prompt 'A bear at a jungle' --target_prompt 'A bear with dragon head at a jungle' --guidance 2.0 --num_steps 15 --front 2 --inject 4 --seed 0 --name flux-dev --controlnet_type none --output_dir ${REPO_ROOT}/core/results/gt_mask_diagnostic_v2/rk2_n15_gt/synth_0043/seed_000 --vis_path ${REPO_ROOT}/core/results/gt_mask_diagnostic_v2/rk2_n15_gt/synth_0043/seed_000/tdm --feature_path ${REPO_ROOT}/core/results/gt_mask_diagnostic_v2/rk2_n15_gt/synth_0043/seed_000/features --attention_part head --attention_edit dragon --control-plan-resolved ${REPO_ROOT}/core/protocols/gt_mask_diagnostic_v2/resolved_plans/residual_rk2_n15.json --tdm_mask_mode original --control-mask-path ${REPO_ROOT}/core/protocols/gt_mask_diagnostic_v2/gt_masks/synth_0043.npy --offload
synth_0044,endpoint_gt,0,core/results/gt_mask_diagnostic_v2/endpoint_gt/synth_0044/seed_000,core/protocols/gt_mask_diagnostic_v2/gt_masks/synth_0044.npy,cd ${REPO_ROOT}/core/third_party/FollowYourShape/src && python edit.py --source_img_dir ${REPO_ROOT}/core/data/partedit_subset/cases/synth_0044/source.png --source_prompt 'A bear at a zoo' --target_prompt 'A bear with lion head at a zoo' --guidance 2.0 --num_steps 15 --front 2 --inject 4 --seed 0 --name flux-dev --controlnet_type none --output_dir ${REPO_ROOT}/core/results/gt_mask_diagnostic_v2/endpoint_gt/synth_0044/seed_000 --vis_path ${REPO_ROOT}/core/results/gt_mask_diagnostic_v2/endpoint_gt/synth_0044/seed_000/tdm --feature_path ${REPO_ROOT}/core/results/gt_mask_diagnostic_v2/endpoint_gt/synth_0044/seed_000/features --attention_part head --attention_edit lion --control-plan-resolved ${REPO_ROOT}/core/protocols/gt_mask_diagnostic_v2/resolved_plans/endpoint_projection_n07.json --tdm_mask_mode original --control-mask-path ${REPO_ROOT}/core/protocols/gt_mask_diagnostic_v2/gt_masks/synth_0044.npy --offload
synth_0044,rk2_gt,0,core/results/gt_mask_diagnostic_v2/rk2_gt/synth_0044/seed_000,core/protocols/gt_mask_diagnostic_v2/gt_masks/synth_0044.npy,cd ${REPO_ROOT}/core/third_party/FollowYourShape/src && python edit.py --source_img_dir ${REPO_ROOT}/core/data/partedit_subset/cases/synth_0044/source.png --source_prompt 'A bear at a zoo' --target_prompt 'A bear with lion head at a zoo' --guidance 2.0 --num_steps 15 --front 2 --inject 4 --seed 0 --name flux-dev --controlnet_type none --output_dir ${REPO_ROOT}/core/results/gt_mask_diagnostic_v2/rk2_gt/synth_0044/seed_000 --vis_path ${REPO_ROOT}/core/results/gt_mask_diagnostic_v2/rk2_gt/synth_0044/seed_000/tdm --feature_path ${REPO_ROOT}/core/results/gt_mask_diagnostic_v2/rk2_gt/synth_0044/seed_000/features --attention_part head --attention_edit lion --control-plan-resolved ${REPO_ROOT}/core/protocols/gt_mask_diagnostic_v2/resolved_plans/residual_rk2_n07.json --tdm_mask_mode original --control-mask-path ${REPO_ROOT}/core/protocols/gt_mask_diagnostic_v2/gt_masks/synth_0044.npy --offload
synth_0044,rk2_n15_auto,0,core/results/gt_mask_diagnostic_v2/rk2_n15_auto/synth_0044/seed_000,core/results/heldout_control_comparison/attention_mask_scout/synth_0044/seed_000/tdm/hybrid_binary_tdm_attention.npy,cd ${REPO_ROOT}/core/third_party/FollowYourShape/src && python edit.py --source_img_dir ${REPO_ROOT}/core/data/partedit_subset/cases/synth_0044/source.png --source_prompt 'A bear at a zoo' --target_prompt 'A bear with lion head at a zoo' --guidance 2.0 --num_steps 15 --front 2 --inject 4 --seed 0 --name flux-dev --controlnet_type none --output_dir ${REPO_ROOT}/core/results/gt_mask_diagnostic_v2/rk2_n15_auto/synth_0044/seed_000 --vis_path ${REPO_ROOT}/core/results/gt_mask_diagnostic_v2/rk2_n15_auto/synth_0044/seed_000/tdm --feature_path ${REPO_ROOT}/core/results/gt_mask_diagnostic_v2/rk2_n15_auto/synth_0044/seed_000/features --attention_part head --attention_edit lion --control-plan-resolved ${REPO_ROOT}/core/protocols/gt_mask_diagnostic_v2/resolved_plans/residual_rk2_n15.json --tdm_mask_mode original --control-mask-path ${REPO_ROOT}/core/results/heldout_control_comparison/attention_mask_scout/synth_0044/seed_000/tdm/hybrid_binary_tdm_attention.npy --offload
synth_0044,rk2_n15_gt,0,core/results/gt_mask_diagnostic_v2/rk2_n15_gt/synth_0044/seed_000,core/protocols/gt_mask_diagnostic_v2/gt_masks/synth_0044.npy,cd ${REPO_ROOT}/core/third_party/FollowYourShape/src && python edit.py --source_img_dir ${REPO_ROOT}/core/data/partedit_subset/cases/synth_0044/source.png --source_prompt 'A bear at a zoo' --target_prompt 'A bear with lion head at a zoo' --guidance 2.0 --num_steps 15 --front 2 --inject 4 --seed 0 --name flux-dev --controlnet_type none --output_dir ${REPO_ROOT}/core/results/gt_mask_diagnostic_v2/rk2_n15_gt/synth_0044/seed_000 --vis_path ${REPO_ROOT}/core/results/gt_mask_diagnostic_v2/rk2_n15_gt/synth_0044/seed_000/tdm --feature_path ${REPO_ROOT}/core/results/gt_mask_diagnostic_v2/rk2_n15_gt/synth_0044/seed_000/features --attention_part head --attention_edit lion --control-plan-resolved ${REPO_ROOT}/core/protocols/gt_mask_diagnostic_v2/resolved_plans/residual_rk2_n15.json --tdm_mask_mode original --control-mask-path ${REPO_ROOT}/core/protocols/gt_mask_diagnostic_v2/gt_masks/synth_0044.npy --offload
synth_0045,endpoint_gt,0,core/results/gt_mask_diagnostic_v2/endpoint_gt/synth_0045/seed_000,core/protocols/gt_mask_diagnostic_v2/gt_masks/synth_0045.npy,cd ${REPO_ROOT}/core/third_party/FollowYourShape/src && python edit.py --source_img_dir ${REPO_ROOT}/core/data/partedit_subset/cases/synth_0045/source.png --source_prompt 'A dog at a store' --target_prompt 'A dog with panda head at a store' --guidance 2.0 --num_steps 15 --front 2 --inject 4 --seed 0 --name flux-dev --controlnet_type none --output_dir ${REPO_ROOT}/core/results/gt_mask_diagnostic_v2/endpoint_gt/synth_0045/seed_000 --vis_path ${REPO_ROOT}/core/results/gt_mask_diagnostic_v2/endpoint_gt/synth_0045/seed_000/tdm --feature_path ${REPO_ROOT}/core/results/gt_mask_diagnostic_v2/endpoint_gt/synth_0045/seed_000/features --attention_part head --attention_edit panda --control-plan-resolved ${REPO_ROOT}/core/protocols/gt_mask_diagnostic_v2/resolved_plans/endpoint_projection_n07.json --tdm_mask_mode original --control-mask-path ${REPO_ROOT}/core/protocols/gt_mask_diagnostic_v2/gt_masks/synth_0045.npy --offload
synth_0045,rk2_gt,0,core/results/gt_mask_diagnostic_v2/rk2_gt/synth_0045/seed_000,core/protocols/gt_mask_diagnostic_v2/gt_masks/synth_0045.npy,cd ${REPO_ROOT}/core/third_party/FollowYourShape/src && python edit.py --source_img_dir ${REPO_ROOT}/core/data/partedit_subset/cases/synth_0045/source.png --source_prompt 'A dog at a store' --target_prompt 'A dog with panda head at a store' --guidance 2.0 --num_steps 15 --front 2 --inject 4 --seed 0 --name flux-dev --controlnet_type none --output_dir ${REPO_ROOT}/core/results/gt_mask_diagnostic_v2/rk2_gt/synth_0045/seed_000 --vis_path ${REPO_ROOT}/core/results/gt_mask_diagnostic_v2/rk2_gt/synth_0045/seed_000/tdm --feature_path ${REPO_ROOT}/core/results/gt_mask_diagnostic_v2/rk2_gt/synth_0045/seed_000/features --attention_part head --attention_edit panda --control-plan-resolved ${REPO_ROOT}/core/protocols/gt_mask_diagnostic_v2/resolved_plans/residual_rk2_n07.json --tdm_mask_mode original --control-mask-path ${REPO_ROOT}/core/protocols/gt_mask_diagnostic_v2/gt_masks/synth_0045.npy --offload
synth_0045,rk2_n15_auto,0,core/results/gt_mask_diagnostic_v2/rk2_n15_auto/synth_0045/seed_000,core/results/heldout_control_comparison/attention_mask_scout/synth_0045/seed_000/tdm/hybrid_binary_tdm_attention.npy,cd ${REPO_ROOT}/core/third_party/FollowYourShape/src && python edit.py --source_img_dir ${REPO_ROOT}/core/data/partedit_subset/cases/synth_0045/source.png --source_prompt 'A dog at a store' --target_prompt 'A dog with panda head at a store' --guidance 2.0 --num_steps 15 --front 2 --inject 4 --seed 0 --name flux-dev --controlnet_type none --output_dir ${REPO_ROOT}/core/results/gt_mask_diagnostic_v2/rk2_n15_auto/synth_0045/seed_000 --vis_path ${REPO_ROOT}/core/results/gt_mask_diagnostic_v2/rk2_n15_auto/synth_0045/seed_000/tdm --feature_path ${REPO_ROOT}/core/results/gt_mask_diagnostic_v2/rk2_n15_auto/synth_0045/seed_000/features --attention_part head --attention_edit panda --control-plan-resolved ${REPO_ROOT}/core/protocols/gt_mask_diagnostic_v2/resolved_plans/residual_rk2_n15.json --tdm_mask_mode original --control-mask-path ${REPO_ROOT}/core/results/heldout_control_comparison/attention_mask_scout/synth_0045/seed_000/tdm/hybrid_binary_tdm_attention.npy --offload
synth_0045,rk2_n15_gt,0,core/results/gt_mask_diagnostic_v2/rk2_n15_gt/synth_0045/seed_000,core/protocols/gt_mask_diagnostic_v2/gt_masks/synth_0045.npy,cd ${REPO_ROOT}/core/third_party/FollowYourShape/src && python edit.py --source_img_dir ${REPO_ROOT}/core/data/partedit_subset/cases/synth_0045/source.png --source_prompt 'A dog at a store' --target_prompt 'A dog with panda head at a store' --guidance 2.0 --num_steps 15 --front 2 --inject 4 --seed 0 --name flux-dev --controlnet_type none --output_dir ${REPO_ROOT}/core/results/gt_mask_diagnostic_v2/rk2_n15_gt/synth_0045/seed_000 --vis_path ${REPO_ROOT}/core/results/gt_mask_diagnostic_v2/rk2_n15_gt/synth_0045/seed_000/tdm --feature_path ${REPO_ROOT}/core/results/gt_mask_diagnostic_v2/rk2_n15_gt/synth_0045/seed_000/features --attention_part head --attention_edit panda --control-plan-resolved ${REPO_ROOT}/core/protocols/gt_mask_diagnostic_v2/resolved_plans/residual_rk2_n15.json --tdm_mask_mode original --control-mask-path ${REPO_ROOT}/core/protocols/gt_mask_diagnostic_v2/gt_masks/synth_0045.npy --offload
synth_0046,endpoint_gt,0,core/results/gt_mask_diagnostic_v2/endpoint_gt/synth_0046/seed_000,core/protocols/gt_mask_diagnostic_v2/gt_masks/synth_0046.npy,cd ${REPO_ROOT}/core/third_party/FollowYourShape/src && python edit.py --source_img_dir ${REPO_ROOT}/core/data/partedit_subset/cases/synth_0046/source.png --source_prompt 'A luxury-car at a mountain road' --target_prompt 'A luxury-car with armored car body at a mountain road' --guidance 2.0 --num_steps 15 --front 2 --inject 4 --seed 0 --name flux-dev --controlnet_type none --output_dir ${REPO_ROOT}/core/results/gt_mask_diagnostic_v2/endpoint_gt/synth_0046/seed_000 --vis_path ${REPO_ROOT}/core/results/gt_mask_diagnostic_v2/endpoint_gt/synth_0046/seed_000/tdm --feature_path ${REPO_ROOT}/core/results/gt_mask_diagnostic_v2/endpoint_gt/synth_0046/seed_000/features --attention_part 'car body' --attention_edit armored --control-plan-resolved ${REPO_ROOT}/core/protocols/gt_mask_diagnostic_v2/resolved_plans/endpoint_projection_n07.json --tdm_mask_mode original --control-mask-path ${REPO_ROOT}/core/protocols/gt_mask_diagnostic_v2/gt_masks/synth_0046.npy --offload
synth_0046,rk2_gt,0,core/results/gt_mask_diagnostic_v2/rk2_gt/synth_0046/seed_000,core/protocols/gt_mask_diagnostic_v2/gt_masks/synth_0046.npy,cd ${REPO_ROOT}/core/third_party/FollowYourShape/src && python edit.py --source_img_dir ${REPO_ROOT}/core/data/partedit_subset/cases/synth_0046/source.png --source_prompt 'A luxury-car at a mountain road' --target_prompt 'A luxury-car with armored car body at a mountain road' --guidance 2.0 --num_steps 15 --front 2 --inject 4 --seed 0 --name flux-dev --controlnet_type none --output_dir ${REPO_ROOT}/core/results/gt_mask_diagnostic_v2/rk2_gt/synth_0046/seed_000 --vis_path ${REPO_ROOT}/core/results/gt_mask_diagnostic_v2/rk2_gt/synth_0046/seed_000/tdm --feature_path ${REPO_ROOT}/core/results/gt_mask_diagnostic_v2/rk2_gt/synth_0046/seed_000/features --attention_part 'car body' --attention_edit armored --control-plan-resolved ${REPO_ROOT}/core/protocols/gt_mask_diagnostic_v2/resolved_plans/residual_rk2_n07.json --tdm_mask_mode original --control-mask-path ${REPO_ROOT}/core/protocols/gt_mask_diagnostic_v2/gt_masks/synth_0046.npy --offload
synth_0046,rk2_n15_auto,0,core/results/gt_mask_diagnostic_v2/rk2_n15_auto/synth_0046/seed_000,core/results/heldout_control_comparison/attention_mask_scout/synth_0046/seed_000/tdm/hybrid_binary_tdm_attention.npy,cd ${REPO_ROOT}/core/third_party/FollowYourShape/src && python edit.py --source_img_dir ${REPO_ROOT}/core/data/partedit_subset/cases/synth_0046/source.png --source_prompt 'A luxury-car at a mountain road' --target_prompt 'A luxury-car with armored car body at a mountain road' --guidance 2.0 --num_steps 15 --front 2 --inject 4 --seed 0 --name flux-dev --controlnet_type none --output_dir ${REPO_ROOT}/core/results/gt_mask_diagnostic_v2/rk2_n15_auto/synth_0046/seed_000 --vis_path ${REPO_ROOT}/core/results/gt_mask_diagnostic_v2/rk2_n15_auto/synth_0046/seed_000/tdm --feature_path ${REPO_ROOT}/core/results/gt_mask_diagnostic_v2/rk2_n15_auto/synth_0046/seed_000/features --attention_part 'car body' --attention_edit armored --control-plan-resolved ${REPO_ROOT}/core/protocols/gt_mask_diagnostic_v2/resolved_plans/residual_rk2_n15.json --tdm_mask_mode original --control-mask-path ${REPO_ROOT}/core/results/heldout_control_comparison/attention_mask_scout/synth_0046/seed_000/tdm/hybrid_binary_tdm_attention.npy --offload
synth_0046,rk2_n15_gt,0,core/results/gt_mask_diagnostic_v2/rk2_n15_gt/synth_0046/seed_000,core/protocols/gt_mask_diagnostic_v2/gt_masks/synth_0046.npy,cd ${REPO_ROOT}/core/third_party/FollowYourShape/src && python edit.py --source_img_dir ${REPO_ROOT}/core/data/partedit_subset/cases/synth_0046/source.png --source_prompt 'A luxury-car at a mountain road' --target_prompt 'A luxury-car with armored car body at a mountain road' --guidance 2.0 --num_steps 15 --front 2 --inject 4 --seed 0 --name flux-dev --controlnet_type none --output_dir ${REPO_ROOT}/core/results/gt_mask_diagnostic_v2/rk2_n15_gt/synth_0046/seed_000 --vis_path ${REPO_ROOT}/core/results/gt_mask_diagnostic_v2/rk2_n15_gt/synth_0046/seed_000/tdm --feature_path ${REPO_ROOT}/core/results/gt_mask_diagnostic_v2/rk2_n15_gt/synth_0046/seed_000/features --attention_part 'car body' --attention_edit armored --control-plan-resolved ${REPO_ROOT}/core/protocols/gt_mask_diagnostic_v2/resolved_plans/residual_rk2_n15.json --tdm_mask_mode original --control-mask-path ${REPO_ROOT}/core/protocols/gt_mask_diagnostic_v2/gt_masks/synth_0046.npy --offload
synth_0047,endpoint_gt,0,core/results/gt_mask_diagnostic_v2/endpoint_gt/synth_0047/seed_000,core/protocols/gt_mask_diagnostic_v2/gt_masks/synth_0047.npy,cd ${REPO_ROOT}/core/third_party/FollowYourShape/src && python edit.py --source_img_dir ${REPO_ROOT}/core/data/partedit_subset/cases/synth_0047/source.png --source_prompt 'A sedan at a parking lot' --target_prompt 'A sedan with futuristic car body at a parking lot' --guidance 2.0 --num_steps 15 --front 2 --inject 4 --seed 0 --name flux-dev --controlnet_type none --output_dir ${REPO_ROOT}/core/results/gt_mask_diagnostic_v2/endpoint_gt/synth_0047/seed_000 --vis_path ${REPO_ROOT}/core/results/gt_mask_diagnostic_v2/endpoint_gt/synth_0047/seed_000/tdm --feature_path ${REPO_ROOT}/core/results/gt_mask_diagnostic_v2/endpoint_gt/synth_0047/seed_000/features --attention_part 'car body' --attention_edit futuristic --control-plan-resolved ${REPO_ROOT}/core/protocols/gt_mask_diagnostic_v2/resolved_plans/endpoint_projection_n07.json --tdm_mask_mode original --control-mask-path ${REPO_ROOT}/core/protocols/gt_mask_diagnostic_v2/gt_masks/synth_0047.npy --offload
synth_0047,rk2_gt,0,core/results/gt_mask_diagnostic_v2/rk2_gt/synth_0047/seed_000,core/protocols/gt_mask_diagnostic_v2/gt_masks/synth_0047.npy,cd ${REPO_ROOT}/core/third_party/FollowYourShape/src && python edit.py --source_img_dir ${REPO_ROOT}/core/data/partedit_subset/cases/synth_0047/source.png --source_prompt 'A sedan at a parking lot' --target_prompt 'A sedan with futuristic car body at a parking lot' --guidance 2.0 --num_steps 15 --front 2 --inject 4 --seed 0 --name flux-dev --controlnet_type none --output_dir ${REPO_ROOT}/core/results/gt_mask_diagnostic_v2/rk2_gt/synth_0047/seed_000 --vis_path ${REPO_ROOT}/core/results/gt_mask_diagnostic_v2/rk2_gt/synth_0047/seed_000/tdm --feature_path ${REPO_ROOT}/core/results/gt_mask_diagnostic_v2/rk2_gt/synth_0047/seed_000/features --attention_part 'car body' --attention_edit futuristic --control-plan-resolved ${REPO_ROOT}/core/protocols/gt_mask_diagnostic_v2/resolved_plans/residual_rk2_n07.json --tdm_mask_mode original --control-mask-path ${REPO_ROOT}/core/protocols/gt_mask_diagnostic_v2/gt_masks/synth_0047.npy --offload
synth_0047,rk2_n15_auto,0,core/results/gt_mask_diagnostic_v2/rk2_n15_auto/synth_0047/seed_000,core/results/heldout_control_comparison/attention_mask_scout/synth_0047/seed_000/tdm/hybrid_binary_tdm_attention.npy,cd ${REPO_ROOT}/core/third_party/FollowYourShape/src && python edit.py --source_img_dir ${REPO_ROOT}/core/data/partedit_subset/cases/synth_0047/source.png --source_prompt 'A sedan at a parking lot' --target_prompt 'A sedan with futuristic car body at a parking lot' --guidance 2.0 --num_steps 15 --front 2 --inject 4 --seed 0 --name flux-dev --controlnet_type none --output_dir ${REPO_ROOT}/core/results/gt_mask_diagnostic_v2/rk2_n15_auto/synth_0047/seed_000 --vis_path ${REPO_ROOT}/core/results/gt_mask_diagnostic_v2/rk2_n15_auto/synth_0047/seed_000/tdm --feature_path ${REPO_ROOT}/core/results/gt_mask_diagnostic_v2/rk2_n15_auto/synth_0047/seed_000/features --attention_part 'car body' --attention_edit futuristic --control-plan-resolved ${REPO_ROOT}/core/protocols/gt_mask_diagnostic_v2/resolved_plans/residual_rk2_n15.json --tdm_mask_mode original --control-mask-path ${REPO_ROOT}/core/results/heldout_control_comparison/attention_mask_scout/synth_0047/seed_000/tdm/hybrid_binary_tdm_attention.npy --offload
synth_0047,rk2_n15_gt,0,core/results/gt_mask_diagnostic_v2/rk2_n15_gt/synth_0047/seed_000,core/protocols/gt_mask_diagnostic_v2/gt_masks/synth_0047.npy,cd ${REPO_ROOT}/core/third_party/FollowYourShape/src && python edit.py --source_img_dir ${REPO_ROOT}/core/data/partedit_subset/cases/synth_0047/source.png --source_prompt 'A sedan at a parking lot' --target_prompt 'A sedan with futuristic car body at a parking lot' --guidance 2.0 --num_steps 15 --front 2 --inject 4 --seed 0 --name flux-dev --controlnet_type none --output_dir ${REPO_ROOT}/core/results/gt_mask_diagnostic_v2/rk2_n15_gt/synth_0047/seed_000 --vis_path ${REPO_ROOT}/core/results/gt_mask_diagnostic_v2/rk2_n15_gt/synth_0047/seed_000/tdm --feature_path ${REPO_ROOT}/core/results/gt_mask_diagnostic_v2/rk2_n15_gt/synth_0047/seed_000/features --attention_part 'car body' --attention_edit futuristic --control-plan-resolved ${REPO_ROOT}/core/protocols/gt_mask_diagnostic_v2/resolved_plans/residual_rk2_n15.json --tdm_mask_mode original --control-mask-path ${REPO_ROOT}/core/protocols/gt_mask_diagnostic_v2/gt_masks/synth_0047.npy --offload
synth_0048,endpoint_gt,0,core/results/gt_mask_diagnostic_v2/endpoint_gt/synth_0048/seed_000,core/protocols/gt_mask_diagnostic_v2/gt_masks/synth_0048.npy,cd ${REPO_ROOT}/core/third_party/FollowYourShape/src && python edit.py --source_img_dir ${REPO_ROOT}/core/data/partedit_subset/cases/synth_0048/source.png --source_prompt 'A classic-car at a suburban road' --target_prompt 'A classic-car with rusted car body at a suburban road' --guidance 2.0 --num_steps 15 --front 2 --inject 4 --seed 0 --name flux-dev --controlnet_type none --output_dir ${REPO_ROOT}/core/results/gt_mask_diagnostic_v2/endpoint_gt/synth_0048/seed_000 --vis_path ${REPO_ROOT}/core/results/gt_mask_diagnostic_v2/endpoint_gt/synth_0048/seed_000/tdm --feature_path ${REPO_ROOT}/core/results/gt_mask_diagnostic_v2/endpoint_gt/synth_0048/seed_000/features --attention_part 'car body' --attention_edit rusted --control-plan-resolved ${REPO_ROOT}/core/protocols/gt_mask_diagnostic_v2/resolved_plans/endpoint_projection_n07.json --tdm_mask_mode original --control-mask-path ${REPO_ROOT}/core/protocols/gt_mask_diagnostic_v2/gt_masks/synth_0048.npy --offload
synth_0048,rk2_gt,0,core/results/gt_mask_diagnostic_v2/rk2_gt/synth_0048/seed_000,core/protocols/gt_mask_diagnostic_v2/gt_masks/synth_0048.npy,cd ${REPO_ROOT}/core/third_party/FollowYourShape/src && python edit.py --source_img_dir ${REPO_ROOT}/core/data/partedit_subset/cases/synth_0048/source.png --source_prompt 'A classic-car at a suburban road' --target_prompt 'A classic-car with rusted car body at a suburban road' --guidance 2.0 --num_steps 15 --front 2 --inject 4 --seed 0 --name flux-dev --controlnet_type none --output_dir ${REPO_ROOT}/core/results/gt_mask_diagnostic_v2/rk2_gt/synth_0048/seed_000 --vis_path ${REPO_ROOT}/core/results/gt_mask_diagnostic_v2/rk2_gt/synth_0048/seed_000/tdm --feature_path ${REPO_ROOT}/core/results/gt_mask_diagnostic_v2/rk2_gt/synth_0048/seed_000/features --attention_part 'car body' --attention_edit rusted --control-plan-resolved ${REPO_ROOT}/core/protocols/gt_mask_diagnostic_v2/resolved_plans/residual_rk2_n07.json --tdm_mask_mode original --control-mask-path ${REPO_ROOT}/core/protocols/gt_mask_diagnostic_v2/gt_masks/synth_0048.npy --offload
synth_0048,rk2_n15_auto,0,core/results/gt_mask_diagnostic_v2/rk2_n15_auto/synth_0048/seed_000,core/results/heldout_control_comparison/attention_mask_scout/synth_0048/seed_000/tdm/hybrid_binary_tdm_attention.npy,cd ${REPO_ROOT}/core/third_party/FollowYourShape/src && python edit.py --source_img_dir ${REPO_ROOT}/core/data/partedit_subset/cases/synth_0048/source.png --source_prompt 'A classic-car at a suburban road' --target_prompt 'A classic-car with rusted car body at a suburban road' --guidance 2.0 --num_steps 15 --front 2 --inject 4 --seed 0 --name flux-dev --controlnet_type none --output_dir ${REPO_ROOT}/core/results/gt_mask_diagnostic_v2/rk2_n15_auto/synth_0048/seed_000 --vis_path ${REPO_ROOT}/core/results/gt_mask_diagnostic_v2/rk2_n15_auto/synth_0048/seed_000/tdm --feature_path ${REPO_ROOT}/core/results/gt_mask_diagnostic_v2/rk2_n15_auto/synth_0048/seed_000/features --attention_part 'car body' --attention_edit rusted --control-plan-resolved ${REPO_ROOT}/core/protocols/gt_mask_diagnostic_v2/resolved_plans/residual_rk2_n15.json --tdm_mask_mode original --control-mask-path ${REPO_ROOT}/core/results/heldout_control_comparison/attention_mask_scout/synth_0048/seed_000/tdm/hybrid_binary_tdm_attention.npy --offload
synth_0048,rk2_n15_gt,0,core/results/gt_mask_diagnostic_v2/rk2_n15_gt/synth_0048/seed_000,core/protocols/gt_mask_diagnostic_v2/gt_masks/synth_0048.npy,cd ${REPO_ROOT}/core/third_party/FollowYourShape/src && python edit.py --source_img_dir ${REPO_ROOT}/core/data/partedit_subset/cases/synth_0048/source.png --source_prompt 'A classic-car at a suburban road' --target_prompt 'A classic-car with rusted car body at a suburban road' --guidance 2.0 --num_steps 15 --front 2 --inject 4 --seed 0 --name flux-dev --controlnet_type none --output_dir ${REPO_ROOT}/core/results/gt_mask_diagnostic_v2/rk2_n15_gt/synth_0048/seed_000 --vis_path ${REPO_ROOT}/core/results/gt_mask_diagnostic_v2/rk2_n15_gt/synth_0048/seed_000/tdm --feature_path ${REPO_ROOT}/core/results/gt_mask_diagnostic_v2/rk2_n15_gt/synth_0048/seed_000/features --attention_part 'car body' --attention_edit rusted --control-plan-resolved ${REPO_ROOT}/core/protocols/gt_mask_diagnostic_v2/resolved_plans/residual_rk2_n15.json --tdm_mask_mode original --control-mask-path ${REPO_ROOT}/core/protocols/gt_mask_diagnostic_v2/gt_masks/synth_0048.npy --offload
synth_0049,endpoint_gt,0,core/results/gt_mask_diagnostic_v2/endpoint_gt/synth_0049/seed_000,core/protocols/gt_mask_diagnostic_v2/gt_masks/synth_0049.npy,cd ${REPO_ROOT}/core/third_party/FollowYourShape/src && python edit.py --source_img_dir ${REPO_ROOT}/core/data/partedit_subset/cases/synth_0049/source.png --source_prompt 'A classic-car at a suburban road' --target_prompt 'A classic-car with neon-lit car body at a suburban road' --guidance 2.0 --num_steps 15 --front 2 --inject 4 --seed 0 --name flux-dev --controlnet_type none --output_dir ${REPO_ROOT}/core/results/gt_mask_diagnostic_v2/endpoint_gt/synth_0049/seed_000 --vis_path ${REPO_ROOT}/core/results/gt_mask_diagnostic_v2/endpoint_gt/synth_0049/seed_000/tdm --feature_path ${REPO_ROOT}/core/results/gt_mask_diagnostic_v2/endpoint_gt/synth_0049/seed_000/features --attention_part 'car body' --attention_edit neon-lit --control-plan-resolved ${REPO_ROOT}/core/protocols/gt_mask_diagnostic_v2/resolved_plans/endpoint_projection_n07.json --tdm_mask_mode original --control-mask-path ${REPO_ROOT}/core/protocols/gt_mask_diagnostic_v2/gt_masks/synth_0049.npy --offload
synth_0049,rk2_gt,0,core/results/gt_mask_diagnostic_v2/rk2_gt/synth_0049/seed_000,core/protocols/gt_mask_diagnostic_v2/gt_masks/synth_0049.npy,cd ${REPO_ROOT}/core/third_party/FollowYourShape/src && python edit.py --source_img_dir ${REPO_ROOT}/core/data/partedit_subset/cases/synth_0049/source.png --source_prompt 'A classic-car at a suburban road' --target_prompt 'A classic-car with neon-lit car body at a suburban road' --guidance 2.0 --num_steps 15 --front 2 --inject 4 --seed 0 --name flux-dev --controlnet_type none --output_dir ${REPO_ROOT}/core/results/gt_mask_diagnostic_v2/rk2_gt/synth_0049/seed_000 --vis_path ${REPO_ROOT}/core/results/gt_mask_diagnostic_v2/rk2_gt/synth_0049/seed_000/tdm --feature_path ${REPO_ROOT}/core/results/gt_mask_diagnostic_v2/rk2_gt/synth_0049/seed_000/features --attention_part 'car body' --attention_edit neon-lit --control-plan-resolved ${REPO_ROOT}/core/protocols/gt_mask_diagnostic_v2/resolved_plans/residual_rk2_n07.json --tdm_mask_mode original --control-mask-path ${REPO_ROOT}/core/protocols/gt_mask_diagnostic_v2/gt_masks/synth_0049.npy --offload
synth_0049,rk2_n15_auto,0,core/results/gt_mask_diagnostic_v2/rk2_n15_auto/synth_0049/seed_000,core/results/heldout_control_comparison/attention_mask_scout/synth_0049/seed_000/tdm/hybrid_binary_tdm_attention.npy,cd ${REPO_ROOT}/core/third_party/FollowYourShape/src && python edit.py --source_img_dir ${REPO_ROOT}/core/data/partedit_subset/cases/synth_0049/source.png --source_prompt 'A classic-car at a suburban road' --target_prompt 'A classic-car with neon-lit car body at a suburban road' --guidance 2.0 --num_steps 15 --front 2 --inject 4 --seed 0 --name flux-dev --controlnet_type none --output_dir ${REPO_ROOT}/core/results/gt_mask_diagnostic_v2/rk2_n15_auto/synth_0049/seed_000 --vis_path ${REPO_ROOT}/core/results/gt_mask_diagnostic_v2/rk2_n15_auto/synth_0049/seed_000/tdm --feature_path ${REPO_ROOT}/core/results/gt_mask_diagnostic_v2/rk2_n15_auto/synth_0049/seed_000/features --attention_part 'car body' --attention_edit neon-lit --control-plan-resolved ${REPO_ROOT}/core/protocols/gt_mask_diagnostic_v2/resolved_plans/residual_rk2_n15.json --tdm_mask_mode original --control-mask-path ${REPO_ROOT}/core/results/heldout_control_comparison/attention_mask_scout/synth_0049/seed_000/tdm/hybrid_binary_tdm_attention.npy --offload
synth_0049,rk2_n15_gt,0,core/results/gt_mask_diagnostic_v2/rk2_n15_gt/synth_0049/seed_000,core/protocols/gt_mask_diagnostic_v2/gt_masks/synth_0049.npy,cd ${REPO_ROOT}/core/third_party/FollowYourShape/src && python edit.py --source_img_dir ${REPO_ROOT}/core/data/partedit_subset/cases/synth_0049/source.png --source_prompt 'A classic-car at a suburban road' --target_prompt 'A classic-car with neon-lit car body at a suburban road' --guidance 2.0 --num_steps 15 --front 2 --inject 4 --seed 0 --name flux-dev --controlnet_type none --output_dir ${REPO_ROOT}/core/results/gt_mask_diagnostic_v2/rk2_n15_gt/synth_0049/seed_000 --vis_path ${REPO_ROOT}/core/results/gt_mask_diagnostic_v2/rk2_n15_gt/synth_0049/seed_000/tdm --feature_path ${REPO_ROOT}/core/results/gt_mask_diagnostic_v2/rk2_n15_gt/synth_0049/seed_000/features --attention_part 'car body' --attention_edit neon-lit --control-plan-resolved ${REPO_ROOT}/core/protocols/gt_mask_diagnostic_v2/resolved_plans/residual_rk2_n15.json --tdm_mask_mode original --control-mask-path ${REPO_ROOT}/core/protocols/gt_mask_diagnostic_v2/gt_masks/synth_0049.npy --offload
synth_0050,endpoint_gt,0,core/results/gt_mask_diagnostic_v2/endpoint_gt/synth_0050/seed_000,core/protocols/gt_mask_diagnostic_v2/gt_masks/synth_0050.npy,cd ${REPO_ROOT}/core/third_party/FollowYourShape/src && python edit.py --source_img_dir ${REPO_ROOT}/core/data/partedit_subset/cases/synth_0050/source.png --source_prompt 'A racing-car at a highway' --target_prompt 'A racing-car with black car hood at a highway' --guidance 2.0 --num_steps 15 --front 2 --inject 4 --seed 0 --name flux-dev --controlnet_type none --output_dir ${REPO_ROOT}/core/results/gt_mask_diagnostic_v2/endpoint_gt/synth_0050/seed_000 --vis_path ${REPO_ROOT}/core/results/gt_mask_diagnostic_v2/endpoint_gt/synth_0050/seed_000/tdm --feature_path ${REPO_ROOT}/core/results/gt_mask_diagnostic_v2/endpoint_gt/synth_0050/seed_000/features --attention_part 'car hood' --attention_edit black --control-plan-resolved ${REPO_ROOT}/core/protocols/gt_mask_diagnostic_v2/resolved_plans/endpoint_projection_n07.json --tdm_mask_mode original --control-mask-path ${REPO_ROOT}/core/protocols/gt_mask_diagnostic_v2/gt_masks/synth_0050.npy --offload
synth_0050,rk2_gt,0,core/results/gt_mask_diagnostic_v2/rk2_gt/synth_0050/seed_000,core/protocols/gt_mask_diagnostic_v2/gt_masks/synth_0050.npy,cd ${REPO_ROOT}/core/third_party/FollowYourShape/src && python edit.py --source_img_dir ${REPO_ROOT}/core/data/partedit_subset/cases/synth_0050/source.png --source_prompt 'A racing-car at a highway' --target_prompt 'A racing-car with black car hood at a highway' --guidance 2.0 --num_steps 15 --front 2 --inject 4 --seed 0 --name flux-dev --controlnet_type none --output_dir ${REPO_ROOT}/core/results/gt_mask_diagnostic_v2/rk2_gt/synth_0050/seed_000 --vis_path ${REPO_ROOT}/core/results/gt_mask_diagnostic_v2/rk2_gt/synth_0050/seed_000/tdm --feature_path ${REPO_ROOT}/core/results/gt_mask_diagnostic_v2/rk2_gt/synth_0050/seed_000/features --attention_part 'car hood' --attention_edit black --control-plan-resolved ${REPO_ROOT}/core/protocols/gt_mask_diagnostic_v2/resolved_plans/residual_rk2_n07.json --tdm_mask_mode original --control-mask-path ${REPO_ROOT}/core/protocols/gt_mask_diagnostic_v2/gt_masks/synth_0050.npy --offload
synth_0050,rk2_n15_auto,0,core/results/gt_mask_diagnostic_v2/rk2_n15_auto/synth_0050/seed_000,core/results/heldout_control_comparison/attention_mask_scout/synth_0050/seed_000/tdm/hybrid_binary_tdm_attention.npy,cd ${REPO_ROOT}/core/third_party/FollowYourShape/src && python edit.py --source_img_dir ${REPO_ROOT}/core/data/partedit_subset/cases/synth_0050/source.png --source_prompt 'A racing-car at a highway' --target_prompt 'A racing-car with black car hood at a highway' --guidance 2.0 --num_steps 15 --front 2 --inject 4 --seed 0 --name flux-dev --controlnet_type none --output_dir ${REPO_ROOT}/core/results/gt_mask_diagnostic_v2/rk2_n15_auto/synth_0050/seed_000 --vis_path ${REPO_ROOT}/core/results/gt_mask_diagnostic_v2/rk2_n15_auto/synth_0050/seed_000/tdm --feature_path ${REPO_ROOT}/core/results/gt_mask_diagnostic_v2/rk2_n15_auto/synth_0050/seed_000/features --attention_part 'car hood' --attention_edit black --control-plan-resolved ${REPO_ROOT}/core/protocols/gt_mask_diagnostic_v2/resolved_plans/residual_rk2_n15.json --tdm_mask_mode original --control-mask-path ${REPO_ROOT}/core/results/heldout_control_comparison/attention_mask_scout/synth_0050/seed_000/tdm/hybrid_binary_tdm_attention.npy --offload
synth_0050,rk2_n15_gt,0,core/results/gt_mask_diagnostic_v2/rk2_n15_gt/synth_0050/seed_000,core/protocols/gt_mask_diagnostic_v2/gt_masks/synth_0050.npy,cd ${REPO_ROOT}/core/third_party/FollowYourShape/src && python edit.py --source_img_dir ${REPO_ROOT}/core/data/partedit_subset/cases/synth_0050/source.png --source_prompt 'A racing-car at a highway' --target_prompt 'A racing-car with black car hood at a highway' --guidance 2.0 --num_steps 15 --front 2 --inject 4 --seed 0 --name flux-dev --controlnet_type none --output_dir ${REPO_ROOT}/core/results/gt_mask_diagnostic_v2/rk2_n15_gt/synth_0050/seed_000 --vis_path ${REPO_ROOT}/core/results/gt_mask_diagnostic_v2/rk2_n15_gt/synth_0050/seed_000/tdm --feature_path ${REPO_ROOT}/core/results/gt_mask_diagnostic_v2/rk2_n15_gt/synth_0050/seed_000/features --attention_part 'car hood' --attention_edit black --control-plan-resolved ${REPO_ROOT}/core/protocols/gt_mask_diagnostic_v2/resolved_plans/residual_rk2_n15.json --tdm_mask_mode original --control-mask-path ${REPO_ROOT}/core/protocols/gt_mask_diagnostic_v2/gt_masks/synth_0050.npy --offload
synth_0051,endpoint_gt,0,core/results/gt_mask_diagnostic_v2/endpoint_gt/synth_0051/seed_000,core/protocols/gt_mask_diagnostic_v2/gt_masks/synth_0051.npy,cd ${REPO_ROOT}/core/third_party/FollowYourShape/src && python edit.py --source_img_dir ${REPO_ROOT}/core/data/partedit_subset/cases/synth_0051/source.png --source_prompt 'A classic-car at a garage' --target_prompt 'A classic-car with vinyl-art car hood at a garage' --guidance 2.0 --num_steps 15 --front 2 --inject 4 --seed 0 --name flux-dev --controlnet_type none --output_dir ${REPO_ROOT}/core/results/gt_mask_diagnostic_v2/endpoint_gt/synth_0051/seed_000 --vis_path ${REPO_ROOT}/core/results/gt_mask_diagnostic_v2/endpoint_gt/synth_0051/seed_000/tdm --feature_path ${REPO_ROOT}/core/results/gt_mask_diagnostic_v2/endpoint_gt/synth_0051/seed_000/features --attention_part 'car hood' --attention_edit vinyl-art --control-plan-resolved ${REPO_ROOT}/core/protocols/gt_mask_diagnostic_v2/resolved_plans/endpoint_projection_n07.json --tdm_mask_mode original --control-mask-path ${REPO_ROOT}/core/protocols/gt_mask_diagnostic_v2/gt_masks/synth_0051.npy --offload
synth_0051,rk2_gt,0,core/results/gt_mask_diagnostic_v2/rk2_gt/synth_0051/seed_000,core/protocols/gt_mask_diagnostic_v2/gt_masks/synth_0051.npy,cd ${REPO_ROOT}/core/third_party/FollowYourShape/src && python edit.py --source_img_dir ${REPO_ROOT}/core/data/partedit_subset/cases/synth_0051/source.png --source_prompt 'A classic-car at a garage' --target_prompt 'A classic-car with vinyl-art car hood at a garage' --guidance 2.0 --num_steps 15 --front 2 --inject 4 --seed 0 --name flux-dev --controlnet_type none --output_dir ${REPO_ROOT}/core/results/gt_mask_diagnostic_v2/rk2_gt/synth_0051/seed_000 --vis_path ${REPO_ROOT}/core/results/gt_mask_diagnostic_v2/rk2_gt/synth_0051/seed_000/tdm --feature_path ${REPO_ROOT}/core/results/gt_mask_diagnostic_v2/rk2_gt/synth_0051/seed_000/features --attention_part 'car hood' --attention_edit vinyl-art --control-plan-resolved ${REPO_ROOT}/core/protocols/gt_mask_diagnostic_v2/resolved_plans/residual_rk2_n07.json --tdm_mask_mode original --control-mask-path ${REPO_ROOT}/core/protocols/gt_mask_diagnostic_v2/gt_masks/synth_0051.npy --offload
synth_0051,rk2_n15_auto,0,core/results/gt_mask_diagnostic_v2/rk2_n15_auto/synth_0051/seed_000,core/results/heldout_control_comparison/attention_mask_scout/synth_0051/seed_000/tdm/hybrid_binary_tdm_attention.npy,cd ${REPO_ROOT}/core/third_party/FollowYourShape/src && python edit.py --source_img_dir ${REPO_ROOT}/core/data/partedit_subset/cases/synth_0051/source.png --source_prompt 'A classic-car at a garage' --target_prompt 'A classic-car with vinyl-art car hood at a garage' --guidance 2.0 --num_steps 15 --front 2 --inject 4 --seed 0 --name flux-dev --controlnet_type none --output_dir ${REPO_ROOT}/core/results/gt_mask_diagnostic_v2/rk2_n15_auto/synth_0051/seed_000 --vis_path ${REPO_ROOT}/core/results/gt_mask_diagnostic_v2/rk2_n15_auto/synth_0051/seed_000/tdm --feature_path ${REPO_ROOT}/core/results/gt_mask_diagnostic_v2/rk2_n15_auto/synth_0051/seed_000/features --attention_part 'car hood' --attention_edit vinyl-art --control-plan-resolved ${REPO_ROOT}/core/protocols/gt_mask_diagnostic_v2/resolved_plans/residual_rk2_n15.json --tdm_mask_mode original --control-mask-path ${REPO_ROOT}/core/results/heldout_control_comparison/attention_mask_scout/synth_0051/seed_000/tdm/hybrid_binary_tdm_attention.npy --offload
synth_0051,rk2_n15_gt,0,core/results/gt_mask_diagnostic_v2/rk2_n15_gt/synth_0051/seed_000,core/protocols/gt_mask_diagnostic_v2/gt_masks/synth_0051.npy,cd ${REPO_ROOT}/core/third_party/FollowYourShape/src && python edit.py --source_img_dir ${REPO_ROOT}/core/data/partedit_subset/cases/synth_0051/source.png --source_prompt 'A classic-car at a garage' --target_prompt 'A classic-car with vinyl-art car hood at a garage' --guidance 2.0 --num_steps 15 --front 2 --inject 4 --seed 0 --name flux-dev --controlnet_type none --output_dir ${REPO_ROOT}/core/results/gt_mask_diagnostic_v2/rk2_n15_gt/synth_0051/seed_000 --vis_path ${REPO_ROOT}/core/results/gt_mask_diagnostic_v2/rk2_n15_gt/synth_0051/seed_000/tdm --feature_path ${REPO_ROOT}/core/results/gt_mask_diagnostic_v2/rk2_n15_gt/synth_0051/seed_000/features --attention_part 'car hood' --attention_edit vinyl-art --control-plan-resolved ${REPO_ROOT}/core/protocols/gt_mask_diagnostic_v2/resolved_plans/residual_rk2_n15.json --tdm_mask_mode original --control-mask-path ${REPO_ROOT}/core/protocols/gt_mask_diagnostic_v2/gt_masks/synth_0051.npy --offload
synth_0052,endpoint_gt,0,core/results/gt_mask_diagnostic_v2/endpoint_gt/synth_0052/seed_000,core/protocols/gt_mask_diagnostic_v2/gt_masks/synth_0052.npy,cd ${REPO_ROOT}/core/third_party/FollowYourShape/src && python edit.py --source_img_dir ${REPO_ROOT}/core/data/partedit_subset/cases/synth_0052/source.png --source_prompt 'A full front facing view of racing car at a parking lot' --target_prompt 'A full front facing view of racing car with Digital-Camouflage car hood at a parking lot' --guidance 2.0 --num_steps 15 --front 2 --inject 4 --seed 0 --name flux-dev --controlnet_type none --output_dir ${REPO_ROOT}/core/results/gt_mask_diagnostic_v2/endpoint_gt/synth_0052/seed_000 --vis_path ${REPO_ROOT}/core/results/gt_mask_diagnostic_v2/endpoint_gt/synth_0052/seed_000/tdm --feature_path ${REPO_ROOT}/core/results/gt_mask_diagnostic_v2/endpoint_gt/synth_0052/seed_000/features --attention_part 'car hood' --attention_edit Digital-Camouflage --control-plan-resolved ${REPO_ROOT}/core/protocols/gt_mask_diagnostic_v2/resolved_plans/endpoint_projection_n07.json --tdm_mask_mode original --control-mask-path ${REPO_ROOT}/core/protocols/gt_mask_diagnostic_v2/gt_masks/synth_0052.npy --offload
synth_0052,rk2_gt,0,core/results/gt_mask_diagnostic_v2/rk2_gt/synth_0052/seed_000,core/protocols/gt_mask_diagnostic_v2/gt_masks/synth_0052.npy,cd ${REPO_ROOT}/core/third_party/FollowYourShape/src && python edit.py --source_img_dir ${REPO_ROOT}/core/data/partedit_subset/cases/synth_0052/source.png --source_prompt 'A full front facing view of racing car at a parking lot' --target_prompt 'A full front facing view of racing car with Digital-Camouflage car hood at a parking lot' --guidance 2.0 --num_steps 15 --front 2 --inject 4 --seed 0 --name flux-dev --controlnet_type none --output_dir ${REPO_ROOT}/core/results/gt_mask_diagnostic_v2/rk2_gt/synth_0052/seed_000 --vis_path ${REPO_ROOT}/core/results/gt_mask_diagnostic_v2/rk2_gt/synth_0052/seed_000/tdm --feature_path ${REPO_ROOT}/core/results/gt_mask_diagnostic_v2/rk2_gt/synth_0052/seed_000/features --attention_part 'car hood' --attention_edit Digital-Camouflage --control-plan-resolved ${REPO_ROOT}/core/protocols/gt_mask_diagnostic_v2/resolved_plans/residual_rk2_n07.json --tdm_mask_mode original --control-mask-path ${REPO_ROOT}/core/protocols/gt_mask_diagnostic_v2/gt_masks/synth_0052.npy --offload
synth_0052,rk2_n15_auto,0,core/results/gt_mask_diagnostic_v2/rk2_n15_auto/synth_0052/seed_000,core/results/heldout_control_comparison/attention_mask_scout/synth_0052/seed_000/tdm/hybrid_binary_tdm_attention.npy,cd ${REPO_ROOT}/core/third_party/FollowYourShape/src && python edit.py --source_img_dir ${REPO_ROOT}/core/data/partedit_subset/cases/synth_0052/source.png --source_prompt 'A full front facing view of racing car at a parking lot' --target_prompt 'A full front facing view of racing car with Digital-Camouflage car hood at a parking lot' --guidance 2.0 --num_steps 15 --front 2 --inject 4 --seed 0 --name flux-dev --controlnet_type none --output_dir ${REPO_ROOT}/core/results/gt_mask_diagnostic_v2/rk2_n15_auto/synth_0052/seed_000 --vis_path ${REPO_ROOT}/core/results/gt_mask_diagnostic_v2/rk2_n15_auto/synth_0052/seed_000/tdm --feature_path ${REPO_ROOT}/core/results/gt_mask_diagnostic_v2/rk2_n15_auto/synth_0052/seed_000/features --attention_part 'car hood' --attention_edit Digital-Camouflage --control-plan-resolved ${REPO_ROOT}/core/protocols/gt_mask_diagnostic_v2/resolved_plans/residual_rk2_n15.json --tdm_mask_mode original --control-mask-path ${REPO_ROOT}/core/results/heldout_control_comparison/attention_mask_scout/synth_0052/seed_000/tdm/hybrid_binary_tdm_attention.npy --offload
synth_0052,rk2_n15_gt,0,core/results/gt_mask_diagnostic_v2/rk2_n15_gt/synth_0052/seed_000,core/protocols/gt_mask_diagnostic_v2/gt_masks/synth_0052.npy,cd ${REPO_ROOT}/core/third_party/FollowYourShape/src && python edit.py --source_img_dir ${REPO_ROOT}/core/data/partedit_subset/cases/synth_0052/source.png --source_prompt 'A full front facing view of racing car at a parking lot' --target_prompt 'A full front facing view of racing car with Digital-Camouflage car hood at a parking lot' --guidance 2.0 --num_steps 15 --front 2 --inject 4 --seed 0 --name flux-dev --controlnet_type none --output_dir ${REPO_ROOT}/core/results/gt_mask_diagnostic_v2/rk2_n15_gt/synth_0052/seed_000 --vis_path ${REPO_ROOT}/core/results/gt_mask_diagnostic_v2/rk2_n15_gt/synth_0052/seed_000/tdm --feature_path ${REPO_ROOT}/core/results/gt_mask_diagnostic_v2/rk2_n15_gt/synth_0052/seed_000/features --attention_part 'car hood' --attention_edit Digital-Camouflage --control-plan-resolved ${REPO_ROOT}/core/protocols/gt_mask_diagnostic_v2/resolved_plans/residual_rk2_n15.json --tdm_mask_mode original --control-mask-path ${REPO_ROOT}/core/protocols/gt_mask_diagnostic_v2/gt_masks/synth_0052.npy --offload
synth_0053,endpoint_gt,0,core/results/gt_mask_diagnostic_v2/endpoint_gt/synth_0053/seed_000,core/protocols/gt_mask_diagnostic_v2/gt_masks/synth_0053.npy,cd ${REPO_ROOT}/core/third_party/FollowYourShape/src && python edit.py --source_img_dir ${REPO_ROOT}/core/data/partedit_subset/cases/synth_0053/source.png --source_prompt 'A full front facing view of BMW car at a parking lot' --target_prompt 'A full front facing view of BMW car with Destroyed car hood at a parking lot' --guidance 2.0 --num_steps 15 --front 2 --inject 4 --seed 0 --name flux-dev --controlnet_type none --output_dir ${REPO_ROOT}/core/results/gt_mask_diagnostic_v2/endpoint_gt/synth_0053/seed_000 --vis_path ${REPO_ROOT}/core/results/gt_mask_diagnostic_v2/endpoint_gt/synth_0053/seed_000/tdm --feature_path ${REPO_ROOT}/core/results/gt_mask_diagnostic_v2/endpoint_gt/synth_0053/seed_000/features --attention_part 'car hood' --attention_edit Destroyed --control-plan-resolved ${REPO_ROOT}/core/protocols/gt_mask_diagnostic_v2/resolved_plans/endpoint_projection_n07.json --tdm_mask_mode original --control-mask-path ${REPO_ROOT}/core/protocols/gt_mask_diagnostic_v2/gt_masks/synth_0053.npy --offload
synth_0053,rk2_gt,0,core/results/gt_mask_diagnostic_v2/rk2_gt/synth_0053/seed_000,core/protocols/gt_mask_diagnostic_v2/gt_masks/synth_0053.npy,cd ${REPO_ROOT}/core/third_party/FollowYourShape/src && python edit.py --source_img_dir ${REPO_ROOT}/core/data/partedit_subset/cases/synth_0053/source.png --source_prompt 'A full front facing view of BMW car at a parking lot' --target_prompt 'A full front facing view of BMW car with Destroyed car hood at a parking lot' --guidance 2.0 --num_steps 15 --front 2 --inject 4 --seed 0 --name flux-dev --controlnet_type none --output_dir ${REPO_ROOT}/core/results/gt_mask_diagnostic_v2/rk2_gt/synth_0053/seed_000 --vis_path ${REPO_ROOT}/core/results/gt_mask_diagnostic_v2/rk2_gt/synth_0053/seed_000/tdm --feature_path ${REPO_ROOT}/core/results/gt_mask_diagnostic_v2/rk2_gt/synth_0053/seed_000/features --attention_part 'car hood' --attention_edit Destroyed --control-plan-resolved ${REPO_ROOT}/core/protocols/gt_mask_diagnostic_v2/resolved_plans/residual_rk2_n07.json --tdm_mask_mode original --control-mask-path ${REPO_ROOT}/core/protocols/gt_mask_diagnostic_v2/gt_masks/synth_0053.npy --offload
synth_0053,rk2_n15_auto,0,core/results/gt_mask_diagnostic_v2/rk2_n15_auto/synth_0053/seed_000,core/results/heldout_control_comparison/attention_mask_scout/synth_0053/seed_000/tdm/hybrid_binary_tdm_attention.npy,cd ${REPO_ROOT}/core/third_party/FollowYourShape/src && python edit.py --source_img_dir ${REPO_ROOT}/core/data/partedit_subset/cases/synth_0053/source.png --source_prompt 'A full front facing view of BMW car at a parking lot' --target_prompt 'A full front facing view of BMW car with Destroyed car hood at a parking lot' --guidance 2.0 --num_steps 15 --front 2 --inject 4 --seed 0 --name flux-dev --controlnet_type none --output_dir ${REPO_ROOT}/core/results/gt_mask_diagnostic_v2/rk2_n15_auto/synth_0053/seed_000 --vis_path ${REPO_ROOT}/core/results/gt_mask_diagnostic_v2/rk2_n15_auto/synth_0053/seed_000/tdm --feature_path ${REPO_ROOT}/core/results/gt_mask_diagnostic_v2/rk2_n15_auto/synth_0053/seed_000/features --attention_part 'car hood' --attention_edit Destroyed --control-plan-resolved ${REPO_ROOT}/core/protocols/gt_mask_diagnostic_v2/resolved_plans/residual_rk2_n15.json --tdm_mask_mode original --control-mask-path ${REPO_ROOT}/core/results/heldout_control_comparison/attention_mask_scout/synth_0053/seed_000/tdm/hybrid_binary_tdm_attention.npy --offload
synth_0053,rk2_n15_gt,0,core/results/gt_mask_diagnostic_v2/rk2_n15_gt/synth_0053/seed_000,core/protocols/gt_mask_diagnostic_v2/gt_masks/synth_0053.npy,cd ${REPO_ROOT}/core/third_party/FollowYourShape/src && python edit.py --source_img_dir ${REPO_ROOT}/core/data/partedit_subset/cases/synth_0053/source.png --source_prompt 'A full front facing view of BMW car at a parking lot' --target_prompt 'A full front facing view of BMW car with Destroyed car hood at a parking lot' --guidance 2.0 --num_steps 15 --front 2 --inject 4 --seed 0 --name flux-dev --controlnet_type none --output_dir ${REPO_ROOT}/core/results/gt_mask_diagnostic_v2/rk2_n15_gt/synth_0053/seed_000 --vis_path ${REPO_ROOT}/core/results/gt_mask_diagnostic_v2/rk2_n15_gt/synth_0053/seed_000/tdm --feature_path ${REPO_ROOT}/core/results/gt_mask_diagnostic_v2/rk2_n15_gt/synth_0053/seed_000/features --attention_part 'car hood' --attention_edit Destroyed --control-plan-resolved ${REPO_ROOT}/core/protocols/gt_mask_diagnostic_v2/resolved_plans/residual_rk2_n15.json --tdm_mask_mode original --control-mask-path ${REPO_ROOT}/core/protocols/gt_mask_diagnostic_v2/gt_masks/synth_0053.npy --offload
synth_0054,endpoint_gt,0,core/results/gt_mask_diagnostic_v2/endpoint_gt/synth_0054/seed_000,core/protocols/gt_mask_diagnostic_v2/gt_masks/synth_0054.npy,cd ${REPO_ROOT}/core/third_party/FollowYourShape/src && python edit.py --source_img_dir ${REPO_ROOT}/core/data/partedit_subset/cases/synth_0054/source.png --source_prompt 'A full front facing view of Porsche car at a road' --target_prompt 'A full front facing view of Porsche car with Rusty car hood at a road' --guidance 2.0 --num_steps 15 --front 2 --inject 4 --seed 0 --name flux-dev --controlnet_type none --output_dir ${REPO_ROOT}/core/results/gt_mask_diagnostic_v2/endpoint_gt/synth_0054/seed_000 --vis_path ${REPO_ROOT}/core/results/gt_mask_diagnostic_v2/endpoint_gt/synth_0054/seed_000/tdm --feature_path ${REPO_ROOT}/core/results/gt_mask_diagnostic_v2/endpoint_gt/synth_0054/seed_000/features --attention_part 'car hood' --attention_edit Rusty --control-plan-resolved ${REPO_ROOT}/core/protocols/gt_mask_diagnostic_v2/resolved_plans/endpoint_projection_n07.json --tdm_mask_mode original --control-mask-path ${REPO_ROOT}/core/protocols/gt_mask_diagnostic_v2/gt_masks/synth_0054.npy --offload
synth_0054,rk2_gt,0,core/results/gt_mask_diagnostic_v2/rk2_gt/synth_0054/seed_000,core/protocols/gt_mask_diagnostic_v2/gt_masks/synth_0054.npy,cd ${REPO_ROOT}/core/third_party/FollowYourShape/src && python edit.py --source_img_dir ${REPO_ROOT}/core/data/partedit_subset/cases/synth_0054/source.png --source_prompt 'A full front facing view of Porsche car at a road' --target_prompt 'A full front facing view of Porsche car with Rusty car hood at a road' --guidance 2.0 --num_steps 15 --front 2 --inject 4 --seed 0 --name flux-dev --controlnet_type none --output_dir ${REPO_ROOT}/core/results/gt_mask_diagnostic_v2/rk2_gt/synth_0054/seed_000 --vis_path ${REPO_ROOT}/core/results/gt_mask_diagnostic_v2/rk2_gt/synth_0054/seed_000/tdm --feature_path ${REPO_ROOT}/core/results/gt_mask_diagnostic_v2/rk2_gt/synth_0054/seed_000/features --attention_part 'car hood' --attention_edit Rusty --control-plan-resolved ${REPO_ROOT}/core/protocols/gt_mask_diagnostic_v2/resolved_plans/residual_rk2_n07.json --tdm_mask_mode original --control-mask-path ${REPO_ROOT}/core/protocols/gt_mask_diagnostic_v2/gt_masks/synth_0054.npy --offload
synth_0054,rk2_n15_auto,0,core/results/gt_mask_diagnostic_v2/rk2_n15_auto/synth_0054/seed_000,core/results/heldout_control_comparison/attention_mask_scout/synth_0054/seed_000/tdm/hybrid_binary_tdm_attention.npy,cd ${REPO_ROOT}/core/third_party/FollowYourShape/src && python edit.py --source_img_dir ${REPO_ROOT}/core/data/partedit_subset/cases/synth_0054/source.png --source_prompt 'A full front facing view of Porsche car at a road' --target_prompt 'A full front facing view of Porsche car with Rusty car hood at a road' --guidance 2.0 --num_steps 15 --front 2 --inject 4 --seed 0 --name flux-dev --controlnet_type none --output_dir ${REPO_ROOT}/core/results/gt_mask_diagnostic_v2/rk2_n15_auto/synth_0054/seed_000 --vis_path ${REPO_ROOT}/core/results/gt_mask_diagnostic_v2/rk2_n15_auto/synth_0054/seed_000/tdm --feature_path ${REPO_ROOT}/core/results/gt_mask_diagnostic_v2/rk2_n15_auto/synth_0054/seed_000/features --attention_part 'car hood' --attention_edit Rusty --control-plan-resolved ${REPO_ROOT}/core/protocols/gt_mask_diagnostic_v2/resolved_plans/residual_rk2_n15.json --tdm_mask_mode original --control-mask-path ${REPO_ROOT}/core/results/heldout_control_comparison/attention_mask_scout/synth_0054/seed_000/tdm/hybrid_binary_tdm_attention.npy --offload
synth_0054,rk2_n15_gt,0,core/results/gt_mask_diagnostic_v2/rk2_n15_gt/synth_0054/seed_000,core/protocols/gt_mask_diagnostic_v2/gt_masks/synth_0054.npy,cd ${REPO_ROOT}/core/third_party/FollowYourShape/src && python edit.py --source_img_dir ${REPO_ROOT}/core/data/partedit_subset/cases/synth_0054/source.png --source_prompt 'A full front facing view of Porsche car at a road' --target_prompt 'A full front facing view of Porsche car with Rusty car hood at a road' --guidance 2.0 --num_steps 15 --front 2 --inject 4 --seed 0 --name flux-dev --controlnet_type none --output_dir ${REPO_ROOT}/core/results/gt_mask_diagnostic_v2/rk2_n15_gt/synth_0054/seed_000 --vis_path ${REPO_ROOT}/core/results/gt_mask_diagnostic_v2/rk2_n15_gt/synth_0054/seed_000/tdm --feature_path ${REPO_ROOT}/core/results/gt_mask_diagnostic_v2/rk2_n15_gt/synth_0054/seed_000/features --attention_part 'car hood' --attention_edit Rusty --control-plan-resolved ${REPO_ROOT}/core/protocols/gt_mask_diagnostic_v2/resolved_plans/residual_rk2_n15.json --tdm_mask_mode original --control-mask-path ${REPO_ROOT}/core/protocols/gt_mask_diagnostic_v2/gt_masks/synth_0054.npy --offload
synth_0055,endpoint_gt,0,core/results/gt_mask_diagnostic_v2/endpoint_gt/synth_0055/seed_000,core/protocols/gt_mask_diagnostic_v2/gt_masks/synth_0055.npy,cd ${REPO_ROOT}/core/third_party/FollowYourShape/src && python edit.py --source_img_dir ${REPO_ROOT}/core/data/partedit_subset/cases/synth_0055/source.png --source_prompt 'A full front facing view of Toyota car at a parking lot' --target_prompt 'A full front facing view of Toyota car with Graffiti car hood at a parking lot' --guidance 2.0 --num_steps 15 --front 2 --inject 4 --seed 0 --name flux-dev --controlnet_type none --output_dir ${REPO_ROOT}/core/results/gt_mask_diagnostic_v2/endpoint_gt/synth_0055/seed_000 --vis_path ${REPO_ROOT}/core/results/gt_mask_diagnostic_v2/endpoint_gt/synth_0055/seed_000/tdm --feature_path ${REPO_ROOT}/core/results/gt_mask_diagnostic_v2/endpoint_gt/synth_0055/seed_000/features --attention_part 'car hood' --attention_edit Graffiti --control-plan-resolved ${REPO_ROOT}/core/protocols/gt_mask_diagnostic_v2/resolved_plans/endpoint_projection_n07.json --tdm_mask_mode original --control-mask-path ${REPO_ROOT}/core/protocols/gt_mask_diagnostic_v2/gt_masks/synth_0055.npy --offload
synth_0055,rk2_gt,0,core/results/gt_mask_diagnostic_v2/rk2_gt/synth_0055/seed_000,core/protocols/gt_mask_diagnostic_v2/gt_masks/synth_0055.npy,cd ${REPO_ROOT}/core/third_party/FollowYourShape/src && python edit.py --source_img_dir ${REPO_ROOT}/core/data/partedit_subset/cases/synth_0055/source.png --source_prompt 'A full front facing view of Toyota car at a parking lot' --target_prompt 'A full front facing view of Toyota car with Graffiti car hood at a parking lot' --guidance 2.0 --num_steps 15 --front 2 --inject 4 --seed 0 --name flux-dev --controlnet_type none --output_dir ${REPO_ROOT}/core/results/gt_mask_diagnostic_v2/rk2_gt/synth_0055/seed_000 --vis_path ${REPO_ROOT}/core/results/gt_mask_diagnostic_v2/rk2_gt/synth_0055/seed_000/tdm --feature_path ${REPO_ROOT}/core/results/gt_mask_diagnostic_v2/rk2_gt/synth_0055/seed_000/features --attention_part 'car hood' --attention_edit Graffiti --control-plan-resolved ${REPO_ROOT}/core/protocols/gt_mask_diagnostic_v2/resolved_plans/residual_rk2_n07.json --tdm_mask_mode original --control-mask-path ${REPO_ROOT}/core/protocols/gt_mask_diagnostic_v2/gt_masks/synth_0055.npy --offload
synth_0055,rk2_n15_auto,0,core/results/gt_mask_diagnostic_v2/rk2_n15_auto/synth_0055/seed_000,core/results/heldout_control_comparison/attention_mask_scout/synth_0055/seed_000/tdm/hybrid_binary_tdm_attention.npy,cd ${REPO_ROOT}/core/third_party/FollowYourShape/src && python edit.py --source_img_dir ${REPO_ROOT}/core/data/partedit_subset/cases/synth_0055/source.png --source_prompt 'A full front facing view of Toyota car at a parking lot' --target_prompt 'A full front facing view of Toyota car with Graffiti car hood at a parking lot' --guidance 2.0 --num_steps 15 --front 2 --inject 4 --seed 0 --name flux-dev --controlnet_type none --output_dir ${REPO_ROOT}/core/results/gt_mask_diagnostic_v2/rk2_n15_auto/synth_0055/seed_000 --vis_path ${REPO_ROOT}/core/results/gt_mask_diagnostic_v2/rk2_n15_auto/synth_0055/seed_000/tdm --feature_path ${REPO_ROOT}/core/results/gt_mask_diagnostic_v2/rk2_n15_auto/synth_0055/seed_000/features --attention_part 'car hood' --attention_edit Graffiti --control-plan-resolved ${REPO_ROOT}/core/protocols/gt_mask_diagnostic_v2/resolved_plans/residual_rk2_n15.json --tdm_mask_mode original --control-mask-path ${REPO_ROOT}/core/results/heldout_control_comparison/attention_mask_scout/synth_0055/seed_000/tdm/hybrid_binary_tdm_attention.npy --offload
synth_0055,rk2_n15_gt,0,core/results/gt_mask_diagnostic_v2/rk2_n15_gt/synth_0055/seed_000,core/protocols/gt_mask_diagnostic_v2/gt_masks/synth_0055.npy,cd ${REPO_ROOT}/core/third_party/FollowYourShape/src && python edit.py --source_img_dir ${REPO_ROOT}/core/data/partedit_subset/cases/synth_0055/source.png --source_prompt 'A full front facing view of Toyota car at a parking lot' --target_prompt 'A full front facing view of Toyota car with Graffiti car hood at a parking lot' --guidance 2.0 --num_steps 15 --front 2 --inject 4 --seed 0 --name flux-dev --controlnet_type none --output_dir ${REPO_ROOT}/core/results/gt_mask_diagnostic_v2/rk2_n15_gt/synth_0055/seed_000 --vis_path ${REPO_ROOT}/core/results/gt_mask_diagnostic_v2/rk2_n15_gt/synth_0055/seed_000/tdm --feature_path ${REPO_ROOT}/core/results/gt_mask_diagnostic_v2/rk2_n15_gt/synth_0055/seed_000/features --attention_part 'car hood' --attention_edit Graffiti --control-plan-resolved ${REPO_ROOT}/core/protocols/gt_mask_diagnostic_v2/resolved_plans/residual_rk2_n15.json --tdm_mask_mode original --control-mask-path ${REPO_ROOT}/core/protocols/gt_mask_diagnostic_v2/gt_masks/synth_0055.npy --offload
synth_0056,endpoint_gt,0,core/results/gt_mask_diagnostic_v2/endpoint_gt/synth_0056/seed_000,core/protocols/gt_mask_diagnostic_v2/gt_masks/synth_0056.npy,cd ${REPO_ROOT}/core/third_party/FollowYourShape/src && python edit.py --source_img_dir ${REPO_ROOT}/core/data/partedit_subset/cases/synth_0056/source.png --source_prompt 'A closeup leather chair at a apartment' --target_prompt 'A closeup leather chair with fabric seat at a apartment' --guidance 2.0 --num_steps 15 --front 2 --inject 4 --seed 0 --name flux-dev --controlnet_type none --output_dir ${REPO_ROOT}/core/results/gt_mask_diagnostic_v2/endpoint_gt/synth_0056/seed_000 --vis_path ${REPO_ROOT}/core/results/gt_mask_diagnostic_v2/endpoint_gt/synth_0056/seed_000/tdm --feature_path ${REPO_ROOT}/core/results/gt_mask_diagnostic_v2/endpoint_gt/synth_0056/seed_000/features --attention_part seat --attention_edit fabric --control-plan-resolved ${REPO_ROOT}/core/protocols/gt_mask_diagnostic_v2/resolved_plans/endpoint_projection_n07.json --tdm_mask_mode original --control-mask-path ${REPO_ROOT}/core/protocols/gt_mask_diagnostic_v2/gt_masks/synth_0056.npy --offload
synth_0056,rk2_gt,0,core/results/gt_mask_diagnostic_v2/rk2_gt/synth_0056/seed_000,core/protocols/gt_mask_diagnostic_v2/gt_masks/synth_0056.npy,cd ${REPO_ROOT}/core/third_party/FollowYourShape/src && python edit.py --source_img_dir ${REPO_ROOT}/core/data/partedit_subset/cases/synth_0056/source.png --source_prompt 'A closeup leather chair at a apartment' --target_prompt 'A closeup leather chair with fabric seat at a apartment' --guidance 2.0 --num_steps 15 --front 2 --inject 4 --seed 0 --name flux-dev --controlnet_type none --output_dir ${REPO_ROOT}/core/results/gt_mask_diagnostic_v2/rk2_gt/synth_0056/seed_000 --vis_path ${REPO_ROOT}/core/results/gt_mask_diagnostic_v2/rk2_gt/synth_0056/seed_000/tdm --feature_path ${REPO_ROOT}/core/results/gt_mask_diagnostic_v2/rk2_gt/synth_0056/seed_000/features --attention_part seat --attention_edit fabric --control-plan-resolved ${REPO_ROOT}/core/protocols/gt_mask_diagnostic_v2/resolved_plans/residual_rk2_n07.json --tdm_mask_mode original --control-mask-path ${REPO_ROOT}/core/protocols/gt_mask_diagnostic_v2/gt_masks/synth_0056.npy --offload
synth_0056,rk2_n15_auto,0,core/results/gt_mask_diagnostic_v2/rk2_n15_auto/synth_0056/seed_000,core/results/heldout_control_comparison/attention_mask_scout/synth_0056/seed_000/tdm/hybrid_binary_tdm_attention.npy,cd ${REPO_ROOT}/core/third_party/FollowYourShape/src && python edit.py --source_img_dir ${REPO_ROOT}/core/data/partedit_subset/cases/synth_0056/source.png --source_prompt 'A closeup leather chair at a apartment' --target_prompt 'A closeup leather chair with fabric seat at a apartment' --guidance 2.0 --num_steps 15 --front 2 --inject 4 --seed 0 --name flux-dev --controlnet_type none --output_dir ${REPO_ROOT}/core/results/gt_mask_diagnostic_v2/rk2_n15_auto/synth_0056/seed_000 --vis_path ${REPO_ROOT}/core/results/gt_mask_diagnostic_v2/rk2_n15_auto/synth_0056/seed_000/tdm --feature_path ${REPO_ROOT}/core/results/gt_mask_diagnostic_v2/rk2_n15_auto/synth_0056/seed_000/features --attention_part seat --attention_edit fabric --control-plan-resolved ${REPO_ROOT}/core/protocols/gt_mask_diagnostic_v2/resolved_plans/residual_rk2_n15.json --tdm_mask_mode original --control-mask-path ${REPO_ROOT}/core/results/heldout_control_comparison/attention_mask_scout/synth_0056/seed_000/tdm/hybrid_binary_tdm_attention.npy --offload
synth_0056,rk2_n15_gt,0,core/results/gt_mask_diagnostic_v2/rk2_n15_gt/synth_0056/seed_000,core/protocols/gt_mask_diagnostic_v2/gt_masks/synth_0056.npy,cd ${REPO_ROOT}/core/third_party/FollowYourShape/src && python edit.py --source_img_dir ${REPO_ROOT}/core/data/partedit_subset/cases/synth_0056/source.png --source_prompt 'A closeup leather chair at a apartment' --target_prompt 'A closeup leather chair with fabric seat at a apartment' --guidance 2.0 --num_steps 15 --front 2 --inject 4 --seed 0 --name flux-dev --controlnet_type none --output_dir ${REPO_ROOT}/core/results/gt_mask_diagnostic_v2/rk2_n15_gt/synth_0056/seed_000 --vis_path ${REPO_ROOT}/core/results/gt_mask_diagnostic_v2/rk2_n15_gt/synth_0056/seed_000/tdm --feature_path ${REPO_ROOT}/core/results/gt_mask_diagnostic_v2/rk2_n15_gt/synth_0056/seed_000/features --attention_part seat --attention_edit fabric --control-plan-resolved ${REPO_ROOT}/core/protocols/gt_mask_diagnostic_v2/resolved_plans/residual_rk2_n15.json --tdm_mask_mode original --control-mask-path ${REPO_ROOT}/core/protocols/gt_mask_diagnostic_v2/gt_masks/synth_0056.npy --offload
synth_0057,endpoint_gt,0,core/results/gt_mask_diagnostic_v2/endpoint_gt/synth_0057/seed_000,core/protocols/gt_mask_diagnostic_v2/gt_masks/synth_0057.npy,cd ${REPO_ROOT}/core/third_party/FollowYourShape/src && python edit.py --source_img_dir ${REPO_ROOT}/core/data/partedit_subset/cases/synth_0057/source.png --source_prompt 'A closeup soft chair at a photo studio' --target_prompt 'A closeup soft chair with plastic seat at a photo studio' --guidance 2.0 --num_steps 15 --front 2 --inject 4 --seed 0 --name flux-dev --controlnet_type none --output_dir ${REPO_ROOT}/core/results/gt_mask_diagnostic_v2/endpoint_gt/synth_0057/seed_000 --vis_path ${REPO_ROOT}/core/results/gt_mask_diagnostic_v2/endpoint_gt/synth_0057/seed_000/tdm --feature_path ${REPO_ROOT}/core/results/gt_mask_diagnostic_v2/endpoint_gt/synth_0057/seed_000/features --attention_part seat --attention_edit plastic --control-plan-resolved ${REPO_ROOT}/core/protocols/gt_mask_diagnostic_v2/resolved_plans/endpoint_projection_n07.json --tdm_mask_mode original --control-mask-path ${REPO_ROOT}/core/protocols/gt_mask_diagnostic_v2/gt_masks/synth_0057.npy --offload
synth_0057,rk2_gt,0,core/results/gt_mask_diagnostic_v2/rk2_gt/synth_0057/seed_000,core/protocols/gt_mask_diagnostic_v2/gt_masks/synth_0057.npy,cd ${REPO_ROOT}/core/third_party/FollowYourShape/src && python edit.py --source_img_dir ${REPO_ROOT}/core/data/partedit_subset/cases/synth_0057/source.png --source_prompt 'A closeup soft chair at a photo studio' --target_prompt 'A closeup soft chair with plastic seat at a photo studio' --guidance 2.0 --num_steps 15 --front 2 --inject 4 --seed 0 --name flux-dev --controlnet_type none --output_dir ${REPO_ROOT}/core/results/gt_mask_diagnostic_v2/rk2_gt/synth_0057/seed_000 --vis_path ${REPO_ROOT}/core/results/gt_mask_diagnostic_v2/rk2_gt/synth_0057/seed_000/tdm --feature_path ${REPO_ROOT}/core/results/gt_mask_diagnostic_v2/rk2_gt/synth_0057/seed_000/features --attention_part seat --attention_edit plastic --control-plan-resolved ${REPO_ROOT}/core/protocols/gt_mask_diagnostic_v2/resolved_plans/residual_rk2_n07.json --tdm_mask_mode original --control-mask-path ${REPO_ROOT}/core/protocols/gt_mask_diagnostic_v2/gt_masks/synth_0057.npy --offload
synth_0057,rk2_n15_auto,0,core/results/gt_mask_diagnostic_v2/rk2_n15_auto/synth_0057/seed_000,core/results/heldout_control_comparison/attention_mask_scout/synth_0057/seed_000/tdm/hybrid_binary_tdm_attention.npy,cd ${REPO_ROOT}/core/third_party/FollowYourShape/src && python edit.py --source_img_dir ${REPO_ROOT}/core/data/partedit_subset/cases/synth_0057/source.png --source_prompt 'A closeup soft chair at a photo studio' --target_prompt 'A closeup soft chair with plastic seat at a photo studio' --guidance 2.0 --num_steps 15 --front 2 --inject 4 --seed 0 --name flux-dev --controlnet_type none --output_dir ${REPO_ROOT}/core/results/gt_mask_diagnostic_v2/rk2_n15_auto/synth_0057/seed_000 --vis_path ${REPO_ROOT}/core/results/gt_mask_diagnostic_v2/rk2_n15_auto/synth_0057/seed_000/tdm --feature_path ${REPO_ROOT}/core/results/gt_mask_diagnostic_v2/rk2_n15_auto/synth_0057/seed_000/features --attention_part seat --attention_edit plastic --control-plan-resolved ${REPO_ROOT}/core/protocols/gt_mask_diagnostic_v2/resolved_plans/residual_rk2_n15.json --tdm_mask_mode original --control-mask-path ${REPO_ROOT}/core/results/heldout_control_comparison/attention_mask_scout/synth_0057/seed_000/tdm/hybrid_binary_tdm_attention.npy --offload
synth_0057,rk2_n15_gt,0,core/results/gt_mask_diagnostic_v2/rk2_n15_gt/synth_0057/seed_000,core/protocols/gt_mask_diagnostic_v2/gt_masks/synth_0057.npy,cd ${REPO_ROOT}/core/third_party/FollowYourShape/src && python edit.py --source_img_dir ${REPO_ROOT}/core/data/partedit_subset/cases/synth_0057/source.png --source_prompt 'A closeup soft chair at a photo studio' --target_prompt 'A closeup soft chair with plastic seat at a photo studio' --guidance 2.0 --num_steps 15 --front 2 --inject 4 --seed 0 --name flux-dev --controlnet_type none --output_dir ${REPO_ROOT}/core/results/gt_mask_diagnostic_v2/rk2_n15_gt/synth_0057/seed_000 --vis_path ${REPO_ROOT}/core/results/gt_mask_diagnostic_v2/rk2_n15_gt/synth_0057/seed_000/tdm --feature_path ${REPO_ROOT}/core/results/gt_mask_diagnostic_v2/rk2_n15_gt/synth_0057/seed_000/features --attention_part seat --attention_edit plastic --control-plan-resolved ${REPO_ROOT}/core/protocols/gt_mask_diagnostic_v2/resolved_plans/residual_rk2_n15.json --tdm_mask_mode original --control-mask-path ${REPO_ROOT}/core/protocols/gt_mask_diagnostic_v2/gt_masks/synth_0057.npy --offload
synth_0058,endpoint_gt,0,core/results/gt_mask_diagnostic_v2/endpoint_gt/synth_0058/seed_000,core/protocols/gt_mask_diagnostic_v2/gt_masks/synth_0058.npy,cd ${REPO_ROOT}/core/third_party/FollowYourShape/src && python edit.py --source_img_dir ${REPO_ROOT}/core/data/partedit_subset/cases/synth_0058/source.png --source_prompt 'A closeup folding chair at a classroom' --target_prompt 'A closeup folding chair with rusted seat at a classroom' --guidance 2.0 --num_steps 15 --front 2 --inject 4 --seed 0 --name flux-dev --controlnet_type none --output_dir ${REPO_ROOT}/core/results/gt_mask_diagnostic_v2/endpoint_gt/synth_0058/seed_000 --vis_path ${REPO_ROOT}/core/results/gt_mask_diagnostic_v2/endpoint_gt/synth_0058/seed_000/tdm --feature_path ${REPO_ROOT}/core/results/gt_mask_diagnostic_v2/endpoint_gt/synth_0058/seed_000/features --attention_part seat --attention_edit rusted --control-plan-resolved ${REPO_ROOT}/core/protocols/gt_mask_diagnostic_v2/resolved_plans/endpoint_projection_n07.json --tdm_mask_mode original --control-mask-path ${REPO_ROOT}/core/protocols/gt_mask_diagnostic_v2/gt_masks/synth_0058.npy --offload
synth_0058,rk2_gt,0,core/results/gt_mask_diagnostic_v2/rk2_gt/synth_0058/seed_000,core/protocols/gt_mask_diagnostic_v2/gt_masks/synth_0058.npy,cd ${REPO_ROOT}/core/third_party/FollowYourShape/src && python edit.py --source_img_dir ${REPO_ROOT}/core/data/partedit_subset/cases/synth_0058/source.png --source_prompt 'A closeup folding chair at a classroom' --target_prompt 'A closeup folding chair with rusted seat at a classroom' --guidance 2.0 --num_steps 15 --front 2 --inject 4 --seed 0 --name flux-dev --controlnet_type none --output_dir ${REPO_ROOT}/core/results/gt_mask_diagnostic_v2/rk2_gt/synth_0058/seed_000 --vis_path ${REPO_ROOT}/core/results/gt_mask_diagnostic_v2/rk2_gt/synth_0058/seed_000/tdm --feature_path ${REPO_ROOT}/core/results/gt_mask_diagnostic_v2/rk2_gt/synth_0058/seed_000/features --attention_part seat --attention_edit rusted --control-plan-resolved ${REPO_ROOT}/core/protocols/gt_mask_diagnostic_v2/resolved_plans/residual_rk2_n07.json --tdm_mask_mode original --control-mask-path ${REPO_ROOT}/core/protocols/gt_mask_diagnostic_v2/gt_masks/synth_0058.npy --offload
synth_0058,rk2_n15_auto,0,core/results/gt_mask_diagnostic_v2/rk2_n15_auto/synth_0058/seed_000,core/results/heldout_control_comparison/attention_mask_scout/synth_0058/seed_000/tdm/hybrid_binary_tdm_attention.npy,cd ${REPO_ROOT}/core/third_party/FollowYourShape/src && python edit.py --source_img_dir ${REPO_ROOT}/core/data/partedit_subset/cases/synth_0058/source.png --source_prompt 'A closeup folding chair at a classroom' --target_prompt 'A closeup folding chair with rusted seat at a classroom' --guidance 2.0 --num_steps 15 --front 2 --inject 4 --seed 0 --name flux-dev --controlnet_type none --output_dir ${REPO_ROOT}/core/results/gt_mask_diagnostic_v2/rk2_n15_auto/synth_0058/seed_000 --vis_path ${REPO_ROOT}/core/results/gt_mask_diagnostic_v2/rk2_n15_auto/synth_0058/seed_000/tdm --feature_path ${REPO_ROOT}/core/results/gt_mask_diagnostic_v2/rk2_n15_auto/synth_0058/seed_000/features --attention_part seat --attention_edit rusted --control-plan-resolved ${REPO_ROOT}/core/protocols/gt_mask_diagnostic_v2/resolved_plans/residual_rk2_n15.json --tdm_mask_mode original --control-mask-path ${REPO_ROOT}/core/results/heldout_control_comparison/attention_mask_scout/synth_0058/seed_000/tdm/hybrid_binary_tdm_attention.npy --offload
synth_0058,rk2_n15_gt,0,core/results/gt_mask_diagnostic_v2/rk2_n15_gt/synth_0058/seed_000,core/protocols/gt_mask_diagnostic_v2/gt_masks/synth_0058.npy,cd ${REPO_ROOT}/core/third_party/FollowYourShape/src && python edit.py --source_img_dir ${REPO_ROOT}/core/data/partedit_subset/cases/synth_0058/source.png --source_prompt 'A closeup folding chair at a classroom' --target_prompt 'A closeup folding chair with rusted seat at a classroom' --guidance 2.0 --num_steps 15 --front 2 --inject 4 --seed 0 --name flux-dev --controlnet_type none --output_dir ${REPO_ROOT}/core/results/gt_mask_diagnostic_v2/rk2_n15_gt/synth_0058/seed_000 --vis_path ${REPO_ROOT}/core/results/gt_mask_diagnostic_v2/rk2_n15_gt/synth_0058/seed_000/tdm --feature_path ${REPO_ROOT}/core/results/gt_mask_diagnostic_v2/rk2_n15_gt/synth_0058/seed_000/features --attention_part seat --attention_edit rusted --control-plan-resolved ${REPO_ROOT}/core/protocols/gt_mask_diagnostic_v2/resolved_plans/residual_rk2_n15.json --tdm_mask_mode original --control-mask-path ${REPO_ROOT}/core/protocols/gt_mask_diagnostic_v2/gt_masks/synth_0058.npy --offload
synth_0059,endpoint_gt,0,core/results/gt_mask_diagnostic_v2/endpoint_gt/synth_0059/seed_000,core/protocols/gt_mask_diagnostic_v2/gt_masks/synth_0059.npy,cd ${REPO_ROOT}/core/third_party/FollowYourShape/src && python edit.py --source_img_dir ${REPO_ROOT}/core/data/partedit_subset/cases/synth_0059/source.png --source_prompt 'A closeup leather chair at a classroom' --target_prompt 'A closeup leather chair with wooden seat at a classroom' --guidance 2.0 --num_steps 15 --front 2 --inject 4 --seed 0 --name flux-dev --controlnet_type none --output_dir ${REPO_ROOT}/core/results/gt_mask_diagnostic_v2/endpoint_gt/synth_0059/seed_000 --vis_path ${REPO_ROOT}/core/results/gt_mask_diagnostic_v2/endpoint_gt/synth_0059/seed_000/tdm --feature_path ${REPO_ROOT}/core/results/gt_mask_diagnostic_v2/endpoint_gt/synth_0059/seed_000/features --attention_part seat --attention_edit wooden --control-plan-resolved ${REPO_ROOT}/core/protocols/gt_mask_diagnostic_v2/resolved_plans/endpoint_projection_n07.json --tdm_mask_mode original --control-mask-path ${REPO_ROOT}/core/protocols/gt_mask_diagnostic_v2/gt_masks/synth_0059.npy --offload
synth_0059,rk2_gt,0,core/results/gt_mask_diagnostic_v2/rk2_gt/synth_0059/seed_000,core/protocols/gt_mask_diagnostic_v2/gt_masks/synth_0059.npy,cd ${REPO_ROOT}/core/third_party/FollowYourShape/src && python edit.py --source_img_dir ${REPO_ROOT}/core/data/partedit_subset/cases/synth_0059/source.png --source_prompt 'A closeup leather chair at a classroom' --target_prompt 'A closeup leather chair with wooden seat at a classroom' --guidance 2.0 --num_steps 15 --front 2 --inject 4 --seed 0 --name flux-dev --controlnet_type none --output_dir ${REPO_ROOT}/core/results/gt_mask_diagnostic_v2/rk2_gt/synth_0059/seed_000 --vis_path ${REPO_ROOT}/core/results/gt_mask_diagnostic_v2/rk2_gt/synth_0059/seed_000/tdm --feature_path ${REPO_ROOT}/core/results/gt_mask_diagnostic_v2/rk2_gt/synth_0059/seed_000/features --attention_part seat --attention_edit wooden --control-plan-resolved ${REPO_ROOT}/core/protocols/gt_mask_diagnostic_v2/resolved_plans/residual_rk2_n07.json --tdm_mask_mode original --control-mask-path ${REPO_ROOT}/core/protocols/gt_mask_diagnostic_v2/gt_masks/synth_0059.npy --offload
synth_0059,rk2_n15_auto,0,core/results/gt_mask_diagnostic_v2/rk2_n15_auto/synth_0059/seed_000,core/results/heldout_control_comparison/attention_mask_scout/synth_0059/seed_000/tdm/hybrid_binary_tdm_attention.npy,cd ${REPO_ROOT}/core/third_party/FollowYourShape/src && python edit.py --source_img_dir ${REPO_ROOT}/core/data/partedit_subset/cases/synth_0059/source.png --source_prompt 'A closeup leather chair at a classroom' --target_prompt 'A closeup leather chair with wooden seat at a classroom' --guidance 2.0 --num_steps 15 --front 2 --inject 4 --seed 0 --name flux-dev --controlnet_type none --output_dir ${REPO_ROOT}/core/results/gt_mask_diagnostic_v2/rk2_n15_auto/synth_0059/seed_000 --vis_path ${REPO_ROOT}/core/results/gt_mask_diagnostic_v2/rk2_n15_auto/synth_0059/seed_000/tdm --feature_path ${REPO_ROOT}/core/results/gt_mask_diagnostic_v2/rk2_n15_auto/synth_0059/seed_000/features --attention_part seat --attention_edit wooden --control-plan-resolved ${REPO_ROOT}/core/protocols/gt_mask_diagnostic_v2/resolved_plans/residual_rk2_n15.json --tdm_mask_mode original --control-mask-path ${REPO_ROOT}/core/results/heldout_control_comparison/attention_mask_scout/synth_0059/seed_000/tdm/hybrid_binary_tdm_attention.npy --offload
synth_0059,rk2_n15_gt,0,core/results/gt_mask_diagnostic_v2/rk2_n15_gt/synth_0059/seed_000,core/protocols/gt_mask_diagnostic_v2/gt_masks/synth_0059.npy,cd ${REPO_ROOT}/core/third_party/FollowYourShape/src && python edit.py --source_img_dir ${REPO_ROOT}/core/data/partedit_subset/cases/synth_0059/source.png --source_prompt 'A closeup leather chair at a classroom' --target_prompt 'A closeup leather chair with wooden seat at a classroom' --guidance 2.0 --num_steps 15 --front 2 --inject 4 --seed 0 --name flux-dev --controlnet_type none --output_dir ${REPO_ROOT}/core/results/gt_mask_diagnostic_v2/rk2_n15_gt/synth_0059/seed_000 --vis_path ${REPO_ROOT}/core/results/gt_mask_diagnostic_v2/rk2_n15_gt/synth_0059/seed_000/tdm --feature_path ${REPO_ROOT}/core/results/gt_mask_diagnostic_v2/rk2_n15_gt/synth_0059/seed_000/features --attention_part seat --attention_edit wooden --control-plan-resolved ${REPO_ROOT}/core/protocols/gt_mask_diagnostic_v2/resolved_plans/residual_rk2_n15.json --tdm_mask_mode original --control-mask-path ${REPO_ROOT}/core/protocols/gt_mask_diagnostic_v2/gt_masks/synth_0059.npy --offload
